<?xml version="1.0" encoding="UTF-8"?>
<gpx xmlns="http://www.topografix.com/GPX/1/1" xmlns:xsi="http://www.w3.org/2001/XMLSchema-instance" version="1.1" creator="Trace de Trail" xsi:schemaLocation="http://www.topografix.com/GPX/1/1 http://www.topografix.com/GPX/1/1/gpx.xsd">
  <metadata>
    <name>KAT100_Endurance Trail_2026</name>
    <desc>Parcours créé sur Trace de Trail</desc>
    <link href="https://tracedetrail.fr/en/trace/322575">
      <text>Cartographie du parcours</text>
    </link>
    <time>2026-05-12T20:49:42+00:00</time>
  </metadata>
  <trk>
    <name>KAT100_Endurance Trail_2026 sur TraceDeTrail.fr</name>
    <src>Trace de Trail</src>
    <trkseg>
      <trkpt lat="47.43538" lon="12.40485">
        <ele>765</ele>
        <time>2026-05-12T20:49:42+00:00</time>
      </trkpt>
      <trkpt lat="47.43523" lon="12.40507">
        <ele>765</ele>
        <time>2026-05-12T20:49:45+00:00</time>
      </trkpt>
      <trkpt lat="47.43501" lon="12.40537">
        <ele>765</ele>
        <time>2026-05-12T20:49:48+00:00</time>
      </trkpt>
      <trkpt lat="47.43476" lon="12.4057">
        <ele>766</ele>
        <time>2026-05-12T20:49:51+00:00</time>
      </trkpt>
      <trkpt lat="47.43464" lon="12.40583">
        <ele>766</ele>
        <time>2026-05-12T20:49:54+00:00</time>
      </trkpt>
      <trkpt lat="47.43451" lon="12.40586">
        <ele>766</ele>
        <time>2026-05-12T20:49:57+00:00</time>
      </trkpt>
      <trkpt lat="47.43437" lon="12.40584">
        <ele>766</ele>
        <time>2026-05-12T20:50:00+00:00</time>
      </trkpt>
      <trkpt lat="47.43429" lon="12.40576">
        <ele>766</ele>
        <time>2026-05-12T20:50:03+00:00</time>
      </trkpt>
      <trkpt lat="47.43423" lon="12.40564">
        <ele>765</ele>
        <time>2026-05-12T20:50:06+00:00</time>
      </trkpt>
      <trkpt lat="47.43414" lon="12.40554">
        <ele>765</ele>
        <time>2026-05-12T20:50:09+00:00</time>
      </trkpt>
      <trkpt lat="47.43402" lon="12.4054">
        <ele>765</ele>
        <time>2026-05-12T20:50:12+00:00</time>
      </trkpt>
      <trkpt lat="47.43395" lon="12.40527">
        <ele>765</ele>
        <time>2026-05-12T20:50:15+00:00</time>
      </trkpt>
      <trkpt lat="47.43385" lon="12.40512">
        <ele>765</ele>
        <time>2026-05-12T20:50:18+00:00</time>
      </trkpt>
      <trkpt lat="47.43369" lon="12.40492">
        <ele>764</ele>
        <time>2026-05-12T20:50:21+00:00</time>
      </trkpt>
      <trkpt lat="47.43361" lon="12.40475">
        <ele>764</ele>
        <time>2026-05-12T20:50:24+00:00</time>
      </trkpt>
      <trkpt lat="47.43352" lon="12.40462">
        <ele>764</ele>
        <time>2026-05-12T20:50:27+00:00</time>
      </trkpt>
      <trkpt lat="47.43342" lon="12.40446">
        <ele>765</ele>
        <time>2026-05-12T20:50:30+00:00</time>
      </trkpt>
      <trkpt lat="47.43334" lon="12.40424">
        <ele>765</ele>
        <time>2026-05-12T20:50:33+00:00</time>
      </trkpt>
      <trkpt lat="47.4333" lon="12.40405">
        <ele>766</ele>
        <time>2026-05-12T20:50:36+00:00</time>
      </trkpt>
      <trkpt lat="47.43324" lon="12.40386">
        <ele>768</ele>
        <time>2026-05-12T20:50:39+00:00</time>
      </trkpt>
      <trkpt lat="47.43325" lon="12.40379">
        <ele>768</ele>
        <time>2026-05-12T20:50:42+00:00</time>
      </trkpt>
      <trkpt lat="47.43347" lon="12.40365">
        <ele>768</ele>
        <time>2026-05-12T20:50:45+00:00</time>
      </trkpt>
      <trkpt lat="47.43364" lon="12.40355">
        <ele>768</ele>
        <time>2026-05-12T20:50:48+00:00</time>
      </trkpt>
      <trkpt lat="47.4338" lon="12.40345">
        <ele>768</ele>
        <time>2026-05-12T20:50:51+00:00</time>
      </trkpt>
      <trkpt lat="47.43399" lon="12.40334">
        <ele>768</ele>
        <time>2026-05-12T20:50:54+00:00</time>
      </trkpt>
      <trkpt lat="47.43416" lon="12.40323">
        <ele>767</ele>
        <time>2026-05-12T20:50:57+00:00</time>
      </trkpt>
      <trkpt lat="47.43433" lon="12.40313">
        <ele>767</ele>
        <time>2026-05-12T20:51:00+00:00</time>
      </trkpt>
      <trkpt lat="47.43445" lon="12.40306">
        <ele>767</ele>
        <time>2026-05-12T20:51:03+00:00</time>
      </trkpt>
      <trkpt lat="47.43459" lon="12.40296">
        <ele>767</ele>
        <time>2026-05-12T20:51:06+00:00</time>
      </trkpt>
      <trkpt lat="47.43473" lon="12.40285">
        <ele>767</ele>
        <time>2026-05-12T20:51:09+00:00</time>
      </trkpt>
      <trkpt lat="47.43487" lon="12.40275">
        <ele>767</ele>
        <time>2026-05-12T20:51:12+00:00</time>
      </trkpt>
      <trkpt lat="47.4351" lon="12.40259">
        <ele>767</ele>
        <time>2026-05-12T20:51:15+00:00</time>
      </trkpt>
      <trkpt lat="47.43529" lon="12.40245">
        <ele>767</ele>
        <time>2026-05-12T20:51:18+00:00</time>
      </trkpt>
      <trkpt lat="47.43553" lon="12.40228">
        <ele>767</ele>
        <time>2026-05-12T20:51:21+00:00</time>
      </trkpt>
      <trkpt lat="47.43579" lon="12.40209">
        <ele>767</ele>
        <time>2026-05-12T20:51:24+00:00</time>
      </trkpt>
      <trkpt lat="47.43589" lon="12.40201">
        <ele>767</ele>
        <time>2026-05-12T20:51:27+00:00</time>
      </trkpt>
      <trkpt lat="47.43598" lon="12.40194">
        <ele>767</ele>
        <time>2026-05-12T20:51:30+00:00</time>
      </trkpt>
      <trkpt lat="47.43608" lon="12.40185">
        <ele>767</ele>
        <time>2026-05-12T20:51:33+00:00</time>
      </trkpt>
      <trkpt lat="47.43618" lon="12.40177">
        <ele>767</ele>
        <time>2026-05-12T20:51:36+00:00</time>
      </trkpt>
      <trkpt lat="47.43626" lon="12.4017">
        <ele>766</ele>
        <time>2026-05-12T20:51:39+00:00</time>
      </trkpt>
      <trkpt lat="47.43637" lon="12.40159">
        <ele>767</ele>
        <time>2026-05-12T20:51:42+00:00</time>
      </trkpt>
      <trkpt lat="47.43644" lon="12.40152">
        <ele>766</ele>
        <time>2026-05-12T20:51:45+00:00</time>
      </trkpt>
      <trkpt lat="47.43652" lon="12.40144">
        <ele>767</ele>
        <time>2026-05-12T20:51:48+00:00</time>
      </trkpt>
      <trkpt lat="47.43658" lon="12.40138">
        <ele>768</ele>
        <time>2026-05-12T20:51:51+00:00</time>
      </trkpt>
      <trkpt lat="47.43671" lon="12.40118">
        <ele>768</ele>
        <time>2026-05-12T20:51:54+00:00</time>
      </trkpt>
      <trkpt lat="47.43686" lon="12.40095">
        <ele>768</ele>
        <time>2026-05-12T20:51:57+00:00</time>
      </trkpt>
      <trkpt lat="47.43691" lon="12.40088">
        <ele>768</ele>
        <time>2026-05-12T20:52:00+00:00</time>
      </trkpt>
      <trkpt lat="47.43703" lon="12.40071">
        <ele>768</ele>
        <time>2026-05-12T20:52:03+00:00</time>
      </trkpt>
      <trkpt lat="47.43709" lon="12.40063">
        <ele>768</ele>
        <time>2026-05-12T20:52:06+00:00</time>
      </trkpt>
      <trkpt lat="47.43727" lon="12.40035">
        <ele>768</ele>
        <time>2026-05-12T20:52:09+00:00</time>
      </trkpt>
      <trkpt lat="47.43737" lon="12.40019">
        <ele>768</ele>
        <time>2026-05-12T20:52:12+00:00</time>
      </trkpt>
      <trkpt lat="47.43745" lon="12.40007">
        <ele>767</ele>
        <time>2026-05-12T20:52:15+00:00</time>
      </trkpt>
      <trkpt lat="47.43756" lon="12.3999">
        <ele>768</ele>
        <time>2026-05-12T20:52:18+00:00</time>
      </trkpt>
      <trkpt lat="47.43763" lon="12.39979">
        <ele>767</ele>
        <time>2026-05-12T20:52:21+00:00</time>
      </trkpt>
      <trkpt lat="47.43777" lon="12.39967">
        <ele>767</ele>
        <time>2026-05-12T20:52:24+00:00</time>
      </trkpt>
      <trkpt lat="47.43797" lon="12.3995">
        <ele>766</ele>
        <time>2026-05-12T20:52:27+00:00</time>
      </trkpt>
      <trkpt lat="47.4381" lon="12.39945">
        <ele>766</ele>
        <time>2026-05-12T20:52:30+00:00</time>
      </trkpt>
      <trkpt lat="47.43816" lon="12.39943">
        <ele>764</ele>
        <time>2026-05-12T20:52:33+00:00</time>
      </trkpt>
      <trkpt lat="47.43834" lon="12.39938">
        <ele>763</ele>
        <time>2026-05-12T20:52:36+00:00</time>
      </trkpt>
      <trkpt lat="47.43841" lon="12.39937">
        <ele>763</ele>
        <time>2026-05-12T20:52:39+00:00</time>
      </trkpt>
      <trkpt lat="47.43852" lon="12.39934">
        <ele>762</ele>
        <time>2026-05-12T20:52:42+00:00</time>
      </trkpt>
      <trkpt lat="47.43866" lon="12.39931">
        <ele>761</ele>
        <time>2026-05-12T20:52:45+00:00</time>
      </trkpt>
      <trkpt lat="47.43878" lon="12.39928">
        <ele>761</ele>
        <time>2026-05-12T20:52:48+00:00</time>
      </trkpt>
      <trkpt lat="47.43889" lon="12.39926">
        <ele>761</ele>
        <time>2026-05-12T20:52:51+00:00</time>
      </trkpt>
      <trkpt lat="47.43901" lon="12.3992">
        <ele>759</ele>
        <time>2026-05-12T20:52:54+00:00</time>
      </trkpt>
      <trkpt lat="47.43911" lon="12.39916">
        <ele>760</ele>
        <time>2026-05-12T20:52:57+00:00</time>
      </trkpt>
      <trkpt lat="47.43917" lon="12.39912">
        <ele>760</ele>
        <time>2026-05-12T20:53:00+00:00</time>
      </trkpt>
      <trkpt lat="47.43925" lon="12.39908">
        <ele>760</ele>
        <time>2026-05-12T20:53:03+00:00</time>
      </trkpt>
      <trkpt lat="47.43935" lon="12.39902">
        <ele>759</ele>
        <time>2026-05-12T20:53:06+00:00</time>
      </trkpt>
      <trkpt lat="47.43945" lon="12.39897">
        <ele>759</ele>
        <time>2026-05-12T20:53:09+00:00</time>
      </trkpt>
      <trkpt lat="47.43952" lon="12.39893">
        <ele>759</ele>
        <time>2026-05-12T20:53:12+00:00</time>
      </trkpt>
      <trkpt lat="47.43968" lon="12.39886">
        <ele>759</ele>
        <time>2026-05-12T20:53:15+00:00</time>
      </trkpt>
      <trkpt lat="47.4398" lon="12.3988">
        <ele>758</ele>
        <time>2026-05-12T20:53:18+00:00</time>
      </trkpt>
      <trkpt lat="47.43994" lon="12.39874">
        <ele>758</ele>
        <time>2026-05-12T20:53:21+00:00</time>
      </trkpt>
      <trkpt lat="47.44004" lon="12.39869">
        <ele>758</ele>
        <time>2026-05-12T20:53:24+00:00</time>
      </trkpt>
      <trkpt lat="47.44013" lon="12.39863">
        <ele>758</ele>
        <time>2026-05-12T20:53:27+00:00</time>
      </trkpt>
      <trkpt lat="47.44011" lon="12.39852">
        <ele>758</ele>
        <time>2026-05-12T20:53:30+00:00</time>
      </trkpt>
      <trkpt lat="47.44001" lon="12.39831">
        <ele>759</ele>
        <time>2026-05-12T20:53:33+00:00</time>
      </trkpt>
      <trkpt lat="47.43988" lon="12.39809">
        <ele>762</ele>
        <time>2026-05-12T20:53:36+00:00</time>
      </trkpt>
      <trkpt lat="47.43979" lon="12.3979">
        <ele>763</ele>
        <time>2026-05-12T20:53:39+00:00</time>
      </trkpt>
      <trkpt lat="47.43977" lon="12.39768">
        <ele>765</ele>
        <time>2026-05-12T20:53:42+00:00</time>
      </trkpt>
      <trkpt lat="47.43981" lon="12.39747">
        <ele>766</ele>
        <time>2026-05-12T20:53:45+00:00</time>
      </trkpt>
      <trkpt lat="47.43992" lon="12.39724">
        <ele>766</ele>
        <time>2026-05-12T20:53:48+00:00</time>
      </trkpt>
      <trkpt lat="47.4401" lon="12.39706">
        <ele>766</ele>
        <time>2026-05-12T20:53:51+00:00</time>
      </trkpt>
      <trkpt lat="47.44021" lon="12.39696">
        <ele>765</ele>
        <time>2026-05-12T20:53:54+00:00</time>
      </trkpt>
      <trkpt lat="47.44032" lon="12.39678">
        <ele>766</ele>
        <time>2026-05-12T20:53:57+00:00</time>
      </trkpt>
      <trkpt lat="47.44037" lon="12.39658">
        <ele>767</ele>
        <time>2026-05-12T20:54:00+00:00</time>
      </trkpt>
      <trkpt lat="47.44042" lon="12.39641">
        <ele>766</ele>
        <time>2026-05-12T20:54:03+00:00</time>
      </trkpt>
      <trkpt lat="47.44049" lon="12.39615">
        <ele>768</ele>
        <time>2026-05-12T20:54:06+00:00</time>
      </trkpt>
      <trkpt lat="47.44052" lon="12.39602">
        <ele>767</ele>
        <time>2026-05-12T20:54:09+00:00</time>
      </trkpt>
      <trkpt lat="47.44058" lon="12.39582">
        <ele>768</ele>
        <time>2026-05-12T20:54:12+00:00</time>
      </trkpt>
      <trkpt lat="47.44065" lon="12.39556">
        <ele>768</ele>
        <time>2026-05-12T20:54:15+00:00</time>
      </trkpt>
      <trkpt lat="47.44069" lon="12.39544">
        <ele>768</ele>
        <time>2026-05-12T20:54:18+00:00</time>
      </trkpt>
      <trkpt lat="47.44076" lon="12.39524">
        <ele>768</ele>
        <time>2026-05-12T20:54:21+00:00</time>
      </trkpt>
      <trkpt lat="47.44079" lon="12.39515">
        <ele>768</ele>
        <time>2026-05-12T20:54:24+00:00</time>
      </trkpt>
      <trkpt lat="47.44085" lon="12.39497">
        <ele>767</ele>
        <time>2026-05-12T20:54:27+00:00</time>
      </trkpt>
      <trkpt lat="47.44088" lon="12.39488">
        <ele>768</ele>
        <time>2026-05-12T20:54:30+00:00</time>
      </trkpt>
      <trkpt lat="47.44093" lon="12.39473">
        <ele>767</ele>
        <time>2026-05-12T20:54:33+00:00</time>
      </trkpt>
      <trkpt lat="47.44099" lon="12.39454">
        <ele>768</ele>
        <time>2026-05-12T20:54:36+00:00</time>
      </trkpt>
      <trkpt lat="47.44105" lon="12.39433">
        <ele>768</ele>
        <time>2026-05-12T20:54:39+00:00</time>
      </trkpt>
      <trkpt lat="47.4411" lon="12.39417">
        <ele>768</ele>
        <time>2026-05-12T20:54:42+00:00</time>
      </trkpt>
      <trkpt lat="47.44117" lon="12.39397">
        <ele>768</ele>
        <time>2026-05-12T20:54:45+00:00</time>
      </trkpt>
      <trkpt lat="47.44122" lon="12.39384">
        <ele>768</ele>
        <time>2026-05-12T20:54:48+00:00</time>
      </trkpt>
      <trkpt lat="47.44126" lon="12.3937">
        <ele>769</ele>
        <time>2026-05-12T20:54:51+00:00</time>
      </trkpt>
      <trkpt lat="47.44132" lon="12.39351">
        <ele>769</ele>
        <time>2026-05-12T20:54:54+00:00</time>
      </trkpt>
      <trkpt lat="47.44139" lon="12.39334">
        <ele>769</ele>
        <time>2026-05-12T20:54:57+00:00</time>
      </trkpt>
      <trkpt lat="47.44142" lon="12.39324">
        <ele>769</ele>
        <time>2026-05-12T20:55:00+00:00</time>
      </trkpt>
      <trkpt lat="47.4412" lon="12.39324">
        <ele>770</ele>
        <time>2026-05-12T20:55:03+00:00</time>
      </trkpt>
      <trkpt lat="47.44107" lon="12.39324">
        <ele>771</ele>
        <time>2026-05-12T20:55:06+00:00</time>
      </trkpt>
      <trkpt lat="47.44089" lon="12.39324">
        <ele>771</ele>
        <time>2026-05-12T20:55:09+00:00</time>
      </trkpt>
      <trkpt lat="47.44077" lon="12.39324">
        <ele>772</ele>
        <time>2026-05-12T20:55:12+00:00</time>
      </trkpt>
      <trkpt lat="47.44068" lon="12.39324">
        <ele>772</ele>
        <time>2026-05-12T20:55:15+00:00</time>
      </trkpt>
      <trkpt lat="47.44046" lon="12.39321">
        <ele>773</ele>
        <time>2026-05-12T20:55:18+00:00</time>
      </trkpt>
      <trkpt lat="47.44021" lon="12.39308">
        <ele>774</ele>
        <time>2026-05-12T20:55:21+00:00</time>
      </trkpt>
      <trkpt lat="47.44007" lon="12.39294">
        <ele>775</ele>
        <time>2026-05-12T20:55:24+00:00</time>
      </trkpt>
      <trkpt lat="47.43984" lon="12.39277">
        <ele>777</ele>
        <time>2026-05-12T20:55:27+00:00</time>
      </trkpt>
      <trkpt lat="47.43951" lon="12.39245">
        <ele>779</ele>
        <time>2026-05-12T20:55:30+00:00</time>
      </trkpt>
      <trkpt lat="47.43932" lon="12.3923">
        <ele>780</ele>
        <time>2026-05-12T20:55:33+00:00</time>
      </trkpt>
      <trkpt lat="47.43914" lon="12.39216">
        <ele>781</ele>
        <time>2026-05-12T20:55:36+00:00</time>
      </trkpt>
      <trkpt lat="47.43896" lon="12.39202">
        <ele>781</ele>
        <time>2026-05-12T20:55:39+00:00</time>
      </trkpt>
      <trkpt lat="47.43883" lon="12.39192">
        <ele>782</ele>
        <time>2026-05-12T20:55:42+00:00</time>
      </trkpt>
      <trkpt lat="47.43859" lon="12.39172">
        <ele>785</ele>
        <time>2026-05-12T20:55:45+00:00</time>
      </trkpt>
      <trkpt lat="47.43855" lon="12.39157">
        <ele>786</ele>
        <time>2026-05-12T20:55:48+00:00</time>
      </trkpt>
      <trkpt lat="47.43852" lon="12.39136">
        <ele>787</ele>
        <time>2026-05-12T20:55:51+00:00</time>
      </trkpt>
      <trkpt lat="47.43851" lon="12.39128">
        <ele>788</ele>
        <time>2026-05-12T20:55:54+00:00</time>
      </trkpt>
      <trkpt lat="47.43844" lon="12.39117">
        <ele>789</ele>
        <time>2026-05-12T20:55:57+00:00</time>
      </trkpt>
      <trkpt lat="47.43837" lon="12.39104">
        <ele>790</ele>
        <time>2026-05-12T20:56:00+00:00</time>
      </trkpt>
      <trkpt lat="47.43829" lon="12.3909">
        <ele>791</ele>
        <time>2026-05-12T20:56:03+00:00</time>
      </trkpt>
      <trkpt lat="47.4382" lon="12.39075">
        <ele>792</ele>
        <time>2026-05-12T20:56:06+00:00</time>
      </trkpt>
      <trkpt lat="47.43814" lon="12.39064">
        <ele>794</ele>
        <time>2026-05-12T20:56:09+00:00</time>
      </trkpt>
      <trkpt lat="47.43804" lon="12.39047">
        <ele>796</ele>
        <time>2026-05-12T20:56:12+00:00</time>
      </trkpt>
      <trkpt lat="47.43798" lon="12.39036">
        <ele>798</ele>
        <time>2026-05-12T20:56:15+00:00</time>
      </trkpt>
      <trkpt lat="47.43789" lon="12.39021">
        <ele>799</ele>
        <time>2026-05-12T20:56:18+00:00</time>
      </trkpt>
      <trkpt lat="47.43778" lon="12.39009">
        <ele>802</ele>
        <time>2026-05-12T20:56:21+00:00</time>
      </trkpt>
      <trkpt lat="47.43771" lon="12.39004">
        <ele>802</ele>
        <time>2026-05-12T20:56:24+00:00</time>
      </trkpt>
      <trkpt lat="47.43761" lon="12.38997">
        <ele>804</ele>
        <time>2026-05-12T20:56:27+00:00</time>
      </trkpt>
      <trkpt lat="47.43754" lon="12.38991">
        <ele>805</ele>
        <time>2026-05-12T20:56:30+00:00</time>
      </trkpt>
      <trkpt lat="47.43744" lon="12.38983">
        <ele>808</ele>
        <time>2026-05-12T20:56:33+00:00</time>
      </trkpt>
      <trkpt lat="47.43732" lon="12.3897">
        <ele>811</ele>
        <time>2026-05-12T20:56:36+00:00</time>
      </trkpt>
      <trkpt lat="47.43723" lon="12.38956">
        <ele>815</ele>
        <time>2026-05-12T20:56:39+00:00</time>
      </trkpt>
      <trkpt lat="47.43712" lon="12.38917">
        <ele>822</ele>
        <time>2026-05-12T20:56:42+00:00</time>
      </trkpt>
      <trkpt lat="47.43705" lon="12.38883">
        <ele>828</ele>
        <time>2026-05-12T20:56:45+00:00</time>
      </trkpt>
      <trkpt lat="47.43707" lon="12.38864">
        <ele>831</ele>
        <time>2026-05-12T20:56:48+00:00</time>
      </trkpt>
      <trkpt lat="47.43713" lon="12.38852">
        <ele>831</ele>
        <time>2026-05-12T20:56:51+00:00</time>
      </trkpt>
      <trkpt lat="47.43737" lon="12.38837">
        <ele>831</ele>
        <time>2026-05-12T20:56:54+00:00</time>
      </trkpt>
      <trkpt lat="47.43736" lon="12.38831">
        <ele>831</ele>
        <time>2026-05-12T20:56:57+00:00</time>
      </trkpt>
      <trkpt lat="47.43731" lon="12.38826">
        <ele>833</ele>
        <time>2026-05-12T20:57:00+00:00</time>
      </trkpt>
      <trkpt lat="47.43708" lon="12.38836">
        <ele>836</ele>
        <time>2026-05-12T20:57:03+00:00</time>
      </trkpt>
      <trkpt lat="47.43673" lon="12.38863">
        <ele>838</ele>
        <time>2026-05-12T20:57:06+00:00</time>
      </trkpt>
      <trkpt lat="47.43642" lon="12.38891">
        <ele>842</ele>
        <time>2026-05-12T20:57:09+00:00</time>
      </trkpt>
      <trkpt lat="47.43617" lon="12.38924">
        <ele>845</ele>
        <time>2026-05-12T20:57:12+00:00</time>
      </trkpt>
      <trkpt lat="47.43599" lon="12.38953">
        <ele>846</ele>
        <time>2026-05-12T20:57:15+00:00</time>
      </trkpt>
      <trkpt lat="47.43597" lon="12.38962">
        <ele>844</ele>
        <time>2026-05-12T20:57:18+00:00</time>
      </trkpt>
      <trkpt lat="47.4359" lon="12.38969">
        <ele>847</ele>
        <time>2026-05-12T20:57:21+00:00</time>
      </trkpt>
      <trkpt lat="47.43575" lon="12.3898">
        <ele>846</ele>
        <time>2026-05-12T20:57:24+00:00</time>
      </trkpt>
      <trkpt lat="47.4356" lon="12.38991">
        <ele>846</ele>
        <time>2026-05-12T20:57:27+00:00</time>
      </trkpt>
      <trkpt lat="47.43536" lon="12.39008">
        <ele>847</ele>
        <time>2026-05-12T20:57:30+00:00</time>
      </trkpt>
      <trkpt lat="47.43512" lon="12.39038">
        <ele>849</ele>
        <time>2026-05-12T20:57:33+00:00</time>
      </trkpt>
      <trkpt lat="47.43489" lon="12.39055">
        <ele>851</ele>
        <time>2026-05-12T20:57:36+00:00</time>
      </trkpt>
      <trkpt lat="47.43462" lon="12.39063">
        <ele>852</ele>
        <time>2026-05-12T20:57:39+00:00</time>
      </trkpt>
      <trkpt lat="47.43419" lon="12.39075">
        <ele>860</ele>
        <time>2026-05-12T20:57:42+00:00</time>
      </trkpt>
      <trkpt lat="47.43409" lon="12.39096">
        <ele>859</ele>
        <time>2026-05-12T20:57:45+00:00</time>
      </trkpt>
      <trkpt lat="47.43389" lon="12.3912">
        <ele>860</ele>
        <time>2026-05-12T20:57:48+00:00</time>
      </trkpt>
      <trkpt lat="47.4337" lon="12.39145">
        <ele>862</ele>
        <time>2026-05-12T20:57:51+00:00</time>
      </trkpt>
      <trkpt lat="47.43349" lon="12.39172">
        <ele>865</ele>
        <time>2026-05-12T20:57:54+00:00</time>
      </trkpt>
      <trkpt lat="47.43326" lon="12.39194">
        <ele>869</ele>
        <time>2026-05-12T20:57:57+00:00</time>
      </trkpt>
      <trkpt lat="47.43329" lon="12.39174">
        <ele>874</ele>
        <time>2026-05-12T20:58:00+00:00</time>
      </trkpt>
      <trkpt lat="47.43332" lon="12.39154">
        <ele>874</ele>
        <time>2026-05-12T20:58:03+00:00</time>
      </trkpt>
      <trkpt lat="47.43334" lon="12.39142">
        <ele>876</ele>
        <time>2026-05-12T20:58:06+00:00</time>
      </trkpt>
      <trkpt lat="47.43337" lon="12.39119">
        <ele>883</ele>
        <time>2026-05-12T20:58:09+00:00</time>
      </trkpt>
      <trkpt lat="47.43339" lon="12.39103">
        <ele>885</ele>
        <time>2026-05-12T20:58:12+00:00</time>
      </trkpt>
      <trkpt lat="47.43342" lon="12.39087">
        <ele>884</ele>
        <time>2026-05-12T20:58:15+00:00</time>
      </trkpt>
      <trkpt lat="47.43322" lon="12.39068">
        <ele>890</ele>
        <time>2026-05-12T20:58:18+00:00</time>
      </trkpt>
      <trkpt lat="47.4333" lon="12.3905">
        <ele>897</ele>
        <time>2026-05-12T20:58:21+00:00</time>
      </trkpt>
      <trkpt lat="47.43341" lon="12.39032">
        <ele>893</ele>
        <time>2026-05-12T20:58:24+00:00</time>
      </trkpt>
      <trkpt lat="47.43352" lon="12.39012">
        <ele>896</ele>
        <time>2026-05-12T20:58:27+00:00</time>
      </trkpt>
      <trkpt lat="47.43344" lon="12.3901">
        <ele>902</ele>
        <time>2026-05-12T20:58:30+00:00</time>
      </trkpt>
      <trkpt lat="47.43335" lon="12.39009">
        <ele>911</ele>
        <time>2026-05-12T20:58:33+00:00</time>
      </trkpt>
      <trkpt lat="47.43328" lon="12.39007">
        <ele>917</ele>
        <time>2026-05-12T20:58:36+00:00</time>
      </trkpt>
      <trkpt lat="47.43324" lon="12.39007">
        <ele>917</ele>
        <time>2026-05-12T20:58:39+00:00</time>
      </trkpt>
      <trkpt lat="47.43319" lon="12.39015">
        <ele>920</ele>
        <time>2026-05-12T20:58:42+00:00</time>
      </trkpt>
      <trkpt lat="47.43313" lon="12.39023">
        <ele>918</ele>
        <time>2026-05-12T20:58:45+00:00</time>
      </trkpt>
      <trkpt lat="47.43304" lon="12.39037">
        <ele>921</ele>
        <time>2026-05-12T20:58:48+00:00</time>
      </trkpt>
      <trkpt lat="47.43297" lon="12.39045">
        <ele>924</ele>
        <time>2026-05-12T20:58:51+00:00</time>
      </trkpt>
      <trkpt lat="47.43286" lon="12.39061">
        <ele>924</ele>
        <time>2026-05-12T20:58:54+00:00</time>
      </trkpt>
      <trkpt lat="47.43272" lon="12.39084">
        <ele>924</ele>
        <time>2026-05-12T20:58:57+00:00</time>
      </trkpt>
      <trkpt lat="47.43266" lon="12.39096">
        <ele>926</ele>
        <time>2026-05-12T20:59:00+00:00</time>
      </trkpt>
      <trkpt lat="47.43263" lon="12.39102">
        <ele>923</ele>
        <time>2026-05-12T20:59:03+00:00</time>
      </trkpt>
      <trkpt lat="47.43261" lon="12.39109">
        <ele>926</ele>
        <time>2026-05-12T20:59:06+00:00</time>
      </trkpt>
      <trkpt lat="47.43258" lon="12.39118">
        <ele>926</ele>
        <time>2026-05-12T20:59:09+00:00</time>
      </trkpt>
      <trkpt lat="47.43251" lon="12.39123">
        <ele>923</ele>
        <time>2026-05-12T20:59:12+00:00</time>
      </trkpt>
      <trkpt lat="47.43247" lon="12.39125">
        <ele>928</ele>
        <time>2026-05-12T20:59:15+00:00</time>
      </trkpt>
      <trkpt lat="47.43239" lon="12.3913">
        <ele>929</ele>
        <time>2026-05-12T20:59:18+00:00</time>
      </trkpt>
      <trkpt lat="47.43229" lon="12.39137">
        <ele>934</ele>
        <time>2026-05-12T20:59:21+00:00</time>
      </trkpt>
      <trkpt lat="47.43198" lon="12.39159">
        <ele>938</ele>
        <time>2026-05-12T20:59:24+00:00</time>
      </trkpt>
      <trkpt lat="47.43167" lon="12.39168">
        <ele>944</ele>
        <time>2026-05-12T20:59:27+00:00</time>
      </trkpt>
      <trkpt lat="47.43152" lon="12.39142">
        <ele>957</ele>
        <time>2026-05-12T20:59:30+00:00</time>
      </trkpt>
      <trkpt lat="47.43152" lon="12.39123">
        <ele>966</ele>
        <time>2026-05-12T20:59:33+00:00</time>
      </trkpt>
      <trkpt lat="47.43152" lon="12.39102">
        <ele>974</ele>
        <time>2026-05-12T20:59:36+00:00</time>
      </trkpt>
      <trkpt lat="47.43152" lon="12.39087">
        <ele>981</ele>
        <time>2026-05-12T20:59:39+00:00</time>
      </trkpt>
      <trkpt lat="47.43147" lon="12.39059">
        <ele>995</ele>
        <time>2026-05-12T20:59:42+00:00</time>
      </trkpt>
      <trkpt lat="47.43143" lon="12.39024">
        <ele>1004</ele>
        <time>2026-05-12T20:59:45+00:00</time>
      </trkpt>
      <trkpt lat="47.43139" lon="12.38983">
        <ele>1018</ele>
        <time>2026-05-12T20:59:48+00:00</time>
      </trkpt>
      <trkpt lat="47.43142" lon="12.38973">
        <ele>1018</ele>
        <time>2026-05-12T20:59:51+00:00</time>
      </trkpt>
      <trkpt lat="47.43146" lon="12.38959">
        <ele>1022</ele>
        <time>2026-05-12T20:59:54+00:00</time>
      </trkpt>
      <trkpt lat="47.4315" lon="12.38949">
        <ele>1021</ele>
        <time>2026-05-12T20:59:57+00:00</time>
      </trkpt>
      <trkpt lat="47.43154" lon="12.38937">
        <ele>1023</ele>
        <time>2026-05-12T21:00:00+00:00</time>
      </trkpt>
      <trkpt lat="47.43157" lon="12.38933">
        <ele>1023</ele>
        <time>2026-05-12T21:00:03+00:00</time>
      </trkpt>
      <trkpt lat="47.43163" lon="12.38921">
        <ele>1021</ele>
        <time>2026-05-12T21:00:06+00:00</time>
      </trkpt>
      <trkpt lat="47.43164" lon="12.38912">
        <ele>1023</ele>
        <time>2026-05-12T21:00:09+00:00</time>
      </trkpt>
      <trkpt lat="47.43163" lon="12.38896">
        <ele>1027</ele>
        <time>2026-05-12T21:00:12+00:00</time>
      </trkpt>
      <trkpt lat="47.43161" lon="12.38874">
        <ele>1031</ele>
        <time>2026-05-12T21:00:15+00:00</time>
      </trkpt>
      <trkpt lat="47.43158" lon="12.38852">
        <ele>1038</ele>
        <time>2026-05-12T21:00:18+00:00</time>
      </trkpt>
      <trkpt lat="47.43156" lon="12.38845">
        <ele>1040</ele>
        <time>2026-05-12T21:00:21+00:00</time>
      </trkpt>
      <trkpt lat="47.43154" lon="12.38834">
        <ele>1042</ele>
        <time>2026-05-12T21:00:24+00:00</time>
      </trkpt>
      <trkpt lat="47.43158" lon="12.3882">
        <ele>1039</ele>
        <time>2026-05-12T21:00:27+00:00</time>
      </trkpt>
      <trkpt lat="47.43164" lon="12.38813">
        <ele>1042</ele>
        <time>2026-05-12T21:00:30+00:00</time>
      </trkpt>
      <trkpt lat="47.43166" lon="12.38807">
        <ele>1044</ele>
        <time>2026-05-12T21:00:33+00:00</time>
      </trkpt>
      <trkpt lat="47.43172" lon="12.38801">
        <ele>1041</ele>
        <time>2026-05-12T21:00:36+00:00</time>
      </trkpt>
      <trkpt lat="47.4319" lon="12.38783">
        <ele>1040</ele>
        <time>2026-05-12T21:00:39+00:00</time>
      </trkpt>
      <trkpt lat="47.43198" lon="12.38775">
        <ele>1041</ele>
        <time>2026-05-12T21:00:42+00:00</time>
      </trkpt>
      <trkpt lat="47.43213" lon="12.3876">
        <ele>1039</ele>
        <time>2026-05-12T21:00:45+00:00</time>
      </trkpt>
      <trkpt lat="47.43221" lon="12.38753">
        <ele>1035</ele>
        <time>2026-05-12T21:00:48+00:00</time>
      </trkpt>
      <trkpt lat="47.43233" lon="12.38744">
        <ele>1036</ele>
        <time>2026-05-12T21:00:51+00:00</time>
      </trkpt>
      <trkpt lat="47.43237" lon="12.38741">
        <ele>1033</ele>
        <time>2026-05-12T21:00:54+00:00</time>
      </trkpt>
      <trkpt lat="47.43247" lon="12.38726">
        <ele>1034</ele>
        <time>2026-05-12T21:00:57+00:00</time>
      </trkpt>
      <trkpt lat="47.43251" lon="12.38719">
        <ele>1033</ele>
        <time>2026-05-12T21:01:00+00:00</time>
      </trkpt>
      <trkpt lat="47.43259" lon="12.38706">
        <ele>1035</ele>
        <time>2026-05-12T21:01:03+00:00</time>
      </trkpt>
      <trkpt lat="47.43267" lon="12.38691">
        <ele>1036</ele>
        <time>2026-05-12T21:01:06+00:00</time>
      </trkpt>
      <trkpt lat="47.43264" lon="12.38684">
        <ele>1036</ele>
        <time>2026-05-12T21:01:09+00:00</time>
      </trkpt>
      <trkpt lat="47.43258" lon="12.38686">
        <ele>1040</ele>
        <time>2026-05-12T21:01:12+00:00</time>
      </trkpt>
      <trkpt lat="47.43253" lon="12.38691">
        <ele>1037</ele>
        <time>2026-05-12T21:01:15+00:00</time>
      </trkpt>
      <trkpt lat="47.43248" lon="12.387">
        <ele>1039</ele>
        <time>2026-05-12T21:01:18+00:00</time>
      </trkpt>
      <trkpt lat="47.43245" lon="12.387">
        <ele>1042</ele>
        <time>2026-05-12T21:01:21+00:00</time>
      </trkpt>
      <trkpt lat="47.43241" lon="12.38698">
        <ele>1042</ele>
        <time>2026-05-12T21:01:24+00:00</time>
      </trkpt>
      <trkpt lat="47.43238" lon="12.38684">
        <ele>1048</ele>
        <time>2026-05-12T21:01:27+00:00</time>
      </trkpt>
      <trkpt lat="47.43237" lon="12.38674">
        <ele>1050</ele>
        <time>2026-05-12T21:01:30+00:00</time>
      </trkpt>
      <trkpt lat="47.43237" lon="12.38656">
        <ele>1055</ele>
        <time>2026-05-12T21:01:33+00:00</time>
      </trkpt>
      <trkpt lat="47.43236" lon="12.38641">
        <ele>1057</ele>
        <time>2026-05-12T21:01:36+00:00</time>
      </trkpt>
      <trkpt lat="47.43237" lon="12.38628">
        <ele>1061</ele>
        <time>2026-05-12T21:01:39+00:00</time>
      </trkpt>
      <trkpt lat="47.43238" lon="12.38621">
        <ele>1061</ele>
        <time>2026-05-12T21:01:42+00:00</time>
      </trkpt>
      <trkpt lat="47.43239" lon="12.3861">
        <ele>1064</ele>
        <time>2026-05-12T21:01:45+00:00</time>
      </trkpt>
      <trkpt lat="47.4324" lon="12.38599">
        <ele>1066</ele>
        <time>2026-05-12T21:01:48+00:00</time>
      </trkpt>
      <trkpt lat="47.4324" lon="12.38593">
        <ele>1062</ele>
        <time>2026-05-12T21:01:51+00:00</time>
      </trkpt>
      <trkpt lat="47.4324" lon="12.38582">
        <ele>1064</ele>
        <time>2026-05-12T21:01:54+00:00</time>
      </trkpt>
      <trkpt lat="47.4324" lon="12.38573">
        <ele>1065</ele>
        <time>2026-05-12T21:01:57+00:00</time>
      </trkpt>
      <trkpt lat="47.43237" lon="12.38569">
        <ele>1071</ele>
        <time>2026-05-12T21:02:00+00:00</time>
      </trkpt>
      <trkpt lat="47.43234" lon="12.38564">
        <ele>1071</ele>
        <time>2026-05-12T21:02:03+00:00</time>
      </trkpt>
      <trkpt lat="47.43229" lon="12.38557">
        <ele>1077</ele>
        <time>2026-05-12T21:02:06+00:00</time>
      </trkpt>
      <trkpt lat="47.43227" lon="12.38547">
        <ele>1079</ele>
        <time>2026-05-12T21:02:09+00:00</time>
      </trkpt>
      <trkpt lat="47.43224" lon="12.38537">
        <ele>1080</ele>
        <time>2026-05-12T21:02:12+00:00</time>
      </trkpt>
      <trkpt lat="47.43222" lon="12.38529">
        <ele>1082</ele>
        <time>2026-05-12T21:02:15+00:00</time>
      </trkpt>
      <trkpt lat="47.43222" lon="12.38516">
        <ele>1084</ele>
        <time>2026-05-12T21:02:18+00:00</time>
      </trkpt>
      <trkpt lat="47.43221" lon="12.38504">
        <ele>1085</ele>
        <time>2026-05-12T21:02:21+00:00</time>
      </trkpt>
      <trkpt lat="47.43221" lon="12.38495">
        <ele>1087</ele>
        <time>2026-05-12T21:02:24+00:00</time>
      </trkpt>
      <trkpt lat="47.43221" lon="12.38483">
        <ele>1089</ele>
        <time>2026-05-12T21:02:27+00:00</time>
      </trkpt>
      <trkpt lat="47.4322" lon="12.38474">
        <ele>1091</ele>
        <time>2026-05-12T21:02:30+00:00</time>
      </trkpt>
      <trkpt lat="47.43221" lon="12.38461">
        <ele>1092</ele>
        <time>2026-05-12T21:02:33+00:00</time>
      </trkpt>
      <trkpt lat="47.43221" lon="12.38452">
        <ele>1094</ele>
        <time>2026-05-12T21:02:36+00:00</time>
      </trkpt>
      <trkpt lat="47.43221" lon="12.3844">
        <ele>1098</ele>
        <time>2026-05-12T21:02:39+00:00</time>
      </trkpt>
      <trkpt lat="47.43221" lon="12.38429">
        <ele>1100</ele>
        <time>2026-05-12T21:02:42+00:00</time>
      </trkpt>
      <trkpt lat="47.43222" lon="12.38422">
        <ele>1100</ele>
        <time>2026-05-12T21:02:45+00:00</time>
      </trkpt>
      <trkpt lat="47.43222" lon="12.38412">
        <ele>1102</ele>
        <time>2026-05-12T21:02:48+00:00</time>
      </trkpt>
      <trkpt lat="47.43221" lon="12.38403">
        <ele>1104</ele>
        <time>2026-05-12T21:02:51+00:00</time>
      </trkpt>
      <trkpt lat="47.4322" lon="12.38395">
        <ele>1110</ele>
        <time>2026-05-12T21:02:54+00:00</time>
      </trkpt>
      <trkpt lat="47.43219" lon="12.38388">
        <ele>1112</ele>
        <time>2026-05-12T21:02:57+00:00</time>
      </trkpt>
      <trkpt lat="47.43218" lon="12.3838">
        <ele>1112</ele>
        <time>2026-05-12T21:03:00+00:00</time>
      </trkpt>
      <trkpt lat="47.43218" lon="12.38372">
        <ele>1114</ele>
        <time>2026-05-12T21:03:03+00:00</time>
      </trkpt>
      <trkpt lat="47.43218" lon="12.38363">
        <ele>1116</ele>
        <time>2026-05-12T21:03:06+00:00</time>
      </trkpt>
      <trkpt lat="47.43219" lon="12.38348">
        <ele>1120</ele>
        <time>2026-05-12T21:03:09+00:00</time>
      </trkpt>
      <trkpt lat="47.43219" lon="12.38338">
        <ele>1122</ele>
        <time>2026-05-12T21:03:12+00:00</time>
      </trkpt>
      <trkpt lat="47.4322" lon="12.38326">
        <ele>1119</ele>
        <time>2026-05-12T21:03:15+00:00</time>
      </trkpt>
      <trkpt lat="47.43221" lon="12.38314">
        <ele>1121</ele>
        <time>2026-05-12T21:03:18+00:00</time>
      </trkpt>
      <trkpt lat="47.43223" lon="12.38301">
        <ele>1123</ele>
        <time>2026-05-12T21:03:21+00:00</time>
      </trkpt>
      <trkpt lat="47.43224" lon="12.38287">
        <ele>1126</ele>
        <time>2026-05-12T21:03:24+00:00</time>
      </trkpt>
      <trkpt lat="47.43225" lon="12.38282">
        <ele>1126</ele>
        <time>2026-05-12T21:03:27+00:00</time>
      </trkpt>
      <trkpt lat="47.4322" lon="12.38282">
        <ele>1131</ele>
        <time>2026-05-12T21:03:30+00:00</time>
      </trkpt>
      <trkpt lat="47.43214" lon="12.38281">
        <ele>1131</ele>
        <time>2026-05-12T21:03:33+00:00</time>
      </trkpt>
      <trkpt lat="47.4321" lon="12.38281">
        <ele>1135</ele>
        <time>2026-05-12T21:03:36+00:00</time>
      </trkpt>
      <trkpt lat="47.43203" lon="12.38279">
        <ele>1137</ele>
        <time>2026-05-12T21:03:39+00:00</time>
      </trkpt>
      <trkpt lat="47.43199" lon="12.38277">
        <ele>1142</ele>
        <time>2026-05-12T21:03:42+00:00</time>
      </trkpt>
      <trkpt lat="47.43194" lon="12.38276">
        <ele>1142</ele>
        <time>2026-05-12T21:03:45+00:00</time>
      </trkpt>
      <trkpt lat="47.43188" lon="12.38274">
        <ele>1146</ele>
        <time>2026-05-12T21:03:48+00:00</time>
      </trkpt>
      <trkpt lat="47.43179" lon="12.38272">
        <ele>1150</ele>
        <time>2026-05-12T21:03:51+00:00</time>
      </trkpt>
      <trkpt lat="47.43173" lon="12.3827">
        <ele>1150</ele>
        <time>2026-05-12T21:03:54+00:00</time>
      </trkpt>
      <trkpt lat="47.43171" lon="12.38277">
        <ele>1150</ele>
        <time>2026-05-12T21:03:57+00:00</time>
      </trkpt>
      <trkpt lat="47.43166" lon="12.38289">
        <ele>1153</ele>
        <time>2026-05-12T21:04:00+00:00</time>
      </trkpt>
      <trkpt lat="47.43163" lon="12.38298">
        <ele>1151</ele>
        <time>2026-05-12T21:04:03+00:00</time>
      </trkpt>
      <trkpt lat="47.43158" lon="12.38297">
        <ele>1156</ele>
        <time>2026-05-12T21:04:06+00:00</time>
      </trkpt>
      <trkpt lat="47.43151" lon="12.38297">
        <ele>1156</ele>
        <time>2026-05-12T21:04:09+00:00</time>
      </trkpt>
      <trkpt lat="47.43145" lon="12.38296">
        <ele>1160</ele>
        <time>2026-05-12T21:04:12+00:00</time>
      </trkpt>
      <trkpt lat="47.4314" lon="12.383">
        <ele>1164</ele>
        <time>2026-05-12T21:04:15+00:00</time>
      </trkpt>
      <trkpt lat="47.4314" lon="12.38293">
        <ele>1164</ele>
        <time>2026-05-12T21:04:18+00:00</time>
      </trkpt>
      <trkpt lat="47.4314" lon="12.38287">
        <ele>1166</ele>
        <time>2026-05-12T21:04:21+00:00</time>
      </trkpt>
      <trkpt lat="47.43142" lon="12.38276">
        <ele>1164</ele>
        <time>2026-05-12T21:04:24+00:00</time>
      </trkpt>
      <trkpt lat="47.43144" lon="12.38268">
        <ele>1164</ele>
        <time>2026-05-12T21:04:27+00:00</time>
      </trkpt>
      <trkpt lat="47.43148" lon="12.38259">
        <ele>1167</ele>
        <time>2026-05-12T21:04:30+00:00</time>
      </trkpt>
      <trkpt lat="47.43149" lon="12.38255">
        <ele>1167</ele>
        <time>2026-05-12T21:04:33+00:00</time>
      </trkpt>
      <trkpt lat="47.43153" lon="12.38252">
        <ele>1163</ele>
        <time>2026-05-12T21:04:36+00:00</time>
      </trkpt>
      <trkpt lat="47.43158" lon="12.38248">
        <ele>1164</ele>
        <time>2026-05-12T21:04:39+00:00</time>
      </trkpt>
      <trkpt lat="47.43162" lon="12.38245">
        <ele>1160</ele>
        <time>2026-05-12T21:04:42+00:00</time>
      </trkpt>
      <trkpt lat="47.43166" lon="12.38241">
        <ele>1160</ele>
        <time>2026-05-12T21:04:45+00:00</time>
      </trkpt>
      <trkpt lat="47.4317" lon="12.38236">
        <ele>1157</ele>
        <time>2026-05-12T21:04:48+00:00</time>
      </trkpt>
      <trkpt lat="47.43174" lon="12.38232">
        <ele>1157</ele>
        <time>2026-05-12T21:04:51+00:00</time>
      </trkpt>
      <trkpt lat="47.43179" lon="12.38229">
        <ele>1159</ele>
        <time>2026-05-12T21:04:54+00:00</time>
      </trkpt>
      <trkpt lat="47.43186" lon="12.38225">
        <ele>1154</ele>
        <time>2026-05-12T21:04:57+00:00</time>
      </trkpt>
      <trkpt lat="47.43191" lon="12.3822">
        <ele>1155</ele>
        <time>2026-05-12T21:05:00+00:00</time>
      </trkpt>
      <trkpt lat="47.43193" lon="12.38218">
        <ele>1151</ele>
        <time>2026-05-12T21:05:03+00:00</time>
      </trkpt>
      <trkpt lat="47.43194" lon="12.38212">
        <ele>1151</ele>
        <time>2026-05-12T21:05:06+00:00</time>
      </trkpt>
      <trkpt lat="47.43197" lon="12.38204">
        <ele>1152</ele>
        <time>2026-05-12T21:05:09+00:00</time>
      </trkpt>
      <trkpt lat="47.43197" lon="12.38194">
        <ele>1157</ele>
        <time>2026-05-12T21:05:12+00:00</time>
      </trkpt>
      <trkpt lat="47.43198" lon="12.38184">
        <ele>1155</ele>
        <time>2026-05-12T21:05:15+00:00</time>
      </trkpt>
      <trkpt lat="47.43198" lon="12.38176">
        <ele>1157</ele>
        <time>2026-05-12T21:05:18+00:00</time>
      </trkpt>
      <trkpt lat="47.43199" lon="12.38169">
        <ele>1158</ele>
        <time>2026-05-12T21:05:21+00:00</time>
      </trkpt>
      <trkpt lat="47.43199" lon="12.38157">
        <ele>1157</ele>
        <time>2026-05-12T21:05:24+00:00</time>
      </trkpt>
      <trkpt lat="47.432" lon="12.3815">
        <ele>1156</ele>
        <time>2026-05-12T21:05:27+00:00</time>
      </trkpt>
      <trkpt lat="47.43202" lon="12.3814">
        <ele>1157</ele>
        <time>2026-05-12T21:05:30+00:00</time>
      </trkpt>
      <trkpt lat="47.43202" lon="12.38132">
        <ele>1157</ele>
        <time>2026-05-12T21:05:33+00:00</time>
      </trkpt>
      <trkpt lat="47.43204" lon="12.38122">
        <ele>1158</ele>
        <time>2026-05-12T21:05:36+00:00</time>
      </trkpt>
      <trkpt lat="47.43203" lon="12.38114">
        <ele>1159</ele>
        <time>2026-05-12T21:05:39+00:00</time>
      </trkpt>
      <trkpt lat="47.43202" lon="12.38102">
        <ele>1160</ele>
        <time>2026-05-12T21:05:42+00:00</time>
      </trkpt>
      <trkpt lat="47.43202" lon="12.38094">
        <ele>1161</ele>
        <time>2026-05-12T21:05:45+00:00</time>
      </trkpt>
      <trkpt lat="47.43201" lon="12.38082">
        <ele>1162</ele>
        <time>2026-05-12T21:05:48+00:00</time>
      </trkpt>
      <trkpt lat="47.432" lon="12.38073">
        <ele>1163</ele>
        <time>2026-05-12T21:05:51+00:00</time>
      </trkpt>
      <trkpt lat="47.43199" lon="12.38061">
        <ele>1164</ele>
        <time>2026-05-12T21:05:54+00:00</time>
      </trkpt>
      <trkpt lat="47.43199" lon="12.38048">
        <ele>1172</ele>
        <time>2026-05-12T21:05:57+00:00</time>
      </trkpt>
      <trkpt lat="47.43205" lon="12.38032">
        <ele>1165</ele>
        <time>2026-05-12T21:06:00+00:00</time>
      </trkpt>
      <trkpt lat="47.43209" lon="12.38022">
        <ele>1169</ele>
        <time>2026-05-12T21:06:03+00:00</time>
      </trkpt>
      <trkpt lat="47.43212" lon="12.38013">
        <ele>1166</ele>
        <time>2026-05-12T21:06:06+00:00</time>
      </trkpt>
      <trkpt lat="47.43215" lon="12.38005">
        <ele>1165</ele>
        <time>2026-05-12T21:06:09+00:00</time>
      </trkpt>
      <trkpt lat="47.43219" lon="12.37994">
        <ele>1169</ele>
        <time>2026-05-12T21:06:12+00:00</time>
      </trkpt>
      <trkpt lat="47.43222" lon="12.37986">
        <ele>1164</ele>
        <time>2026-05-12T21:06:15+00:00</time>
      </trkpt>
      <trkpt lat="47.43223" lon="12.37977">
        <ele>1166</ele>
        <time>2026-05-12T21:06:18+00:00</time>
      </trkpt>
      <trkpt lat="47.43225" lon="12.37965">
        <ele>1167</ele>
        <time>2026-05-12T21:06:21+00:00</time>
      </trkpt>
      <trkpt lat="47.43226" lon="12.37956">
        <ele>1168</ele>
        <time>2026-05-12T21:06:24+00:00</time>
      </trkpt>
      <trkpt lat="47.43227" lon="12.37945">
        <ele>1170</ele>
        <time>2026-05-12T21:06:27+00:00</time>
      </trkpt>
      <trkpt lat="47.43228" lon="12.37935">
        <ele>1172</ele>
        <time>2026-05-12T21:06:30+00:00</time>
      </trkpt>
      <trkpt lat="47.43227" lon="12.37925">
        <ele>1174</ele>
        <time>2026-05-12T21:06:33+00:00</time>
      </trkpt>
      <trkpt lat="47.43227" lon="12.37916">
        <ele>1176</ele>
        <time>2026-05-12T21:06:36+00:00</time>
      </trkpt>
      <trkpt lat="47.43227" lon="12.37907">
        <ele>1178</ele>
        <time>2026-05-12T21:06:39+00:00</time>
      </trkpt>
      <trkpt lat="47.43226" lon="12.37897">
        <ele>1180</ele>
        <time>2026-05-12T21:06:42+00:00</time>
      </trkpt>
      <trkpt lat="47.43226" lon="12.37887">
        <ele>1178</ele>
        <time>2026-05-12T21:06:45+00:00</time>
      </trkpt>
      <trkpt lat="47.43229" lon="12.37878">
        <ele>1184</ele>
        <time>2026-05-12T21:06:48+00:00</time>
      </trkpt>
      <trkpt lat="47.43231" lon="12.37872">
        <ele>1178</ele>
        <time>2026-05-12T21:06:51+00:00</time>
      </trkpt>
      <trkpt lat="47.43233" lon="12.37861">
        <ele>1180</ele>
        <time>2026-05-12T21:06:54+00:00</time>
      </trkpt>
      <trkpt lat="47.43235" lon="12.3785">
        <ele>1185</ele>
        <time>2026-05-12T21:06:57+00:00</time>
      </trkpt>
      <trkpt lat="47.43237" lon="12.37842">
        <ele>1185</ele>
        <time>2026-05-12T21:07:00+00:00</time>
      </trkpt>
      <trkpt lat="47.43238" lon="12.37833">
        <ele>1181</ele>
        <time>2026-05-12T21:07:03+00:00</time>
      </trkpt>
      <trkpt lat="47.43242" lon="12.37825">
        <ele>1184</ele>
        <time>2026-05-12T21:07:06+00:00</time>
      </trkpt>
      <trkpt lat="47.43247" lon="12.37814">
        <ele>1186</ele>
        <time>2026-05-12T21:07:09+00:00</time>
      </trkpt>
      <trkpt lat="47.43252" lon="12.37803">
        <ele>1183</ele>
        <time>2026-05-12T21:07:12+00:00</time>
      </trkpt>
      <trkpt lat="47.43257" lon="12.37792">
        <ele>1186</ele>
        <time>2026-05-12T21:07:15+00:00</time>
      </trkpt>
      <trkpt lat="47.43259" lon="12.37787">
        <ele>1188</ele>
        <time>2026-05-12T21:07:18+00:00</time>
      </trkpt>
      <trkpt lat="47.43261" lon="12.37782">
        <ele>1183</ele>
        <time>2026-05-12T21:07:21+00:00</time>
      </trkpt>
      <trkpt lat="47.43264" lon="12.37771">
        <ele>1185</ele>
        <time>2026-05-12T21:07:24+00:00</time>
      </trkpt>
      <trkpt lat="47.43266" lon="12.37764">
        <ele>1188</ele>
        <time>2026-05-12T21:07:27+00:00</time>
      </trkpt>
      <trkpt lat="47.43269" lon="12.37754">
        <ele>1190</ele>
        <time>2026-05-12T21:07:30+00:00</time>
      </trkpt>
      <trkpt lat="47.43271" lon="12.37748">
        <ele>1187</ele>
        <time>2026-05-12T21:07:33+00:00</time>
      </trkpt>
      <trkpt lat="47.43273" lon="12.37739">
        <ele>1190</ele>
        <time>2026-05-12T21:07:36+00:00</time>
      </trkpt>
      <trkpt lat="47.43275" lon="12.3773">
        <ele>1192</ele>
        <time>2026-05-12T21:07:39+00:00</time>
      </trkpt>
      <trkpt lat="47.43278" lon="12.37718">
        <ele>1195</ele>
        <time>2026-05-12T21:07:42+00:00</time>
      </trkpt>
      <trkpt lat="47.43281" lon="12.37705">
        <ele>1192</ele>
        <time>2026-05-12T21:07:45+00:00</time>
      </trkpt>
      <trkpt lat="47.43283" lon="12.37696">
        <ele>1195</ele>
        <time>2026-05-12T21:07:48+00:00</time>
      </trkpt>
      <trkpt lat="47.43286" lon="12.37683">
        <ele>1197</ele>
        <time>2026-05-12T21:07:51+00:00</time>
      </trkpt>
      <trkpt lat="47.43289" lon="12.37672">
        <ele>1200</ele>
        <time>2026-05-12T21:07:54+00:00</time>
      </trkpt>
      <trkpt lat="47.43291" lon="12.37662">
        <ele>1196</ele>
        <time>2026-05-12T21:07:57+00:00</time>
      </trkpt>
      <trkpt lat="47.43294" lon="12.37648">
        <ele>1202</ele>
        <time>2026-05-12T21:08:00+00:00</time>
      </trkpt>
      <trkpt lat="47.43297" lon="12.37636">
        <ele>1204</ele>
        <time>2026-05-12T21:08:03+00:00</time>
      </trkpt>
      <trkpt lat="47.43299" lon="12.37627">
        <ele>1207</ele>
        <time>2026-05-12T21:08:06+00:00</time>
      </trkpt>
      <trkpt lat="47.43302" lon="12.37616">
        <ele>1203</ele>
        <time>2026-05-12T21:08:09+00:00</time>
      </trkpt>
      <trkpt lat="47.43304" lon="12.37606">
        <ele>1206</ele>
        <time>2026-05-12T21:08:12+00:00</time>
      </trkpt>
      <trkpt lat="47.43306" lon="12.37596">
        <ele>1208</ele>
        <time>2026-05-12T21:08:15+00:00</time>
      </trkpt>
      <trkpt lat="47.4331" lon="12.37583">
        <ele>1211</ele>
        <time>2026-05-12T21:08:18+00:00</time>
      </trkpt>
      <trkpt lat="47.43311" lon="12.37577">
        <ele>1208</ele>
        <time>2026-05-12T21:08:21+00:00</time>
      </trkpt>
      <trkpt lat="47.43314" lon="12.37565">
        <ele>1210</ele>
        <time>2026-05-12T21:08:24+00:00</time>
      </trkpt>
      <trkpt lat="47.43316" lon="12.37555">
        <ele>1213</ele>
        <time>2026-05-12T21:08:27+00:00</time>
      </trkpt>
      <trkpt lat="47.43319" lon="12.37543">
        <ele>1215</ele>
        <time>2026-05-12T21:08:30+00:00</time>
      </trkpt>
      <trkpt lat="47.43323" lon="12.37531">
        <ele>1212</ele>
        <time>2026-05-12T21:08:33+00:00</time>
      </trkpt>
      <trkpt lat="47.43326" lon="12.3752">
        <ele>1215</ele>
        <time>2026-05-12T21:08:36+00:00</time>
      </trkpt>
      <trkpt lat="47.43329" lon="12.37512">
        <ele>1217</ele>
        <time>2026-05-12T21:08:39+00:00</time>
      </trkpt>
      <trkpt lat="47.43333" lon="12.375">
        <ele>1217</ele>
        <time>2026-05-12T21:08:42+00:00</time>
      </trkpt>
      <trkpt lat="47.43337" lon="12.37488">
        <ele>1220</ele>
        <time>2026-05-12T21:08:45+00:00</time>
      </trkpt>
      <trkpt lat="47.43341" lon="12.37479">
        <ele>1218</ele>
        <time>2026-05-12T21:08:48+00:00</time>
      </trkpt>
      <trkpt lat="47.43344" lon="12.3747">
        <ele>1218</ele>
        <time>2026-05-12T21:08:51+00:00</time>
      </trkpt>
      <trkpt lat="47.43348" lon="12.37461">
        <ele>1220</ele>
        <time>2026-05-12T21:08:54+00:00</time>
      </trkpt>
      <trkpt lat="47.43351" lon="12.37453">
        <ele>1217</ele>
        <time>2026-05-12T21:08:57+00:00</time>
      </trkpt>
      <trkpt lat="47.43355" lon="12.37444">
        <ele>1219</ele>
        <time>2026-05-12T21:09:00+00:00</time>
      </trkpt>
      <trkpt lat="47.43359" lon="12.37432">
        <ele>1217</ele>
        <time>2026-05-12T21:09:03+00:00</time>
      </trkpt>
      <trkpt lat="47.43363" lon="12.37423">
        <ele>1217</ele>
        <time>2026-05-12T21:09:06+00:00</time>
      </trkpt>
      <trkpt lat="47.43369" lon="12.37413">
        <ele>1220</ele>
        <time>2026-05-12T21:09:09+00:00</time>
      </trkpt>
      <trkpt lat="47.43374" lon="12.37403">
        <ele>1215</ele>
        <time>2026-05-12T21:09:12+00:00</time>
      </trkpt>
      <trkpt lat="47.43379" lon="12.37396">
        <ele>1217</ele>
        <time>2026-05-12T21:09:15+00:00</time>
      </trkpt>
      <trkpt lat="47.43382" lon="12.37391">
        <ele>1210</ele>
        <time>2026-05-12T21:09:18+00:00</time>
      </trkpt>
      <trkpt lat="47.43384" lon="12.37385">
        <ele>1212</ele>
        <time>2026-05-12T21:09:21+00:00</time>
      </trkpt>
      <trkpt lat="47.4339" lon="12.37375">
        <ele>1217</ele>
        <time>2026-05-12T21:09:24+00:00</time>
      </trkpt>
      <trkpt lat="47.43386" lon="12.37371">
        <ele>1214</ele>
        <time>2026-05-12T21:09:27+00:00</time>
      </trkpt>
      <trkpt lat="47.43383" lon="12.37369">
        <ele>1215</ele>
        <time>2026-05-12T21:09:30+00:00</time>
      </trkpt>
      <trkpt lat="47.4338" lon="12.37367">
        <ele>1222</ele>
        <time>2026-05-12T21:09:33+00:00</time>
      </trkpt>
      <trkpt lat="47.43377" lon="12.37372">
        <ele>1220</ele>
        <time>2026-05-12T21:09:36+00:00</time>
      </trkpt>
      <trkpt lat="47.43373" lon="12.37377">
        <ele>1220</ele>
        <time>2026-05-12T21:09:39+00:00</time>
      </trkpt>
      <trkpt lat="47.43369" lon="12.37383">
        <ele>1225</ele>
        <time>2026-05-12T21:09:42+00:00</time>
      </trkpt>
      <trkpt lat="47.43364" lon="12.3739">
        <ele>1225</ele>
        <time>2026-05-12T21:09:45+00:00</time>
      </trkpt>
      <trkpt lat="47.43358" lon="12.37395">
        <ele>1230</ele>
        <time>2026-05-12T21:09:48+00:00</time>
      </trkpt>
      <trkpt lat="47.43348" lon="12.37405">
        <ele>1234</ele>
        <time>2026-05-12T21:09:51+00:00</time>
      </trkpt>
      <trkpt lat="47.4334" lon="12.37414">
        <ele>1236</ele>
        <time>2026-05-12T21:09:54+00:00</time>
      </trkpt>
      <trkpt lat="47.43332" lon="12.37422">
        <ele>1234</ele>
        <time>2026-05-12T21:09:57+00:00</time>
      </trkpt>
      <trkpt lat="47.43325" lon="12.37429">
        <ele>1239</ele>
        <time>2026-05-12T21:10:00+00:00</time>
      </trkpt>
      <trkpt lat="47.43321" lon="12.37433">
        <ele>1236</ele>
        <time>2026-05-12T21:10:03+00:00</time>
      </trkpt>
      <trkpt lat="47.43316" lon="12.37439">
        <ele>1241</ele>
        <time>2026-05-12T21:10:06+00:00</time>
      </trkpt>
      <trkpt lat="47.43311" lon="12.37442">
        <ele>1239</ele>
        <time>2026-05-12T21:10:09+00:00</time>
      </trkpt>
      <trkpt lat="47.43307" lon="12.37444">
        <ele>1244</ele>
        <time>2026-05-12T21:10:12+00:00</time>
      </trkpt>
      <trkpt lat="47.43301" lon="12.3745">
        <ele>1242</ele>
        <time>2026-05-12T21:10:15+00:00</time>
      </trkpt>
      <trkpt lat="47.43297" lon="12.37456">
        <ele>1247</ele>
        <time>2026-05-12T21:10:18+00:00</time>
      </trkpt>
      <trkpt lat="47.43295" lon="12.37459">
        <ele>1247</ele>
        <time>2026-05-12T21:10:21+00:00</time>
      </trkpt>
      <trkpt lat="47.43292" lon="12.37464">
        <ele>1244</ele>
        <time>2026-05-12T21:10:24+00:00</time>
      </trkpt>
      <trkpt lat="47.43288" lon="12.37471">
        <ele>1247</ele>
        <time>2026-05-12T21:10:27+00:00</time>
      </trkpt>
      <trkpt lat="47.43284" lon="12.37478">
        <ele>1247</ele>
        <time>2026-05-12T21:10:30+00:00</time>
      </trkpt>
      <trkpt lat="47.4328" lon="12.37485">
        <ele>1249</ele>
        <time>2026-05-12T21:10:33+00:00</time>
      </trkpt>
      <trkpt lat="47.43276" lon="12.37493">
        <ele>1247</ele>
        <time>2026-05-12T21:10:36+00:00</time>
      </trkpt>
      <trkpt lat="47.4327" lon="12.37503">
        <ele>1245</ele>
        <time>2026-05-12T21:10:39+00:00</time>
      </trkpt>
      <trkpt lat="47.43265" lon="12.37513">
        <ele>1246</ele>
        <time>2026-05-12T21:10:42+00:00</time>
      </trkpt>
      <trkpt lat="47.43259" lon="12.37524">
        <ele>1246</ele>
        <time>2026-05-12T21:10:45+00:00</time>
      </trkpt>
      <trkpt lat="47.43253" lon="12.37534">
        <ele>1246</ele>
        <time>2026-05-12T21:10:48+00:00</time>
      </trkpt>
      <trkpt lat="47.43248" lon="12.37544">
        <ele>1248</ele>
        <time>2026-05-12T21:10:51+00:00</time>
      </trkpt>
      <trkpt lat="47.43245" lon="12.37553">
        <ele>1246</ele>
        <time>2026-05-12T21:10:54+00:00</time>
      </trkpt>
      <trkpt lat="47.43241" lon="12.37562">
        <ele>1244</ele>
        <time>2026-05-12T21:10:57+00:00</time>
      </trkpt>
      <trkpt lat="47.43237" lon="12.3757">
        <ele>1247</ele>
        <time>2026-05-12T21:11:00+00:00</time>
      </trkpt>
      <trkpt lat="47.43232" lon="12.37578">
        <ele>1247</ele>
        <time>2026-05-12T21:11:03+00:00</time>
      </trkpt>
      <trkpt lat="47.43226" lon="12.37588">
        <ele>1249</ele>
        <time>2026-05-12T21:11:06+00:00</time>
      </trkpt>
      <trkpt lat="47.43221" lon="12.37595">
        <ele>1247</ele>
        <time>2026-05-12T21:11:09+00:00</time>
      </trkpt>
      <trkpt lat="47.43218" lon="12.37599">
        <ele>1252</ele>
        <time>2026-05-12T21:11:12+00:00</time>
      </trkpt>
      <trkpt lat="47.43213" lon="12.37605">
        <ele>1250</ele>
        <time>2026-05-12T21:11:15+00:00</time>
      </trkpt>
      <trkpt lat="47.43207" lon="12.37612">
        <ele>1252</ele>
        <time>2026-05-12T21:11:18+00:00</time>
      </trkpt>
      <trkpt lat="47.43202" lon="12.3762">
        <ele>1252</ele>
        <time>2026-05-12T21:11:21+00:00</time>
      </trkpt>
      <trkpt lat="47.43196" lon="12.37626">
        <ele>1254</ele>
        <time>2026-05-12T21:11:24+00:00</time>
      </trkpt>
      <trkpt lat="47.43191" lon="12.37633">
        <ele>1252</ele>
        <time>2026-05-12T21:11:27+00:00</time>
      </trkpt>
      <trkpt lat="47.43187" lon="12.37639">
        <ele>1256</ele>
        <time>2026-05-12T21:11:30+00:00</time>
      </trkpt>
      <trkpt lat="47.4318" lon="12.37647">
        <ele>1254</ele>
        <time>2026-05-12T21:11:33+00:00</time>
      </trkpt>
      <trkpt lat="47.43175" lon="12.37653">
        <ele>1256</ele>
        <time>2026-05-12T21:11:36+00:00</time>
      </trkpt>
      <trkpt lat="47.43171" lon="12.37659">
        <ele>1256</ele>
        <time>2026-05-12T21:11:39+00:00</time>
      </trkpt>
      <trkpt lat="47.43164" lon="12.37667">
        <ele>1259</ele>
        <time>2026-05-12T21:11:42+00:00</time>
      </trkpt>
      <trkpt lat="47.43158" lon="12.3768">
        <ele>1261</ele>
        <time>2026-05-12T21:11:45+00:00</time>
      </trkpt>
      <trkpt lat="47.43155" lon="12.37685">
        <ele>1260</ele>
        <time>2026-05-12T21:11:48+00:00</time>
      </trkpt>
      <trkpt lat="47.43153" lon="12.37689">
        <ele>1260</ele>
        <time>2026-05-12T21:11:51+00:00</time>
      </trkpt>
      <trkpt lat="47.4315" lon="12.37695">
        <ele>1262</ele>
        <time>2026-05-12T21:11:54+00:00</time>
      </trkpt>
      <trkpt lat="47.43145" lon="12.377">
        <ele>1262</ele>
        <time>2026-05-12T21:11:57+00:00</time>
      </trkpt>
      <trkpt lat="47.43139" lon="12.37701">
        <ele>1265</ele>
        <time>2026-05-12T21:12:00+00:00</time>
      </trkpt>
      <trkpt lat="47.43138" lon="12.37697">
        <ele>1266</ele>
        <time>2026-05-12T21:12:03+00:00</time>
      </trkpt>
      <trkpt lat="47.4314" lon="12.37687">
        <ele>1268</ele>
        <time>2026-05-12T21:12:06+00:00</time>
      </trkpt>
      <trkpt lat="47.43141" lon="12.3768">
        <ele>1264</ele>
        <time>2026-05-12T21:12:09+00:00</time>
      </trkpt>
      <trkpt lat="47.43143" lon="12.37671">
        <ele>1265</ele>
        <time>2026-05-12T21:12:12+00:00</time>
      </trkpt>
      <trkpt lat="47.43144" lon="12.37663">
        <ele>1267</ele>
        <time>2026-05-12T21:12:15+00:00</time>
      </trkpt>
      <trkpt lat="47.43145" lon="12.37649">
        <ele>1270</ele>
        <time>2026-05-12T21:12:18+00:00</time>
      </trkpt>
      <trkpt lat="47.43146" lon="12.37637">
        <ele>1271</ele>
        <time>2026-05-12T21:12:21+00:00</time>
      </trkpt>
      <trkpt lat="47.43147" lon="12.37628">
        <ele>1273</ele>
        <time>2026-05-12T21:12:24+00:00</time>
      </trkpt>
      <trkpt lat="47.43148" lon="12.37619">
        <ele>1274</ele>
        <time>2026-05-12T21:12:27+00:00</time>
      </trkpt>
      <trkpt lat="47.43148" lon="12.37608">
        <ele>1275</ele>
        <time>2026-05-12T21:12:30+00:00</time>
      </trkpt>
      <trkpt lat="47.43148" lon="12.37597">
        <ele>1277</ele>
        <time>2026-05-12T21:12:33+00:00</time>
      </trkpt>
      <trkpt lat="47.43148" lon="12.37586">
        <ele>1278</ele>
        <time>2026-05-12T21:12:36+00:00</time>
      </trkpt>
      <trkpt lat="47.43148" lon="12.37576">
        <ele>1280</ele>
        <time>2026-05-12T21:12:39+00:00</time>
      </trkpt>
      <trkpt lat="47.43149" lon="12.37563">
        <ele>1281</ele>
        <time>2026-05-12T21:12:42+00:00</time>
      </trkpt>
      <trkpt lat="47.43153" lon="12.37552">
        <ele>1279</ele>
        <time>2026-05-12T21:12:45+00:00</time>
      </trkpt>
      <trkpt lat="47.43156" lon="12.37538">
        <ele>1283</ele>
        <time>2026-05-12T21:12:48+00:00</time>
      </trkpt>
      <trkpt lat="47.43158" lon="12.37531">
        <ele>1283</ele>
        <time>2026-05-12T21:12:51+00:00</time>
      </trkpt>
      <trkpt lat="47.4316" lon="12.37519">
        <ele>1286</ele>
        <time>2026-05-12T21:12:54+00:00</time>
      </trkpt>
      <trkpt lat="47.43162" lon="12.3751">
        <ele>1284</ele>
        <time>2026-05-12T21:12:57+00:00</time>
      </trkpt>
      <trkpt lat="47.43163" lon="12.375">
        <ele>1284</ele>
        <time>2026-05-12T21:13:00+00:00</time>
      </trkpt>
      <trkpt lat="47.43164" lon="12.3749">
        <ele>1288</ele>
        <time>2026-05-12T21:13:03+00:00</time>
      </trkpt>
      <trkpt lat="47.43165" lon="12.37478">
        <ele>1290</ele>
        <time>2026-05-12T21:13:06+00:00</time>
      </trkpt>
      <trkpt lat="47.43167" lon="12.37467">
        <ele>1292</ele>
        <time>2026-05-12T21:13:09+00:00</time>
      </trkpt>
      <trkpt lat="47.43168" lon="12.37458">
        <ele>1293</ele>
        <time>2026-05-12T21:13:12+00:00</time>
      </trkpt>
      <trkpt lat="47.43169" lon="12.37443">
        <ele>1295</ele>
        <time>2026-05-12T21:13:15+00:00</time>
      </trkpt>
      <trkpt lat="47.4317" lon="12.37432">
        <ele>1294</ele>
        <time>2026-05-12T21:13:18+00:00</time>
      </trkpt>
      <trkpt lat="47.43171" lon="12.37426">
        <ele>1295</ele>
        <time>2026-05-12T21:13:21+00:00</time>
      </trkpt>
      <trkpt lat="47.43172" lon="12.37416">
        <ele>1297</ele>
        <time>2026-05-12T21:13:24+00:00</time>
      </trkpt>
      <trkpt lat="47.43174" lon="12.37405">
        <ele>1299</ele>
        <time>2026-05-12T21:13:27+00:00</time>
      </trkpt>
      <trkpt lat="47.43175" lon="12.37396">
        <ele>1301</ele>
        <time>2026-05-12T21:13:30+00:00</time>
      </trkpt>
      <trkpt lat="47.43176" lon="12.37388">
        <ele>1304</ele>
        <time>2026-05-12T21:13:33+00:00</time>
      </trkpt>
      <trkpt lat="47.43178" lon="12.37383">
        <ele>1304</ele>
        <time>2026-05-12T21:13:36+00:00</time>
      </trkpt>
      <trkpt lat="47.4318" lon="12.37373">
        <ele>1306</ele>
        <time>2026-05-12T21:13:39+00:00</time>
      </trkpt>
      <trkpt lat="47.43181" lon="12.37365">
        <ele>1304</ele>
        <time>2026-05-12T21:13:42+00:00</time>
      </trkpt>
      <trkpt lat="47.43184" lon="12.37355">
        <ele>1307</ele>
        <time>2026-05-12T21:13:45+00:00</time>
      </trkpt>
      <trkpt lat="47.43188" lon="12.37341">
        <ele>1309</ele>
        <time>2026-05-12T21:13:48+00:00</time>
      </trkpt>
      <trkpt lat="47.43191" lon="12.3733">
        <ele>1310</ele>
        <time>2026-05-12T21:13:51+00:00</time>
      </trkpt>
      <trkpt lat="47.43194" lon="12.3732">
        <ele>1312</ele>
        <time>2026-05-12T21:13:54+00:00</time>
      </trkpt>
      <trkpt lat="47.43197" lon="12.3731">
        <ele>1312</ele>
        <time>2026-05-12T21:13:57+00:00</time>
      </trkpt>
      <trkpt lat="47.43199" lon="12.37304">
        <ele>1314</ele>
        <time>2026-05-12T21:14:00+00:00</time>
      </trkpt>
      <trkpt lat="47.43201" lon="12.37294">
        <ele>1313</ele>
        <time>2026-05-12T21:14:03+00:00</time>
      </trkpt>
      <trkpt lat="47.43204" lon="12.37288">
        <ele>1315</ele>
        <time>2026-05-12T21:14:06+00:00</time>
      </trkpt>
      <trkpt lat="47.43207" lon="12.3728">
        <ele>1315</ele>
        <time>2026-05-12T21:14:09+00:00</time>
      </trkpt>
      <trkpt lat="47.43208" lon="12.37273">
        <ele>1317</ele>
        <time>2026-05-12T21:14:12+00:00</time>
      </trkpt>
      <trkpt lat="47.43208" lon="12.37265">
        <ele>1319</ele>
        <time>2026-05-12T21:14:15+00:00</time>
      </trkpt>
      <trkpt lat="47.43209" lon="12.37254">
        <ele>1321</ele>
        <time>2026-05-12T21:14:18+00:00</time>
      </trkpt>
      <trkpt lat="47.43211" lon="12.37247">
        <ele>1319</ele>
        <time>2026-05-12T21:14:21+00:00</time>
      </trkpt>
      <trkpt lat="47.43214" lon="12.3724">
        <ele>1321</ele>
        <time>2026-05-12T21:14:24+00:00</time>
      </trkpt>
      <trkpt lat="47.43219" lon="12.37233">
        <ele>1321</ele>
        <time>2026-05-12T21:14:27+00:00</time>
      </trkpt>
      <trkpt lat="47.43225" lon="12.37227">
        <ele>1319</ele>
        <time>2026-05-12T21:14:30+00:00</time>
      </trkpt>
      <trkpt lat="47.43231" lon="12.37223">
        <ele>1315</ele>
        <time>2026-05-12T21:14:33+00:00</time>
      </trkpt>
      <trkpt lat="47.43234" lon="12.37219">
        <ele>1317</ele>
        <time>2026-05-12T21:14:36+00:00</time>
      </trkpt>
      <trkpt lat="47.4324" lon="12.37213">
        <ele>1317</ele>
        <time>2026-05-12T21:14:39+00:00</time>
      </trkpt>
      <trkpt lat="47.43241" lon="12.37206">
        <ele>1318</ele>
        <time>2026-05-12T21:14:42+00:00</time>
      </trkpt>
      <trkpt lat="47.43244" lon="12.37196">
        <ele>1318</ele>
        <time>2026-05-12T21:14:45+00:00</time>
      </trkpt>
      <trkpt lat="47.43245" lon="12.37189">
        <ele>1320</ele>
        <time>2026-05-12T21:14:48+00:00</time>
      </trkpt>
      <trkpt lat="47.43248" lon="12.37182">
        <ele>1320</ele>
        <time>2026-05-12T21:14:51+00:00</time>
      </trkpt>
      <trkpt lat="47.43251" lon="12.37173">
        <ele>1318</ele>
        <time>2026-05-12T21:14:54+00:00</time>
      </trkpt>
      <trkpt lat="47.43253" lon="12.37167">
        <ele>1320</ele>
        <time>2026-05-12T21:14:57+00:00</time>
      </trkpt>
      <trkpt lat="47.43255" lon="12.37159">
        <ele>1322</ele>
        <time>2026-05-12T21:15:00+00:00</time>
      </trkpt>
      <trkpt lat="47.43257" lon="12.3715">
        <ele>1322</ele>
        <time>2026-05-12T21:15:03+00:00</time>
      </trkpt>
      <trkpt lat="47.43259" lon="12.37142">
        <ele>1324</ele>
        <time>2026-05-12T21:15:06+00:00</time>
      </trkpt>
      <trkpt lat="47.43258" lon="12.37135">
        <ele>1326</ele>
        <time>2026-05-12T21:15:09+00:00</time>
      </trkpt>
      <trkpt lat="47.43255" lon="12.37132">
        <ele>1326</ele>
        <time>2026-05-12T21:15:12+00:00</time>
      </trkpt>
      <trkpt lat="47.4325" lon="12.37134">
        <ele>1326</ele>
        <time>2026-05-12T21:15:15+00:00</time>
      </trkpt>
      <trkpt lat="47.43246" lon="12.37141">
        <ele>1327</ele>
        <time>2026-05-12T21:15:18+00:00</time>
      </trkpt>
      <trkpt lat="47.43243" lon="12.37146">
        <ele>1327</ele>
        <time>2026-05-12T21:15:21+00:00</time>
      </trkpt>
      <trkpt lat="47.43239" lon="12.37153">
        <ele>1329</ele>
        <time>2026-05-12T21:15:24+00:00</time>
      </trkpt>
      <trkpt lat="47.43236" lon="12.37159">
        <ele>1329</ele>
        <time>2026-05-12T21:15:27+00:00</time>
      </trkpt>
      <trkpt lat="47.4323" lon="12.37166">
        <ele>1331</ele>
        <time>2026-05-12T21:15:30+00:00</time>
      </trkpt>
      <trkpt lat="47.43225" lon="12.37172">
        <ele>1329</ele>
        <time>2026-05-12T21:15:33+00:00</time>
      </trkpt>
      <trkpt lat="47.43219" lon="12.37175">
        <ele>1332</ele>
        <time>2026-05-12T21:15:36+00:00</time>
      </trkpt>
      <trkpt lat="47.43209" lon="12.37177">
        <ele>1336</ele>
        <time>2026-05-12T21:15:39+00:00</time>
      </trkpt>
      <trkpt lat="47.43201" lon="12.37179">
        <ele>1336</ele>
        <time>2026-05-12T21:15:42+00:00</time>
      </trkpt>
      <trkpt lat="47.43196" lon="12.3718">
        <ele>1338</ele>
        <time>2026-05-12T21:15:45+00:00</time>
      </trkpt>
      <trkpt lat="47.43192" lon="12.37182">
        <ele>1338</ele>
        <time>2026-05-12T21:15:48+00:00</time>
      </trkpt>
      <trkpt lat="47.43186" lon="12.37185">
        <ele>1341</ele>
        <time>2026-05-12T21:15:51+00:00</time>
      </trkpt>
      <trkpt lat="47.43178" lon="12.37191">
        <ele>1343</ele>
        <time>2026-05-12T21:15:54+00:00</time>
      </trkpt>
      <trkpt lat="47.43174" lon="12.37193">
        <ele>1343</ele>
        <time>2026-05-12T21:15:57+00:00</time>
      </trkpt>
      <trkpt lat="47.4317" lon="12.37199">
        <ele>1343</ele>
        <time>2026-05-12T21:16:00+00:00</time>
      </trkpt>
      <trkpt lat="47.43165" lon="12.37206">
        <ele>1345</ele>
        <time>2026-05-12T21:16:03+00:00</time>
      </trkpt>
      <trkpt lat="47.43162" lon="12.37212">
        <ele>1343</ele>
        <time>2026-05-12T21:16:06+00:00</time>
      </trkpt>
      <trkpt lat="47.43156" lon="12.3722">
        <ele>1347</ele>
        <time>2026-05-12T21:16:09+00:00</time>
      </trkpt>
      <trkpt lat="47.43152" lon="12.37226">
        <ele>1345</ele>
        <time>2026-05-12T21:16:12+00:00</time>
      </trkpt>
      <trkpt lat="47.43148" lon="12.37231">
        <ele>1348</ele>
        <time>2026-05-12T21:16:15+00:00</time>
      </trkpt>
      <trkpt lat="47.43143" lon="12.37238">
        <ele>1348</ele>
        <time>2026-05-12T21:16:18+00:00</time>
      </trkpt>
      <trkpt lat="47.43135" lon="12.37249">
        <ele>1351</ele>
        <time>2026-05-12T21:16:21+00:00</time>
      </trkpt>
      <trkpt lat="47.43132" lon="12.37254">
        <ele>1349</ele>
        <time>2026-05-12T21:16:24+00:00</time>
      </trkpt>
      <trkpt lat="47.43129" lon="12.3726">
        <ele>1353</ele>
        <time>2026-05-12T21:16:27+00:00</time>
      </trkpt>
      <trkpt lat="47.43124" lon="12.37268">
        <ele>1353</ele>
        <time>2026-05-12T21:16:30+00:00</time>
      </trkpt>
      <trkpt lat="47.4312" lon="12.37273">
        <ele>1351</ele>
        <time>2026-05-12T21:16:33+00:00</time>
      </trkpt>
      <trkpt lat="47.43117" lon="12.37278">
        <ele>1357</ele>
        <time>2026-05-12T21:16:36+00:00</time>
      </trkpt>
      <trkpt lat="47.43112" lon="12.37285">
        <ele>1354</ele>
        <time>2026-05-12T21:16:39+00:00</time>
      </trkpt>
      <trkpt lat="47.43107" lon="12.37287">
        <ele>1360</ele>
        <time>2026-05-12T21:16:42+00:00</time>
      </trkpt>
      <trkpt lat="47.43103" lon="12.37288">
        <ele>1360</ele>
        <time>2026-05-12T21:16:45+00:00</time>
      </trkpt>
      <trkpt lat="47.431" lon="12.37286">
        <ele>1360</ele>
        <time>2026-05-12T21:16:48+00:00</time>
      </trkpt>
      <trkpt lat="47.431" lon="12.37283">
        <ele>1365</ele>
        <time>2026-05-12T21:16:51+00:00</time>
      </trkpt>
      <trkpt lat="47.43102" lon="12.37271">
        <ele>1362</ele>
        <time>2026-05-12T21:16:54+00:00</time>
      </trkpt>
      <trkpt lat="47.43104" lon="12.37265">
        <ele>1361</ele>
        <time>2026-05-12T21:16:57+00:00</time>
      </trkpt>
      <trkpt lat="47.43107" lon="12.37257">
        <ele>1365</ele>
        <time>2026-05-12T21:17:00+00:00</time>
      </trkpt>
      <trkpt lat="47.43109" lon="12.3725">
        <ele>1367</ele>
        <time>2026-05-12T21:17:03+00:00</time>
      </trkpt>
      <trkpt lat="47.43112" lon="12.37242">
        <ele>1362</ele>
        <time>2026-05-12T21:17:06+00:00</time>
      </trkpt>
      <trkpt lat="47.43115" lon="12.37236">
        <ele>1363</ele>
        <time>2026-05-12T21:17:09+00:00</time>
      </trkpt>
      <trkpt lat="47.43116" lon="12.37224">
        <ele>1365</ele>
        <time>2026-05-12T21:17:12+00:00</time>
      </trkpt>
      <trkpt lat="47.43118" lon="12.37214">
        <ele>1366</ele>
        <time>2026-05-12T21:17:15+00:00</time>
      </trkpt>
      <trkpt lat="47.43119" lon="12.37205">
        <ele>1365</ele>
        <time>2026-05-12T21:17:18+00:00</time>
      </trkpt>
      <trkpt lat="47.4312" lon="12.37196">
        <ele>1364</ele>
        <time>2026-05-12T21:17:21+00:00</time>
      </trkpt>
      <trkpt lat="47.43121" lon="12.37188">
        <ele>1366</ele>
        <time>2026-05-12T21:17:24+00:00</time>
      </trkpt>
      <trkpt lat="47.43121" lon="12.37181">
        <ele>1366</ele>
        <time>2026-05-12T21:17:27+00:00</time>
      </trkpt>
      <trkpt lat="47.43121" lon="12.37174">
        <ele>1367</ele>
        <time>2026-05-12T21:17:30+00:00</time>
      </trkpt>
      <trkpt lat="47.43122" lon="12.37166">
        <ele>1368</ele>
        <time>2026-05-12T21:17:33+00:00</time>
      </trkpt>
      <trkpt lat="47.43124" lon="12.37157">
        <ele>1369</ele>
        <time>2026-05-12T21:17:36+00:00</time>
      </trkpt>
      <trkpt lat="47.43126" lon="12.37148">
        <ele>1371</ele>
        <time>2026-05-12T21:17:39+00:00</time>
      </trkpt>
      <trkpt lat="47.43128" lon="12.37142">
        <ele>1368</ele>
        <time>2026-05-12T21:17:42+00:00</time>
      </trkpt>
      <trkpt lat="47.43129" lon="12.37135">
        <ele>1372</ele>
        <time>2026-05-12T21:17:45+00:00</time>
      </trkpt>
      <trkpt lat="47.43131" lon="12.37126">
        <ele>1368</ele>
        <time>2026-05-12T21:17:48+00:00</time>
      </trkpt>
      <trkpt lat="47.43131" lon="12.37119">
        <ele>1369</ele>
        <time>2026-05-12T21:17:51+00:00</time>
      </trkpt>
      <trkpt lat="47.43133" lon="12.3711">
        <ele>1370</ele>
        <time>2026-05-12T21:17:54+00:00</time>
      </trkpt>
      <trkpt lat="47.43134" lon="12.371">
        <ele>1370</ele>
        <time>2026-05-12T21:17:57+00:00</time>
      </trkpt>
      <trkpt lat="47.43135" lon="12.3709">
        <ele>1371</ele>
        <time>2026-05-12T21:18:00+00:00</time>
      </trkpt>
      <trkpt lat="47.43136" lon="12.37083">
        <ele>1371</ele>
        <time>2026-05-12T21:18:03+00:00</time>
      </trkpt>
      <trkpt lat="47.43138" lon="12.37072">
        <ele>1372</ele>
        <time>2026-05-12T21:18:06+00:00</time>
      </trkpt>
      <trkpt lat="47.43139" lon="12.37063">
        <ele>1373</ele>
        <time>2026-05-12T21:18:09+00:00</time>
      </trkpt>
      <trkpt lat="47.4314" lon="12.37055">
        <ele>1373</ele>
        <time>2026-05-12T21:18:12+00:00</time>
      </trkpt>
      <trkpt lat="47.43139" lon="12.37048">
        <ele>1373</ele>
        <time>2026-05-12T21:18:15+00:00</time>
      </trkpt>
      <trkpt lat="47.43138" lon="12.37042">
        <ele>1373</ele>
        <time>2026-05-12T21:18:18+00:00</time>
      </trkpt>
      <trkpt lat="47.43135" lon="12.37035">
        <ele>1373</ele>
        <time>2026-05-12T21:18:21+00:00</time>
      </trkpt>
      <trkpt lat="47.43133" lon="12.37027">
        <ele>1373</ele>
        <time>2026-05-12T21:18:24+00:00</time>
      </trkpt>
      <trkpt lat="47.4313" lon="12.37018">
        <ele>1374</ele>
        <time>2026-05-12T21:18:27+00:00</time>
      </trkpt>
      <trkpt lat="47.43129" lon="12.37011">
        <ele>1376</ele>
        <time>2026-05-12T21:18:30+00:00</time>
      </trkpt>
      <trkpt lat="47.43127" lon="12.37003">
        <ele>1376</ele>
        <time>2026-05-12T21:18:33+00:00</time>
      </trkpt>
      <trkpt lat="47.43126" lon="12.36997">
        <ele>1373</ele>
        <time>2026-05-12T21:18:36+00:00</time>
      </trkpt>
      <trkpt lat="47.43124" lon="12.36989">
        <ele>1375</ele>
        <time>2026-05-12T21:18:39+00:00</time>
      </trkpt>
      <trkpt lat="47.43123" lon="12.36985">
        <ele>1375</ele>
        <time>2026-05-12T21:18:42+00:00</time>
      </trkpt>
      <trkpt lat="47.43122" lon="12.36979">
        <ele>1374</ele>
        <time>2026-05-12T21:18:45+00:00</time>
      </trkpt>
      <trkpt lat="47.43121" lon="12.36968">
        <ele>1373</ele>
        <time>2026-05-12T21:18:48+00:00</time>
      </trkpt>
      <trkpt lat="47.43116" lon="12.36967">
        <ele>1375</ele>
        <time>2026-05-12T21:18:51+00:00</time>
      </trkpt>
      <trkpt lat="47.4311" lon="12.36963">
        <ele>1377</ele>
        <time>2026-05-12T21:18:54+00:00</time>
      </trkpt>
      <trkpt lat="47.43104" lon="12.36957">
        <ele>1375</ele>
        <time>2026-05-12T21:18:57+00:00</time>
      </trkpt>
      <trkpt lat="47.43099" lon="12.3695">
        <ele>1376</ele>
        <time>2026-05-12T21:19:00+00:00</time>
      </trkpt>
      <trkpt lat="47.43096" lon="12.36945">
        <ele>1376</ele>
        <time>2026-05-12T21:19:03+00:00</time>
      </trkpt>
      <trkpt lat="47.43092" lon="12.3694">
        <ele>1376</ele>
        <time>2026-05-12T21:19:06+00:00</time>
      </trkpt>
      <trkpt lat="47.43088" lon="12.36935">
        <ele>1375</ele>
        <time>2026-05-12T21:19:09+00:00</time>
      </trkpt>
      <trkpt lat="47.43085" lon="12.36932">
        <ele>1376</ele>
        <time>2026-05-12T21:19:12+00:00</time>
      </trkpt>
      <trkpt lat="47.43081" lon="12.36926">
        <ele>1375</ele>
        <time>2026-05-12T21:19:15+00:00</time>
      </trkpt>
      <trkpt lat="47.43078" lon="12.36921">
        <ele>1377</ele>
        <time>2026-05-12T21:19:18+00:00</time>
      </trkpt>
      <trkpt lat="47.43072" lon="12.36914">
        <ele>1375</ele>
        <time>2026-05-12T21:19:21+00:00</time>
      </trkpt>
      <trkpt lat="47.43069" lon="12.36909">
        <ele>1378</ele>
        <time>2026-05-12T21:19:24+00:00</time>
      </trkpt>
      <trkpt lat="47.43065" lon="12.36904">
        <ele>1378</ele>
        <time>2026-05-12T21:19:27+00:00</time>
      </trkpt>
      <trkpt lat="47.4306" lon="12.369">
        <ele>1376</ele>
        <time>2026-05-12T21:19:30+00:00</time>
      </trkpt>
      <trkpt lat="47.43058" lon="12.36895">
        <ele>1381</ele>
        <time>2026-05-12T21:19:33+00:00</time>
      </trkpt>
      <trkpt lat="47.43053" lon="12.36887">
        <ele>1379</ele>
        <time>2026-05-12T21:19:36+00:00</time>
      </trkpt>
      <trkpt lat="47.4305" lon="12.36884">
        <ele>1384</ele>
        <time>2026-05-12T21:19:39+00:00</time>
      </trkpt>
      <trkpt lat="47.43046" lon="12.36878">
        <ele>1382</ele>
        <time>2026-05-12T21:19:42+00:00</time>
      </trkpt>
      <trkpt lat="47.43042" lon="12.36872">
        <ele>1382</ele>
        <time>2026-05-12T21:19:45+00:00</time>
      </trkpt>
      <trkpt lat="47.43038" lon="12.36865">
        <ele>1384</ele>
        <time>2026-05-12T21:19:48+00:00</time>
      </trkpt>
      <trkpt lat="47.43033" lon="12.3686">
        <ele>1384</ele>
        <time>2026-05-12T21:19:51+00:00</time>
      </trkpt>
      <trkpt lat="47.43029" lon="12.36855">
        <ele>1386</ele>
        <time>2026-05-12T21:19:54+00:00</time>
      </trkpt>
      <trkpt lat="47.43026" lon="12.36847">
        <ele>1385</ele>
        <time>2026-05-12T21:19:57+00:00</time>
      </trkpt>
      <trkpt lat="47.4302" lon="12.36838">
        <ele>1387</ele>
        <time>2026-05-12T21:20:00+00:00</time>
      </trkpt>
      <trkpt lat="47.43015" lon="12.36831">
        <ele>1387</ele>
        <time>2026-05-12T21:20:03+00:00</time>
      </trkpt>
      <trkpt lat="47.4301" lon="12.36822">
        <ele>1391</ele>
        <time>2026-05-12T21:20:06+00:00</time>
      </trkpt>
      <trkpt lat="47.43007" lon="12.36815">
        <ele>1389</ele>
        <time>2026-05-12T21:20:09+00:00</time>
      </trkpt>
      <trkpt lat="47.43" lon="12.36804">
        <ele>1387</ele>
        <time>2026-05-12T21:20:12+00:00</time>
      </trkpt>
      <trkpt lat="47.42996" lon="12.36798">
        <ele>1392</ele>
        <time>2026-05-12T21:20:15+00:00</time>
      </trkpt>
      <trkpt lat="47.42994" lon="12.36794">
        <ele>1392</ele>
        <time>2026-05-12T21:20:18+00:00</time>
      </trkpt>
      <trkpt lat="47.42991" lon="12.36789">
        <ele>1390</ele>
        <time>2026-05-12T21:20:21+00:00</time>
      </trkpt>
      <trkpt lat="47.42989" lon="12.36785">
        <ele>1397</ele>
        <time>2026-05-12T21:20:24+00:00</time>
      </trkpt>
      <trkpt lat="47.42986" lon="12.36776">
        <ele>1395</ele>
        <time>2026-05-12T21:20:27+00:00</time>
      </trkpt>
      <trkpt lat="47.42984" lon="12.36772">
        <ele>1395</ele>
        <time>2026-05-12T21:20:30+00:00</time>
      </trkpt>
      <trkpt lat="47.42979" lon="12.36761">
        <ele>1401</ele>
        <time>2026-05-12T21:20:33+00:00</time>
      </trkpt>
      <trkpt lat="47.42977" lon="12.36756">
        <ele>1399</ele>
        <time>2026-05-12T21:20:36+00:00</time>
      </trkpt>
      <trkpt lat="47.42975" lon="12.36752">
        <ele>1399</ele>
        <time>2026-05-12T21:20:39+00:00</time>
      </trkpt>
      <trkpt lat="47.42973" lon="12.36749">
        <ele>1397</ele>
        <time>2026-05-12T21:20:42+00:00</time>
      </trkpt>
      <trkpt lat="47.42971" lon="12.36743">
        <ele>1397</ele>
        <time>2026-05-12T21:20:45+00:00</time>
      </trkpt>
      <trkpt lat="47.42967" lon="12.36739">
        <ele>1402</ele>
        <time>2026-05-12T21:20:48+00:00</time>
      </trkpt>
      <trkpt lat="47.42964" lon="12.36734">
        <ele>1402</ele>
        <time>2026-05-12T21:20:51+00:00</time>
      </trkpt>
      <trkpt lat="47.4296" lon="12.36729">
        <ele>1407</ele>
        <time>2026-05-12T21:20:54+00:00</time>
      </trkpt>
      <trkpt lat="47.42957" lon="12.36725">
        <ele>1407</ele>
        <time>2026-05-12T21:20:57+00:00</time>
      </trkpt>
      <trkpt lat="47.42954" lon="12.36721">
        <ele>1407</ele>
        <time>2026-05-12T21:21:00+00:00</time>
      </trkpt>
      <trkpt lat="47.42949" lon="12.36717">
        <ele>1413</ele>
        <time>2026-05-12T21:21:03+00:00</time>
      </trkpt>
      <trkpt lat="47.42944" lon="12.36715">
        <ele>1413</ele>
        <time>2026-05-12T21:21:06+00:00</time>
      </trkpt>
      <trkpt lat="47.4294" lon="12.36714">
        <ele>1419</ele>
        <time>2026-05-12T21:21:09+00:00</time>
      </trkpt>
      <trkpt lat="47.42934" lon="12.36712">
        <ele>1419</ele>
        <time>2026-05-12T21:21:12+00:00</time>
      </trkpt>
      <trkpt lat="47.42931" lon="12.36713">
        <ele>1419</ele>
        <time>2026-05-12T21:21:15+00:00</time>
      </trkpt>
      <trkpt lat="47.42927" lon="12.36713">
        <ele>1425</ele>
        <time>2026-05-12T21:21:18+00:00</time>
      </trkpt>
      <trkpt lat="47.42923" lon="12.36714">
        <ele>1425</ele>
        <time>2026-05-12T21:21:21+00:00</time>
      </trkpt>
      <trkpt lat="47.42917" lon="12.36715">
        <ele>1431</ele>
        <time>2026-05-12T21:21:24+00:00</time>
      </trkpt>
      <trkpt lat="47.42913" lon="12.36715">
        <ele>1431</ele>
        <time>2026-05-12T21:21:27+00:00</time>
      </trkpt>
      <trkpt lat="47.42909" lon="12.36716">
        <ele>1437</ele>
        <time>2026-05-12T21:21:30+00:00</time>
      </trkpt>
      <trkpt lat="47.42911" lon="12.36724">
        <ele>1432</ele>
        <time>2026-05-12T21:21:33+00:00</time>
      </trkpt>
      <trkpt lat="47.42913" lon="12.3673">
        <ele>1432</ele>
        <time>2026-05-12T21:21:36+00:00</time>
      </trkpt>
      <trkpt lat="47.42915" lon="12.36737">
        <ele>1434</ele>
        <time>2026-05-12T21:21:39+00:00</time>
      </trkpt>
      <trkpt lat="47.42918" lon="12.36746">
        <ele>1436</ele>
        <time>2026-05-12T21:21:42+00:00</time>
      </trkpt>
      <trkpt lat="47.4292" lon="12.36752">
        <ele>1433</ele>
        <time>2026-05-12T21:21:45+00:00</time>
      </trkpt>
      <trkpt lat="47.42922" lon="12.36757">
        <ele>1431</ele>
        <time>2026-05-12T21:21:48+00:00</time>
      </trkpt>
      <trkpt lat="47.42925" lon="12.36763">
        <ele>1433</ele>
        <time>2026-05-12T21:21:51+00:00</time>
      </trkpt>
      <trkpt lat="47.42926" lon="12.36769">
        <ele>1433</ele>
        <time>2026-05-12T21:21:54+00:00</time>
      </trkpt>
      <trkpt lat="47.42928" lon="12.36774">
        <ele>1435</ele>
        <time>2026-05-12T21:21:57+00:00</time>
      </trkpt>
      <trkpt lat="47.42929" lon="12.36779">
        <ele>1435</ele>
        <time>2026-05-12T21:22:00+00:00</time>
      </trkpt>
      <trkpt lat="47.42929" lon="12.36785">
        <ele>1437</ele>
        <time>2026-05-12T21:22:03+00:00</time>
      </trkpt>
      <trkpt lat="47.42931" lon="12.36794">
        <ele>1432</ele>
        <time>2026-05-12T21:22:06+00:00</time>
      </trkpt>
      <trkpt lat="47.42933" lon="12.368">
        <ele>1432</ele>
        <time>2026-05-12T21:22:09+00:00</time>
      </trkpt>
      <trkpt lat="47.42932" lon="12.36803">
        <ele>1434</ele>
        <time>2026-05-12T21:22:12+00:00</time>
      </trkpt>
      <trkpt lat="47.42929" lon="12.36799">
        <ele>1439</ele>
        <time>2026-05-12T21:22:15+00:00</time>
      </trkpt>
      <trkpt lat="47.42924" lon="12.36794">
        <ele>1439</ele>
        <time>2026-05-12T21:22:18+00:00</time>
      </trkpt>
      <trkpt lat="47.42919" lon="12.36791">
        <ele>1445</ele>
        <time>2026-05-12T21:22:21+00:00</time>
      </trkpt>
      <trkpt lat="47.42919" lon="12.36794">
        <ele>1445</ele>
        <time>2026-05-12T21:22:24+00:00</time>
      </trkpt>
      <trkpt lat="47.42922" lon="12.36801">
        <ele>1441</ele>
        <time>2026-05-12T21:22:27+00:00</time>
      </trkpt>
      <trkpt lat="47.42923" lon="12.36809">
        <ele>1441</ele>
        <time>2026-05-12T21:22:30+00:00</time>
      </trkpt>
      <trkpt lat="47.42924" lon="12.36814">
        <ele>1443</ele>
        <time>2026-05-12T21:22:33+00:00</time>
      </trkpt>
      <trkpt lat="47.4292" lon="12.36812">
        <ele>1449</ele>
        <time>2026-05-12T21:22:36+00:00</time>
      </trkpt>
      <trkpt lat="47.42914" lon="12.36808">
        <ele>1447</ele>
        <time>2026-05-12T21:22:39+00:00</time>
      </trkpt>
      <trkpt lat="47.4291" lon="12.36806">
        <ele>1447</ele>
        <time>2026-05-12T21:22:42+00:00</time>
      </trkpt>
      <trkpt lat="47.42905" lon="12.36804">
        <ele>1453</ele>
        <time>2026-05-12T21:22:45+00:00</time>
      </trkpt>
      <trkpt lat="47.42906" lon="12.36809">
        <ele>1453</ele>
        <time>2026-05-12T21:22:48+00:00</time>
      </trkpt>
      <trkpt lat="47.42907" lon="12.36819">
        <ele>1455</ele>
        <time>2026-05-12T21:22:51+00:00</time>
      </trkpt>
      <trkpt lat="47.42909" lon="12.36826">
        <ele>1457</ele>
        <time>2026-05-12T21:22:54+00:00</time>
      </trkpt>
      <trkpt lat="47.42911" lon="12.36831">
        <ele>1453</ele>
        <time>2026-05-12T21:22:57+00:00</time>
      </trkpt>
      <trkpt lat="47.42914" lon="12.36835">
        <ele>1453</ele>
        <time>2026-05-12T21:23:00+00:00</time>
      </trkpt>
      <trkpt lat="47.42914" lon="12.36842">
        <ele>1455</ele>
        <time>2026-05-12T21:23:03+00:00</time>
      </trkpt>
      <trkpt lat="47.42913" lon="12.36844">
        <ele>1455</ele>
        <time>2026-05-12T21:23:06+00:00</time>
      </trkpt>
      <trkpt lat="47.42907" lon="12.36842">
        <ele>1461</ele>
        <time>2026-05-12T21:23:09+00:00</time>
      </trkpt>
      <trkpt lat="47.42903" lon="12.3684">
        <ele>1459</ele>
        <time>2026-05-12T21:23:12+00:00</time>
      </trkpt>
      <trkpt lat="47.42903" lon="12.36845">
        <ele>1461</ele>
        <time>2026-05-12T21:23:15+00:00</time>
      </trkpt>
      <trkpt lat="47.42903" lon="12.36854">
        <ele>1463</ele>
        <time>2026-05-12T21:23:18+00:00</time>
      </trkpt>
      <trkpt lat="47.42902" lon="12.36865">
        <ele>1465</ele>
        <time>2026-05-12T21:23:21+00:00</time>
      </trkpt>
      <trkpt lat="47.42899" lon="12.36868">
        <ele>1472</ele>
        <time>2026-05-12T21:23:24+00:00</time>
      </trkpt>
      <trkpt lat="47.42896" lon="12.36859">
        <ele>1470</ele>
        <time>2026-05-12T21:23:27+00:00</time>
      </trkpt>
      <trkpt lat="47.42895" lon="12.36856">
        <ele>1470</ele>
        <time>2026-05-12T21:23:30+00:00</time>
      </trkpt>
      <trkpt lat="47.42891" lon="12.3685">
        <ele>1470</ele>
        <time>2026-05-12T21:23:33+00:00</time>
      </trkpt>
      <trkpt lat="47.42888" lon="12.36846">
        <ele>1474</ele>
        <time>2026-05-12T21:23:36+00:00</time>
      </trkpt>
      <trkpt lat="47.42885" lon="12.36841">
        <ele>1474</ele>
        <time>2026-05-12T21:23:39+00:00</time>
      </trkpt>
      <trkpt lat="47.4288" lon="12.36831">
        <ele>1478</ele>
        <time>2026-05-12T21:23:42+00:00</time>
      </trkpt>
      <trkpt lat="47.42874" lon="12.36826">
        <ele>1476</ele>
        <time>2026-05-12T21:23:45+00:00</time>
      </trkpt>
      <trkpt lat="47.42869" lon="12.36823">
        <ele>1481</ele>
        <time>2026-05-12T21:23:48+00:00</time>
      </trkpt>
      <trkpt lat="47.42866" lon="12.3682">
        <ele>1479</ele>
        <time>2026-05-12T21:23:51+00:00</time>
      </trkpt>
      <trkpt lat="47.42861" lon="12.36817">
        <ele>1479</ele>
        <time>2026-05-12T21:23:54+00:00</time>
      </trkpt>
      <trkpt lat="47.4286" lon="12.36814">
        <ele>1479</ele>
        <time>2026-05-12T21:23:57+00:00</time>
      </trkpt>
      <trkpt lat="47.42858" lon="12.36814">
        <ele>1484</ele>
        <time>2026-05-12T21:24:00+00:00</time>
      </trkpt>
      <trkpt lat="47.42854" lon="12.36808">
        <ele>1482</ele>
        <time>2026-05-12T21:24:03+00:00</time>
      </trkpt>
      <trkpt lat="47.42849" lon="12.36803">
        <ele>1487</ele>
        <time>2026-05-12T21:24:06+00:00</time>
      </trkpt>
      <trkpt lat="47.42845" lon="12.36801">
        <ele>1487</ele>
        <time>2026-05-12T21:24:09+00:00</time>
      </trkpt>
      <trkpt lat="47.42843" lon="12.36799">
        <ele>1485</ele>
        <time>2026-05-12T21:24:12+00:00</time>
      </trkpt>
      <trkpt lat="47.42838" lon="12.36794">
        <ele>1490</ele>
        <time>2026-05-12T21:24:15+00:00</time>
      </trkpt>
      <trkpt lat="47.42832" lon="12.36793">
        <ele>1490</ele>
        <time>2026-05-12T21:24:18+00:00</time>
      </trkpt>
      <trkpt lat="47.42827" lon="12.36788">
        <ele>1493</ele>
        <time>2026-05-12T21:24:21+00:00</time>
      </trkpt>
      <trkpt lat="47.42823" lon="12.36783">
        <ele>1493</ele>
        <time>2026-05-12T21:24:24+00:00</time>
      </trkpt>
      <trkpt lat="47.42817" lon="12.36775">
        <ele>1497</ele>
        <time>2026-05-12T21:24:27+00:00</time>
      </trkpt>
      <trkpt lat="47.42813" lon="12.36772">
        <ele>1497</ele>
        <time>2026-05-12T21:24:30+00:00</time>
      </trkpt>
      <trkpt lat="47.4281" lon="12.36767">
        <ele>1500</ele>
        <time>2026-05-12T21:24:33+00:00</time>
      </trkpt>
      <trkpt lat="47.42804" lon="12.36765">
        <ele>1500</ele>
        <time>2026-05-12T21:24:36+00:00</time>
      </trkpt>
      <trkpt lat="47.42799" lon="12.36761">
        <ele>1505</ele>
        <time>2026-05-12T21:24:39+00:00</time>
      </trkpt>
      <trkpt lat="47.42794" lon="12.36759">
        <ele>1504</ele>
        <time>2026-05-12T21:24:42+00:00</time>
      </trkpt>
      <trkpt lat="47.42791" lon="12.36758">
        <ele>1504</ele>
        <time>2026-05-12T21:24:45+00:00</time>
      </trkpt>
      <trkpt lat="47.42788" lon="12.36759">
        <ele>1508</ele>
        <time>2026-05-12T21:24:48+00:00</time>
      </trkpt>
      <trkpt lat="47.42784" lon="12.36759">
        <ele>1508</ele>
        <time>2026-05-12T21:24:51+00:00</time>
      </trkpt>
      <trkpt lat="47.42785" lon="12.36765">
        <ele>1510</ele>
        <time>2026-05-12T21:24:54+00:00</time>
      </trkpt>
      <trkpt lat="47.42787" lon="12.3677">
        <ele>1511</ele>
        <time>2026-05-12T21:24:57+00:00</time>
      </trkpt>
      <trkpt lat="47.42788" lon="12.36776">
        <ele>1511</ele>
        <time>2026-05-12T21:25:00+00:00</time>
      </trkpt>
      <trkpt lat="47.42791" lon="12.36786">
        <ele>1508</ele>
        <time>2026-05-12T21:25:03+00:00</time>
      </trkpt>
      <trkpt lat="47.42792" lon="12.36801">
        <ele>1512</ele>
        <time>2026-05-12T21:25:06+00:00</time>
      </trkpt>
      <trkpt lat="47.42799" lon="12.36825">
        <ele>1516</ele>
        <time>2026-05-12T21:25:09+00:00</time>
      </trkpt>
      <trkpt lat="47.428" lon="12.36834">
        <ele>1513</ele>
        <time>2026-05-12T21:25:12+00:00</time>
      </trkpt>
      <trkpt lat="47.42803" lon="12.36841">
        <ele>1515</ele>
        <time>2026-05-12T21:25:15+00:00</time>
      </trkpt>
      <trkpt lat="47.42805" lon="12.36851">
        <ele>1516</ele>
        <time>2026-05-12T21:25:18+00:00</time>
      </trkpt>
      <trkpt lat="47.42807" lon="12.36857">
        <ele>1518</ele>
        <time>2026-05-12T21:25:21+00:00</time>
      </trkpt>
      <trkpt lat="47.42812" lon="12.36866">
        <ele>1515</ele>
        <time>2026-05-12T21:25:24+00:00</time>
      </trkpt>
      <trkpt lat="47.42815" lon="12.36876">
        <ele>1517</ele>
        <time>2026-05-12T21:25:27+00:00</time>
      </trkpt>
      <trkpt lat="47.42814" lon="12.36883">
        <ele>1519</ele>
        <time>2026-05-12T21:25:30+00:00</time>
      </trkpt>
      <trkpt lat="47.42813" lon="12.36894">
        <ele>1521</ele>
        <time>2026-05-12T21:25:33+00:00</time>
      </trkpt>
      <trkpt lat="47.42805" lon="12.36913">
        <ele>1530</ele>
        <time>2026-05-12T21:25:36+00:00</time>
      </trkpt>
      <trkpt lat="47.42802" lon="12.36921">
        <ele>1532</ele>
        <time>2026-05-12T21:25:39+00:00</time>
      </trkpt>
      <trkpt lat="47.42796" lon="12.36933">
        <ele>1538</ele>
        <time>2026-05-12T21:25:42+00:00</time>
      </trkpt>
      <trkpt lat="47.42791" lon="12.36939">
        <ele>1538</ele>
        <time>2026-05-12T21:25:45+00:00</time>
      </trkpt>
      <trkpt lat="47.42787" lon="12.36943">
        <ele>1543</ele>
        <time>2026-05-12T21:25:48+00:00</time>
      </trkpt>
      <trkpt lat="47.42785" lon="12.36943">
        <ele>1543</ele>
        <time>2026-05-12T21:25:51+00:00</time>
      </trkpt>
      <trkpt lat="47.42782" lon="12.36943">
        <ele>1543</ele>
        <time>2026-05-12T21:25:54+00:00</time>
      </trkpt>
      <trkpt lat="47.42779" lon="12.36941">
        <ele>1547</ele>
        <time>2026-05-12T21:25:57+00:00</time>
      </trkpt>
      <trkpt lat="47.42774" lon="12.36934">
        <ele>1541</ele>
        <time>2026-05-12T21:26:00+00:00</time>
      </trkpt>
      <trkpt lat="47.42772" lon="12.36927">
        <ele>1544</ele>
        <time>2026-05-12T21:26:03+00:00</time>
      </trkpt>
      <trkpt lat="47.42768" lon="12.36919">
        <ele>1546</ele>
        <time>2026-05-12T21:26:06+00:00</time>
      </trkpt>
      <trkpt lat="47.42766" lon="12.36907">
        <ele>1541</ele>
        <time>2026-05-12T21:26:09+00:00</time>
      </trkpt>
      <trkpt lat="47.42761" lon="12.36889">
        <ele>1540</ele>
        <time>2026-05-12T21:26:12+00:00</time>
      </trkpt>
      <trkpt lat="47.42755" lon="12.36875">
        <ele>1541</ele>
        <time>2026-05-12T21:26:15+00:00</time>
      </trkpt>
      <trkpt lat="47.42749" lon="12.36866">
        <ele>1543</ele>
        <time>2026-05-12T21:26:18+00:00</time>
      </trkpt>
      <trkpt lat="47.42744" lon="12.36862">
        <ele>1543</ele>
        <time>2026-05-12T21:26:21+00:00</time>
      </trkpt>
      <trkpt lat="47.42737" lon="12.36863">
        <ele>1547</ele>
        <time>2026-05-12T21:26:24+00:00</time>
      </trkpt>
      <trkpt lat="47.42726" lon="12.36867">
        <ele>1552</ele>
        <time>2026-05-12T21:26:27+00:00</time>
      </trkpt>
      <trkpt lat="47.42721" lon="12.36867">
        <ele>1552</ele>
        <time>2026-05-12T21:26:30+00:00</time>
      </trkpt>
      <trkpt lat="47.42716" lon="12.36865">
        <ele>1556</ele>
        <time>2026-05-12T21:26:33+00:00</time>
      </trkpt>
      <trkpt lat="47.42712" lon="12.3686">
        <ele>1556</ele>
        <time>2026-05-12T21:26:36+00:00</time>
      </trkpt>
      <trkpt lat="47.42708" lon="12.36855">
        <ele>1559</ele>
        <time>2026-05-12T21:26:39+00:00</time>
      </trkpt>
      <trkpt lat="47.42703" lon="12.3685">
        <ele>1559</ele>
        <time>2026-05-12T21:26:42+00:00</time>
      </trkpt>
      <trkpt lat="47.42698" lon="12.36846">
        <ele>1563</ele>
        <time>2026-05-12T21:26:45+00:00</time>
      </trkpt>
      <trkpt lat="47.42692" lon="12.36841">
        <ele>1563</ele>
        <time>2026-05-12T21:26:48+00:00</time>
      </trkpt>
      <trkpt lat="47.42691" lon="12.36852">
        <ele>1564</ele>
        <time>2026-05-12T21:26:51+00:00</time>
      </trkpt>
      <trkpt lat="47.42692" lon="12.36866">
        <ele>1566</ele>
        <time>2026-05-12T21:26:54+00:00</time>
      </trkpt>
      <trkpt lat="47.42695" lon="12.36877">
        <ele>1568</ele>
        <time>2026-05-12T21:26:57+00:00</time>
      </trkpt>
      <trkpt lat="47.42698" lon="12.36888">
        <ele>1569</ele>
        <time>2026-05-12T21:27:00+00:00</time>
      </trkpt>
      <trkpt lat="47.42701" lon="12.36901">
        <ele>1569</ele>
        <time>2026-05-12T21:27:03+00:00</time>
      </trkpt>
      <trkpt lat="47.42707" lon="12.36918">
        <ele>1570</ele>
        <time>2026-05-12T21:27:06+00:00</time>
      </trkpt>
      <trkpt lat="47.42712" lon="12.36936">
        <ele>1570</ele>
        <time>2026-05-12T21:27:09+00:00</time>
      </trkpt>
      <trkpt lat="47.42714" lon="12.36944">
        <ele>1572</ele>
        <time>2026-05-12T21:27:12+00:00</time>
      </trkpt>
      <trkpt lat="47.42719" lon="12.36959">
        <ele>1574</ele>
        <time>2026-05-12T21:27:15+00:00</time>
      </trkpt>
      <trkpt lat="47.42727" lon="12.36986">
        <ele>1575</ele>
        <time>2026-05-12T21:27:18+00:00</time>
      </trkpt>
      <trkpt lat="47.42732" lon="12.37">
        <ele>1575</ele>
        <time>2026-05-12T21:27:21+00:00</time>
      </trkpt>
      <trkpt lat="47.42739" lon="12.37026">
        <ele>1580</ele>
        <time>2026-05-12T21:27:24+00:00</time>
      </trkpt>
      <trkpt lat="47.42744" lon="12.37056">
        <ele>1582</ele>
        <time>2026-05-12T21:27:27+00:00</time>
      </trkpt>
      <trkpt lat="47.42745" lon="12.37067">
        <ele>1585</ele>
        <time>2026-05-12T21:27:30+00:00</time>
      </trkpt>
      <trkpt lat="47.42744" lon="12.37077">
        <ele>1587</ele>
        <time>2026-05-12T21:27:33+00:00</time>
      </trkpt>
      <trkpt lat="47.42745" lon="12.3709">
        <ele>1591</ele>
        <time>2026-05-12T21:27:36+00:00</time>
      </trkpt>
      <trkpt lat="47.42748" lon="12.37101">
        <ele>1594</ele>
        <time>2026-05-12T21:27:39+00:00</time>
      </trkpt>
      <trkpt lat="47.42751" lon="12.37109">
        <ele>1589</ele>
        <time>2026-05-12T21:27:42+00:00</time>
      </trkpt>
      <trkpt lat="47.42753" lon="12.37114">
        <ele>1592</ele>
        <time>2026-05-12T21:27:45+00:00</time>
      </trkpt>
      <trkpt lat="47.42752" lon="12.3712">
        <ele>1594</ele>
        <time>2026-05-12T21:27:48+00:00</time>
      </trkpt>
      <trkpt lat="47.4275" lon="12.37128">
        <ele>1598</ele>
        <time>2026-05-12T21:27:51+00:00</time>
      </trkpt>
      <trkpt lat="47.42746" lon="12.37142">
        <ele>1602</ele>
        <time>2026-05-12T21:27:54+00:00</time>
      </trkpt>
      <trkpt lat="47.42746" lon="12.3715">
        <ele>1602</ele>
        <time>2026-05-12T21:27:57+00:00</time>
      </trkpt>
      <trkpt lat="47.42746" lon="12.37156">
        <ele>1604</ele>
        <time>2026-05-12T21:28:00+00:00</time>
      </trkpt>
      <trkpt lat="47.42747" lon="12.37165">
        <ele>1605</ele>
        <time>2026-05-12T21:28:03+00:00</time>
      </trkpt>
      <trkpt lat="47.4275" lon="12.37174">
        <ele>1607</ele>
        <time>2026-05-12T21:28:06+00:00</time>
      </trkpt>
      <trkpt lat="47.42751" lon="12.37182">
        <ele>1605</ele>
        <time>2026-05-12T21:28:09+00:00</time>
      </trkpt>
      <trkpt lat="47.42753" lon="12.37192">
        <ele>1607</ele>
        <time>2026-05-12T21:28:12+00:00</time>
      </trkpt>
      <trkpt lat="47.42758" lon="12.37206">
        <ele>1608</ele>
        <time>2026-05-12T21:28:15+00:00</time>
      </trkpt>
      <trkpt lat="47.42761" lon="12.37216">
        <ele>1605</ele>
        <time>2026-05-12T21:28:18+00:00</time>
      </trkpt>
      <trkpt lat="47.4276" lon="12.37218">
        <ele>1605</ele>
        <time>2026-05-12T21:28:21+00:00</time>
      </trkpt>
      <trkpt lat="47.4276" lon="12.37226">
        <ele>1609</ele>
        <time>2026-05-12T21:28:24+00:00</time>
      </trkpt>
      <trkpt lat="47.42757" lon="12.37228">
        <ele>1609</ele>
        <time>2026-05-12T21:28:27+00:00</time>
      </trkpt>
      <trkpt lat="47.42751" lon="12.37226">
        <ele>1609</ele>
        <time>2026-05-12T21:28:30+00:00</time>
      </trkpt>
      <trkpt lat="47.42749" lon="12.37225">
        <ele>1613</ele>
        <time>2026-05-12T21:28:33+00:00</time>
      </trkpt>
      <trkpt lat="47.42741" lon="12.37219">
        <ele>1612</ele>
        <time>2026-05-12T21:28:36+00:00</time>
      </trkpt>
      <trkpt lat="47.42734" lon="12.37212">
        <ele>1616</ele>
        <time>2026-05-12T21:28:39+00:00</time>
      </trkpt>
      <trkpt lat="47.4273" lon="12.37208">
        <ele>1615</ele>
        <time>2026-05-12T21:28:42+00:00</time>
      </trkpt>
      <trkpt lat="47.42725" lon="12.37198">
        <ele>1618</ele>
        <time>2026-05-12T21:28:45+00:00</time>
      </trkpt>
      <trkpt lat="47.4272" lon="12.37192">
        <ele>1618</ele>
        <time>2026-05-12T21:28:48+00:00</time>
      </trkpt>
      <trkpt lat="47.42717" lon="12.37186">
        <ele>1620</ele>
        <time>2026-05-12T21:28:51+00:00</time>
      </trkpt>
      <trkpt lat="47.42712" lon="12.3718">
        <ele>1620</ele>
        <time>2026-05-12T21:28:54+00:00</time>
      </trkpt>
      <trkpt lat="47.42707" lon="12.37174">
        <ele>1622</ele>
        <time>2026-05-12T21:28:57+00:00</time>
      </trkpt>
      <trkpt lat="47.427" lon="12.37163">
        <ele>1625</ele>
        <time>2026-05-12T21:29:00+00:00</time>
      </trkpt>
      <trkpt lat="47.42693" lon="12.37161">
        <ele>1625</ele>
        <time>2026-05-12T21:29:03+00:00</time>
      </trkpt>
      <trkpt lat="47.42686" lon="12.37156">
        <ele>1628</ele>
        <time>2026-05-12T21:29:06+00:00</time>
      </trkpt>
      <trkpt lat="47.42677" lon="12.37152">
        <ele>1632</ele>
        <time>2026-05-12T21:29:09+00:00</time>
      </trkpt>
      <trkpt lat="47.42665" lon="12.37149">
        <ele>1635</ele>
        <time>2026-05-12T21:29:12+00:00</time>
      </trkpt>
      <trkpt lat="47.42658" lon="12.37149">
        <ele>1637</ele>
        <time>2026-05-12T21:29:15+00:00</time>
      </trkpt>
      <trkpt lat="47.42652" lon="12.37152">
        <ele>1638</ele>
        <time>2026-05-12T21:29:18+00:00</time>
      </trkpt>
      <trkpt lat="47.42652" lon="12.3716">
        <ele>1638</ele>
        <time>2026-05-12T21:29:21+00:00</time>
      </trkpt>
      <trkpt lat="47.4265" lon="12.37156">
        <ele>1638</ele>
        <time>2026-05-12T21:29:24+00:00</time>
      </trkpt>
      <trkpt lat="47.42649" lon="12.37146">
        <ele>1637</ele>
        <time>2026-05-12T21:29:27+00:00</time>
      </trkpt>
      <trkpt lat="47.42648" lon="12.37137">
        <ele>1639</ele>
        <time>2026-05-12T21:29:30+00:00</time>
      </trkpt>
      <trkpt lat="47.42648" lon="12.37125">
        <ele>1638</ele>
        <time>2026-05-12T21:29:33+00:00</time>
      </trkpt>
      <trkpt lat="47.42645" lon="12.37113">
        <ele>1637</ele>
        <time>2026-05-12T21:29:36+00:00</time>
      </trkpt>
      <trkpt lat="47.42643" lon="12.37088">
        <ele>1632</ele>
        <time>2026-05-12T21:29:39+00:00</time>
      </trkpt>
      <trkpt lat="47.42642" lon="12.37077">
        <ele>1631</ele>
        <time>2026-05-12T21:29:42+00:00</time>
      </trkpt>
      <trkpt lat="47.42642" lon="12.37067">
        <ele>1629</ele>
        <time>2026-05-12T21:29:45+00:00</time>
      </trkpt>
      <trkpt lat="47.4264" lon="12.37057">
        <ele>1627</ele>
        <time>2026-05-12T21:29:48+00:00</time>
      </trkpt>
      <trkpt lat="47.42637" lon="12.37047">
        <ele>1633</ele>
        <time>2026-05-12T21:29:51+00:00</time>
      </trkpt>
      <trkpt lat="47.42633" lon="12.37042">
        <ele>1629</ele>
        <time>2026-05-12T21:29:54+00:00</time>
      </trkpt>
      <trkpt lat="47.42624" lon="12.37039">
        <ele>1631</ele>
        <time>2026-05-12T21:29:57+00:00</time>
      </trkpt>
      <trkpt lat="47.42617" lon="12.37033">
        <ele>1635</ele>
        <time>2026-05-12T21:30:00+00:00</time>
      </trkpt>
      <trkpt lat="47.42605" lon="12.37031">
        <ele>1640</ele>
        <time>2026-05-12T21:30:03+00:00</time>
      </trkpt>
      <trkpt lat="47.42595" lon="12.37027">
        <ele>1641</ele>
        <time>2026-05-12T21:30:06+00:00</time>
      </trkpt>
      <trkpt lat="47.42586" lon="12.37023">
        <ele>1642</ele>
        <time>2026-05-12T21:30:09+00:00</time>
      </trkpt>
      <trkpt lat="47.42578" lon="12.37017">
        <ele>1642</ele>
        <time>2026-05-12T21:30:12+00:00</time>
      </trkpt>
      <trkpt lat="47.42563" lon="12.37007">
        <ele>1642</ele>
        <time>2026-05-12T21:30:15+00:00</time>
      </trkpt>
      <trkpt lat="47.4254" lon="12.3699">
        <ele>1645</ele>
        <time>2026-05-12T21:30:18+00:00</time>
      </trkpt>
      <trkpt lat="47.4253" lon="12.36987">
        <ele>1646</ele>
        <time>2026-05-12T21:30:21+00:00</time>
      </trkpt>
      <trkpt lat="47.4252" lon="12.36984">
        <ele>1646</ele>
        <time>2026-05-12T21:30:24+00:00</time>
      </trkpt>
      <trkpt lat="47.42511" lon="12.36979">
        <ele>1646</ele>
        <time>2026-05-12T21:30:27+00:00</time>
      </trkpt>
      <trkpt lat="47.42507" lon="12.36977">
        <ele>1647</ele>
        <time>2026-05-12T21:30:30+00:00</time>
      </trkpt>
      <trkpt lat="47.425" lon="12.36969">
        <ele>1646</ele>
        <time>2026-05-12T21:30:33+00:00</time>
      </trkpt>
      <trkpt lat="47.42492" lon="12.36955">
        <ele>1647</ele>
        <time>2026-05-12T21:30:36+00:00</time>
      </trkpt>
      <trkpt lat="47.42488" lon="12.3696">
        <ele>1649</ele>
        <time>2026-05-12T21:30:39+00:00</time>
      </trkpt>
      <trkpt lat="47.42485" lon="12.36967">
        <ele>1649</ele>
        <time>2026-05-12T21:30:42+00:00</time>
      </trkpt>
      <trkpt lat="47.4248" lon="12.36974">
        <ele>1649</ele>
        <time>2026-05-12T21:30:45+00:00</time>
      </trkpt>
      <trkpt lat="47.42476" lon="12.36968">
        <ele>1650</ele>
        <time>2026-05-12T21:30:48+00:00</time>
      </trkpt>
      <trkpt lat="47.42473" lon="12.36962">
        <ele>1650</ele>
        <time>2026-05-12T21:30:51+00:00</time>
      </trkpt>
      <trkpt lat="47.4247" lon="12.36956">
        <ele>1652</ele>
        <time>2026-05-12T21:30:54+00:00</time>
      </trkpt>
      <trkpt lat="47.42465" lon="12.36952">
        <ele>1652</ele>
        <time>2026-05-12T21:30:57+00:00</time>
      </trkpt>
      <trkpt lat="47.42456" lon="12.36938">
        <ele>1654</ele>
        <time>2026-05-12T21:31:00+00:00</time>
      </trkpt>
      <trkpt lat="47.42449" lon="12.36929">
        <ele>1655</ele>
        <time>2026-05-12T21:31:03+00:00</time>
      </trkpt>
      <trkpt lat="47.42436" lon="12.36914">
        <ele>1657</ele>
        <time>2026-05-12T21:31:06+00:00</time>
      </trkpt>
      <trkpt lat="47.42432" lon="12.3691">
        <ele>1657</ele>
        <time>2026-05-12T21:31:09+00:00</time>
      </trkpt>
      <trkpt lat="47.42428" lon="12.36907">
        <ele>1659</ele>
        <time>2026-05-12T21:31:12+00:00</time>
      </trkpt>
      <trkpt lat="47.42423" lon="12.36905">
        <ele>1659</ele>
        <time>2026-05-12T21:31:15+00:00</time>
      </trkpt>
      <trkpt lat="47.42419" lon="12.36905">
        <ele>1660</ele>
        <time>2026-05-12T21:31:18+00:00</time>
      </trkpt>
      <trkpt lat="47.42414" lon="12.36906">
        <ele>1660</ele>
        <time>2026-05-12T21:31:21+00:00</time>
      </trkpt>
      <trkpt lat="47.42408" lon="12.3691">
        <ele>1661</ele>
        <time>2026-05-12T21:31:24+00:00</time>
      </trkpt>
      <trkpt lat="47.42402" lon="12.36922">
        <ele>1660</ele>
        <time>2026-05-12T21:31:27+00:00</time>
      </trkpt>
      <trkpt lat="47.42397" lon="12.36925">
        <ele>1661</ele>
        <time>2026-05-12T21:31:30+00:00</time>
      </trkpt>
      <trkpt lat="47.42393" lon="12.36925">
        <ele>1661</ele>
        <time>2026-05-12T21:31:33+00:00</time>
      </trkpt>
      <trkpt lat="47.42389" lon="12.36922">
        <ele>1662</ele>
        <time>2026-05-12T21:31:36+00:00</time>
      </trkpt>
      <trkpt lat="47.42388" lon="12.36917">
        <ele>1663</ele>
        <time>2026-05-12T21:31:39+00:00</time>
      </trkpt>
      <trkpt lat="47.42389" lon="12.36909">
        <ele>1664</ele>
        <time>2026-05-12T21:31:42+00:00</time>
      </trkpt>
      <trkpt lat="47.42389" lon="12.36903">
        <ele>1664</ele>
        <time>2026-05-12T21:31:45+00:00</time>
      </trkpt>
      <trkpt lat="47.4239" lon="12.36897">
        <ele>1664</ele>
        <time>2026-05-12T21:31:48+00:00</time>
      </trkpt>
      <trkpt lat="47.42395" lon="12.3688">
        <ele>1665</ele>
        <time>2026-05-12T21:31:51+00:00</time>
      </trkpt>
      <trkpt lat="47.42396" lon="12.36874">
        <ele>1666</ele>
        <time>2026-05-12T21:31:54+00:00</time>
      </trkpt>
      <trkpt lat="47.42396" lon="12.36865">
        <ele>1667</ele>
        <time>2026-05-12T21:31:57+00:00</time>
      </trkpt>
      <trkpt lat="47.42395" lon="12.36855">
        <ele>1668</ele>
        <time>2026-05-12T21:32:00+00:00</time>
      </trkpt>
      <trkpt lat="47.42394" lon="12.36841">
        <ele>1669</ele>
        <time>2026-05-12T21:32:03+00:00</time>
      </trkpt>
      <trkpt lat="47.42392" lon="12.36837">
        <ele>1670</ele>
        <time>2026-05-12T21:32:06+00:00</time>
      </trkpt>
      <trkpt lat="47.42388" lon="12.36833">
        <ele>1671</ele>
        <time>2026-05-12T21:32:09+00:00</time>
      </trkpt>
      <trkpt lat="47.42381" lon="12.3683">
        <ele>1671</ele>
        <time>2026-05-12T21:32:12+00:00</time>
      </trkpt>
      <trkpt lat="47.42367" lon="12.36832">
        <ele>1672</ele>
        <time>2026-05-12T21:32:15+00:00</time>
      </trkpt>
      <trkpt lat="47.42361" lon="12.3683">
        <ele>1673</ele>
        <time>2026-05-12T21:32:18+00:00</time>
      </trkpt>
      <trkpt lat="47.42356" lon="12.36825">
        <ele>1673</ele>
        <time>2026-05-12T21:32:21+00:00</time>
      </trkpt>
      <trkpt lat="47.42353" lon="12.36821">
        <ele>1673</ele>
        <time>2026-05-12T21:32:24+00:00</time>
      </trkpt>
      <trkpt lat="47.4235" lon="12.36812">
        <ele>1675</ele>
        <time>2026-05-12T21:32:27+00:00</time>
      </trkpt>
      <trkpt lat="47.42345" lon="12.36771">
        <ele>1679</ele>
        <time>2026-05-12T21:32:30+00:00</time>
      </trkpt>
      <trkpt lat="47.42341" lon="12.36743">
        <ele>1681</ele>
        <time>2026-05-12T21:32:33+00:00</time>
      </trkpt>
      <trkpt lat="47.42344" lon="12.36726">
        <ele>1683</ele>
        <time>2026-05-12T21:32:36+00:00</time>
      </trkpt>
      <trkpt lat="47.42346" lon="12.36711">
        <ele>1684</ele>
        <time>2026-05-12T21:32:39+00:00</time>
      </trkpt>
      <trkpt lat="47.42353" lon="12.36676">
        <ele>1686</ele>
        <time>2026-05-12T21:32:42+00:00</time>
      </trkpt>
      <trkpt lat="47.42356" lon="12.36659">
        <ele>1688</ele>
        <time>2026-05-12T21:32:45+00:00</time>
      </trkpt>
      <trkpt lat="47.42355" lon="12.36637">
        <ele>1689</ele>
        <time>2026-05-12T21:32:48+00:00</time>
      </trkpt>
      <trkpt lat="47.42353" lon="12.36622">
        <ele>1690</ele>
        <time>2026-05-12T21:32:51+00:00</time>
      </trkpt>
      <trkpt lat="47.42351" lon="12.36602">
        <ele>1692</ele>
        <time>2026-05-12T21:32:54+00:00</time>
      </trkpt>
      <trkpt lat="47.42349" lon="12.36596">
        <ele>1694</ele>
        <time>2026-05-12T21:32:57+00:00</time>
      </trkpt>
      <trkpt lat="47.42347" lon="12.3659">
        <ele>1695</ele>
        <time>2026-05-12T21:33:00+00:00</time>
      </trkpt>
      <trkpt lat="47.42343" lon="12.36575">
        <ele>1696</ele>
        <time>2026-05-12T21:33:03+00:00</time>
      </trkpt>
      <trkpt lat="47.4233" lon="12.36559">
        <ele>1703</ele>
        <time>2026-05-12T21:33:06+00:00</time>
      </trkpt>
      <trkpt lat="47.42321" lon="12.36543">
        <ele>1704</ele>
        <time>2026-05-12T21:33:09+00:00</time>
      </trkpt>
      <trkpt lat="47.4231" lon="12.36526">
        <ele>1707</ele>
        <time>2026-05-12T21:33:12+00:00</time>
      </trkpt>
      <trkpt lat="47.42305" lon="12.3652">
        <ele>1704</ele>
        <time>2026-05-12T21:33:15+00:00</time>
      </trkpt>
      <trkpt lat="47.42301" lon="12.36515">
        <ele>1706</ele>
        <time>2026-05-12T21:33:18+00:00</time>
      </trkpt>
      <trkpt lat="47.42297" lon="12.36508">
        <ele>1705</ele>
        <time>2026-05-12T21:33:21+00:00</time>
      </trkpt>
      <trkpt lat="47.42282" lon="12.36489">
        <ele>1704</ele>
        <time>2026-05-12T21:33:24+00:00</time>
      </trkpt>
      <trkpt lat="47.42278" lon="12.36476">
        <ele>1704</ele>
        <time>2026-05-12T21:33:27+00:00</time>
      </trkpt>
      <trkpt lat="47.4227" lon="12.3646">
        <ele>1704</ele>
        <time>2026-05-12T21:33:30+00:00</time>
      </trkpt>
      <trkpt lat="47.42267" lon="12.36453">
        <ele>1705</ele>
        <time>2026-05-12T21:33:33+00:00</time>
      </trkpt>
      <trkpt lat="47.42264" lon="12.36446">
        <ele>1706</ele>
        <time>2026-05-12T21:33:36+00:00</time>
      </trkpt>
      <trkpt lat="47.42261" lon="12.36432">
        <ele>1706</ele>
        <time>2026-05-12T21:33:39+00:00</time>
      </trkpt>
      <trkpt lat="47.42259" lon="12.3642">
        <ele>1706</ele>
        <time>2026-05-12T21:33:42+00:00</time>
      </trkpt>
      <trkpt lat="47.42248" lon="12.364">
        <ele>1706</ele>
        <time>2026-05-12T21:33:45+00:00</time>
      </trkpt>
      <trkpt lat="47.42241" lon="12.36385">
        <ele>1706</ele>
        <time>2026-05-12T21:33:48+00:00</time>
      </trkpt>
      <trkpt lat="47.42233" lon="12.36371">
        <ele>1706</ele>
        <time>2026-05-12T21:33:51+00:00</time>
      </trkpt>
      <trkpt lat="47.42222" lon="12.36353">
        <ele>1705</ele>
        <time>2026-05-12T21:33:54+00:00</time>
      </trkpt>
      <trkpt lat="47.42217" lon="12.36344">
        <ele>1706</ele>
        <time>2026-05-12T21:33:57+00:00</time>
      </trkpt>
      <trkpt lat="47.42213" lon="12.36337">
        <ele>1706</ele>
        <time>2026-05-12T21:34:00+00:00</time>
      </trkpt>
      <trkpt lat="47.42207" lon="12.36328">
        <ele>1707</ele>
        <time>2026-05-12T21:34:03+00:00</time>
      </trkpt>
      <trkpt lat="47.42202" lon="12.36322">
        <ele>1707</ele>
        <time>2026-05-12T21:34:06+00:00</time>
      </trkpt>
      <trkpt lat="47.42198" lon="12.36317">
        <ele>1708</ele>
        <time>2026-05-12T21:34:09+00:00</time>
      </trkpt>
      <trkpt lat="47.42191" lon="12.36304">
        <ele>1709</ele>
        <time>2026-05-12T21:34:12+00:00</time>
      </trkpt>
      <trkpt lat="47.42183" lon="12.3629">
        <ele>1711</ele>
        <time>2026-05-12T21:34:15+00:00</time>
      </trkpt>
      <trkpt lat="47.42178" lon="12.36278">
        <ele>1710</ele>
        <time>2026-05-12T21:34:18+00:00</time>
      </trkpt>
      <trkpt lat="47.42174" lon="12.36264">
        <ele>1711</ele>
        <time>2026-05-12T21:34:21+00:00</time>
      </trkpt>
      <trkpt lat="47.42169" lon="12.36248">
        <ele>1711</ele>
        <time>2026-05-12T21:34:24+00:00</time>
      </trkpt>
      <trkpt lat="47.42159" lon="12.36207">
        <ele>1714</ele>
        <time>2026-05-12T21:34:27+00:00</time>
      </trkpt>
      <trkpt lat="47.42155" lon="12.36196">
        <ele>1714</ele>
        <time>2026-05-12T21:34:30+00:00</time>
      </trkpt>
      <trkpt lat="47.42152" lon="12.36181">
        <ele>1715</ele>
        <time>2026-05-12T21:34:33+00:00</time>
      </trkpt>
      <trkpt lat="47.42143" lon="12.36157">
        <ele>1717</ele>
        <time>2026-05-12T21:34:36+00:00</time>
      </trkpt>
      <trkpt lat="47.42137" lon="12.36141">
        <ele>1719</ele>
        <time>2026-05-12T21:34:39+00:00</time>
      </trkpt>
      <trkpt lat="47.42133" lon="12.3613">
        <ele>1720</ele>
        <time>2026-05-12T21:34:42+00:00</time>
      </trkpt>
      <trkpt lat="47.4213" lon="12.36122">
        <ele>1720</ele>
        <time>2026-05-12T21:34:45+00:00</time>
      </trkpt>
      <trkpt lat="47.42125" lon="12.36106">
        <ele>1723</ele>
        <time>2026-05-12T21:34:48+00:00</time>
      </trkpt>
      <trkpt lat="47.42126" lon="12.36098">
        <ele>1725</ele>
        <time>2026-05-12T21:34:51+00:00</time>
      </trkpt>
      <trkpt lat="47.42123" lon="12.36088">
        <ele>1726</ele>
        <time>2026-05-12T21:34:54+00:00</time>
      </trkpt>
      <trkpt lat="47.42121" lon="12.36076">
        <ele>1728</ele>
        <time>2026-05-12T21:34:57+00:00</time>
      </trkpt>
      <trkpt lat="47.42115" lon="12.36064">
        <ele>1731</ele>
        <time>2026-05-12T21:35:00+00:00</time>
      </trkpt>
      <trkpt lat="47.42111" lon="12.36049">
        <ele>1734</ele>
        <time>2026-05-12T21:35:03+00:00</time>
      </trkpt>
      <trkpt lat="47.4211" lon="12.36046">
        <ele>1734</ele>
        <time>2026-05-12T21:35:06+00:00</time>
      </trkpt>
      <trkpt lat="47.4211" lon="12.36042">
        <ele>1734</ele>
        <time>2026-05-12T21:35:09+00:00</time>
      </trkpt>
      <trkpt lat="47.42109" lon="12.3604">
        <ele>1736</ele>
        <time>2026-05-12T21:35:12+00:00</time>
      </trkpt>
      <trkpt lat="47.42109" lon="12.36033">
        <ele>1736</ele>
        <time>2026-05-12T21:35:15+00:00</time>
      </trkpt>
      <trkpt lat="47.42106" lon="12.36025">
        <ele>1738</ele>
        <time>2026-05-12T21:35:18+00:00</time>
      </trkpt>
      <trkpt lat="47.42102" lon="12.36007">
        <ele>1740</ele>
        <time>2026-05-12T21:35:21+00:00</time>
      </trkpt>
      <trkpt lat="47.42095" lon="12.35994">
        <ele>1743</ele>
        <time>2026-05-12T21:35:24+00:00</time>
      </trkpt>
      <trkpt lat="47.42092" lon="12.35982">
        <ele>1744</ele>
        <time>2026-05-12T21:35:27+00:00</time>
      </trkpt>
      <trkpt lat="47.42085" lon="12.35967">
        <ele>1748</ele>
        <time>2026-05-12T21:35:30+00:00</time>
      </trkpt>
      <trkpt lat="47.42083" lon="12.35962">
        <ele>1748</ele>
        <time>2026-05-12T21:35:33+00:00</time>
      </trkpt>
      <trkpt lat="47.4207" lon="12.35948">
        <ele>1751</ele>
        <time>2026-05-12T21:35:36+00:00</time>
      </trkpt>
      <trkpt lat="47.42057" lon="12.35937">
        <ele>1756</ele>
        <time>2026-05-12T21:35:39+00:00</time>
      </trkpt>
      <trkpt lat="47.42048" lon="12.3593">
        <ele>1759</ele>
        <time>2026-05-12T21:35:42+00:00</time>
      </trkpt>
      <trkpt lat="47.42035" lon="12.3592">
        <ele>1762</ele>
        <time>2026-05-12T21:35:45+00:00</time>
      </trkpt>
      <trkpt lat="47.42029" lon="12.35913">
        <ele>1764</ele>
        <time>2026-05-12T21:35:48+00:00</time>
      </trkpt>
      <trkpt lat="47.42006" lon="12.35894">
        <ele>1769</ele>
        <time>2026-05-12T21:35:51+00:00</time>
      </trkpt>
      <trkpt lat="47.42003" lon="12.35893">
        <ele>1769</ele>
        <time>2026-05-12T21:35:54+00:00</time>
      </trkpt>
      <trkpt lat="47.42002" lon="12.3589">
        <ele>1769</ele>
        <time>2026-05-12T21:35:57+00:00</time>
      </trkpt>
      <trkpt lat="47.41999" lon="12.35886">
        <ele>1770</ele>
        <time>2026-05-12T21:36:00+00:00</time>
      </trkpt>
      <trkpt lat="47.41997" lon="12.35881">
        <ele>1770</ele>
        <time>2026-05-12T21:36:03+00:00</time>
      </trkpt>
      <trkpt lat="47.41994" lon="12.35875">
        <ele>1769</ele>
        <time>2026-05-12T21:36:06+00:00</time>
      </trkpt>
      <trkpt lat="47.41988" lon="12.35867">
        <ele>1769</ele>
        <time>2026-05-12T21:36:09+00:00</time>
      </trkpt>
      <trkpt lat="47.41985" lon="12.35865">
        <ele>1769</ele>
        <time>2026-05-12T21:36:12+00:00</time>
      </trkpt>
      <trkpt lat="47.41983" lon="12.35862">
        <ele>1769</ele>
        <time>2026-05-12T21:36:15+00:00</time>
      </trkpt>
      <trkpt lat="47.41979" lon="12.35854">
        <ele>1770</ele>
        <time>2026-05-12T21:36:18+00:00</time>
      </trkpt>
      <trkpt lat="47.41975" lon="12.35848">
        <ele>1769</ele>
        <time>2026-05-12T21:36:21+00:00</time>
      </trkpt>
      <trkpt lat="47.41967" lon="12.35838">
        <ele>1768</ele>
        <time>2026-05-12T21:36:24+00:00</time>
      </trkpt>
      <trkpt lat="47.41959" lon="12.35833">
        <ele>1769</ele>
        <time>2026-05-12T21:36:27+00:00</time>
      </trkpt>
      <trkpt lat="47.41957" lon="12.35831">
        <ele>1769</ele>
        <time>2026-05-12T21:36:30+00:00</time>
      </trkpt>
      <trkpt lat="47.41951" lon="12.35824">
        <ele>1767</ele>
        <time>2026-05-12T21:36:33+00:00</time>
      </trkpt>
      <trkpt lat="47.41945" lon="12.3582">
        <ele>1765</ele>
        <time>2026-05-12T21:36:36+00:00</time>
      </trkpt>
      <trkpt lat="47.41939" lon="12.35819">
        <ele>1770</ele>
        <time>2026-05-12T21:36:39+00:00</time>
      </trkpt>
      <trkpt lat="47.41934" lon="12.35819">
        <ele>1766</ele>
        <time>2026-05-12T21:36:42+00:00</time>
      </trkpt>
      <trkpt lat="47.41928" lon="12.35818">
        <ele>1767</ele>
        <time>2026-05-12T21:36:45+00:00</time>
      </trkpt>
      <trkpt lat="47.41923" lon="12.35818">
        <ele>1767</ele>
        <time>2026-05-12T21:36:48+00:00</time>
      </trkpt>
      <trkpt lat="47.41918" lon="12.35821">
        <ele>1771</ele>
        <time>2026-05-12T21:36:51+00:00</time>
      </trkpt>
      <trkpt lat="47.41912" lon="12.35827">
        <ele>1771</ele>
        <time>2026-05-12T21:36:54+00:00</time>
      </trkpt>
      <trkpt lat="47.41905" lon="12.35837">
        <ele>1774</ele>
        <time>2026-05-12T21:36:57+00:00</time>
      </trkpt>
      <trkpt lat="47.419" lon="12.35847">
        <ele>1776</ele>
        <time>2026-05-12T21:37:00+00:00</time>
      </trkpt>
      <trkpt lat="47.41897" lon="12.35855">
        <ele>1779</ele>
        <time>2026-05-12T21:37:03+00:00</time>
      </trkpt>
      <trkpt lat="47.41894" lon="12.35858">
        <ele>1779</ele>
        <time>2026-05-12T21:37:06+00:00</time>
      </trkpt>
      <trkpt lat="47.41891" lon="12.35864">
        <ele>1781</ele>
        <time>2026-05-12T21:37:09+00:00</time>
      </trkpt>
      <trkpt lat="47.41888" lon="12.35869">
        <ele>1781</ele>
        <time>2026-05-12T21:37:12+00:00</time>
      </trkpt>
      <trkpt lat="47.41885" lon="12.35873">
        <ele>1784</ele>
        <time>2026-05-12T21:37:15+00:00</time>
      </trkpt>
      <trkpt lat="47.41881" lon="12.35878">
        <ele>1784</ele>
        <time>2026-05-12T21:37:18+00:00</time>
      </trkpt>
      <trkpt lat="47.41877" lon="12.35889">
        <ele>1786</ele>
        <time>2026-05-12T21:37:21+00:00</time>
      </trkpt>
      <trkpt lat="47.41875" lon="12.35894">
        <ele>1789</ele>
        <time>2026-05-12T21:37:24+00:00</time>
      </trkpt>
      <trkpt lat="47.41873" lon="12.35902">
        <ele>1789</ele>
        <time>2026-05-12T21:37:27+00:00</time>
      </trkpt>
      <trkpt lat="47.4186" lon="12.35905">
        <ele>1790</ele>
        <time>2026-05-12T21:37:30+00:00</time>
      </trkpt>
      <trkpt lat="47.41851" lon="12.35906">
        <ele>1790</ele>
        <time>2026-05-12T21:37:33+00:00</time>
      </trkpt>
      <trkpt lat="47.41841" lon="12.35909">
        <ele>1789</ele>
        <time>2026-05-12T21:37:36+00:00</time>
      </trkpt>
      <trkpt lat="47.4183" lon="12.35916">
        <ele>1789</ele>
        <time>2026-05-12T21:37:39+00:00</time>
      </trkpt>
      <trkpt lat="47.41821" lon="12.35913">
        <ele>1789</ele>
        <time>2026-05-12T21:37:42+00:00</time>
      </trkpt>
      <trkpt lat="47.41807" lon="12.35916">
        <ele>1786</ele>
        <time>2026-05-12T21:37:45+00:00</time>
      </trkpt>
      <trkpt lat="47.41798" lon="12.35917">
        <ele>1784</ele>
        <time>2026-05-12T21:37:48+00:00</time>
      </trkpt>
      <trkpt lat="47.4178" lon="12.35919">
        <ele>1783</ele>
        <time>2026-05-12T21:37:51+00:00</time>
      </trkpt>
      <trkpt lat="47.41777" lon="12.35914">
        <ele>1782</ele>
        <time>2026-05-12T21:37:54+00:00</time>
      </trkpt>
      <trkpt lat="47.41774" lon="12.35908">
        <ele>1782</ele>
        <time>2026-05-12T21:37:57+00:00</time>
      </trkpt>
      <trkpt lat="47.4177" lon="12.35901">
        <ele>1780</ele>
        <time>2026-05-12T21:38:00+00:00</time>
      </trkpt>
      <trkpt lat="47.41764" lon="12.35891">
        <ele>1780</ele>
        <time>2026-05-12T21:38:03+00:00</time>
      </trkpt>
      <trkpt lat="47.41759" lon="12.35883">
        <ele>1778</ele>
        <time>2026-05-12T21:38:06+00:00</time>
      </trkpt>
      <trkpt lat="47.41753" lon="12.3587">
        <ele>1777</ele>
        <time>2026-05-12T21:38:09+00:00</time>
      </trkpt>
      <trkpt lat="47.41748" lon="12.3586">
        <ele>1775</ele>
        <time>2026-05-12T21:38:12+00:00</time>
      </trkpt>
      <trkpt lat="47.41744" lon="12.35859">
        <ele>1775</ele>
        <time>2026-05-12T21:38:15+00:00</time>
      </trkpt>
      <trkpt lat="47.41736" lon="12.35857">
        <ele>1774</ele>
        <time>2026-05-12T21:38:18+00:00</time>
      </trkpt>
      <trkpt lat="47.41728" lon="12.35855">
        <ele>1774</ele>
        <time>2026-05-12T21:38:21+00:00</time>
      </trkpt>
      <trkpt lat="47.41718" lon="12.35851">
        <ele>1773</ele>
        <time>2026-05-12T21:38:24+00:00</time>
      </trkpt>
      <trkpt lat="47.41703" lon="12.35847">
        <ele>1773</ele>
        <time>2026-05-12T21:38:27+00:00</time>
      </trkpt>
      <trkpt lat="47.41688" lon="12.35843">
        <ele>1771</ele>
        <time>2026-05-12T21:38:30+00:00</time>
      </trkpt>
      <trkpt lat="47.41674" lon="12.35843">
        <ele>1771</ele>
        <time>2026-05-12T21:38:33+00:00</time>
      </trkpt>
      <trkpt lat="47.41657" lon="12.35842">
        <ele>1769</ele>
        <time>2026-05-12T21:38:36+00:00</time>
      </trkpt>
      <trkpt lat="47.41637" lon="12.35844">
        <ele>1768</ele>
        <time>2026-05-12T21:38:39+00:00</time>
      </trkpt>
      <trkpt lat="47.41621" lon="12.35855">
        <ele>1766</ele>
        <time>2026-05-12T21:38:42+00:00</time>
      </trkpt>
      <trkpt lat="47.41602" lon="12.35854">
        <ele>1764</ele>
        <time>2026-05-12T21:38:45+00:00</time>
      </trkpt>
      <trkpt lat="47.41588" lon="12.35858">
        <ele>1763</ele>
        <time>2026-05-12T21:38:48+00:00</time>
      </trkpt>
      <trkpt lat="47.41562" lon="12.35884">
        <ele>1757</ele>
        <time>2026-05-12T21:38:51+00:00</time>
      </trkpt>
      <trkpt lat="47.41545" lon="12.35895">
        <ele>1755</ele>
        <time>2026-05-12T21:38:54+00:00</time>
      </trkpt>
      <trkpt lat="47.41524" lon="12.35903">
        <ele>1752</ele>
        <time>2026-05-12T21:38:57+00:00</time>
      </trkpt>
      <trkpt lat="47.41502" lon="12.35911">
        <ele>1749</ele>
        <time>2026-05-12T21:39:00+00:00</time>
      </trkpt>
      <trkpt lat="47.41489" lon="12.35922">
        <ele>1746</ele>
        <time>2026-05-12T21:39:03+00:00</time>
      </trkpt>
      <trkpt lat="47.41478" lon="12.35937">
        <ele>1743</ele>
        <time>2026-05-12T21:39:06+00:00</time>
      </trkpt>
      <trkpt lat="47.41478" lon="12.3595">
        <ele>1741</ele>
        <time>2026-05-12T21:39:09+00:00</time>
      </trkpt>
      <trkpt lat="47.41478" lon="12.3595">
        <ele>1741</ele>
        <time>2026-05-12T21:39:12+00:00</time>
      </trkpt>
      <trkpt lat="47.41485" lon="12.35954">
        <ele>1740</ele>
        <time>2026-05-12T21:39:15+00:00</time>
      </trkpt>
      <trkpt lat="47.4149" lon="12.35952">
        <ele>1743</ele>
        <time>2026-05-12T21:39:18+00:00</time>
      </trkpt>
      <trkpt lat="47.41507" lon="12.35948">
        <ele>1744</ele>
        <time>2026-05-12T21:39:21+00:00</time>
      </trkpt>
      <trkpt lat="47.41517" lon="12.35946">
        <ele>1743</ele>
        <time>2026-05-12T21:39:24+00:00</time>
      </trkpt>
      <trkpt lat="47.41542" lon="12.35953">
        <ele>1740</ele>
        <time>2026-05-12T21:39:27+00:00</time>
      </trkpt>
      <trkpt lat="47.41561" lon="12.35957">
        <ele>1740</ele>
        <time>2026-05-12T21:39:30+00:00</time>
      </trkpt>
      <trkpt lat="47.41567" lon="12.35961">
        <ele>1737</ele>
        <time>2026-05-12T21:39:33+00:00</time>
      </trkpt>
      <trkpt lat="47.41556" lon="12.35969">
        <ele>1738</ele>
        <time>2026-05-12T21:39:36+00:00</time>
      </trkpt>
      <trkpt lat="47.41533" lon="12.35969">
        <ele>1738</ele>
        <time>2026-05-12T21:39:39+00:00</time>
      </trkpt>
      <trkpt lat="47.41523" lon="12.35977">
        <ele>1736</ele>
        <time>2026-05-12T21:39:42+00:00</time>
      </trkpt>
      <trkpt lat="47.41515" lon="12.35986">
        <ele>1734</ele>
        <time>2026-05-12T21:39:45+00:00</time>
      </trkpt>
      <trkpt lat="47.41513" lon="12.36005">
        <ele>1728</ele>
        <time>2026-05-12T21:39:48+00:00</time>
      </trkpt>
      <trkpt lat="47.41509" lon="12.36024">
        <ele>1724</ele>
        <time>2026-05-12T21:39:51+00:00</time>
      </trkpt>
      <trkpt lat="47.41497" lon="12.36035">
        <ele>1722</ele>
        <time>2026-05-12T21:39:54+00:00</time>
      </trkpt>
      <trkpt lat="47.41482" lon="12.36031">
        <ele>1725</ele>
        <time>2026-05-12T21:39:57+00:00</time>
      </trkpt>
      <trkpt lat="47.4147" lon="12.36018">
        <ele>1724</ele>
        <time>2026-05-12T21:40:00+00:00</time>
      </trkpt>
      <trkpt lat="47.41457" lon="12.35995">
        <ele>1726</ele>
        <time>2026-05-12T21:40:03+00:00</time>
      </trkpt>
      <trkpt lat="47.41444" lon="12.3597">
        <ele>1733</ele>
        <time>2026-05-12T21:40:06+00:00</time>
      </trkpt>
      <trkpt lat="47.41431" lon="12.35951">
        <ele>1734</ele>
        <time>2026-05-12T21:40:09+00:00</time>
      </trkpt>
      <trkpt lat="47.41421" lon="12.35934">
        <ele>1737</ele>
        <time>2026-05-12T21:40:12+00:00</time>
      </trkpt>
      <trkpt lat="47.41412" lon="12.35922">
        <ele>1739</ele>
        <time>2026-05-12T21:40:15+00:00</time>
      </trkpt>
      <trkpt lat="47.41399" lon="12.35919">
        <ele>1736</ele>
        <time>2026-05-12T21:40:18+00:00</time>
      </trkpt>
      <trkpt lat="47.41382" lon="12.35923">
        <ele>1737</ele>
        <time>2026-05-12T21:40:21+00:00</time>
      </trkpt>
      <trkpt lat="47.41364" lon="12.35923">
        <ele>1737</ele>
        <time>2026-05-12T21:40:24+00:00</time>
      </trkpt>
      <trkpt lat="47.41353" lon="12.35918">
        <ele>1738</ele>
        <time>2026-05-12T21:40:27+00:00</time>
      </trkpt>
      <trkpt lat="47.41331" lon="12.3592">
        <ele>1736</ele>
        <time>2026-05-12T21:40:30+00:00</time>
      </trkpt>
      <trkpt lat="47.41311" lon="12.35925">
        <ele>1735</ele>
        <time>2026-05-12T21:40:33+00:00</time>
      </trkpt>
      <trkpt lat="47.41288" lon="12.35933">
        <ele>1732</ele>
        <time>2026-05-12T21:40:36+00:00</time>
      </trkpt>
      <trkpt lat="47.41261" lon="12.35936">
        <ele>1731</ele>
        <time>2026-05-12T21:40:39+00:00</time>
      </trkpt>
      <trkpt lat="47.41239" lon="12.35946">
        <ele>1725</ele>
        <time>2026-05-12T21:40:42+00:00</time>
      </trkpt>
      <trkpt lat="47.41216" lon="12.35951">
        <ele>1719</ele>
        <time>2026-05-12T21:40:45+00:00</time>
      </trkpt>
      <trkpt lat="47.41197" lon="12.35943">
        <ele>1718</ele>
        <time>2026-05-12T21:40:48+00:00</time>
      </trkpt>
      <trkpt lat="47.41178" lon="12.35936">
        <ele>1717</ele>
        <time>2026-05-12T21:40:51+00:00</time>
      </trkpt>
      <trkpt lat="47.41159" lon="12.35928">
        <ele>1716</ele>
        <time>2026-05-12T21:40:54+00:00</time>
      </trkpt>
      <trkpt lat="47.41141" lon="12.3592">
        <ele>1712</ele>
        <time>2026-05-12T21:40:57+00:00</time>
      </trkpt>
      <trkpt lat="47.41124" lon="12.35905">
        <ele>1709</ele>
        <time>2026-05-12T21:41:00+00:00</time>
      </trkpt>
      <trkpt lat="47.41112" lon="12.35886">
        <ele>1709</ele>
        <time>2026-05-12T21:41:03+00:00</time>
      </trkpt>
      <trkpt lat="47.41099" lon="12.35865">
        <ele>1703</ele>
        <time>2026-05-12T21:41:06+00:00</time>
      </trkpt>
      <trkpt lat="47.41089" lon="12.35844">
        <ele>1702</ele>
        <time>2026-05-12T21:41:09+00:00</time>
      </trkpt>
      <trkpt lat="47.41076" lon="12.35827">
        <ele>1702</ele>
        <time>2026-05-12T21:41:12+00:00</time>
      </trkpt>
      <trkpt lat="47.41071" lon="12.35818">
        <ele>1701</ele>
        <time>2026-05-12T21:41:15+00:00</time>
      </trkpt>
      <trkpt lat="47.41057" lon="12.35811">
        <ele>1695</ele>
        <time>2026-05-12T21:41:18+00:00</time>
      </trkpt>
      <trkpt lat="47.41043" lon="12.35803">
        <ele>1693</ele>
        <time>2026-05-12T21:41:21+00:00</time>
      </trkpt>
      <trkpt lat="47.41034" lon="12.358">
        <ele>1690</ele>
        <time>2026-05-12T21:41:24+00:00</time>
      </trkpt>
      <trkpt lat="47.41027" lon="12.35794">
        <ele>1687</ele>
        <time>2026-05-12T21:41:27+00:00</time>
      </trkpt>
      <trkpt lat="47.41015" lon="12.3578">
        <ele>1686</ele>
        <time>2026-05-12T21:41:30+00:00</time>
      </trkpt>
      <trkpt lat="47.41004" lon="12.35772">
        <ele>1685</ele>
        <time>2026-05-12T21:41:33+00:00</time>
      </trkpt>
      <trkpt lat="47.40993" lon="12.35773">
        <ele>1684</ele>
        <time>2026-05-12T21:41:36+00:00</time>
      </trkpt>
      <trkpt lat="47.40972" lon="12.35768">
        <ele>1682</ele>
        <time>2026-05-12T21:41:39+00:00</time>
      </trkpt>
      <trkpt lat="47.40951" lon="12.35764">
        <ele>1680</ele>
        <time>2026-05-12T21:41:42+00:00</time>
      </trkpt>
      <trkpt lat="47.40937" lon="12.35764">
        <ele>1679</ele>
        <time>2026-05-12T21:41:45+00:00</time>
      </trkpt>
      <trkpt lat="47.40934" lon="12.35761">
        <ele>1679</ele>
        <time>2026-05-12T21:41:48+00:00</time>
      </trkpt>
      <trkpt lat="47.40927" lon="12.35754">
        <ele>1678</ele>
        <time>2026-05-12T21:41:51+00:00</time>
      </trkpt>
      <trkpt lat="47.40913" lon="12.35753">
        <ele>1678</ele>
        <time>2026-05-12T21:41:54+00:00</time>
      </trkpt>
      <trkpt lat="47.40905" lon="12.35751">
        <ele>1677</ele>
        <time>2026-05-12T21:41:57+00:00</time>
      </trkpt>
      <trkpt lat="47.40895" lon="12.35751">
        <ele>1677</ele>
        <time>2026-05-12T21:42:00+00:00</time>
      </trkpt>
      <trkpt lat="47.40887" lon="12.35748">
        <ele>1677</ele>
        <time>2026-05-12T21:42:03+00:00</time>
      </trkpt>
      <trkpt lat="47.40877" lon="12.35747">
        <ele>1675</ele>
        <time>2026-05-12T21:42:06+00:00</time>
      </trkpt>
      <trkpt lat="47.40862" lon="12.35752">
        <ele>1677</ele>
        <time>2026-05-12T21:42:09+00:00</time>
      </trkpt>
      <trkpt lat="47.40851" lon="12.35756">
        <ele>1677</ele>
        <time>2026-05-12T21:42:12+00:00</time>
      </trkpt>
      <trkpt lat="47.4084" lon="12.35759">
        <ele>1677</ele>
        <time>2026-05-12T21:42:15+00:00</time>
      </trkpt>
      <trkpt lat="47.40833" lon="12.35757">
        <ele>1677</ele>
        <time>2026-05-12T21:42:18+00:00</time>
      </trkpt>
      <trkpt lat="47.40829" lon="12.35759">
        <ele>1677</ele>
        <time>2026-05-12T21:42:21+00:00</time>
      </trkpt>
      <trkpt lat="47.40819" lon="12.35756">
        <ele>1677</ele>
        <time>2026-05-12T21:42:24+00:00</time>
      </trkpt>
      <trkpt lat="47.40808" lon="12.35756">
        <ele>1678</ele>
        <time>2026-05-12T21:42:27+00:00</time>
      </trkpt>
      <trkpt lat="47.40801" lon="12.35761">
        <ele>1679</ele>
        <time>2026-05-12T21:42:30+00:00</time>
      </trkpt>
      <trkpt lat="47.40795" lon="12.35765">
        <ele>1679</ele>
        <time>2026-05-12T21:42:33+00:00</time>
      </trkpt>
      <trkpt lat="47.40779" lon="12.3577">
        <ele>1681</ele>
        <time>2026-05-12T21:42:36+00:00</time>
      </trkpt>
      <trkpt lat="47.40771" lon="12.35774">
        <ele>1681</ele>
        <time>2026-05-12T21:42:39+00:00</time>
      </trkpt>
      <trkpt lat="47.40765" lon="12.35778">
        <ele>1681</ele>
        <time>2026-05-12T21:42:42+00:00</time>
      </trkpt>
      <trkpt lat="47.40754" lon="12.35788">
        <ele>1683</ele>
        <time>2026-05-12T21:42:45+00:00</time>
      </trkpt>
      <trkpt lat="47.40731" lon="12.35808">
        <ele>1686</ele>
        <time>2026-05-12T21:42:48+00:00</time>
      </trkpt>
      <trkpt lat="47.40717" lon="12.3582">
        <ele>1690</ele>
        <time>2026-05-12T21:42:51+00:00</time>
      </trkpt>
      <trkpt lat="47.40712" lon="12.35828">
        <ele>1690</ele>
        <time>2026-05-12T21:42:54+00:00</time>
      </trkpt>
      <trkpt lat="47.40709" lon="12.3583">
        <ele>1691</ele>
        <time>2026-05-12T21:42:57+00:00</time>
      </trkpt>
      <trkpt lat="47.40697" lon="12.35833">
        <ele>1693</ele>
        <time>2026-05-12T21:43:00+00:00</time>
      </trkpt>
      <trkpt lat="47.40687" lon="12.35836">
        <ele>1694</ele>
        <time>2026-05-12T21:43:03+00:00</time>
      </trkpt>
      <trkpt lat="47.40675" lon="12.35842">
        <ele>1695</ele>
        <time>2026-05-12T21:43:06+00:00</time>
      </trkpt>
      <trkpt lat="47.40666" lon="12.35847">
        <ele>1697</ele>
        <time>2026-05-12T21:43:09+00:00</time>
      </trkpt>
      <trkpt lat="47.40657" lon="12.35854">
        <ele>1699</ele>
        <time>2026-05-12T21:43:12+00:00</time>
      </trkpt>
      <trkpt lat="47.40629" lon="12.35871">
        <ele>1705</ele>
        <time>2026-05-12T21:43:15+00:00</time>
      </trkpt>
      <trkpt lat="47.40618" lon="12.35875">
        <ele>1707</ele>
        <time>2026-05-12T21:43:18+00:00</time>
      </trkpt>
      <trkpt lat="47.40612" lon="12.35876">
        <ele>1707</ele>
        <time>2026-05-12T21:43:21+00:00</time>
      </trkpt>
      <trkpt lat="47.40606" lon="12.35884">
        <ele>1709</ele>
        <time>2026-05-12T21:43:24+00:00</time>
      </trkpt>
      <trkpt lat="47.40596" lon="12.35885">
        <ele>1711</ele>
        <time>2026-05-12T21:43:27+00:00</time>
      </trkpt>
      <trkpt lat="47.40593" lon="12.35882">
        <ele>1711</ele>
        <time>2026-05-12T21:43:30+00:00</time>
      </trkpt>
      <trkpt lat="47.40593" lon="12.35872">
        <ele>1710</ele>
        <time>2026-05-12T21:43:33+00:00</time>
      </trkpt>
      <trkpt lat="47.40588" lon="12.35862">
        <ele>1710</ele>
        <time>2026-05-12T21:43:36+00:00</time>
      </trkpt>
      <trkpt lat="47.40586" lon="12.35859">
        <ele>1709</ele>
        <time>2026-05-12T21:43:39+00:00</time>
      </trkpt>
      <trkpt lat="47.40578" lon="12.3585">
        <ele>1710</ele>
        <time>2026-05-12T21:43:42+00:00</time>
      </trkpt>
      <trkpt lat="47.40567" lon="12.35837">
        <ele>1709</ele>
        <time>2026-05-12T21:43:45+00:00</time>
      </trkpt>
      <trkpt lat="47.40564" lon="12.35835">
        <ele>1709</ele>
        <time>2026-05-12T21:43:48+00:00</time>
      </trkpt>
      <trkpt lat="47.40562" lon="12.35837">
        <ele>1712</ele>
        <time>2026-05-12T21:43:51+00:00</time>
      </trkpt>
      <trkpt lat="47.40559" lon="12.35841">
        <ele>1711</ele>
        <time>2026-05-12T21:43:54+00:00</time>
      </trkpt>
      <trkpt lat="47.40559" lon="12.35845">
        <ele>1711</ele>
        <time>2026-05-12T21:43:57+00:00</time>
      </trkpt>
      <trkpt lat="47.40558" lon="12.35852">
        <ele>1712</ele>
        <time>2026-05-12T21:44:00+00:00</time>
      </trkpt>
      <trkpt lat="47.40555" lon="12.35859">
        <ele>1712</ele>
        <time>2026-05-12T21:44:03+00:00</time>
      </trkpt>
      <trkpt lat="47.40552" lon="12.35874">
        <ele>1714</ele>
        <time>2026-05-12T21:44:06+00:00</time>
      </trkpt>
      <trkpt lat="47.40548" lon="12.35883">
        <ele>1717</ele>
        <time>2026-05-12T21:44:09+00:00</time>
      </trkpt>
      <trkpt lat="47.40546" lon="12.35886">
        <ele>1717</ele>
        <time>2026-05-12T21:44:12+00:00</time>
      </trkpt>
      <trkpt lat="47.40539" lon="12.35894">
        <ele>1719</ele>
        <time>2026-05-12T21:44:15+00:00</time>
      </trkpt>
      <trkpt lat="47.40533" lon="12.359">
        <ele>1720</ele>
        <time>2026-05-12T21:44:18+00:00</time>
      </trkpt>
      <trkpt lat="47.40528" lon="12.35907">
        <ele>1721</ele>
        <time>2026-05-12T21:44:21+00:00</time>
      </trkpt>
      <trkpt lat="47.40518" lon="12.35921">
        <ele>1724</ele>
        <time>2026-05-12T21:44:24+00:00</time>
      </trkpt>
      <trkpt lat="47.40511" lon="12.3594">
        <ele>1726</ele>
        <time>2026-05-12T21:44:27+00:00</time>
      </trkpt>
      <trkpt lat="47.40504" lon="12.35956">
        <ele>1728</ele>
        <time>2026-05-12T21:44:30+00:00</time>
      </trkpt>
      <trkpt lat="47.40499" lon="12.35972">
        <ele>1731</ele>
        <time>2026-05-12T21:44:33+00:00</time>
      </trkpt>
      <trkpt lat="47.40495" lon="12.35979">
        <ele>1731</ele>
        <time>2026-05-12T21:44:36+00:00</time>
      </trkpt>
      <trkpt lat="47.40489" lon="12.35997">
        <ele>1734</ele>
        <time>2026-05-12T21:44:39+00:00</time>
      </trkpt>
      <trkpt lat="47.40479" lon="12.36009">
        <ele>1736</ele>
        <time>2026-05-12T21:44:42+00:00</time>
      </trkpt>
      <trkpt lat="47.40475" lon="12.36018">
        <ele>1737</ele>
        <time>2026-05-12T21:44:45+00:00</time>
      </trkpt>
      <trkpt lat="47.4047" lon="12.36024">
        <ele>1739</ele>
        <time>2026-05-12T21:44:48+00:00</time>
      </trkpt>
      <trkpt lat="47.40464" lon="12.3602">
        <ele>1738</ele>
        <time>2026-05-12T21:44:51+00:00</time>
      </trkpt>
      <trkpt lat="47.40457" lon="12.36019">
        <ele>1740</ele>
        <time>2026-05-12T21:44:54+00:00</time>
      </trkpt>
      <trkpt lat="47.40447" lon="12.36022">
        <ele>1742</ele>
        <time>2026-05-12T21:44:57+00:00</time>
      </trkpt>
      <trkpt lat="47.40432" lon="12.36024">
        <ele>1743</ele>
        <time>2026-05-12T21:45:00+00:00</time>
      </trkpt>
      <trkpt lat="47.40423" lon="12.36034">
        <ele>1746</ele>
        <time>2026-05-12T21:45:03+00:00</time>
      </trkpt>
      <trkpt lat="47.40415" lon="12.36043">
        <ele>1748</ele>
        <time>2026-05-12T21:45:06+00:00</time>
      </trkpt>
      <trkpt lat="47.40408" lon="12.36053">
        <ele>1750</ele>
        <time>2026-05-12T21:45:09+00:00</time>
      </trkpt>
      <trkpt lat="47.40398" lon="12.36064">
        <ele>1753</ele>
        <time>2026-05-12T21:45:12+00:00</time>
      </trkpt>
      <trkpt lat="47.40388" lon="12.36075">
        <ele>1755</ele>
        <time>2026-05-12T21:45:15+00:00</time>
      </trkpt>
      <trkpt lat="47.40383" lon="12.36074">
        <ele>1755</ele>
        <time>2026-05-12T21:45:18+00:00</time>
      </trkpt>
      <trkpt lat="47.40369" lon="12.36083">
        <ele>1760</ele>
        <time>2026-05-12T21:45:21+00:00</time>
      </trkpt>
      <trkpt lat="47.40361" lon="12.36091">
        <ele>1761</ele>
        <time>2026-05-12T21:45:24+00:00</time>
      </trkpt>
      <trkpt lat="47.40355" lon="12.36098">
        <ele>1763</ele>
        <time>2026-05-12T21:45:27+00:00</time>
      </trkpt>
      <trkpt lat="47.40351" lon="12.36102">
        <ele>1764</ele>
        <time>2026-05-12T21:45:30+00:00</time>
      </trkpt>
      <trkpt lat="47.40349" lon="12.36103">
        <ele>1766</ele>
        <time>2026-05-12T21:45:33+00:00</time>
      </trkpt>
      <trkpt lat="47.40336" lon="12.36114">
        <ele>1768</ele>
        <time>2026-05-12T21:45:36+00:00</time>
      </trkpt>
      <trkpt lat="47.40325" lon="12.3612">
        <ele>1771</ele>
        <time>2026-05-12T21:45:39+00:00</time>
      </trkpt>
      <trkpt lat="47.40324" lon="12.36123">
        <ele>1771</ele>
        <time>2026-05-12T21:45:42+00:00</time>
      </trkpt>
      <trkpt lat="47.40319" lon="12.36124">
        <ele>1773</ele>
        <time>2026-05-12T21:45:45+00:00</time>
      </trkpt>
      <trkpt lat="47.40317" lon="12.36125">
        <ele>1773</ele>
        <time>2026-05-12T21:45:48+00:00</time>
      </trkpt>
      <trkpt lat="47.40306" lon="12.36129">
        <ele>1776</ele>
        <time>2026-05-12T21:45:51+00:00</time>
      </trkpt>
      <trkpt lat="47.403" lon="12.36132">
        <ele>1777</ele>
        <time>2026-05-12T21:45:54+00:00</time>
      </trkpt>
      <trkpt lat="47.40292" lon="12.36138">
        <ele>1779</ele>
        <time>2026-05-12T21:45:57+00:00</time>
      </trkpt>
      <trkpt lat="47.40286" lon="12.36144">
        <ele>1783</ele>
        <time>2026-05-12T21:46:00+00:00</time>
      </trkpt>
      <trkpt lat="47.40284" lon="12.36146">
        <ele>1783</ele>
        <time>2026-05-12T21:46:03+00:00</time>
      </trkpt>
      <trkpt lat="47.4028" lon="12.36156">
        <ele>1787</ele>
        <time>2026-05-12T21:46:06+00:00</time>
      </trkpt>
      <trkpt lat="47.40267" lon="12.36167">
        <ele>1792</ele>
        <time>2026-05-12T21:46:09+00:00</time>
      </trkpt>
      <trkpt lat="47.40256" lon="12.36175">
        <ele>1797</ele>
        <time>2026-05-12T21:46:12+00:00</time>
      </trkpt>
      <trkpt lat="47.40254" lon="12.36177">
        <ele>1797</ele>
        <time>2026-05-12T21:46:15+00:00</time>
      </trkpt>
      <trkpt lat="47.40253" lon="12.36179">
        <ele>1797</ele>
        <time>2026-05-12T21:46:18+00:00</time>
      </trkpt>
      <trkpt lat="47.40251" lon="12.36181">
        <ele>1798</ele>
        <time>2026-05-12T21:46:21+00:00</time>
      </trkpt>
      <trkpt lat="47.40242" lon="12.36188">
        <ele>1802</ele>
        <time>2026-05-12T21:46:24+00:00</time>
      </trkpt>
      <trkpt lat="47.40234" lon="12.36193">
        <ele>1807</ele>
        <time>2026-05-12T21:46:27+00:00</time>
      </trkpt>
      <trkpt lat="47.40225" lon="12.36196">
        <ele>1811</ele>
        <time>2026-05-12T21:46:30+00:00</time>
      </trkpt>
      <trkpt lat="47.40217" lon="12.36199">
        <ele>1815</ele>
        <time>2026-05-12T21:46:33+00:00</time>
      </trkpt>
      <trkpt lat="47.40211" lon="12.36206">
        <ele>1816</ele>
        <time>2026-05-12T21:46:36+00:00</time>
      </trkpt>
      <trkpt lat="47.40206" lon="12.36204">
        <ele>1820</ele>
        <time>2026-05-12T21:46:39+00:00</time>
      </trkpt>
      <trkpt lat="47.40201" lon="12.36199">
        <ele>1818</ele>
        <time>2026-05-12T21:46:42+00:00</time>
      </trkpt>
      <trkpt lat="47.40191" lon="12.3619">
        <ele>1822</ele>
        <time>2026-05-12T21:46:45+00:00</time>
      </trkpt>
      <trkpt lat="47.40171" lon="12.36178">
        <ele>1825</ele>
        <time>2026-05-12T21:46:48+00:00</time>
      </trkpt>
      <trkpt lat="47.40154" lon="12.36174">
        <ele>1832</ele>
        <time>2026-05-12T21:46:51+00:00</time>
      </trkpt>
      <trkpt lat="47.40152" lon="12.36172">
        <ele>1832</ele>
        <time>2026-05-12T21:46:54+00:00</time>
      </trkpt>
      <trkpt lat="47.40147" lon="12.3617">
        <ele>1834</ele>
        <time>2026-05-12T21:46:57+00:00</time>
      </trkpt>
      <trkpt lat="47.40144" lon="12.36167">
        <ele>1834</ele>
        <time>2026-05-12T21:47:00+00:00</time>
      </trkpt>
      <trkpt lat="47.40131" lon="12.36149">
        <ele>1834</ele>
        <time>2026-05-12T21:47:03+00:00</time>
      </trkpt>
      <trkpt lat="47.40112" lon="12.36112">
        <ele>1837</ele>
        <time>2026-05-12T21:47:06+00:00</time>
      </trkpt>
      <trkpt lat="47.401" lon="12.36084">
        <ele>1844</ele>
        <time>2026-05-12T21:47:09+00:00</time>
      </trkpt>
      <trkpt lat="47.40087" lon="12.36061">
        <ele>1848</ele>
        <time>2026-05-12T21:47:12+00:00</time>
      </trkpt>
      <trkpt lat="47.40081" lon="12.36053">
        <ele>1847</ele>
        <time>2026-05-12T21:47:15+00:00</time>
      </trkpt>
      <trkpt lat="47.40076" lon="12.36042">
        <ele>1852</ele>
        <time>2026-05-12T21:47:18+00:00</time>
      </trkpt>
      <trkpt lat="47.40073" lon="12.36031">
        <ele>1851</ele>
        <time>2026-05-12T21:47:21+00:00</time>
      </trkpt>
      <trkpt lat="47.40072" lon="12.36006">
        <ele>1852</ele>
        <time>2026-05-12T21:47:24+00:00</time>
      </trkpt>
      <trkpt lat="47.40074" lon="12.35988">
        <ele>1853</ele>
        <time>2026-05-12T21:47:27+00:00</time>
      </trkpt>
      <trkpt lat="47.40072" lon="12.3597">
        <ele>1854</ele>
        <time>2026-05-12T21:47:30+00:00</time>
      </trkpt>
      <trkpt lat="47.40071" lon="12.35957">
        <ele>1855</ele>
        <time>2026-05-12T21:47:33+00:00</time>
      </trkpt>
      <trkpt lat="47.40071" lon="12.35945">
        <ele>1856</ele>
        <time>2026-05-12T21:47:36+00:00</time>
      </trkpt>
      <trkpt lat="47.40071" lon="12.35928">
        <ele>1857</ele>
        <time>2026-05-12T21:47:39+00:00</time>
      </trkpt>
      <trkpt lat="47.40072" lon="12.35914">
        <ele>1858</ele>
        <time>2026-05-12T21:47:42+00:00</time>
      </trkpt>
      <trkpt lat="47.40073" lon="12.35896">
        <ele>1860</ele>
        <time>2026-05-12T21:47:45+00:00</time>
      </trkpt>
      <trkpt lat="47.40076" lon="12.35881">
        <ele>1860</ele>
        <time>2026-05-12T21:47:48+00:00</time>
      </trkpt>
      <trkpt lat="47.40077" lon="12.35863">
        <ele>1861</ele>
        <time>2026-05-12T21:47:51+00:00</time>
      </trkpt>
      <trkpt lat="47.40078" lon="12.35849">
        <ele>1862</ele>
        <time>2026-05-12T21:47:54+00:00</time>
      </trkpt>
      <trkpt lat="47.40077" lon="12.35838">
        <ele>1862</ele>
        <time>2026-05-12T21:47:57+00:00</time>
      </trkpt>
      <trkpt lat="47.40078" lon="12.3583">
        <ele>1859</ele>
        <time>2026-05-12T21:48:00+00:00</time>
      </trkpt>
      <trkpt lat="47.4008" lon="12.35814">
        <ele>1858</ele>
        <time>2026-05-12T21:48:03+00:00</time>
      </trkpt>
      <trkpt lat="47.40081" lon="12.35803">
        <ele>1857</ele>
        <time>2026-05-12T21:48:06+00:00</time>
      </trkpt>
      <trkpt lat="47.40082" lon="12.35794">
        <ele>1857</ele>
        <time>2026-05-12T21:48:09+00:00</time>
      </trkpt>
      <trkpt lat="47.40081" lon="12.35784">
        <ele>1856</ele>
        <time>2026-05-12T21:48:12+00:00</time>
      </trkpt>
      <trkpt lat="47.40081" lon="12.35773">
        <ele>1858</ele>
        <time>2026-05-12T21:48:15+00:00</time>
      </trkpt>
      <trkpt lat="47.40077" lon="12.35765">
        <ele>1859</ele>
        <time>2026-05-12T21:48:18+00:00</time>
      </trkpt>
      <trkpt lat="47.40075" lon="12.35754">
        <ele>1858</ele>
        <time>2026-05-12T21:48:21+00:00</time>
      </trkpt>
      <trkpt lat="47.40064" lon="12.35746">
        <ele>1860</ele>
        <time>2026-05-12T21:48:24+00:00</time>
      </trkpt>
      <trkpt lat="47.40052" lon="12.35734">
        <ele>1862</ele>
        <time>2026-05-12T21:48:27+00:00</time>
      </trkpt>
      <trkpt lat="47.40038" lon="12.35718">
        <ele>1860</ele>
        <time>2026-05-12T21:48:30+00:00</time>
      </trkpt>
      <trkpt lat="47.40036" lon="12.35711">
        <ele>1863</ele>
        <time>2026-05-12T21:48:33+00:00</time>
      </trkpt>
      <trkpt lat="47.40033" lon="12.35702">
        <ele>1862</ele>
        <time>2026-05-12T21:48:36+00:00</time>
      </trkpt>
      <trkpt lat="47.4003" lon="12.35693">
        <ele>1861</ele>
        <time>2026-05-12T21:48:39+00:00</time>
      </trkpt>
      <trkpt lat="47.40023" lon="12.35676">
        <ele>1861</ele>
        <time>2026-05-12T21:48:42+00:00</time>
      </trkpt>
      <trkpt lat="47.40019" lon="12.35666">
        <ele>1862</ele>
        <time>2026-05-12T21:48:45+00:00</time>
      </trkpt>
      <trkpt lat="47.39999" lon="12.35632">
        <ele>1865</ele>
        <time>2026-05-12T21:48:48+00:00</time>
      </trkpt>
      <trkpt lat="47.39992" lon="12.35625">
        <ele>1864</ele>
        <time>2026-05-12T21:48:51+00:00</time>
      </trkpt>
      <trkpt lat="47.3998" lon="12.35615">
        <ele>1866</ele>
        <time>2026-05-12T21:48:54+00:00</time>
      </trkpt>
      <trkpt lat="47.39976" lon="12.35613">
        <ele>1868</ele>
        <time>2026-05-12T21:48:57+00:00</time>
      </trkpt>
      <trkpt lat="47.39969" lon="12.35611">
        <ele>1869</ele>
        <time>2026-05-12T21:49:00+00:00</time>
      </trkpt>
      <trkpt lat="47.39964" lon="12.35608">
        <ele>1869</ele>
        <time>2026-05-12T21:49:03+00:00</time>
      </trkpt>
      <trkpt lat="47.39959" lon="12.35603">
        <ele>1871</ele>
        <time>2026-05-12T21:49:06+00:00</time>
      </trkpt>
      <trkpt lat="47.39951" lon="12.35583">
        <ele>1871</ele>
        <time>2026-05-12T21:49:09+00:00</time>
      </trkpt>
      <trkpt lat="47.39943" lon="12.35567">
        <ele>1874</ele>
        <time>2026-05-12T21:49:12+00:00</time>
      </trkpt>
      <trkpt lat="47.3994" lon="12.35562">
        <ele>1876</ele>
        <time>2026-05-12T21:49:15+00:00</time>
      </trkpt>
      <trkpt lat="47.39927" lon="12.35547">
        <ele>1881</ele>
        <time>2026-05-12T21:49:18+00:00</time>
      </trkpt>
      <trkpt lat="47.39904" lon="12.35525">
        <ele>1881</ele>
        <time>2026-05-12T21:49:21+00:00</time>
      </trkpt>
      <trkpt lat="47.39895" lon="12.35512">
        <ele>1879</ele>
        <time>2026-05-12T21:49:24+00:00</time>
      </trkpt>
      <trkpt lat="47.39888" lon="12.35501">
        <ele>1878</ele>
        <time>2026-05-12T21:49:27+00:00</time>
      </trkpt>
      <trkpt lat="47.39883" lon="12.35489">
        <ele>1880</ele>
        <time>2026-05-12T21:49:30+00:00</time>
      </trkpt>
      <trkpt lat="47.39869" lon="12.35455">
        <ele>1877</ele>
        <time>2026-05-12T21:49:33+00:00</time>
      </trkpt>
      <trkpt lat="47.39855" lon="12.35425">
        <ele>1877</ele>
        <time>2026-05-12T21:49:36+00:00</time>
      </trkpt>
      <trkpt lat="47.39851" lon="12.35414">
        <ele>1877</ele>
        <time>2026-05-12T21:49:39+00:00</time>
      </trkpt>
      <trkpt lat="47.39848" lon="12.35395">
        <ele>1876</ele>
        <time>2026-05-12T21:49:42+00:00</time>
      </trkpt>
      <trkpt lat="47.39842" lon="12.35377">
        <ele>1878</ele>
        <time>2026-05-12T21:49:45+00:00</time>
      </trkpt>
      <trkpt lat="47.39838" lon="12.35357">
        <ele>1876</ele>
        <time>2026-05-12T21:49:48+00:00</time>
      </trkpt>
      <trkpt lat="47.39824" lon="12.35328">
        <ele>1877</ele>
        <time>2026-05-12T21:49:51+00:00</time>
      </trkpt>
      <trkpt lat="47.3982" lon="12.35312">
        <ele>1876</ele>
        <time>2026-05-12T21:49:54+00:00</time>
      </trkpt>
      <trkpt lat="47.39819" lon="12.35301">
        <ele>1877</ele>
        <time>2026-05-12T21:49:57+00:00</time>
      </trkpt>
      <trkpt lat="47.39808" lon="12.3528">
        <ele>1878</ele>
        <time>2026-05-12T21:50:00+00:00</time>
      </trkpt>
      <trkpt lat="47.39799" lon="12.35261">
        <ele>1879</ele>
        <time>2026-05-12T21:50:03+00:00</time>
      </trkpt>
      <trkpt lat="47.39796" lon="12.35254">
        <ele>1880</ele>
        <time>2026-05-12T21:50:06+00:00</time>
      </trkpt>
      <trkpt lat="47.39792" lon="12.35235">
        <ele>1882</ele>
        <time>2026-05-12T21:50:09+00:00</time>
      </trkpt>
      <trkpt lat="47.3979" lon="12.35219">
        <ele>1883</ele>
        <time>2026-05-12T21:50:12+00:00</time>
      </trkpt>
      <trkpt lat="47.3979" lon="12.35213">
        <ele>1883</ele>
        <time>2026-05-12T21:50:15+00:00</time>
      </trkpt>
      <trkpt lat="47.39788" lon="12.35205">
        <ele>1882</ele>
        <time>2026-05-12T21:50:18+00:00</time>
      </trkpt>
      <trkpt lat="47.39786" lon="12.352">
        <ele>1884</ele>
        <time>2026-05-12T21:50:21+00:00</time>
      </trkpt>
      <trkpt lat="47.39784" lon="12.35194">
        <ele>1884</ele>
        <time>2026-05-12T21:50:24+00:00</time>
      </trkpt>
      <trkpt lat="47.39782" lon="12.3519">
        <ele>1884</ele>
        <time>2026-05-12T21:50:27+00:00</time>
      </trkpt>
      <trkpt lat="47.39758" lon="12.35161">
        <ele>1883</ele>
        <time>2026-05-12T21:50:30+00:00</time>
      </trkpt>
      <trkpt lat="47.39746" lon="12.35151">
        <ele>1884</ele>
        <time>2026-05-12T21:50:33+00:00</time>
      </trkpt>
      <trkpt lat="47.3974" lon="12.35147">
        <ele>1885</ele>
        <time>2026-05-12T21:50:36+00:00</time>
      </trkpt>
      <trkpt lat="47.39735" lon="12.35144">
        <ele>1885</ele>
        <time>2026-05-12T21:50:39+00:00</time>
      </trkpt>
      <trkpt lat="47.39707" lon="12.35135">
        <ele>1885</ele>
        <time>2026-05-12T21:50:42+00:00</time>
      </trkpt>
      <trkpt lat="47.39691" lon="12.35131">
        <ele>1884</ele>
        <time>2026-05-12T21:50:45+00:00</time>
      </trkpt>
      <trkpt lat="47.39682" lon="12.3513">
        <ele>1884</ele>
        <time>2026-05-12T21:50:48+00:00</time>
      </trkpt>
      <trkpt lat="47.39674" lon="12.35128">
        <ele>1884</ele>
        <time>2026-05-12T21:50:51+00:00</time>
      </trkpt>
      <trkpt lat="47.39665" lon="12.35126">
        <ele>1883</ele>
        <time>2026-05-12T21:50:54+00:00</time>
      </trkpt>
      <trkpt lat="47.39655" lon="12.3512">
        <ele>1883</ele>
        <time>2026-05-12T21:50:57+00:00</time>
      </trkpt>
      <trkpt lat="47.39647" lon="12.35114">
        <ele>1883</ele>
        <time>2026-05-12T21:51:00+00:00</time>
      </trkpt>
      <trkpt lat="47.39639" lon="12.35103">
        <ele>1883</ele>
        <time>2026-05-12T21:51:03+00:00</time>
      </trkpt>
      <trkpt lat="47.39623" lon="12.35074">
        <ele>1885</ele>
        <time>2026-05-12T21:51:06+00:00</time>
      </trkpt>
      <trkpt lat="47.39602" lon="12.3503">
        <ele>1885</ele>
        <time>2026-05-12T21:51:09+00:00</time>
      </trkpt>
      <trkpt lat="47.39592" lon="12.35012">
        <ele>1886</ele>
        <time>2026-05-12T21:51:12+00:00</time>
      </trkpt>
      <trkpt lat="47.39586" lon="12.34996">
        <ele>1886</ele>
        <time>2026-05-12T21:51:15+00:00</time>
      </trkpt>
      <trkpt lat="47.39581" lon="12.34987">
        <ele>1887</ele>
        <time>2026-05-12T21:51:18+00:00</time>
      </trkpt>
      <trkpt lat="47.39574" lon="12.34976">
        <ele>1887</ele>
        <time>2026-05-12T21:51:21+00:00</time>
      </trkpt>
      <trkpt lat="47.39568" lon="12.34963">
        <ele>1886</ele>
        <time>2026-05-12T21:51:24+00:00</time>
      </trkpt>
      <trkpt lat="47.39557" lon="12.34953">
        <ele>1885</ele>
        <time>2026-05-12T21:51:27+00:00</time>
      </trkpt>
      <trkpt lat="47.39546" lon="12.34948">
        <ele>1884</ele>
        <time>2026-05-12T21:51:30+00:00</time>
      </trkpt>
      <trkpt lat="47.39533" lon="12.34948">
        <ele>1883</ele>
        <time>2026-05-12T21:51:33+00:00</time>
      </trkpt>
      <trkpt lat="47.39521" lon="12.34944">
        <ele>1882</ele>
        <time>2026-05-12T21:51:36+00:00</time>
      </trkpt>
      <trkpt lat="47.39508" lon="12.3494">
        <ele>1879</ele>
        <time>2026-05-12T21:51:39+00:00</time>
      </trkpt>
      <trkpt lat="47.39498" lon="12.34936">
        <ele>1879</ele>
        <time>2026-05-12T21:51:42+00:00</time>
      </trkpt>
      <trkpt lat="47.3948" lon="12.3493">
        <ele>1878</ele>
        <time>2026-05-12T21:51:45+00:00</time>
      </trkpt>
      <trkpt lat="47.3947" lon="12.34927">
        <ele>1876</ele>
        <time>2026-05-12T21:51:48+00:00</time>
      </trkpt>
      <trkpt lat="47.39461" lon="12.34924">
        <ele>1876</ele>
        <time>2026-05-12T21:51:51+00:00</time>
      </trkpt>
      <trkpt lat="47.39453" lon="12.34921">
        <ele>1875</ele>
        <time>2026-05-12T21:51:54+00:00</time>
      </trkpt>
      <trkpt lat="47.39439" lon="12.34913">
        <ele>1876</ele>
        <time>2026-05-12T21:51:57+00:00</time>
      </trkpt>
      <trkpt lat="47.39426" lon="12.34912">
        <ele>1875</ele>
        <time>2026-05-12T21:52:00+00:00</time>
      </trkpt>
      <trkpt lat="47.39413" lon="12.34901">
        <ele>1876</ele>
        <time>2026-05-12T21:52:03+00:00</time>
      </trkpt>
      <trkpt lat="47.39399" lon="12.34895">
        <ele>1879</ele>
        <time>2026-05-12T21:52:06+00:00</time>
      </trkpt>
      <trkpt lat="47.39379" lon="12.34885">
        <ele>1881</ele>
        <time>2026-05-12T21:52:09+00:00</time>
      </trkpt>
      <trkpt lat="47.39373" lon="12.34887">
        <ele>1881</ele>
        <time>2026-05-12T21:52:12+00:00</time>
      </trkpt>
      <trkpt lat="47.39367" lon="12.34888">
        <ele>1882</ele>
        <time>2026-05-12T21:52:15+00:00</time>
      </trkpt>
      <trkpt lat="47.39363" lon="12.34882">
        <ele>1882</ele>
        <time>2026-05-12T21:52:18+00:00</time>
      </trkpt>
      <trkpt lat="47.39359" lon="12.34876">
        <ele>1883</ele>
        <time>2026-05-12T21:52:21+00:00</time>
      </trkpt>
      <trkpt lat="47.39356" lon="12.34872">
        <ele>1883</ele>
        <time>2026-05-12T21:52:24+00:00</time>
      </trkpt>
      <trkpt lat="47.39351" lon="12.34868">
        <ele>1882</ele>
        <time>2026-05-12T21:52:27+00:00</time>
      </trkpt>
      <trkpt lat="47.39345" lon="12.34863">
        <ele>1884</ele>
        <time>2026-05-12T21:52:30+00:00</time>
      </trkpt>
      <trkpt lat="47.39338" lon="12.3486">
        <ele>1883</ele>
        <time>2026-05-12T21:52:33+00:00</time>
      </trkpt>
      <trkpt lat="47.39331" lon="12.34854">
        <ele>1883</ele>
        <time>2026-05-12T21:52:36+00:00</time>
      </trkpt>
      <trkpt lat="47.39322" lon="12.34853">
        <ele>1884</ele>
        <time>2026-05-12T21:52:39+00:00</time>
      </trkpt>
      <trkpt lat="47.39319" lon="12.34854">
        <ele>1886</ele>
        <time>2026-05-12T21:52:42+00:00</time>
      </trkpt>
      <trkpt lat="47.39314" lon="12.34857">
        <ele>1886</ele>
        <time>2026-05-12T21:52:45+00:00</time>
      </trkpt>
      <trkpt lat="47.39309" lon="12.34859">
        <ele>1887</ele>
        <time>2026-05-12T21:52:48+00:00</time>
      </trkpt>
      <trkpt lat="47.39303" lon="12.34858">
        <ele>1887</ele>
        <time>2026-05-12T21:52:51+00:00</time>
      </trkpt>
      <trkpt lat="47.39295" lon="12.34854">
        <ele>1888</ele>
        <time>2026-05-12T21:52:54+00:00</time>
      </trkpt>
      <trkpt lat="47.39289" lon="12.34851">
        <ele>1889</ele>
        <time>2026-05-12T21:52:57+00:00</time>
      </trkpt>
      <trkpt lat="47.39281" lon="12.34848">
        <ele>1887</ele>
        <time>2026-05-12T21:53:00+00:00</time>
      </trkpt>
      <trkpt lat="47.39271" lon="12.34844">
        <ele>1889</ele>
        <time>2026-05-12T21:53:03+00:00</time>
      </trkpt>
      <trkpt lat="47.39266" lon="12.34841">
        <ele>1890</ele>
        <time>2026-05-12T21:53:06+00:00</time>
      </trkpt>
      <trkpt lat="47.39262" lon="12.34836">
        <ele>1888</ele>
        <time>2026-05-12T21:53:09+00:00</time>
      </trkpt>
      <trkpt lat="47.39251" lon="12.34836">
        <ele>1889</ele>
        <time>2026-05-12T21:53:12+00:00</time>
      </trkpt>
      <trkpt lat="47.39242" lon="12.34837">
        <ele>1890</ele>
        <time>2026-05-12T21:53:15+00:00</time>
      </trkpt>
      <trkpt lat="47.39228" lon="12.34839">
        <ele>1892</ele>
        <time>2026-05-12T21:53:18+00:00</time>
      </trkpt>
      <trkpt lat="47.39225" lon="12.34838">
        <ele>1892</ele>
        <time>2026-05-12T21:53:21+00:00</time>
      </trkpt>
      <trkpt lat="47.39218" lon="12.34838">
        <ele>1894</ele>
        <time>2026-05-12T21:53:24+00:00</time>
      </trkpt>
      <trkpt lat="47.39211" lon="12.34839">
        <ele>1894</ele>
        <time>2026-05-12T21:53:27+00:00</time>
      </trkpt>
      <trkpt lat="47.39196" lon="12.34851">
        <ele>1900</ele>
        <time>2026-05-12T21:53:30+00:00</time>
      </trkpt>
      <trkpt lat="47.39178" lon="12.34858">
        <ele>1903</ele>
        <time>2026-05-12T21:53:33+00:00</time>
      </trkpt>
      <trkpt lat="47.39167" lon="12.34859">
        <ele>1904</ele>
        <time>2026-05-12T21:53:36+00:00</time>
      </trkpt>
      <trkpt lat="47.39161" lon="12.34861">
        <ele>1906</ele>
        <time>2026-05-12T21:53:39+00:00</time>
      </trkpt>
      <trkpt lat="47.39158" lon="12.34861">
        <ele>1908</ele>
        <time>2026-05-12T21:53:42+00:00</time>
      </trkpt>
      <trkpt lat="47.39155" lon="12.34863">
        <ele>1908</ele>
        <time>2026-05-12T21:53:45+00:00</time>
      </trkpt>
      <trkpt lat="47.39151" lon="12.34861">
        <ele>1908</ele>
        <time>2026-05-12T21:53:48+00:00</time>
      </trkpt>
      <trkpt lat="47.39147" lon="12.34858">
        <ele>1908</ele>
        <time>2026-05-12T21:53:51+00:00</time>
      </trkpt>
      <trkpt lat="47.39141" lon="12.34854">
        <ele>1908</ele>
        <time>2026-05-12T21:53:54+00:00</time>
      </trkpt>
      <trkpt lat="47.39135" lon="12.3485">
        <ele>1910</ele>
        <time>2026-05-12T21:53:57+00:00</time>
      </trkpt>
      <trkpt lat="47.39129" lon="12.34846">
        <ele>1911</ele>
        <time>2026-05-12T21:54:00+00:00</time>
      </trkpt>
      <trkpt lat="47.39124" lon="12.3484">
        <ele>1911</ele>
        <time>2026-05-12T21:54:03+00:00</time>
      </trkpt>
      <trkpt lat="47.39121" lon="12.34838">
        <ele>1910</ele>
        <time>2026-05-12T21:54:06+00:00</time>
      </trkpt>
      <trkpt lat="47.39112" lon="12.34833">
        <ele>1912</ele>
        <time>2026-05-12T21:54:09+00:00</time>
      </trkpt>
      <trkpt lat="47.39109" lon="12.34832">
        <ele>1914</ele>
        <time>2026-05-12T21:54:12+00:00</time>
      </trkpt>
      <trkpt lat="47.39103" lon="12.34828">
        <ele>1913</ele>
        <time>2026-05-12T21:54:15+00:00</time>
      </trkpt>
      <trkpt lat="47.39095" lon="12.3483">
        <ele>1916</ele>
        <time>2026-05-12T21:54:18+00:00</time>
      </trkpt>
      <trkpt lat="47.39087" lon="12.34829">
        <ele>1915</ele>
        <time>2026-05-12T21:54:21+00:00</time>
      </trkpt>
      <trkpt lat="47.39079" lon="12.34827">
        <ele>1916</ele>
        <time>2026-05-12T21:54:24+00:00</time>
      </trkpt>
      <trkpt lat="47.39076" lon="12.34829">
        <ele>1916</ele>
        <time>2026-05-12T21:54:27+00:00</time>
      </trkpt>
      <trkpt lat="47.39073" lon="12.34829">
        <ele>1916</ele>
        <time>2026-05-12T21:54:30+00:00</time>
      </trkpt>
      <trkpt lat="47.39061" lon="12.34824">
        <ele>1917</ele>
        <time>2026-05-12T21:54:33+00:00</time>
      </trkpt>
      <trkpt lat="47.39056" lon="12.34824">
        <ele>1917</ele>
        <time>2026-05-12T21:54:36+00:00</time>
      </trkpt>
      <trkpt lat="47.39047" lon="12.3482">
        <ele>1918</ele>
        <time>2026-05-12T21:54:39+00:00</time>
      </trkpt>
      <trkpt lat="47.39043" lon="12.34814">
        <ele>1917</ele>
        <time>2026-05-12T21:54:42+00:00</time>
      </trkpt>
      <trkpt lat="47.39044" lon="12.34808">
        <ele>1916</ele>
        <time>2026-05-12T21:54:45+00:00</time>
      </trkpt>
      <trkpt lat="47.39042" lon="12.34803">
        <ele>1916</ele>
        <time>2026-05-12T21:54:48+00:00</time>
      </trkpt>
      <trkpt lat="47.39037" lon="12.34782">
        <ele>1915</ele>
        <time>2026-05-12T21:54:51+00:00</time>
      </trkpt>
      <trkpt lat="47.39036" lon="12.34775">
        <ele>1913</ele>
        <time>2026-05-12T21:54:54+00:00</time>
      </trkpt>
      <trkpt lat="47.39035" lon="12.34767">
        <ele>1912</ele>
        <time>2026-05-12T21:54:57+00:00</time>
      </trkpt>
      <trkpt lat="47.39032" lon="12.3477">
        <ele>1912</ele>
        <time>2026-05-12T21:55:00+00:00</time>
      </trkpt>
      <trkpt lat="47.39027" lon="12.34773">
        <ele>1915</ele>
        <time>2026-05-12T21:55:03+00:00</time>
      </trkpt>
      <trkpt lat="47.39026" lon="12.34777">
        <ele>1914</ele>
        <time>2026-05-12T21:55:06+00:00</time>
      </trkpt>
      <trkpt lat="47.39023" lon="12.34779">
        <ele>1914</ele>
        <time>2026-05-12T21:55:09+00:00</time>
      </trkpt>
      <trkpt lat="47.3902" lon="12.34787">
        <ele>1915</ele>
        <time>2026-05-12T21:55:12+00:00</time>
      </trkpt>
      <trkpt lat="47.39014" lon="12.34793">
        <ele>1914</ele>
        <time>2026-05-12T21:55:15+00:00</time>
      </trkpt>
      <trkpt lat="47.39011" lon="12.34803">
        <ele>1917</ele>
        <time>2026-05-12T21:55:18+00:00</time>
      </trkpt>
      <trkpt lat="47.39004" lon="12.34812">
        <ele>1915</ele>
        <time>2026-05-12T21:55:21+00:00</time>
      </trkpt>
      <trkpt lat="47.38989" lon="12.3481">
        <ele>1913</ele>
        <time>2026-05-12T21:55:24+00:00</time>
      </trkpt>
      <trkpt lat="47.38983" lon="12.34803">
        <ele>1913</ele>
        <time>2026-05-12T21:55:27+00:00</time>
      </trkpt>
      <trkpt lat="47.38978" lon="12.34795">
        <ele>1912</ele>
        <time>2026-05-12T21:55:30+00:00</time>
      </trkpt>
      <trkpt lat="47.38969" lon="12.34774">
        <ele>1912</ele>
        <time>2026-05-12T21:55:33+00:00</time>
      </trkpt>
      <trkpt lat="47.38964" lon="12.34762">
        <ele>1912</ele>
        <time>2026-05-12T21:55:36+00:00</time>
      </trkpt>
      <trkpt lat="47.38966" lon="12.34751">
        <ele>1912</ele>
        <time>2026-05-12T21:55:39+00:00</time>
      </trkpt>
      <trkpt lat="47.38969" lon="12.34745">
        <ele>1912</ele>
        <time>2026-05-12T21:55:42+00:00</time>
      </trkpt>
      <trkpt lat="47.3897" lon="12.34739">
        <ele>1912</ele>
        <time>2026-05-12T21:55:45+00:00</time>
      </trkpt>
      <trkpt lat="47.38971" lon="12.34734">
        <ele>1912</ele>
        <time>2026-05-12T21:55:48+00:00</time>
      </trkpt>
      <trkpt lat="47.38968" lon="12.34732">
        <ele>1912</ele>
        <time>2026-05-12T21:55:51+00:00</time>
      </trkpt>
      <trkpt lat="47.38965" lon="12.34731">
        <ele>1912</ele>
        <time>2026-05-12T21:55:54+00:00</time>
      </trkpt>
      <trkpt lat="47.38962" lon="12.34728">
        <ele>1912</ele>
        <time>2026-05-12T21:55:57+00:00</time>
      </trkpt>
      <trkpt lat="47.3896" lon="12.34721">
        <ele>1912</ele>
        <time>2026-05-12T21:56:00+00:00</time>
      </trkpt>
      <trkpt lat="47.38955" lon="12.34709">
        <ele>1912</ele>
        <time>2026-05-12T21:56:03+00:00</time>
      </trkpt>
      <trkpt lat="47.38952" lon="12.34693">
        <ele>1911</ele>
        <time>2026-05-12T21:56:06+00:00</time>
      </trkpt>
      <trkpt lat="47.38948" lon="12.34681">
        <ele>1911</ele>
        <time>2026-05-12T21:56:09+00:00</time>
      </trkpt>
      <trkpt lat="47.38942" lon="12.34666">
        <ele>1911</ele>
        <time>2026-05-12T21:56:12+00:00</time>
      </trkpt>
      <trkpt lat="47.38938" lon="12.34661">
        <ele>1912</ele>
        <time>2026-05-12T21:56:15+00:00</time>
      </trkpt>
      <trkpt lat="47.38933" lon="12.34657">
        <ele>1911</ele>
        <time>2026-05-12T21:56:18+00:00</time>
      </trkpt>
      <trkpt lat="47.38928" lon="12.34659">
        <ele>1912</ele>
        <time>2026-05-12T21:56:21+00:00</time>
      </trkpt>
      <trkpt lat="47.38918" lon="12.34664">
        <ele>1913</ele>
        <time>2026-05-12T21:56:24+00:00</time>
      </trkpt>
      <trkpt lat="47.38912" lon="12.34667">
        <ele>1913</ele>
        <time>2026-05-12T21:56:27+00:00</time>
      </trkpt>
      <trkpt lat="47.38907" lon="12.34666">
        <ele>1913</ele>
        <time>2026-05-12T21:56:30+00:00</time>
      </trkpt>
      <trkpt lat="47.38898" lon="12.34663">
        <ele>1913</ele>
        <time>2026-05-12T21:56:33+00:00</time>
      </trkpt>
      <trkpt lat="47.3889" lon="12.34658">
        <ele>1914</ele>
        <time>2026-05-12T21:56:36+00:00</time>
      </trkpt>
      <trkpt lat="47.38875" lon="12.34645">
        <ele>1913</ele>
        <time>2026-05-12T21:56:39+00:00</time>
      </trkpt>
      <trkpt lat="47.38859" lon="12.34634">
        <ele>1912</ele>
        <time>2026-05-12T21:56:42+00:00</time>
      </trkpt>
      <trkpt lat="47.38844" lon="12.34628">
        <ele>1910</ele>
        <time>2026-05-12T21:56:45+00:00</time>
      </trkpt>
      <trkpt lat="47.38822" lon="12.3462">
        <ele>1909</ele>
        <time>2026-05-12T21:56:48+00:00</time>
      </trkpt>
      <trkpt lat="47.38791" lon="12.34617">
        <ele>1908</ele>
        <time>2026-05-12T21:56:51+00:00</time>
      </trkpt>
      <trkpt lat="47.38766" lon="12.34622">
        <ele>1908</ele>
        <time>2026-05-12T21:56:54+00:00</time>
      </trkpt>
      <trkpt lat="47.3875" lon="12.34624">
        <ele>1907</ele>
        <time>2026-05-12T21:56:57+00:00</time>
      </trkpt>
      <trkpt lat="47.38724" lon="12.34631">
        <ele>1912</ele>
        <time>2026-05-12T21:57:00+00:00</time>
      </trkpt>
      <trkpt lat="47.38713" lon="12.34635">
        <ele>1912</ele>
        <time>2026-05-12T21:57:03+00:00</time>
      </trkpt>
      <trkpt lat="47.38704" lon="12.3464">
        <ele>1913</ele>
        <time>2026-05-12T21:57:06+00:00</time>
      </trkpt>
      <trkpt lat="47.38689" lon="12.34642">
        <ele>1917</ele>
        <time>2026-05-12T21:57:09+00:00</time>
      </trkpt>
      <trkpt lat="47.38681" lon="12.34644">
        <ele>1913</ele>
        <time>2026-05-12T21:57:12+00:00</time>
      </trkpt>
      <trkpt lat="47.38674" lon="12.34638">
        <ele>1915</ele>
        <time>2026-05-12T21:57:15+00:00</time>
      </trkpt>
      <trkpt lat="47.38665" lon="12.34632">
        <ele>1915</ele>
        <time>2026-05-12T21:57:18+00:00</time>
      </trkpt>
      <trkpt lat="47.38657" lon="12.34628">
        <ele>1913</ele>
        <time>2026-05-12T21:57:21+00:00</time>
      </trkpt>
      <trkpt lat="47.38653" lon="12.34626">
        <ele>1913</ele>
        <time>2026-05-12T21:57:24+00:00</time>
      </trkpt>
      <trkpt lat="47.38647" lon="12.34625">
        <ele>1913</ele>
        <time>2026-05-12T21:57:27+00:00</time>
      </trkpt>
      <trkpt lat="47.38641" lon="12.34627">
        <ele>1913</ele>
        <time>2026-05-12T21:57:30+00:00</time>
      </trkpt>
      <trkpt lat="47.38636" lon="12.34632">
        <ele>1915</ele>
        <time>2026-05-12T21:57:33+00:00</time>
      </trkpt>
      <trkpt lat="47.3863" lon="12.3464">
        <ele>1915</ele>
        <time>2026-05-12T21:57:36+00:00</time>
      </trkpt>
      <trkpt lat="47.38621" lon="12.34657">
        <ele>1919</ele>
        <time>2026-05-12T21:57:39+00:00</time>
      </trkpt>
      <trkpt lat="47.38615" lon="12.34662">
        <ele>1919</ele>
        <time>2026-05-12T21:57:42+00:00</time>
      </trkpt>
      <trkpt lat="47.38607" lon="12.34666">
        <ele>1919</ele>
        <time>2026-05-12T21:57:45+00:00</time>
      </trkpt>
      <trkpt lat="47.38596" lon="12.34668">
        <ele>1919</ele>
        <time>2026-05-12T21:57:48+00:00</time>
      </trkpt>
      <trkpt lat="47.38585" lon="12.34673">
        <ele>1919</ele>
        <time>2026-05-12T21:57:51+00:00</time>
      </trkpt>
      <trkpt lat="47.3857" lon="12.34675">
        <ele>1919</ele>
        <time>2026-05-12T21:57:54+00:00</time>
      </trkpt>
      <trkpt lat="47.38561" lon="12.34676">
        <ele>1919</ele>
        <time>2026-05-12T21:57:57+00:00</time>
      </trkpt>
      <trkpt lat="47.38552" lon="12.34674">
        <ele>1919</ele>
        <time>2026-05-12T21:58:00+00:00</time>
      </trkpt>
      <trkpt lat="47.38548" lon="12.34671">
        <ele>1919</ele>
        <time>2026-05-12T21:58:03+00:00</time>
      </trkpt>
      <trkpt lat="47.3853" lon="12.34655">
        <ele>1918</ele>
        <time>2026-05-12T21:58:06+00:00</time>
      </trkpt>
      <trkpt lat="47.38522" lon="12.3465">
        <ele>1919</ele>
        <time>2026-05-12T21:58:09+00:00</time>
      </trkpt>
      <trkpt lat="47.38515" lon="12.34645">
        <ele>1920</ele>
        <time>2026-05-12T21:58:12+00:00</time>
      </trkpt>
      <trkpt lat="47.38496" lon="12.34629">
        <ele>1918</ele>
        <time>2026-05-12T21:58:15+00:00</time>
      </trkpt>
      <trkpt lat="47.38476" lon="12.34615">
        <ele>1917</ele>
        <time>2026-05-12T21:58:18+00:00</time>
      </trkpt>
      <trkpt lat="47.38458" lon="12.34604">
        <ele>1917</ele>
        <time>2026-05-12T21:58:21+00:00</time>
      </trkpt>
      <trkpt lat="47.38447" lon="12.346">
        <ele>1918</ele>
        <time>2026-05-12T21:58:24+00:00</time>
      </trkpt>
      <trkpt lat="47.3844" lon="12.34599">
        <ele>1918</ele>
        <time>2026-05-12T21:58:27+00:00</time>
      </trkpt>
      <trkpt lat="47.38432" lon="12.34599">
        <ele>1918</ele>
        <time>2026-05-12T21:58:30+00:00</time>
      </trkpt>
      <trkpt lat="47.38423" lon="12.34592">
        <ele>1919</ele>
        <time>2026-05-12T21:58:33+00:00</time>
      </trkpt>
      <trkpt lat="47.38416" lon="12.34585">
        <ele>1918</ele>
        <time>2026-05-12T21:58:36+00:00</time>
      </trkpt>
      <trkpt lat="47.38414" lon="12.34583">
        <ele>1918</ele>
        <time>2026-05-12T21:58:39+00:00</time>
      </trkpt>
      <trkpt lat="47.38412" lon="12.34582">
        <ele>1918</ele>
        <time>2026-05-12T21:58:42+00:00</time>
      </trkpt>
      <trkpt lat="47.38406" lon="12.34578">
        <ele>1917</ele>
        <time>2026-05-12T21:58:45+00:00</time>
      </trkpt>
      <trkpt lat="47.38399" lon="12.34578">
        <ele>1918</ele>
        <time>2026-05-12T21:58:48+00:00</time>
      </trkpt>
      <trkpt lat="47.38398" lon="12.34579">
        <ele>1918</ele>
        <time>2026-05-12T21:58:51+00:00</time>
      </trkpt>
      <trkpt lat="47.38388" lon="12.34571">
        <ele>1919</ele>
        <time>2026-05-12T21:58:54+00:00</time>
      </trkpt>
      <trkpt lat="47.38381" lon="12.34566">
        <ele>1917</ele>
        <time>2026-05-12T21:58:57+00:00</time>
      </trkpt>
      <trkpt lat="47.38372" lon="12.34558">
        <ele>1916</ele>
        <time>2026-05-12T21:59:00+00:00</time>
      </trkpt>
      <trkpt lat="47.3837" lon="12.34552">
        <ele>1917</ele>
        <time>2026-05-12T21:59:03+00:00</time>
      </trkpt>
      <trkpt lat="47.38369" lon="12.3454">
        <ele>1914</ele>
        <time>2026-05-12T21:59:06+00:00</time>
      </trkpt>
      <trkpt lat="47.38367" lon="12.34532">
        <ele>1914</ele>
        <time>2026-05-12T21:59:09+00:00</time>
      </trkpt>
      <trkpt lat="47.38364" lon="12.34525">
        <ele>1912</ele>
        <time>2026-05-12T21:59:12+00:00</time>
      </trkpt>
      <trkpt lat="47.3836" lon="12.34521">
        <ele>1912</ele>
        <time>2026-05-12T21:59:15+00:00</time>
      </trkpt>
      <trkpt lat="47.38357" lon="12.34519">
        <ele>1912</ele>
        <time>2026-05-12T21:59:18+00:00</time>
      </trkpt>
      <trkpt lat="47.38352" lon="12.34518">
        <ele>1910</ele>
        <time>2026-05-12T21:59:21+00:00</time>
      </trkpt>
      <trkpt lat="47.3835" lon="12.34519">
        <ele>1910</ele>
        <time>2026-05-12T21:59:24+00:00</time>
      </trkpt>
      <trkpt lat="47.38348" lon="12.3452">
        <ele>1911</ele>
        <time>2026-05-12T21:59:27+00:00</time>
      </trkpt>
      <trkpt lat="47.38345" lon="12.34518">
        <ele>1911</ele>
        <time>2026-05-12T21:59:30+00:00</time>
      </trkpt>
      <trkpt lat="47.38343" lon="12.34518">
        <ele>1911</ele>
        <time>2026-05-12T21:59:33+00:00</time>
      </trkpt>
      <trkpt lat="47.3834" lon="12.34518">
        <ele>1911</ele>
        <time>2026-05-12T21:59:36+00:00</time>
      </trkpt>
      <trkpt lat="47.38336" lon="12.34518">
        <ele>1911</ele>
        <time>2026-05-12T21:59:39+00:00</time>
      </trkpt>
      <trkpt lat="47.38333" lon="12.34519">
        <ele>1911</ele>
        <time>2026-05-12T21:59:42+00:00</time>
      </trkpt>
      <trkpt lat="47.3833" lon="12.34524">
        <ele>1914</ele>
        <time>2026-05-12T21:59:45+00:00</time>
      </trkpt>
      <trkpt lat="47.38325" lon="12.34526">
        <ele>1912</ele>
        <time>2026-05-12T21:59:48+00:00</time>
      </trkpt>
      <trkpt lat="47.38322" lon="12.34526">
        <ele>1912</ele>
        <time>2026-05-12T21:59:51+00:00</time>
      </trkpt>
      <trkpt lat="47.3832" lon="12.34524">
        <ele>1910</ele>
        <time>2026-05-12T21:59:54+00:00</time>
      </trkpt>
      <trkpt lat="47.38317" lon="12.34523">
        <ele>1910</ele>
        <time>2026-05-12T21:59:57+00:00</time>
      </trkpt>
      <trkpt lat="47.38314" lon="12.34521">
        <ele>1910</ele>
        <time>2026-05-12T22:00:00+00:00</time>
      </trkpt>
      <trkpt lat="47.38308" lon="12.3452">
        <ele>1908</ele>
        <time>2026-05-12T22:00:03+00:00</time>
      </trkpt>
      <trkpt lat="47.38289" lon="12.34516">
        <ele>1901</ele>
        <time>2026-05-12T22:00:06+00:00</time>
      </trkpt>
      <trkpt lat="47.38271" lon="12.34512">
        <ele>1899</ele>
        <time>2026-05-12T22:00:09+00:00</time>
      </trkpt>
      <trkpt lat="47.38254" lon="12.34511">
        <ele>1896</ele>
        <time>2026-05-12T22:00:12+00:00</time>
      </trkpt>
      <trkpt lat="47.3824" lon="12.34512">
        <ele>1894</ele>
        <time>2026-05-12T22:00:15+00:00</time>
      </trkpt>
      <trkpt lat="47.38222" lon="12.34507">
        <ele>1888</ele>
        <time>2026-05-12T22:00:18+00:00</time>
      </trkpt>
      <trkpt lat="47.38208" lon="12.34503">
        <ele>1885</ele>
        <time>2026-05-12T22:00:21+00:00</time>
      </trkpt>
      <trkpt lat="47.38198" lon="12.345">
        <ele>1881</ele>
        <time>2026-05-12T22:00:24+00:00</time>
      </trkpt>
      <trkpt lat="47.38189" lon="12.34497">
        <ele>1880</ele>
        <time>2026-05-12T22:00:27+00:00</time>
      </trkpt>
      <trkpt lat="47.38179" lon="12.34495">
        <ele>1880</ele>
        <time>2026-05-12T22:00:30+00:00</time>
      </trkpt>
      <trkpt lat="47.3817" lon="12.34492">
        <ele>1879</ele>
        <time>2026-05-12T22:00:33+00:00</time>
      </trkpt>
      <trkpt lat="47.3816" lon="12.34489">
        <ele>1876</ele>
        <time>2026-05-12T22:00:36+00:00</time>
      </trkpt>
      <trkpt lat="47.38155" lon="12.34488">
        <ele>1876</ele>
        <time>2026-05-12T22:00:39+00:00</time>
      </trkpt>
      <trkpt lat="47.38152" lon="12.34488">
        <ele>1876</ele>
        <time>2026-05-12T22:00:42+00:00</time>
      </trkpt>
      <trkpt lat="47.38146" lon="12.34484">
        <ele>1875</ele>
        <time>2026-05-12T22:00:45+00:00</time>
      </trkpt>
      <trkpt lat="47.38136" lon="12.34482">
        <ele>1875</ele>
        <time>2026-05-12T22:00:48+00:00</time>
      </trkpt>
      <trkpt lat="47.38124" lon="12.3448">
        <ele>1874</ele>
        <time>2026-05-12T22:00:51+00:00</time>
      </trkpt>
      <trkpt lat="47.38116" lon="12.34481">
        <ele>1874</ele>
        <time>2026-05-12T22:00:54+00:00</time>
      </trkpt>
      <trkpt lat="47.38109" lon="12.34481">
        <ele>1873</ele>
        <time>2026-05-12T22:00:57+00:00</time>
      </trkpt>
      <trkpt lat="47.38101" lon="12.34482">
        <ele>1873</ele>
        <time>2026-05-12T22:01:00+00:00</time>
      </trkpt>
      <trkpt lat="47.38096" lon="12.34482">
        <ele>1873</ele>
        <time>2026-05-12T22:01:03+00:00</time>
      </trkpt>
      <trkpt lat="47.38071" lon="12.34482">
        <ele>1872</ele>
        <time>2026-05-12T22:01:06+00:00</time>
      </trkpt>
      <trkpt lat="47.38062" lon="12.34482">
        <ele>1872</ele>
        <time>2026-05-12T22:01:09+00:00</time>
      </trkpt>
      <trkpt lat="47.38052" lon="12.34481">
        <ele>1872</ele>
        <time>2026-05-12T22:01:12+00:00</time>
      </trkpt>
      <trkpt lat="47.38042" lon="12.34481">
        <ele>1872</ele>
        <time>2026-05-12T22:01:15+00:00</time>
      </trkpt>
      <trkpt lat="47.38029" lon="12.34481">
        <ele>1871</ele>
        <time>2026-05-12T22:01:18+00:00</time>
      </trkpt>
      <trkpt lat="47.38018" lon="12.3448">
        <ele>1871</ele>
        <time>2026-05-12T22:01:21+00:00</time>
      </trkpt>
      <trkpt lat="47.38009" lon="12.34481">
        <ele>1871</ele>
        <time>2026-05-12T22:01:24+00:00</time>
      </trkpt>
      <trkpt lat="47.37974" lon="12.34477">
        <ele>1869</ele>
        <time>2026-05-12T22:01:27+00:00</time>
      </trkpt>
      <trkpt lat="47.37958" lon="12.34474">
        <ele>1868</ele>
        <time>2026-05-12T22:01:30+00:00</time>
      </trkpt>
      <trkpt lat="47.37943" lon="12.34472">
        <ele>1867</ele>
        <time>2026-05-12T22:01:33+00:00</time>
      </trkpt>
      <trkpt lat="47.37934" lon="12.34469">
        <ele>1865</ele>
        <time>2026-05-12T22:01:36+00:00</time>
      </trkpt>
      <trkpt lat="47.37923" lon="12.34466">
        <ele>1865</ele>
        <time>2026-05-12T22:01:39+00:00</time>
      </trkpt>
      <trkpt lat="47.37908" lon="12.34458">
        <ele>1864</ele>
        <time>2026-05-12T22:01:42+00:00</time>
      </trkpt>
      <trkpt lat="47.37896" lon="12.34453">
        <ele>1864</ele>
        <time>2026-05-12T22:01:45+00:00</time>
      </trkpt>
      <trkpt lat="47.37886" lon="12.34452">
        <ele>1864</ele>
        <time>2026-05-12T22:01:48+00:00</time>
      </trkpt>
      <trkpt lat="47.37869" lon="12.34446">
        <ele>1861</ele>
        <time>2026-05-12T22:01:51+00:00</time>
      </trkpt>
      <trkpt lat="47.37862" lon="12.34443">
        <ele>1861</ele>
        <time>2026-05-12T22:01:54+00:00</time>
      </trkpt>
      <trkpt lat="47.37857" lon="12.34442">
        <ele>1862</ele>
        <time>2026-05-12T22:01:57+00:00</time>
      </trkpt>
      <trkpt lat="47.3784" lon="12.34436">
        <ele>1859</ele>
        <time>2026-05-12T22:02:00+00:00</time>
      </trkpt>
      <trkpt lat="47.37833" lon="12.34434">
        <ele>1859</ele>
        <time>2026-05-12T22:02:03+00:00</time>
      </trkpt>
      <trkpt lat="47.37825" lon="12.34434">
        <ele>1859</ele>
        <time>2026-05-12T22:02:06+00:00</time>
      </trkpt>
      <trkpt lat="47.37817" lon="12.34434">
        <ele>1859</ele>
        <time>2026-05-12T22:02:09+00:00</time>
      </trkpt>
      <trkpt lat="47.37808" lon="12.34434">
        <ele>1859</ele>
        <time>2026-05-12T22:02:12+00:00</time>
      </trkpt>
      <trkpt lat="47.37803" lon="12.34433">
        <ele>1859</ele>
        <time>2026-05-12T22:02:15+00:00</time>
      </trkpt>
      <trkpt lat="47.37796" lon="12.34431">
        <ele>1858</ele>
        <time>2026-05-12T22:02:18+00:00</time>
      </trkpt>
      <trkpt lat="47.37793" lon="12.3443">
        <ele>1857</ele>
        <time>2026-05-12T22:02:21+00:00</time>
      </trkpt>
      <trkpt lat="47.37789" lon="12.34428">
        <ele>1857</ele>
        <time>2026-05-12T22:02:24+00:00</time>
      </trkpt>
      <trkpt lat="47.37776" lon="12.34425">
        <ele>1857</ele>
        <time>2026-05-12T22:02:27+00:00</time>
      </trkpt>
      <trkpt lat="47.37768" lon="12.34423">
        <ele>1856</ele>
        <time>2026-05-12T22:02:30+00:00</time>
      </trkpt>
      <trkpt lat="47.37761" lon="12.34421">
        <ele>1856</ele>
        <time>2026-05-12T22:02:33+00:00</time>
      </trkpt>
      <trkpt lat="47.37754" lon="12.34418">
        <ele>1854</ele>
        <time>2026-05-12T22:02:36+00:00</time>
      </trkpt>
      <trkpt lat="47.3775" lon="12.34417">
        <ele>1854</ele>
        <time>2026-05-12T22:02:39+00:00</time>
      </trkpt>
      <trkpt lat="47.37743" lon="12.34417">
        <ele>1854</ele>
        <time>2026-05-12T22:02:42+00:00</time>
      </trkpt>
      <trkpt lat="47.37726" lon="12.34418">
        <ele>1853</ele>
        <time>2026-05-12T22:02:45+00:00</time>
      </trkpt>
      <trkpt lat="47.37711" lon="12.34418">
        <ele>1853</ele>
        <time>2026-05-12T22:02:48+00:00</time>
      </trkpt>
      <trkpt lat="47.37704" lon="12.34417">
        <ele>1853</ele>
        <time>2026-05-12T22:02:51+00:00</time>
      </trkpt>
      <trkpt lat="47.37693" lon="12.34415">
        <ele>1852</ele>
        <time>2026-05-12T22:02:54+00:00</time>
      </trkpt>
      <trkpt lat="47.37684" lon="12.34415">
        <ele>1852</ele>
        <time>2026-05-12T22:02:57+00:00</time>
      </trkpt>
      <trkpt lat="47.37678" lon="12.34417">
        <ele>1852</ele>
        <time>2026-05-12T22:03:00+00:00</time>
      </trkpt>
      <trkpt lat="47.3767" lon="12.34416">
        <ele>1852</ele>
        <time>2026-05-12T22:03:03+00:00</time>
      </trkpt>
      <trkpt lat="47.37664" lon="12.34415">
        <ele>1851</ele>
        <time>2026-05-12T22:03:06+00:00</time>
      </trkpt>
      <trkpt lat="47.37655" lon="12.3441">
        <ele>1849</ele>
        <time>2026-05-12T22:03:09+00:00</time>
      </trkpt>
      <trkpt lat="47.37646" lon="12.34416">
        <ele>1850</ele>
        <time>2026-05-12T22:03:12+00:00</time>
      </trkpt>
      <trkpt lat="47.37638" lon="12.34416">
        <ele>1850</ele>
        <time>2026-05-12T22:03:15+00:00</time>
      </trkpt>
      <trkpt lat="47.37632" lon="12.34417">
        <ele>1850</ele>
        <time>2026-05-12T22:03:18+00:00</time>
      </trkpt>
      <trkpt lat="47.37626" lon="12.34417">
        <ele>1850</ele>
        <time>2026-05-12T22:03:21+00:00</time>
      </trkpt>
      <trkpt lat="47.3762" lon="12.34418">
        <ele>1849</ele>
        <time>2026-05-12T22:03:24+00:00</time>
      </trkpt>
      <trkpt lat="47.37616" lon="12.3442">
        <ele>1850</ele>
        <time>2026-05-12T22:03:27+00:00</time>
      </trkpt>
      <trkpt lat="47.37612" lon="12.34421">
        <ele>1850</ele>
        <time>2026-05-12T22:03:30+00:00</time>
      </trkpt>
      <trkpt lat="47.37603" lon="12.34424">
        <ele>1850</ele>
        <time>2026-05-12T22:03:33+00:00</time>
      </trkpt>
      <trkpt lat="47.37595" lon="12.34419">
        <ele>1847</ele>
        <time>2026-05-12T22:03:36+00:00</time>
      </trkpt>
      <trkpt lat="47.37587" lon="12.34414">
        <ele>1846</ele>
        <time>2026-05-12T22:03:39+00:00</time>
      </trkpt>
      <trkpt lat="47.37579" lon="12.34411">
        <ele>1846</ele>
        <time>2026-05-12T22:03:42+00:00</time>
      </trkpt>
      <trkpt lat="47.37575" lon="12.34411">
        <ele>1846</ele>
        <time>2026-05-12T22:03:45+00:00</time>
      </trkpt>
      <trkpt lat="47.3757" lon="12.3441">
        <ele>1844</ele>
        <time>2026-05-12T22:03:48+00:00</time>
      </trkpt>
      <trkpt lat="47.37563" lon="12.34408">
        <ele>1843</ele>
        <time>2026-05-12T22:03:51+00:00</time>
      </trkpt>
      <trkpt lat="47.37553" lon="12.34407">
        <ele>1843</ele>
        <time>2026-05-12T22:03:54+00:00</time>
      </trkpt>
      <trkpt lat="47.37549" lon="12.34405">
        <ele>1843</ele>
        <time>2026-05-12T22:03:57+00:00</time>
      </trkpt>
      <trkpt lat="47.37547" lon="12.34402">
        <ele>1843</ele>
        <time>2026-05-12T22:04:00+00:00</time>
      </trkpt>
      <trkpt lat="47.37544" lon="12.344">
        <ele>1843</ele>
        <time>2026-05-12T22:04:03+00:00</time>
      </trkpt>
      <trkpt lat="47.37542" lon="12.34399">
        <ele>1841</ele>
        <time>2026-05-12T22:04:06+00:00</time>
      </trkpt>
      <trkpt lat="47.3754" lon="12.34396">
        <ele>1841</ele>
        <time>2026-05-12T22:04:09+00:00</time>
      </trkpt>
      <trkpt lat="47.37537" lon="12.34394">
        <ele>1841</ele>
        <time>2026-05-12T22:04:12+00:00</time>
      </trkpt>
      <trkpt lat="47.37534" lon="12.34392">
        <ele>1841</ele>
        <time>2026-05-12T22:04:15+00:00</time>
      </trkpt>
      <trkpt lat="47.37529" lon="12.34386">
        <ele>1839</ele>
        <time>2026-05-12T22:04:18+00:00</time>
      </trkpt>
      <trkpt lat="47.37526" lon="12.34381">
        <ele>1839</ele>
        <time>2026-05-12T22:04:21+00:00</time>
      </trkpt>
      <trkpt lat="47.3752" lon="12.34374">
        <ele>1837</ele>
        <time>2026-05-12T22:04:24+00:00</time>
      </trkpt>
      <trkpt lat="47.37517" lon="12.34369">
        <ele>1835</ele>
        <time>2026-05-12T22:04:27+00:00</time>
      </trkpt>
      <trkpt lat="47.37514" lon="12.34366">
        <ele>1835</ele>
        <time>2026-05-12T22:04:30+00:00</time>
      </trkpt>
      <trkpt lat="47.37507" lon="12.34364">
        <ele>1834</ele>
        <time>2026-05-12T22:04:33+00:00</time>
      </trkpt>
      <trkpt lat="47.37499" lon="12.34362">
        <ele>1833</ele>
        <time>2026-05-12T22:04:36+00:00</time>
      </trkpt>
      <trkpt lat="47.37493" lon="12.3436">
        <ele>1831</ele>
        <time>2026-05-12T22:04:39+00:00</time>
      </trkpt>
      <trkpt lat="47.37491" lon="12.34359">
        <ele>1831</ele>
        <time>2026-05-12T22:04:42+00:00</time>
      </trkpt>
      <trkpt lat="47.37488" lon="12.34356">
        <ele>1830</ele>
        <time>2026-05-12T22:04:45+00:00</time>
      </trkpt>
      <trkpt lat="47.37483" lon="12.34353">
        <ele>1830</ele>
        <time>2026-05-12T22:04:48+00:00</time>
      </trkpt>
      <trkpt lat="47.37468" lon="12.34346">
        <ele>1826</ele>
        <time>2026-05-12T22:04:51+00:00</time>
      </trkpt>
      <trkpt lat="47.37446" lon="12.34345">
        <ele>1824</ele>
        <time>2026-05-12T22:04:54+00:00</time>
      </trkpt>
      <trkpt lat="47.37434" lon="12.34347">
        <ele>1824</ele>
        <time>2026-05-12T22:04:57+00:00</time>
      </trkpt>
      <trkpt lat="47.37427" lon="12.34349">
        <ele>1824</ele>
        <time>2026-05-12T22:05:00+00:00</time>
      </trkpt>
      <trkpt lat="47.3742" lon="12.34351">
        <ele>1825</ele>
        <time>2026-05-12T22:05:03+00:00</time>
      </trkpt>
      <trkpt lat="47.37412" lon="12.34353">
        <ele>1825</ele>
        <time>2026-05-12T22:05:06+00:00</time>
      </trkpt>
      <trkpt lat="47.37403" lon="12.34354">
        <ele>1824</ele>
        <time>2026-05-12T22:05:09+00:00</time>
      </trkpt>
      <trkpt lat="47.37396" lon="12.34355">
        <ele>1824</ele>
        <time>2026-05-12T22:05:12+00:00</time>
      </trkpt>
      <trkpt lat="47.37389" lon="12.34359">
        <ele>1823</ele>
        <time>2026-05-12T22:05:15+00:00</time>
      </trkpt>
      <trkpt lat="47.37385" lon="12.34361">
        <ele>1824</ele>
        <time>2026-05-12T22:05:18+00:00</time>
      </trkpt>
      <trkpt lat="47.37379" lon="12.34365">
        <ele>1824</ele>
        <time>2026-05-12T22:05:21+00:00</time>
      </trkpt>
      <trkpt lat="47.37375" lon="12.34369">
        <ele>1824</ele>
        <time>2026-05-12T22:05:24+00:00</time>
      </trkpt>
      <trkpt lat="47.37371" lon="12.34372">
        <ele>1825</ele>
        <time>2026-05-12T22:05:27+00:00</time>
      </trkpt>
      <trkpt lat="47.37367" lon="12.34372">
        <ele>1826</ele>
        <time>2026-05-12T22:05:30+00:00</time>
      </trkpt>
      <trkpt lat="47.37363" lon="12.34371">
        <ele>1826</ele>
        <time>2026-05-12T22:05:33+00:00</time>
      </trkpt>
      <trkpt lat="47.37358" lon="12.34371">
        <ele>1827</ele>
        <time>2026-05-12T22:05:36+00:00</time>
      </trkpt>
      <trkpt lat="47.37347" lon="12.34368">
        <ele>1827</ele>
        <time>2026-05-12T22:05:39+00:00</time>
      </trkpt>
      <trkpt lat="47.37339" lon="12.34365">
        <ele>1828</ele>
        <time>2026-05-12T22:05:42+00:00</time>
      </trkpt>
      <trkpt lat="47.37336" lon="12.34363">
        <ele>1828</ele>
        <time>2026-05-12T22:05:45+00:00</time>
      </trkpt>
      <trkpt lat="47.37332" lon="12.34357">
        <ele>1828</ele>
        <time>2026-05-12T22:05:48+00:00</time>
      </trkpt>
      <trkpt lat="47.3733" lon="12.34356">
        <ele>1829</ele>
        <time>2026-05-12T22:05:51+00:00</time>
      </trkpt>
      <trkpt lat="47.37324" lon="12.34351">
        <ele>1829</ele>
        <time>2026-05-12T22:05:54+00:00</time>
      </trkpt>
      <trkpt lat="47.3732" lon="12.34348">
        <ele>1830</ele>
        <time>2026-05-12T22:05:57+00:00</time>
      </trkpt>
      <trkpt lat="47.37317" lon="12.34349">
        <ele>1830</ele>
        <time>2026-05-12T22:06:00+00:00</time>
      </trkpt>
      <trkpt lat="47.37315" lon="12.34348">
        <ele>1830</ele>
        <time>2026-05-12T22:06:03+00:00</time>
      </trkpt>
      <trkpt lat="47.37313" lon="12.34348">
        <ele>1830</ele>
        <time>2026-05-12T22:06:06+00:00</time>
      </trkpt>
      <trkpt lat="47.37308" lon="12.34345">
        <ele>1832</ele>
        <time>2026-05-12T22:06:09+00:00</time>
      </trkpt>
      <trkpt lat="47.37303" lon="12.34341">
        <ele>1832</ele>
        <time>2026-05-12T22:06:12+00:00</time>
      </trkpt>
      <trkpt lat="47.37296" lon="12.34337">
        <ele>1836</ele>
        <time>2026-05-12T22:06:15+00:00</time>
      </trkpt>
      <trkpt lat="47.37297" lon="12.3433">
        <ele>1836</ele>
        <time>2026-05-12T22:06:18+00:00</time>
      </trkpt>
      <trkpt lat="47.37298" lon="12.34323">
        <ele>1836</ele>
        <time>2026-05-12T22:06:21+00:00</time>
      </trkpt>
      <trkpt lat="47.37295" lon="12.34321">
        <ele>1836</ele>
        <time>2026-05-12T22:06:24+00:00</time>
      </trkpt>
      <trkpt lat="47.37291" lon="12.34319">
        <ele>1836</ele>
        <time>2026-05-12T22:06:27+00:00</time>
      </trkpt>
      <trkpt lat="47.37285" lon="12.34319">
        <ele>1840</ele>
        <time>2026-05-12T22:06:30+00:00</time>
      </trkpt>
      <trkpt lat="47.37277" lon="12.34317">
        <ele>1843</ele>
        <time>2026-05-12T22:06:33+00:00</time>
      </trkpt>
      <trkpt lat="47.37275" lon="12.3431">
        <ele>1843</ele>
        <time>2026-05-12T22:06:36+00:00</time>
      </trkpt>
      <trkpt lat="47.37273" lon="12.34305">
        <ele>1843</ele>
        <time>2026-05-12T22:06:39+00:00</time>
      </trkpt>
      <trkpt lat="47.37272" lon="12.34298">
        <ele>1842</ele>
        <time>2026-05-12T22:06:42+00:00</time>
      </trkpt>
      <trkpt lat="47.37267" lon="12.34298">
        <ele>1846</ele>
        <time>2026-05-12T22:06:45+00:00</time>
      </trkpt>
      <trkpt lat="47.3726" lon="12.34295">
        <ele>1846</ele>
        <time>2026-05-12T22:06:48+00:00</time>
      </trkpt>
      <trkpt lat="47.37258" lon="12.34295">
        <ele>1850</ele>
        <time>2026-05-12T22:06:51+00:00</time>
      </trkpt>
      <trkpt lat="47.37252" lon="12.34294">
        <ele>1850</ele>
        <time>2026-05-12T22:06:54+00:00</time>
      </trkpt>
      <trkpt lat="47.37245" lon="12.34293">
        <ele>1854</ele>
        <time>2026-05-12T22:06:57+00:00</time>
      </trkpt>
      <trkpt lat="47.37242" lon="12.34288">
        <ele>1854</ele>
        <time>2026-05-12T22:07:00+00:00</time>
      </trkpt>
      <trkpt lat="47.37241" lon="12.34285">
        <ele>1854</ele>
        <time>2026-05-12T22:07:03+00:00</time>
      </trkpt>
      <trkpt lat="47.37231" lon="12.34275">
        <ele>1858</ele>
        <time>2026-05-12T22:07:06+00:00</time>
      </trkpt>
      <trkpt lat="47.37229" lon="12.34263">
        <ele>1863</ele>
        <time>2026-05-12T22:07:09+00:00</time>
      </trkpt>
      <trkpt lat="47.37225" lon="12.3426">
        <ele>1864</ele>
        <time>2026-05-12T22:07:12+00:00</time>
      </trkpt>
      <trkpt lat="47.37218" lon="12.34255">
        <ele>1869</ele>
        <time>2026-05-12T22:07:15+00:00</time>
      </trkpt>
      <trkpt lat="47.37213" lon="12.34252">
        <ele>1869</ele>
        <time>2026-05-12T22:07:18+00:00</time>
      </trkpt>
      <trkpt lat="47.3721" lon="12.34247">
        <ele>1874</ele>
        <time>2026-05-12T22:07:21+00:00</time>
      </trkpt>
      <trkpt lat="47.37202" lon="12.34244">
        <ele>1874</ele>
        <time>2026-05-12T22:07:24+00:00</time>
      </trkpt>
      <trkpt lat="47.37193" lon="12.34233">
        <ele>1880</ele>
        <time>2026-05-12T22:07:27+00:00</time>
      </trkpt>
      <trkpt lat="47.37184" lon="12.34228">
        <ele>1886</ele>
        <time>2026-05-12T22:07:30+00:00</time>
      </trkpt>
      <trkpt lat="47.37184" lon="12.34223">
        <ele>1886</ele>
        <time>2026-05-12T22:07:33+00:00</time>
      </trkpt>
      <trkpt lat="47.37183" lon="12.34219">
        <ele>1886</ele>
        <time>2026-05-12T22:07:36+00:00</time>
      </trkpt>
      <trkpt lat="47.37181" lon="12.3421">
        <ele>1886</ele>
        <time>2026-05-12T22:07:39+00:00</time>
      </trkpt>
      <trkpt lat="47.37179" lon="12.342">
        <ele>1892</ele>
        <time>2026-05-12T22:07:42+00:00</time>
      </trkpt>
      <trkpt lat="47.37176" lon="12.34201">
        <ele>1892</ele>
        <time>2026-05-12T22:07:45+00:00</time>
      </trkpt>
      <trkpt lat="47.37172" lon="12.34202">
        <ele>1892</ele>
        <time>2026-05-12T22:07:48+00:00</time>
      </trkpt>
      <trkpt lat="47.37168" lon="12.34205">
        <ele>1897</ele>
        <time>2026-05-12T22:07:51+00:00</time>
      </trkpt>
      <trkpt lat="47.37167" lon="12.34201">
        <ele>1897</ele>
        <time>2026-05-12T22:07:54+00:00</time>
      </trkpt>
      <trkpt lat="47.37166" lon="12.34198">
        <ele>1897</ele>
        <time>2026-05-12T22:07:57+00:00</time>
      </trkpt>
      <trkpt lat="47.37165" lon="12.34194">
        <ele>1897</ele>
        <time>2026-05-12T22:08:00+00:00</time>
      </trkpt>
      <trkpt lat="47.37164" lon="12.34195">
        <ele>1897</ele>
        <time>2026-05-12T22:08:03+00:00</time>
      </trkpt>
      <trkpt lat="47.37162" lon="12.34194">
        <ele>1897</ele>
        <time>2026-05-12T22:08:06+00:00</time>
      </trkpt>
      <trkpt lat="47.37159" lon="12.34196">
        <ele>1902</ele>
        <time>2026-05-12T22:08:09+00:00</time>
      </trkpt>
      <trkpt lat="47.37157" lon="12.34197">
        <ele>1902</ele>
        <time>2026-05-12T22:08:12+00:00</time>
      </trkpt>
      <trkpt lat="47.37153" lon="12.34187">
        <ele>1903</ele>
        <time>2026-05-12T22:08:15+00:00</time>
      </trkpt>
      <trkpt lat="47.37151" lon="12.34181">
        <ele>1903</ele>
        <time>2026-05-12T22:08:18+00:00</time>
      </trkpt>
      <trkpt lat="47.37149" lon="12.34178">
        <ele>1907</ele>
        <time>2026-05-12T22:08:21+00:00</time>
      </trkpt>
      <trkpt lat="47.37147" lon="12.34175">
        <ele>1907</ele>
        <time>2026-05-12T22:08:24+00:00</time>
      </trkpt>
      <trkpt lat="47.37146" lon="12.34173">
        <ele>1907</ele>
        <time>2026-05-12T22:08:27+00:00</time>
      </trkpt>
      <trkpt lat="47.37144" lon="12.34171">
        <ele>1907</ele>
        <time>2026-05-12T22:08:30+00:00</time>
      </trkpt>
      <trkpt lat="47.37142" lon="12.34171">
        <ele>1907</ele>
        <time>2026-05-12T22:08:33+00:00</time>
      </trkpt>
      <trkpt lat="47.37141" lon="12.34169">
        <ele>1905</ele>
        <time>2026-05-12T22:08:36+00:00</time>
      </trkpt>
      <trkpt lat="47.37138" lon="12.34168">
        <ele>1910</ele>
        <time>2026-05-12T22:08:39+00:00</time>
      </trkpt>
      <trkpt lat="47.37132" lon="12.34167">
        <ele>1910</ele>
        <time>2026-05-12T22:08:42+00:00</time>
      </trkpt>
      <trkpt lat="47.3713" lon="12.34166">
        <ele>1915</ele>
        <time>2026-05-12T22:08:45+00:00</time>
      </trkpt>
      <trkpt lat="47.37126" lon="12.34164">
        <ele>1915</ele>
        <time>2026-05-12T22:08:48+00:00</time>
      </trkpt>
      <trkpt lat="47.37124" lon="12.34163">
        <ele>1915</ele>
        <time>2026-05-12T22:08:51+00:00</time>
      </trkpt>
      <trkpt lat="47.37122" lon="12.34162">
        <ele>1915</ele>
        <time>2026-05-12T22:08:54+00:00</time>
      </trkpt>
      <trkpt lat="47.3712" lon="12.34159">
        <ele>1918</ele>
        <time>2026-05-12T22:08:57+00:00</time>
      </trkpt>
      <trkpt lat="47.37117" lon="12.34156">
        <ele>1918</ele>
        <time>2026-05-12T22:09:00+00:00</time>
      </trkpt>
      <trkpt lat="47.37115" lon="12.34157">
        <ele>1918</ele>
        <time>2026-05-12T22:09:03+00:00</time>
      </trkpt>
      <trkpt lat="47.37111" lon="12.34162">
        <ele>1919</ele>
        <time>2026-05-12T22:09:06+00:00</time>
      </trkpt>
      <trkpt lat="47.37107" lon="12.34167">
        <ele>1924</ele>
        <time>2026-05-12T22:09:09+00:00</time>
      </trkpt>
      <trkpt lat="47.37104" lon="12.34164">
        <ele>1924</ele>
        <time>2026-05-12T22:09:12+00:00</time>
      </trkpt>
      <trkpt lat="47.371" lon="12.34161">
        <ele>1924</ele>
        <time>2026-05-12T22:09:15+00:00</time>
      </trkpt>
      <trkpt lat="47.37095" lon="12.34157">
        <ele>1924</ele>
        <time>2026-05-12T22:09:18+00:00</time>
      </trkpt>
      <trkpt lat="47.37095" lon="12.34153">
        <ele>1924</ele>
        <time>2026-05-12T22:09:21+00:00</time>
      </trkpt>
      <trkpt lat="47.37095" lon="12.34151">
        <ele>1924</ele>
        <time>2026-05-12T22:09:24+00:00</time>
      </trkpt>
      <trkpt lat="47.37095" lon="12.34148">
        <ele>1922</ele>
        <time>2026-05-12T22:09:27+00:00</time>
      </trkpt>
      <trkpt lat="47.37094" lon="12.34147">
        <ele>1922</ele>
        <time>2026-05-12T22:09:30+00:00</time>
      </trkpt>
      <trkpt lat="47.37092" lon="12.34147">
        <ele>1922</ele>
        <time>2026-05-12T22:09:33+00:00</time>
      </trkpt>
      <trkpt lat="47.37087" lon="12.34151">
        <ele>1926</ele>
        <time>2026-05-12T22:09:36+00:00</time>
      </trkpt>
      <trkpt lat="47.37084" lon="12.34154">
        <ele>1926</ele>
        <time>2026-05-12T22:09:39+00:00</time>
      </trkpt>
      <trkpt lat="47.37081" lon="12.34155">
        <ele>1926</ele>
        <time>2026-05-12T22:09:42+00:00</time>
      </trkpt>
      <trkpt lat="47.37078" lon="12.34157">
        <ele>1928</ele>
        <time>2026-05-12T22:09:45+00:00</time>
      </trkpt>
      <trkpt lat="47.37075" lon="12.3416">
        <ele>1928</ele>
        <time>2026-05-12T22:09:48+00:00</time>
      </trkpt>
      <trkpt lat="47.37072" lon="12.34155">
        <ele>1928</ele>
        <time>2026-05-12T22:09:51+00:00</time>
      </trkpt>
      <trkpt lat="47.3707" lon="12.34151">
        <ele>1928</ele>
        <time>2026-05-12T22:09:54+00:00</time>
      </trkpt>
      <trkpt lat="47.37067" lon="12.34151">
        <ele>1930</ele>
        <time>2026-05-12T22:09:57+00:00</time>
      </trkpt>
      <trkpt lat="47.37063" lon="12.34152">
        <ele>1930</ele>
        <time>2026-05-12T22:10:00+00:00</time>
      </trkpt>
      <trkpt lat="47.37057" lon="12.34153">
        <ele>1931</ele>
        <time>2026-05-12T22:10:03+00:00</time>
      </trkpt>
      <trkpt lat="47.3705" lon="12.34153">
        <ele>1931</ele>
        <time>2026-05-12T22:10:06+00:00</time>
      </trkpt>
      <trkpt lat="47.37048" lon="12.34153">
        <ele>1933</ele>
        <time>2026-05-12T22:10:09+00:00</time>
      </trkpt>
      <trkpt lat="47.37037" lon="12.34155">
        <ele>1935</ele>
        <time>2026-05-12T22:10:12+00:00</time>
      </trkpt>
      <trkpt lat="47.37031" lon="12.34163">
        <ele>1938</ele>
        <time>2026-05-12T22:10:15+00:00</time>
      </trkpt>
      <trkpt lat="47.37028" lon="12.34168">
        <ele>1937</ele>
        <time>2026-05-12T22:10:18+00:00</time>
      </trkpt>
      <trkpt lat="47.37025" lon="12.34173">
        <ele>1940</ele>
        <time>2026-05-12T22:10:21+00:00</time>
      </trkpt>
      <trkpt lat="47.3702" lon="12.34179">
        <ele>1940</ele>
        <time>2026-05-12T22:10:24+00:00</time>
      </trkpt>
      <trkpt lat="47.37015" lon="12.34188">
        <ele>1942</ele>
        <time>2026-05-12T22:10:27+00:00</time>
      </trkpt>
      <trkpt lat="47.37011" lon="12.34193">
        <ele>1943</ele>
        <time>2026-05-12T22:10:30+00:00</time>
      </trkpt>
      <trkpt lat="47.37009" lon="12.34196">
        <ele>1943</ele>
        <time>2026-05-12T22:10:33+00:00</time>
      </trkpt>
      <trkpt lat="47.37005" lon="12.34202">
        <ele>1945</ele>
        <time>2026-05-12T22:10:36+00:00</time>
      </trkpt>
      <trkpt lat="47.37002" lon="12.34205">
        <ele>1945</ele>
        <time>2026-05-12T22:10:39+00:00</time>
      </trkpt>
      <trkpt lat="47.37" lon="12.34207">
        <ele>1945</ele>
        <time>2026-05-12T22:10:42+00:00</time>
      </trkpt>
      <trkpt lat="47.36999" lon="12.34208">
        <ele>1945</ele>
        <time>2026-05-12T22:10:45+00:00</time>
      </trkpt>
      <trkpt lat="47.36993" lon="12.34213">
        <ele>1947</ele>
        <time>2026-05-12T22:10:48+00:00</time>
      </trkpt>
      <trkpt lat="47.36988" lon="12.34219">
        <ele>1947</ele>
        <time>2026-05-12T22:10:51+00:00</time>
      </trkpt>
      <trkpt lat="47.36983" lon="12.34223">
        <ele>1950</ele>
        <time>2026-05-12T22:10:54+00:00</time>
      </trkpt>
      <trkpt lat="47.36978" lon="12.34226">
        <ele>1951</ele>
        <time>2026-05-12T22:10:57+00:00</time>
      </trkpt>
      <trkpt lat="47.36971" lon="12.34235">
        <ele>1954</ele>
        <time>2026-05-12T22:11:00+00:00</time>
      </trkpt>
      <trkpt lat="47.36967" lon="12.34238">
        <ele>1955</ele>
        <time>2026-05-12T22:11:03+00:00</time>
      </trkpt>
      <trkpt lat="47.36961" lon="12.34244">
        <ele>1958</ele>
        <time>2026-05-12T22:11:06+00:00</time>
      </trkpt>
      <trkpt lat="47.36957" lon="12.34248">
        <ele>1956</ele>
        <time>2026-05-12T22:11:09+00:00</time>
      </trkpt>
      <trkpt lat="47.36953" lon="12.34252">
        <ele>1959</ele>
        <time>2026-05-12T22:11:12+00:00</time>
      </trkpt>
      <trkpt lat="47.36948" lon="12.34256">
        <ele>1958</ele>
        <time>2026-05-12T22:11:15+00:00</time>
      </trkpt>
      <trkpt lat="47.36939" lon="12.34267">
        <ele>1958</ele>
        <time>2026-05-12T22:11:18+00:00</time>
      </trkpt>
      <trkpt lat="47.36929" lon="12.34275">
        <ele>1959</ele>
        <time>2026-05-12T22:11:21+00:00</time>
      </trkpt>
      <trkpt lat="47.36924" lon="12.34281">
        <ele>1962</ele>
        <time>2026-05-12T22:11:24+00:00</time>
      </trkpt>
      <trkpt lat="47.36921" lon="12.34285">
        <ele>1962</ele>
        <time>2026-05-12T22:11:27+00:00</time>
      </trkpt>
      <trkpt lat="47.36918" lon="12.34288">
        <ele>1962</ele>
        <time>2026-05-12T22:11:30+00:00</time>
      </trkpt>
      <trkpt lat="47.36909" lon="12.34298">
        <ele>1965</ele>
        <time>2026-05-12T22:11:33+00:00</time>
      </trkpt>
      <trkpt lat="47.36906" lon="12.34301">
        <ele>1969</ele>
        <time>2026-05-12T22:11:36+00:00</time>
      </trkpt>
      <trkpt lat="47.36901" lon="12.34306">
        <ele>1969</ele>
        <time>2026-05-12T22:11:39+00:00</time>
      </trkpt>
      <trkpt lat="47.36889" lon="12.34322">
        <ele>1974</ele>
        <time>2026-05-12T22:11:42+00:00</time>
      </trkpt>
      <trkpt lat="47.36881" lon="12.34329">
        <ele>1974</ele>
        <time>2026-05-12T22:11:45+00:00</time>
      </trkpt>
      <trkpt lat="47.36876" lon="12.34333">
        <ele>1976</ele>
        <time>2026-05-12T22:11:48+00:00</time>
      </trkpt>
      <trkpt lat="47.36869" lon="12.34338">
        <ele>1975</ele>
        <time>2026-05-12T22:11:51+00:00</time>
      </trkpt>
      <trkpt lat="47.36859" lon="12.34346">
        <ele>1978</ele>
        <time>2026-05-12T22:11:54+00:00</time>
      </trkpt>
      <trkpt lat="47.36855" lon="12.34345">
        <ele>1978</ele>
        <time>2026-05-12T22:11:57+00:00</time>
      </trkpt>
      <trkpt lat="47.3685" lon="12.34346">
        <ele>1978</ele>
        <time>2026-05-12T22:12:00+00:00</time>
      </trkpt>
      <trkpt lat="47.36848" lon="12.34347">
        <ele>1978</ele>
        <time>2026-05-12T22:12:03+00:00</time>
      </trkpt>
      <trkpt lat="47.3684" lon="12.3436">
        <ele>1987</ele>
        <time>2026-05-12T22:12:06+00:00</time>
      </trkpt>
      <trkpt lat="47.36836" lon="12.34364">
        <ele>1987</ele>
        <time>2026-05-12T22:12:09+00:00</time>
      </trkpt>
      <trkpt lat="47.36834" lon="12.34366">
        <ele>1987</ele>
        <time>2026-05-12T22:12:12+00:00</time>
      </trkpt>
      <trkpt lat="47.36829" lon="12.3437">
        <ele>1992</ele>
        <time>2026-05-12T22:12:15+00:00</time>
      </trkpt>
      <trkpt lat="47.36826" lon="12.34371">
        <ele>1992</ele>
        <time>2026-05-12T22:12:18+00:00</time>
      </trkpt>
      <trkpt lat="47.36821" lon="12.34376">
        <ele>1992</ele>
        <time>2026-05-12T22:12:21+00:00</time>
      </trkpt>
      <trkpt lat="47.36817" lon="12.3438">
        <ele>1990</ele>
        <time>2026-05-12T22:12:24+00:00</time>
      </trkpt>
      <trkpt lat="47.36813" lon="12.3438">
        <ele>1995</ele>
        <time>2026-05-12T22:12:27+00:00</time>
      </trkpt>
      <trkpt lat="47.3681" lon="12.34381">
        <ele>1993</ele>
        <time>2026-05-12T22:12:30+00:00</time>
      </trkpt>
      <trkpt lat="47.36802" lon="12.34385">
        <ele>1993</ele>
        <time>2026-05-12T22:12:33+00:00</time>
      </trkpt>
      <trkpt lat="47.36799" lon="12.34384">
        <ele>1992</ele>
        <time>2026-05-12T22:12:36+00:00</time>
      </trkpt>
      <trkpt lat="47.36795" lon="12.34384">
        <ele>1989</ele>
        <time>2026-05-12T22:12:39+00:00</time>
      </trkpt>
      <trkpt lat="47.36787" lon="12.34384">
        <ele>1990</ele>
        <time>2026-05-12T22:12:42+00:00</time>
      </trkpt>
      <trkpt lat="47.36779" lon="12.34383">
        <ele>1988</ele>
        <time>2026-05-12T22:12:45+00:00</time>
      </trkpt>
      <trkpt lat="47.36773" lon="12.34383">
        <ele>1988</ele>
        <time>2026-05-12T22:12:48+00:00</time>
      </trkpt>
      <trkpt lat="47.36765" lon="12.34384">
        <ele>1986</ele>
        <time>2026-05-12T22:12:51+00:00</time>
      </trkpt>
      <trkpt lat="47.36756" lon="12.34379">
        <ele>1977</ele>
        <time>2026-05-12T22:12:54+00:00</time>
      </trkpt>
      <trkpt lat="47.36748" lon="12.34373">
        <ele>1974</ele>
        <time>2026-05-12T22:12:57+00:00</time>
      </trkpt>
      <trkpt lat="47.36743" lon="12.34371">
        <ele>1974</ele>
        <time>2026-05-12T22:13:00+00:00</time>
      </trkpt>
      <trkpt lat="47.36739" lon="12.34369">
        <ele>1965</ele>
        <time>2026-05-12T22:13:03+00:00</time>
      </trkpt>
      <trkpt lat="47.36736" lon="12.34367">
        <ele>1965</ele>
        <time>2026-05-12T22:13:06+00:00</time>
      </trkpt>
      <trkpt lat="47.36731" lon="12.34365">
        <ele>1965</ele>
        <time>2026-05-12T22:13:09+00:00</time>
      </trkpt>
      <trkpt lat="47.36724" lon="12.34363">
        <ele>1962</ele>
        <time>2026-05-12T22:13:12+00:00</time>
      </trkpt>
      <trkpt lat="47.36716" lon="12.3436">
        <ele>1954</ele>
        <time>2026-05-12T22:13:15+00:00</time>
      </trkpt>
      <trkpt lat="47.36705" lon="12.34355">
        <ele>1952</ele>
        <time>2026-05-12T22:13:18+00:00</time>
      </trkpt>
      <trkpt lat="47.367" lon="12.34352">
        <ele>1952</ele>
        <time>2026-05-12T22:13:21+00:00</time>
      </trkpt>
      <trkpt lat="47.36693" lon="12.34348">
        <ele>1944</ele>
        <time>2026-05-12T22:13:24+00:00</time>
      </trkpt>
      <trkpt lat="47.3669" lon="12.34349">
        <ele>1942</ele>
        <time>2026-05-12T22:13:27+00:00</time>
      </trkpt>
      <trkpt lat="47.36685" lon="12.3435">
        <ele>1942</ele>
        <time>2026-05-12T22:13:30+00:00</time>
      </trkpt>
      <trkpt lat="47.3668" lon="12.34349">
        <ele>1939</ele>
        <time>2026-05-12T22:13:33+00:00</time>
      </trkpt>
      <trkpt lat="47.36673" lon="12.34347">
        <ele>1939</ele>
        <time>2026-05-12T22:13:36+00:00</time>
      </trkpt>
      <trkpt lat="47.3667" lon="12.34346">
        <ele>1939</ele>
        <time>2026-05-12T22:13:39+00:00</time>
      </trkpt>
      <trkpt lat="47.36666" lon="12.34345">
        <ele>1937</ele>
        <time>2026-05-12T22:13:42+00:00</time>
      </trkpt>
      <trkpt lat="47.36662" lon="12.34347">
        <ele>1937</ele>
        <time>2026-05-12T22:13:45+00:00</time>
      </trkpt>
      <trkpt lat="47.36657" lon="12.34346">
        <ele>1935</ele>
        <time>2026-05-12T22:13:48+00:00</time>
      </trkpt>
      <trkpt lat="47.36652" lon="12.34339">
        <ele>1931</ele>
        <time>2026-05-12T22:13:51+00:00</time>
      </trkpt>
      <trkpt lat="47.36647" lon="12.34337">
        <ele>1929</ele>
        <time>2026-05-12T22:13:54+00:00</time>
      </trkpt>
      <trkpt lat="47.36645" lon="12.34334">
        <ele>1929</ele>
        <time>2026-05-12T22:13:57+00:00</time>
      </trkpt>
      <trkpt lat="47.36643" lon="12.34333">
        <ele>1929</ele>
        <time>2026-05-12T22:14:00+00:00</time>
      </trkpt>
      <trkpt lat="47.36637" lon="12.34334">
        <ele>1927</ele>
        <time>2026-05-12T22:14:03+00:00</time>
      </trkpt>
      <trkpt lat="47.36633" lon="12.34333">
        <ele>1927</ele>
        <time>2026-05-12T22:14:06+00:00</time>
      </trkpt>
      <trkpt lat="47.36631" lon="12.34334">
        <ele>1927</ele>
        <time>2026-05-12T22:14:09+00:00</time>
      </trkpt>
      <trkpt lat="47.36626" lon="12.34335">
        <ele>1925</ele>
        <time>2026-05-12T22:14:12+00:00</time>
      </trkpt>
      <trkpt lat="47.36624" lon="12.34333">
        <ele>1925</ele>
        <time>2026-05-12T22:14:15+00:00</time>
      </trkpt>
      <trkpt lat="47.36621" lon="12.34328">
        <ele>1922</ele>
        <time>2026-05-12T22:14:18+00:00</time>
      </trkpt>
      <trkpt lat="47.36616" lon="12.34323">
        <ele>1919</ele>
        <time>2026-05-12T22:14:21+00:00</time>
      </trkpt>
      <trkpt lat="47.36614" lon="12.34323">
        <ele>1919</ele>
        <time>2026-05-12T22:14:24+00:00</time>
      </trkpt>
      <trkpt lat="47.3661" lon="12.34325">
        <ele>1919</ele>
        <time>2026-05-12T22:14:27+00:00</time>
      </trkpt>
      <trkpt lat="47.36607" lon="12.34326">
        <ele>1917</ele>
        <time>2026-05-12T22:14:30+00:00</time>
      </trkpt>
      <trkpt lat="47.36604" lon="12.34327">
        <ele>1917</ele>
        <time>2026-05-12T22:14:33+00:00</time>
      </trkpt>
      <trkpt lat="47.36601" lon="12.34328">
        <ele>1917</ele>
        <time>2026-05-12T22:14:36+00:00</time>
      </trkpt>
      <trkpt lat="47.36599" lon="12.34327">
        <ele>1914</ele>
        <time>2026-05-12T22:14:39+00:00</time>
      </trkpt>
      <trkpt lat="47.36597" lon="12.34325">
        <ele>1914</ele>
        <time>2026-05-12T22:14:42+00:00</time>
      </trkpt>
      <trkpt lat="47.36595" lon="12.34324">
        <ele>1914</ele>
        <time>2026-05-12T22:14:45+00:00</time>
      </trkpt>
      <trkpt lat="47.36593" lon="12.34324">
        <ele>1914</ele>
        <time>2026-05-12T22:14:48+00:00</time>
      </trkpt>
      <trkpt lat="47.36591" lon="12.34323">
        <ele>1914</ele>
        <time>2026-05-12T22:14:51+00:00</time>
      </trkpt>
      <trkpt lat="47.36589" lon="12.34323">
        <ele>1911</ele>
        <time>2026-05-12T22:14:54+00:00</time>
      </trkpt>
      <trkpt lat="47.36586" lon="12.34324">
        <ele>1911</ele>
        <time>2026-05-12T22:14:57+00:00</time>
      </trkpt>
      <trkpt lat="47.36586" lon="12.34322">
        <ele>1911</ele>
        <time>2026-05-12T22:15:00+00:00</time>
      </trkpt>
      <trkpt lat="47.36581" lon="12.34319">
        <ele>1908</ele>
        <time>2026-05-12T22:15:03+00:00</time>
      </trkpt>
      <trkpt lat="47.36578" lon="12.34319">
        <ele>1906</ele>
        <time>2026-05-12T22:15:06+00:00</time>
      </trkpt>
      <trkpt lat="47.36577" lon="12.34316">
        <ele>1906</ele>
        <time>2026-05-12T22:15:09+00:00</time>
      </trkpt>
      <trkpt lat="47.36573" lon="12.34314">
        <ele>1906</ele>
        <time>2026-05-12T22:15:12+00:00</time>
      </trkpt>
      <trkpt lat="47.36567" lon="12.34311">
        <ele>1903</ele>
        <time>2026-05-12T22:15:15+00:00</time>
      </trkpt>
      <trkpt lat="47.36564" lon="12.34309">
        <ele>1899</ele>
        <time>2026-05-12T22:15:18+00:00</time>
      </trkpt>
      <trkpt lat="47.36563" lon="12.34307">
        <ele>1899</ele>
        <time>2026-05-12T22:15:21+00:00</time>
      </trkpt>
      <trkpt lat="47.3656" lon="12.34307">
        <ele>1899</ele>
        <time>2026-05-12T22:15:24+00:00</time>
      </trkpt>
      <trkpt lat="47.36558" lon="12.34311">
        <ele>1901</ele>
        <time>2026-05-12T22:15:27+00:00</time>
      </trkpt>
      <trkpt lat="47.36555" lon="12.34307">
        <ele>1896</ele>
        <time>2026-05-12T22:15:30+00:00</time>
      </trkpt>
      <trkpt lat="47.36545" lon="12.34306">
        <ele>1892</ele>
        <time>2026-05-12T22:15:33+00:00</time>
      </trkpt>
      <trkpt lat="47.36543" lon="12.34303">
        <ele>1892</ele>
        <time>2026-05-12T22:15:36+00:00</time>
      </trkpt>
      <trkpt lat="47.36541" lon="12.34302">
        <ele>1892</ele>
        <time>2026-05-12T22:15:39+00:00</time>
      </trkpt>
      <trkpt lat="47.36539" lon="12.34301">
        <ele>1888</ele>
        <time>2026-05-12T22:15:42+00:00</time>
      </trkpt>
      <trkpt lat="47.36535" lon="12.34303">
        <ele>1888</ele>
        <time>2026-05-12T22:15:45+00:00</time>
      </trkpt>
      <trkpt lat="47.36533" lon="12.34302">
        <ele>1888</ele>
        <time>2026-05-12T22:15:48+00:00</time>
      </trkpt>
      <trkpt lat="47.36531" lon="12.343">
        <ele>1884</ele>
        <time>2026-05-12T22:15:51+00:00</time>
      </trkpt>
      <trkpt lat="47.36532" lon="12.34296">
        <ele>1884</ele>
        <time>2026-05-12T22:15:54+00:00</time>
      </trkpt>
      <trkpt lat="47.36529" lon="12.34292">
        <ele>1881</ele>
        <time>2026-05-12T22:15:57+00:00</time>
      </trkpt>
      <trkpt lat="47.36526" lon="12.3429">
        <ele>1877</ele>
        <time>2026-05-12T22:16:00+00:00</time>
      </trkpt>
      <trkpt lat="47.36524" lon="12.3429">
        <ele>1881</ele>
        <time>2026-05-12T22:16:03+00:00</time>
      </trkpt>
      <trkpt lat="47.36523" lon="12.34288">
        <ele>1877</ele>
        <time>2026-05-12T22:16:06+00:00</time>
      </trkpt>
      <trkpt lat="47.3652" lon="12.34289">
        <ele>1873</ele>
        <time>2026-05-12T22:16:09+00:00</time>
      </trkpt>
      <trkpt lat="47.36517" lon="12.34288">
        <ele>1873</ele>
        <time>2026-05-12T22:16:12+00:00</time>
      </trkpt>
      <trkpt lat="47.36514" lon="12.34288">
        <ele>1873</ele>
        <time>2026-05-12T22:16:15+00:00</time>
      </trkpt>
      <trkpt lat="47.36513" lon="12.34285">
        <ele>1873</ele>
        <time>2026-05-12T22:16:18+00:00</time>
      </trkpt>
      <trkpt lat="47.36511" lon="12.34284">
        <ele>1873</ele>
        <time>2026-05-12T22:16:21+00:00</time>
      </trkpt>
      <trkpt lat="47.36509" lon="12.34283">
        <ele>1870</ele>
        <time>2026-05-12T22:16:24+00:00</time>
      </trkpt>
      <trkpt lat="47.36506" lon="12.34282">
        <ele>1870</ele>
        <time>2026-05-12T22:16:27+00:00</time>
      </trkpt>
      <trkpt lat="47.36502" lon="12.34281">
        <ele>1870</ele>
        <time>2026-05-12T22:16:30+00:00</time>
      </trkpt>
      <trkpt lat="47.36501" lon="12.34275">
        <ele>1867</ele>
        <time>2026-05-12T22:16:33+00:00</time>
      </trkpt>
      <trkpt lat="47.36501" lon="12.34268">
        <ele>1863</ele>
        <time>2026-05-12T22:16:36+00:00</time>
      </trkpt>
      <trkpt lat="47.36499" lon="12.34259">
        <ele>1857</ele>
        <time>2026-05-12T22:16:39+00:00</time>
      </trkpt>
      <trkpt lat="47.36496" lon="12.34257">
        <ele>1857</ele>
        <time>2026-05-12T22:16:42+00:00</time>
      </trkpt>
      <trkpt lat="47.36493" lon="12.34257">
        <ele>1857</ele>
        <time>2026-05-12T22:16:45+00:00</time>
      </trkpt>
      <trkpt lat="47.36487" lon="12.34253">
        <ele>1855</ele>
        <time>2026-05-12T22:16:48+00:00</time>
      </trkpt>
      <trkpt lat="47.36482" lon="12.34256">
        <ele>1855</ele>
        <time>2026-05-12T22:16:51+00:00</time>
      </trkpt>
      <trkpt lat="47.36478" lon="12.34258">
        <ele>1851</ele>
        <time>2026-05-12T22:16:54+00:00</time>
      </trkpt>
      <trkpt lat="47.36476" lon="12.34261">
        <ele>1853</ele>
        <time>2026-05-12T22:16:57+00:00</time>
      </trkpt>
      <trkpt lat="47.36474" lon="12.34261">
        <ele>1853</ele>
        <time>2026-05-12T22:17:00+00:00</time>
      </trkpt>
      <trkpt lat="47.36472" lon="12.34258">
        <ele>1851</ele>
        <time>2026-05-12T22:17:03+00:00</time>
      </trkpt>
      <trkpt lat="47.36467" lon="12.34255">
        <ele>1847</ele>
        <time>2026-05-12T22:17:06+00:00</time>
      </trkpt>
      <trkpt lat="47.36463" lon="12.34254">
        <ele>1847</ele>
        <time>2026-05-12T22:17:09+00:00</time>
      </trkpt>
      <trkpt lat="47.36457" lon="12.34252">
        <ele>1844</ele>
        <time>2026-05-12T22:17:12+00:00</time>
      </trkpt>
      <trkpt lat="47.36454" lon="12.34249">
        <ele>1841</ele>
        <time>2026-05-12T22:17:15+00:00</time>
      </trkpt>
      <trkpt lat="47.36453" lon="12.34246">
        <ele>1841</ele>
        <time>2026-05-12T22:17:18+00:00</time>
      </trkpt>
      <trkpt lat="47.36452" lon="12.34244">
        <ele>1841</ele>
        <time>2026-05-12T22:17:21+00:00</time>
      </trkpt>
      <trkpt lat="47.3645" lon="12.34244">
        <ele>1838</ele>
        <time>2026-05-12T22:17:24+00:00</time>
      </trkpt>
      <trkpt lat="47.36448" lon="12.34243">
        <ele>1838</ele>
        <time>2026-05-12T22:17:27+00:00</time>
      </trkpt>
      <trkpt lat="47.36446" lon="12.34243">
        <ele>1838</ele>
        <time>2026-05-12T22:17:30+00:00</time>
      </trkpt>
      <trkpt lat="47.36444" lon="12.34244">
        <ele>1838</ele>
        <time>2026-05-12T22:17:33+00:00</time>
      </trkpt>
      <trkpt lat="47.36442" lon="12.34237">
        <ele>1834</ele>
        <time>2026-05-12T22:17:36+00:00</time>
      </trkpt>
      <trkpt lat="47.36443" lon="12.34232">
        <ele>1834</ele>
        <time>2026-05-12T22:17:39+00:00</time>
      </trkpt>
      <trkpt lat="47.36441" lon="12.3423">
        <ele>1834</ele>
        <time>2026-05-12T22:17:42+00:00</time>
      </trkpt>
      <trkpt lat="47.36439" lon="12.34232">
        <ele>1831</ele>
        <time>2026-05-12T22:17:45+00:00</time>
      </trkpt>
      <trkpt lat="47.36435" lon="12.34235">
        <ele>1831</ele>
        <time>2026-05-12T22:17:48+00:00</time>
      </trkpt>
      <trkpt lat="47.3643" lon="12.34238">
        <ele>1831</ele>
        <time>2026-05-12T22:17:51+00:00</time>
      </trkpt>
      <trkpt lat="47.36428" lon="12.34238">
        <ele>1828</ele>
        <time>2026-05-12T22:17:54+00:00</time>
      </trkpt>
      <trkpt lat="47.36425" lon="12.34234">
        <ele>1828</ele>
        <time>2026-05-12T22:17:57+00:00</time>
      </trkpt>
      <trkpt lat="47.36424" lon="12.34233">
        <ele>1828</ele>
        <time>2026-05-12T22:18:00+00:00</time>
      </trkpt>
      <trkpt lat="47.36422" lon="12.34231">
        <ele>1828</ele>
        <time>2026-05-12T22:18:03+00:00</time>
      </trkpt>
      <trkpt lat="47.3642" lon="12.3423">
        <ele>1825</ele>
        <time>2026-05-12T22:18:06+00:00</time>
      </trkpt>
      <trkpt lat="47.36418" lon="12.34231">
        <ele>1825</ele>
        <time>2026-05-12T22:18:09+00:00</time>
      </trkpt>
      <trkpt lat="47.36416" lon="12.34233">
        <ele>1825</ele>
        <time>2026-05-12T22:18:12+00:00</time>
      </trkpt>
      <trkpt lat="47.36414" lon="12.34229">
        <ele>1822</ele>
        <time>2026-05-12T22:18:15+00:00</time>
      </trkpt>
      <trkpt lat="47.36412" lon="12.34225">
        <ele>1822</ele>
        <time>2026-05-12T22:18:18+00:00</time>
      </trkpt>
      <trkpt lat="47.3641" lon="12.34221">
        <ele>1820</ele>
        <time>2026-05-12T22:18:21+00:00</time>
      </trkpt>
      <trkpt lat="47.36408" lon="12.34217">
        <ele>1817</ele>
        <time>2026-05-12T22:18:24+00:00</time>
      </trkpt>
      <trkpt lat="47.36406" lon="12.34214">
        <ele>1817</ele>
        <time>2026-05-12T22:18:27+00:00</time>
      </trkpt>
      <trkpt lat="47.36398" lon="12.34218">
        <ele>1814</ele>
        <time>2026-05-12T22:18:30+00:00</time>
      </trkpt>
      <trkpt lat="47.36397" lon="12.34216">
        <ele>1814</ele>
        <time>2026-05-12T22:18:33+00:00</time>
      </trkpt>
      <trkpt lat="47.36394" lon="12.34217">
        <ele>1814</ele>
        <time>2026-05-12T22:18:36+00:00</time>
      </trkpt>
      <trkpt lat="47.36393" lon="12.34219">
        <ele>1814</ele>
        <time>2026-05-12T22:18:39+00:00</time>
      </trkpt>
      <trkpt lat="47.3639" lon="12.3422">
        <ele>1817</ele>
        <time>2026-05-12T22:18:42+00:00</time>
      </trkpt>
      <trkpt lat="47.36388" lon="12.34218">
        <ele>1812</ele>
        <time>2026-05-12T22:18:45+00:00</time>
      </trkpt>
      <trkpt lat="47.36385" lon="12.34218">
        <ele>1812</ele>
        <time>2026-05-12T22:18:48+00:00</time>
      </trkpt>
      <trkpt lat="47.36382" lon="12.34214">
        <ele>1812</ele>
        <time>2026-05-12T22:18:51+00:00</time>
      </trkpt>
      <trkpt lat="47.3638" lon="12.34215">
        <ele>1810</ele>
        <time>2026-05-12T22:18:54+00:00</time>
      </trkpt>
      <trkpt lat="47.36375" lon="12.34212">
        <ele>1810</ele>
        <time>2026-05-12T22:18:57+00:00</time>
      </trkpt>
      <trkpt lat="47.36371" lon="12.3421">
        <ele>1810</ele>
        <time>2026-05-12T22:19:00+00:00</time>
      </trkpt>
      <trkpt lat="47.36362" lon="12.34205">
        <ele>1805</ele>
        <time>2026-05-12T22:19:03+00:00</time>
      </trkpt>
      <trkpt lat="47.36357" lon="12.34204">
        <ele>1803</ele>
        <time>2026-05-12T22:19:06+00:00</time>
      </trkpt>
      <trkpt lat="47.36354" lon="12.34204">
        <ele>1803</ele>
        <time>2026-05-12T22:19:09+00:00</time>
      </trkpt>
      <trkpt lat="47.36347" lon="12.34203">
        <ele>1801</ele>
        <time>2026-05-12T22:19:12+00:00</time>
      </trkpt>
      <trkpt lat="47.3634" lon="12.34201">
        <ele>1800</ele>
        <time>2026-05-12T22:19:15+00:00</time>
      </trkpt>
      <trkpt lat="47.36337" lon="12.34201">
        <ele>1800</ele>
        <time>2026-05-12T22:19:18+00:00</time>
      </trkpt>
      <trkpt lat="47.36331" lon="12.342">
        <ele>1800</ele>
        <time>2026-05-12T22:19:21+00:00</time>
      </trkpt>
      <trkpt lat="47.36327" lon="12.342">
        <ele>1798</ele>
        <time>2026-05-12T22:19:24+00:00</time>
      </trkpt>
      <trkpt lat="47.3632" lon="12.34199">
        <ele>1798</ele>
        <time>2026-05-12T22:19:27+00:00</time>
      </trkpt>
      <trkpt lat="47.36316" lon="12.342">
        <ele>1797</ele>
        <time>2026-05-12T22:19:30+00:00</time>
      </trkpt>
      <trkpt lat="47.36307" lon="12.34197">
        <ele>1796</ele>
        <time>2026-05-12T22:19:33+00:00</time>
      </trkpt>
      <trkpt lat="47.36304" lon="12.34199">
        <ele>1796</ele>
        <time>2026-05-12T22:19:36+00:00</time>
      </trkpt>
      <trkpt lat="47.363" lon="12.34198">
        <ele>1796</ele>
        <time>2026-05-12T22:19:39+00:00</time>
      </trkpt>
      <trkpt lat="47.36297" lon="12.34198">
        <ele>1795</ele>
        <time>2026-05-12T22:19:42+00:00</time>
      </trkpt>
      <trkpt lat="47.36291" lon="12.34199">
        <ele>1795</ele>
        <time>2026-05-12T22:19:45+00:00</time>
      </trkpt>
      <trkpt lat="47.36282" lon="12.34201">
        <ele>1796</ele>
        <time>2026-05-12T22:19:48+00:00</time>
      </trkpt>
      <trkpt lat="47.36271" lon="12.34202">
        <ele>1795</ele>
        <time>2026-05-12T22:19:51+00:00</time>
      </trkpt>
      <trkpt lat="47.36264" lon="12.34204">
        <ele>1795</ele>
        <time>2026-05-12T22:19:54+00:00</time>
      </trkpt>
      <trkpt lat="47.36254" lon="12.34206">
        <ele>1795</ele>
        <time>2026-05-12T22:19:57+00:00</time>
      </trkpt>
      <trkpt lat="47.3624" lon="12.34209">
        <ele>1795</ele>
        <time>2026-05-12T22:20:00+00:00</time>
      </trkpt>
      <trkpt lat="47.36231" lon="12.3421">
        <ele>1796</ele>
        <time>2026-05-12T22:20:03+00:00</time>
      </trkpt>
      <trkpt lat="47.36219" lon="12.34209">
        <ele>1795</ele>
        <time>2026-05-12T22:20:06+00:00</time>
      </trkpt>
      <trkpt lat="47.36211" lon="12.34209">
        <ele>1795</ele>
        <time>2026-05-12T22:20:09+00:00</time>
      </trkpt>
      <trkpt lat="47.36199" lon="12.34207">
        <ele>1795</ele>
        <time>2026-05-12T22:20:12+00:00</time>
      </trkpt>
      <trkpt lat="47.36196" lon="12.34206">
        <ele>1795</ele>
        <time>2026-05-12T22:20:15+00:00</time>
      </trkpt>
      <trkpt lat="47.36193" lon="12.34206">
        <ele>1795</ele>
        <time>2026-05-12T22:20:18+00:00</time>
      </trkpt>
      <trkpt lat="47.36188" lon="12.34205">
        <ele>1796</ele>
        <time>2026-05-12T22:20:21+00:00</time>
      </trkpt>
      <trkpt lat="47.36182" lon="12.34204">
        <ele>1796</ele>
        <time>2026-05-12T22:20:24+00:00</time>
      </trkpt>
      <trkpt lat="47.36177" lon="12.34202">
        <ele>1796</ele>
        <time>2026-05-12T22:20:27+00:00</time>
      </trkpt>
      <trkpt lat="47.36173" lon="12.342">
        <ele>1796</ele>
        <time>2026-05-12T22:20:30+00:00</time>
      </trkpt>
      <trkpt lat="47.36168" lon="12.34202">
        <ele>1797</ele>
        <time>2026-05-12T22:20:33+00:00</time>
      </trkpt>
      <trkpt lat="47.36164" lon="12.34203">
        <ele>1797</ele>
        <time>2026-05-12T22:20:36+00:00</time>
      </trkpt>
      <trkpt lat="47.3616" lon="12.34204">
        <ele>1797</ele>
        <time>2026-05-12T22:20:39+00:00</time>
      </trkpt>
      <trkpt lat="47.36155" lon="12.34207">
        <ele>1797</ele>
        <time>2026-05-12T22:20:42+00:00</time>
      </trkpt>
      <trkpt lat="47.36148" lon="12.34208">
        <ele>1797</ele>
        <time>2026-05-12T22:20:45+00:00</time>
      </trkpt>
      <trkpt lat="47.36147" lon="12.34216">
        <ele>1799</ele>
        <time>2026-05-12T22:20:48+00:00</time>
      </trkpt>
      <trkpt lat="47.36146" lon="12.34221">
        <ele>1801</ele>
        <time>2026-05-12T22:20:51+00:00</time>
      </trkpt>
      <trkpt lat="47.36146" lon="12.34228">
        <ele>1801</ele>
        <time>2026-05-12T22:20:54+00:00</time>
      </trkpt>
      <trkpt lat="47.36141" lon="12.34231">
        <ele>1803</ele>
        <time>2026-05-12T22:20:57+00:00</time>
      </trkpt>
      <trkpt lat="47.36135" lon="12.34234">
        <ele>1804</ele>
        <time>2026-05-12T22:21:00+00:00</time>
      </trkpt>
      <trkpt lat="47.36131" lon="12.34236">
        <ele>1804</ele>
        <time>2026-05-12T22:21:03+00:00</time>
      </trkpt>
      <trkpt lat="47.36125" lon="12.34238">
        <ele>1805</ele>
        <time>2026-05-12T22:21:06+00:00</time>
      </trkpt>
      <trkpt lat="47.36112" lon="12.34245">
        <ele>1808</ele>
        <time>2026-05-12T22:21:09+00:00</time>
      </trkpt>
      <trkpt lat="47.36107" lon="12.34248">
        <ele>1809</ele>
        <time>2026-05-12T22:21:12+00:00</time>
      </trkpt>
      <trkpt lat="47.36103" lon="12.3425">
        <ele>1810</ele>
        <time>2026-05-12T22:21:15+00:00</time>
      </trkpt>
      <trkpt lat="47.361" lon="12.34252">
        <ele>1810</ele>
        <time>2026-05-12T22:21:18+00:00</time>
      </trkpt>
      <trkpt lat="47.36095" lon="12.34254">
        <ele>1812</ele>
        <time>2026-05-12T22:21:21+00:00</time>
      </trkpt>
      <trkpt lat="47.36092" lon="12.34256">
        <ele>1812</ele>
        <time>2026-05-12T22:21:24+00:00</time>
      </trkpt>
      <trkpt lat="47.36084" lon="12.34261">
        <ele>1813</ele>
        <time>2026-05-12T22:21:27+00:00</time>
      </trkpt>
      <trkpt lat="47.36077" lon="12.34264">
        <ele>1815</ele>
        <time>2026-05-12T22:21:30+00:00</time>
      </trkpt>
      <trkpt lat="47.36069" lon="12.34268">
        <ele>1816</ele>
        <time>2026-05-12T22:21:33+00:00</time>
      </trkpt>
      <trkpt lat="47.36058" lon="12.34273">
        <ele>1818</ele>
        <time>2026-05-12T22:21:36+00:00</time>
      </trkpt>
      <trkpt lat="47.36051" lon="12.34277">
        <ele>1818</ele>
        <time>2026-05-12T22:21:39+00:00</time>
      </trkpt>
      <trkpt lat="47.36044" lon="12.34281">
        <ele>1820</ele>
        <time>2026-05-12T22:21:42+00:00</time>
      </trkpt>
      <trkpt lat="47.36041" lon="12.34285">
        <ele>1820</ele>
        <time>2026-05-12T22:21:45+00:00</time>
      </trkpt>
      <trkpt lat="47.36036" lon="12.34287">
        <ele>1821</ele>
        <time>2026-05-12T22:21:48+00:00</time>
      </trkpt>
      <trkpt lat="47.36029" lon="12.3429">
        <ele>1823</ele>
        <time>2026-05-12T22:21:51+00:00</time>
      </trkpt>
      <trkpt lat="47.36029" lon="12.3429">
        <ele>1823</ele>
        <time>2026-05-12T22:21:54+00:00</time>
      </trkpt>
      <trkpt lat="47.36019" lon="12.34299">
        <ele>1825</ele>
        <time>2026-05-12T22:21:57+00:00</time>
      </trkpt>
      <trkpt lat="47.36014" lon="12.34302">
        <ele>1826</ele>
        <time>2026-05-12T22:22:00+00:00</time>
      </trkpt>
      <trkpt lat="47.36012" lon="12.34302">
        <ele>1826</ele>
        <time>2026-05-12T22:22:03+00:00</time>
      </trkpt>
      <trkpt lat="47.36007" lon="12.34309">
        <ele>1828</ele>
        <time>2026-05-12T22:22:06+00:00</time>
      </trkpt>
      <trkpt lat="47.36004" lon="12.34309">
        <ele>1828</ele>
        <time>2026-05-12T22:22:09+00:00</time>
      </trkpt>
      <trkpt lat="47.36002" lon="12.34309">
        <ele>1828</ele>
        <time>2026-05-12T22:22:12+00:00</time>
      </trkpt>
      <trkpt lat="47.36" lon="12.34311">
        <ele>1829</ele>
        <time>2026-05-12T22:22:15+00:00</time>
      </trkpt>
      <trkpt lat="47.35995" lon="12.34313">
        <ele>1830</ele>
        <time>2026-05-12T22:22:18+00:00</time>
      </trkpt>
      <trkpt lat="47.35991" lon="12.34318">
        <ele>1830</ele>
        <time>2026-05-12T22:22:21+00:00</time>
      </trkpt>
      <trkpt lat="47.35988" lon="12.34321">
        <ele>1832</ele>
        <time>2026-05-12T22:22:24+00:00</time>
      </trkpt>
      <trkpt lat="47.35984" lon="12.34327">
        <ele>1832</ele>
        <time>2026-05-12T22:22:27+00:00</time>
      </trkpt>
      <trkpt lat="47.3598" lon="12.34327">
        <ele>1833</ele>
        <time>2026-05-12T22:22:30+00:00</time>
      </trkpt>
      <trkpt lat="47.35977" lon="12.3433">
        <ele>1833</ele>
        <time>2026-05-12T22:22:33+00:00</time>
      </trkpt>
      <trkpt lat="47.35965" lon="12.34332">
        <ele>1835</ele>
        <time>2026-05-12T22:22:36+00:00</time>
      </trkpt>
      <trkpt lat="47.3596" lon="12.34333">
        <ele>1835</ele>
        <time>2026-05-12T22:22:39+00:00</time>
      </trkpt>
      <trkpt lat="47.35957" lon="12.34333">
        <ele>1836</ele>
        <time>2026-05-12T22:22:42+00:00</time>
      </trkpt>
      <trkpt lat="47.35949" lon="12.34335">
        <ele>1838</ele>
        <time>2026-05-12T22:22:45+00:00</time>
      </trkpt>
      <trkpt lat="47.35939" lon="12.34339">
        <ele>1840</ele>
        <time>2026-05-12T22:22:48+00:00</time>
      </trkpt>
      <trkpt lat="47.35935" lon="12.34341">
        <ele>1840</ele>
        <time>2026-05-12T22:22:51+00:00</time>
      </trkpt>
      <trkpt lat="47.3592" lon="12.34347">
        <ele>1842</ele>
        <time>2026-05-12T22:22:54+00:00</time>
      </trkpt>
      <trkpt lat="47.35915" lon="12.3435">
        <ele>1842</ele>
        <time>2026-05-12T22:22:57+00:00</time>
      </trkpt>
      <trkpt lat="47.35907" lon="12.34354">
        <ele>1844</ele>
        <time>2026-05-12T22:23:00+00:00</time>
      </trkpt>
      <trkpt lat="47.35899" lon="12.34357">
        <ele>1845</ele>
        <time>2026-05-12T22:23:03+00:00</time>
      </trkpt>
      <trkpt lat="47.35886" lon="12.34362">
        <ele>1847</ele>
        <time>2026-05-12T22:23:06+00:00</time>
      </trkpt>
      <trkpt lat="47.35882" lon="12.34364">
        <ele>1847</ele>
        <time>2026-05-12T22:23:09+00:00</time>
      </trkpt>
      <trkpt lat="47.35878" lon="12.34363">
        <ele>1846</ele>
        <time>2026-05-12T22:23:12+00:00</time>
      </trkpt>
      <trkpt lat="47.35872" lon="12.34359">
        <ele>1847</ele>
        <time>2026-05-12T22:23:15+00:00</time>
      </trkpt>
      <trkpt lat="47.35868" lon="12.34358">
        <ele>1847</ele>
        <time>2026-05-12T22:23:18+00:00</time>
      </trkpt>
      <trkpt lat="47.35864" lon="12.34357">
        <ele>1847</ele>
        <time>2026-05-12T22:23:21+00:00</time>
      </trkpt>
      <trkpt lat="47.35859" lon="12.34358">
        <ele>1847</ele>
        <time>2026-05-12T22:23:24+00:00</time>
      </trkpt>
      <trkpt lat="47.35856" lon="12.3436">
        <ele>1849</ele>
        <time>2026-05-12T22:23:27+00:00</time>
      </trkpt>
      <trkpt lat="47.35851" lon="12.34361">
        <ele>1849</ele>
        <time>2026-05-12T22:23:30+00:00</time>
      </trkpt>
      <trkpt lat="47.35847" lon="12.34363">
        <ele>1849</ele>
        <time>2026-05-12T22:23:33+00:00</time>
      </trkpt>
      <trkpt lat="47.35843" lon="12.34363">
        <ele>1849</ele>
        <time>2026-05-12T22:23:36+00:00</time>
      </trkpt>
      <trkpt lat="47.35836" lon="12.34365">
        <ele>1849</ele>
        <time>2026-05-12T22:23:39+00:00</time>
      </trkpt>
      <trkpt lat="47.35823" lon="12.34371">
        <ele>1851</ele>
        <time>2026-05-12T22:23:42+00:00</time>
      </trkpt>
      <trkpt lat="47.35814" lon="12.34374">
        <ele>1852</ele>
        <time>2026-05-12T22:23:45+00:00</time>
      </trkpt>
      <trkpt lat="47.35808" lon="12.34375">
        <ele>1852</ele>
        <time>2026-05-12T22:23:48+00:00</time>
      </trkpt>
      <trkpt lat="47.35803" lon="12.34376">
        <ele>1852</ele>
        <time>2026-05-12T22:23:51+00:00</time>
      </trkpt>
      <trkpt lat="47.35791" lon="12.34375">
        <ele>1852</ele>
        <time>2026-05-12T22:23:54+00:00</time>
      </trkpt>
      <trkpt lat="47.35777" lon="12.34376">
        <ele>1851</ele>
        <time>2026-05-12T22:23:57+00:00</time>
      </trkpt>
      <trkpt lat="47.35767" lon="12.34376">
        <ele>1852</ele>
        <time>2026-05-12T22:24:00+00:00</time>
      </trkpt>
      <trkpt lat="47.3576" lon="12.34379">
        <ele>1851</ele>
        <time>2026-05-12T22:24:03+00:00</time>
      </trkpt>
      <trkpt lat="47.35751" lon="12.34379">
        <ele>1851</ele>
        <time>2026-05-12T22:24:06+00:00</time>
      </trkpt>
      <trkpt lat="47.35736" lon="12.34383">
        <ele>1852</ele>
        <time>2026-05-12T22:24:09+00:00</time>
      </trkpt>
      <trkpt lat="47.35721" lon="12.34388">
        <ele>1852</ele>
        <time>2026-05-12T22:24:12+00:00</time>
      </trkpt>
      <trkpt lat="47.35716" lon="12.34388">
        <ele>1852</ele>
        <time>2026-05-12T22:24:15+00:00</time>
      </trkpt>
      <trkpt lat="47.3571" lon="12.34387">
        <ele>1852</ele>
        <time>2026-05-12T22:24:18+00:00</time>
      </trkpt>
      <trkpt lat="47.357" lon="12.34384">
        <ele>1852</ele>
        <time>2026-05-12T22:24:21+00:00</time>
      </trkpt>
      <trkpt lat="47.35694" lon="12.34383">
        <ele>1851</ele>
        <time>2026-05-12T22:24:24+00:00</time>
      </trkpt>
      <trkpt lat="47.3569" lon="12.34383">
        <ele>1851</ele>
        <time>2026-05-12T22:24:27+00:00</time>
      </trkpt>
      <trkpt lat="47.35683" lon="12.34381">
        <ele>1851</ele>
        <time>2026-05-12T22:24:30+00:00</time>
      </trkpt>
      <trkpt lat="47.35678" lon="12.3438">
        <ele>1851</ele>
        <time>2026-05-12T22:24:33+00:00</time>
      </trkpt>
      <trkpt lat="47.35674" lon="12.34375">
        <ele>1849</ele>
        <time>2026-05-12T22:24:36+00:00</time>
      </trkpt>
      <trkpt lat="47.35667" lon="12.34374">
        <ele>1849</ele>
        <time>2026-05-12T22:24:39+00:00</time>
      </trkpt>
      <trkpt lat="47.35661" lon="12.34369">
        <ele>1847</ele>
        <time>2026-05-12T22:24:42+00:00</time>
      </trkpt>
      <trkpt lat="47.35654" lon="12.34368">
        <ele>1847</ele>
        <time>2026-05-12T22:24:45+00:00</time>
      </trkpt>
      <trkpt lat="47.35641" lon="12.34366">
        <ele>1846</ele>
        <time>2026-05-12T22:24:48+00:00</time>
      </trkpt>
      <trkpt lat="47.35638" lon="12.34366">
        <ele>1846</ele>
        <time>2026-05-12T22:24:51+00:00</time>
      </trkpt>
      <trkpt lat="47.35629" lon="12.34361">
        <ele>1846</ele>
        <time>2026-05-12T22:24:54+00:00</time>
      </trkpt>
      <trkpt lat="47.35621" lon="12.34363">
        <ele>1846</ele>
        <time>2026-05-12T22:24:57+00:00</time>
      </trkpt>
      <trkpt lat="47.35608" lon="12.34361">
        <ele>1846</ele>
        <time>2026-05-12T22:25:00+00:00</time>
      </trkpt>
      <trkpt lat="47.35601" lon="12.34361">
        <ele>1846</ele>
        <time>2026-05-12T22:25:03+00:00</time>
      </trkpt>
      <trkpt lat="47.35591" lon="12.34359">
        <ele>1844</ele>
        <time>2026-05-12T22:25:06+00:00</time>
      </trkpt>
      <trkpt lat="47.35585" lon="12.34357">
        <ele>1844</ele>
        <time>2026-05-12T22:25:09+00:00</time>
      </trkpt>
      <trkpt lat="47.35575" lon="12.34356">
        <ele>1845</ele>
        <time>2026-05-12T22:25:12+00:00</time>
      </trkpt>
      <trkpt lat="47.35559" lon="12.34356">
        <ele>1845</ele>
        <time>2026-05-12T22:25:15+00:00</time>
      </trkpt>
      <trkpt lat="47.35556" lon="12.34356">
        <ele>1845</ele>
        <time>2026-05-12T22:25:18+00:00</time>
      </trkpt>
      <trkpt lat="47.35554" lon="12.34355">
        <ele>1845</ele>
        <time>2026-05-12T22:25:21+00:00</time>
      </trkpt>
      <trkpt lat="47.35552" lon="12.34355">
        <ele>1845</ele>
        <time>2026-05-12T22:25:24+00:00</time>
      </trkpt>
      <trkpt lat="47.35547" lon="12.34354">
        <ele>1845</ele>
        <time>2026-05-12T22:25:27+00:00</time>
      </trkpt>
      <trkpt lat="47.35539" lon="12.34355">
        <ele>1845</ele>
        <time>2026-05-12T22:25:30+00:00</time>
      </trkpt>
      <trkpt lat="47.35531" lon="12.34354">
        <ele>1845</ele>
        <time>2026-05-12T22:25:33+00:00</time>
      </trkpt>
      <trkpt lat="47.35522" lon="12.34354">
        <ele>1845</ele>
        <time>2026-05-12T22:25:36+00:00</time>
      </trkpt>
      <trkpt lat="47.35512" lon="12.34356">
        <ele>1845</ele>
        <time>2026-05-12T22:25:39+00:00</time>
      </trkpt>
      <trkpt lat="47.35502" lon="12.34359">
        <ele>1845</ele>
        <time>2026-05-12T22:25:42+00:00</time>
      </trkpt>
      <trkpt lat="47.35491" lon="12.34359">
        <ele>1845</ele>
        <time>2026-05-12T22:25:45+00:00</time>
      </trkpt>
      <trkpt lat="47.35482" lon="12.3436">
        <ele>1844</ele>
        <time>2026-05-12T22:25:48+00:00</time>
      </trkpt>
      <trkpt lat="47.35472" lon="12.34361">
        <ele>1845</ele>
        <time>2026-05-12T22:25:51+00:00</time>
      </trkpt>
      <trkpt lat="47.35462" lon="12.34363">
        <ele>1846</ele>
        <time>2026-05-12T22:25:54+00:00</time>
      </trkpt>
      <trkpt lat="47.35448" lon="12.34366">
        <ele>1845</ele>
        <time>2026-05-12T22:25:57+00:00</time>
      </trkpt>
      <trkpt lat="47.35436" lon="12.34367">
        <ele>1845</ele>
        <time>2026-05-12T22:26:00+00:00</time>
      </trkpt>
      <trkpt lat="47.35417" lon="12.34369">
        <ele>1846</ele>
        <time>2026-05-12T22:26:03+00:00</time>
      </trkpt>
      <trkpt lat="47.35405" lon="12.34378">
        <ele>1845</ele>
        <time>2026-05-12T22:26:06+00:00</time>
      </trkpt>
      <trkpt lat="47.35396" lon="12.34385">
        <ele>1847</ele>
        <time>2026-05-12T22:26:09+00:00</time>
      </trkpt>
      <trkpt lat="47.35388" lon="12.3439">
        <ele>1848</ele>
        <time>2026-05-12T22:26:12+00:00</time>
      </trkpt>
      <trkpt lat="47.3538" lon="12.34395">
        <ele>1848</ele>
        <time>2026-05-12T22:26:15+00:00</time>
      </trkpt>
      <trkpt lat="47.35368" lon="12.34403">
        <ele>1848</ele>
        <time>2026-05-12T22:26:18+00:00</time>
      </trkpt>
      <trkpt lat="47.35352" lon="12.34413">
        <ele>1849</ele>
        <time>2026-05-12T22:26:21+00:00</time>
      </trkpt>
      <trkpt lat="47.35338" lon="12.34424">
        <ele>1850</ele>
        <time>2026-05-12T22:26:24+00:00</time>
      </trkpt>
      <trkpt lat="47.3532" lon="12.34429">
        <ele>1850</ele>
        <time>2026-05-12T22:26:27+00:00</time>
      </trkpt>
      <trkpt lat="47.35303" lon="12.3443">
        <ele>1851</ele>
        <time>2026-05-12T22:26:30+00:00</time>
      </trkpt>
      <trkpt lat="47.35289" lon="12.34431">
        <ele>1850</ele>
        <time>2026-05-12T22:26:33+00:00</time>
      </trkpt>
      <trkpt lat="47.35277" lon="12.34425">
        <ele>1848</ele>
        <time>2026-05-12T22:26:36+00:00</time>
      </trkpt>
      <trkpt lat="47.3527" lon="12.34423">
        <ele>1848</ele>
        <time>2026-05-12T22:26:39+00:00</time>
      </trkpt>
      <trkpt lat="47.35262" lon="12.34418">
        <ele>1847</ele>
        <time>2026-05-12T22:26:42+00:00</time>
      </trkpt>
      <trkpt lat="47.35255" lon="12.34415">
        <ele>1846</ele>
        <time>2026-05-12T22:26:45+00:00</time>
      </trkpt>
      <trkpt lat="47.35249" lon="12.34411">
        <ele>1846</ele>
        <time>2026-05-12T22:26:48+00:00</time>
      </trkpt>
      <trkpt lat="47.3524" lon="12.34406">
        <ele>1845</ele>
        <time>2026-05-12T22:26:51+00:00</time>
      </trkpt>
      <trkpt lat="47.35232" lon="12.34401">
        <ele>1845</ele>
        <time>2026-05-12T22:26:54+00:00</time>
      </trkpt>
      <trkpt lat="47.35222" lon="12.34396">
        <ele>1844</ele>
        <time>2026-05-12T22:26:57+00:00</time>
      </trkpt>
      <trkpt lat="47.35215" lon="12.34391">
        <ele>1844</ele>
        <time>2026-05-12T22:27:00+00:00</time>
      </trkpt>
      <trkpt lat="47.3521" lon="12.34388">
        <ele>1843</ele>
        <time>2026-05-12T22:27:03+00:00</time>
      </trkpt>
      <trkpt lat="47.35205" lon="12.34386">
        <ele>1843</ele>
        <time>2026-05-12T22:27:06+00:00</time>
      </trkpt>
      <trkpt lat="47.35201" lon="12.34384">
        <ele>1843</ele>
        <time>2026-05-12T22:27:09+00:00</time>
      </trkpt>
      <trkpt lat="47.35196" lon="12.34381">
        <ele>1843</ele>
        <time>2026-05-12T22:27:12+00:00</time>
      </trkpt>
      <trkpt lat="47.35191" lon="12.34379">
        <ele>1840</ele>
        <time>2026-05-12T22:27:15+00:00</time>
      </trkpt>
      <trkpt lat="47.35185" lon="12.34375">
        <ele>1841</ele>
        <time>2026-05-12T22:27:18+00:00</time>
      </trkpt>
      <trkpt lat="47.3518" lon="12.34373">
        <ele>1841</ele>
        <time>2026-05-12T22:27:21+00:00</time>
      </trkpt>
      <trkpt lat="47.35173" lon="12.3437">
        <ele>1841</ele>
        <time>2026-05-12T22:27:24+00:00</time>
      </trkpt>
      <trkpt lat="47.35168" lon="12.34367">
        <ele>1839</ele>
        <time>2026-05-12T22:27:27+00:00</time>
      </trkpt>
      <trkpt lat="47.35163" lon="12.34364">
        <ele>1839</ele>
        <time>2026-05-12T22:27:30+00:00</time>
      </trkpt>
      <trkpt lat="47.35158" lon="12.34361">
        <ele>1840</ele>
        <time>2026-05-12T22:27:33+00:00</time>
      </trkpt>
      <trkpt lat="47.35152" lon="12.34358">
        <ele>1838</ele>
        <time>2026-05-12T22:27:36+00:00</time>
      </trkpt>
      <trkpt lat="47.35149" lon="12.34356">
        <ele>1839</ele>
        <time>2026-05-12T22:27:39+00:00</time>
      </trkpt>
      <trkpt lat="47.35145" lon="12.34353">
        <ele>1839</ele>
        <time>2026-05-12T22:27:42+00:00</time>
      </trkpt>
      <trkpt lat="47.3514" lon="12.34351">
        <ele>1839</ele>
        <time>2026-05-12T22:27:45+00:00</time>
      </trkpt>
      <trkpt lat="47.35134" lon="12.34348">
        <ele>1838</ele>
        <time>2026-05-12T22:27:48+00:00</time>
      </trkpt>
      <trkpt lat="47.35129" lon="12.34345">
        <ele>1839</ele>
        <time>2026-05-12T22:27:51+00:00</time>
      </trkpt>
      <trkpt lat="47.35124" lon="12.34342">
        <ele>1839</ele>
        <time>2026-05-12T22:27:54+00:00</time>
      </trkpt>
      <trkpt lat="47.35121" lon="12.34339">
        <ele>1839</ele>
        <time>2026-05-12T22:27:57+00:00</time>
      </trkpt>
      <trkpt lat="47.35118" lon="12.3434">
        <ele>1839</ele>
        <time>2026-05-12T22:28:00+00:00</time>
      </trkpt>
      <trkpt lat="47.35117" lon="12.34339">
        <ele>1839</ele>
        <time>2026-05-12T22:28:03+00:00</time>
      </trkpt>
      <trkpt lat="47.35115" lon="12.34336">
        <ele>1839</ele>
        <time>2026-05-12T22:28:06+00:00</time>
      </trkpt>
      <trkpt lat="47.35112" lon="12.34335">
        <ele>1839</ele>
        <time>2026-05-12T22:28:09+00:00</time>
      </trkpt>
      <trkpt lat="47.35105" lon="12.34332">
        <ele>1840</ele>
        <time>2026-05-12T22:28:12+00:00</time>
      </trkpt>
      <trkpt lat="47.35097" lon="12.34327">
        <ele>1840</ele>
        <time>2026-05-12T22:28:15+00:00</time>
      </trkpt>
      <trkpt lat="47.35089" lon="12.3432">
        <ele>1840</ele>
        <time>2026-05-12T22:28:18+00:00</time>
      </trkpt>
      <trkpt lat="47.35082" lon="12.34319">
        <ele>1839</ele>
        <time>2026-05-12T22:28:21+00:00</time>
      </trkpt>
      <trkpt lat="47.35076" lon="12.34313">
        <ele>1840</ele>
        <time>2026-05-12T22:28:24+00:00</time>
      </trkpt>
      <trkpt lat="47.35073" lon="12.34313">
        <ele>1840</ele>
        <time>2026-05-12T22:28:27+00:00</time>
      </trkpt>
      <trkpt lat="47.35069" lon="12.34305">
        <ele>1839</ele>
        <time>2026-05-12T22:28:30+00:00</time>
      </trkpt>
      <trkpt lat="47.35067" lon="12.34303">
        <ele>1839</ele>
        <time>2026-05-12T22:28:33+00:00</time>
      </trkpt>
      <trkpt lat="47.35063" lon="12.34302">
        <ele>1839</ele>
        <time>2026-05-12T22:28:36+00:00</time>
      </trkpt>
      <trkpt lat="47.35056" lon="12.34298">
        <ele>1838</ele>
        <time>2026-05-12T22:28:39+00:00</time>
      </trkpt>
      <trkpt lat="47.35051" lon="12.34289">
        <ele>1836</ele>
        <time>2026-05-12T22:28:42+00:00</time>
      </trkpt>
      <trkpt lat="47.35052" lon="12.3428">
        <ele>1835</ele>
        <time>2026-05-12T22:28:45+00:00</time>
      </trkpt>
      <trkpt lat="47.35037" lon="12.34266">
        <ele>1835</ele>
        <time>2026-05-12T22:28:48+00:00</time>
      </trkpt>
      <trkpt lat="47.35032" lon="12.34263">
        <ele>1835</ele>
        <time>2026-05-12T22:28:51+00:00</time>
      </trkpt>
      <trkpt lat="47.35026" lon="12.34261">
        <ele>1835</ele>
        <time>2026-05-12T22:28:54+00:00</time>
      </trkpt>
      <trkpt lat="47.35019" lon="12.34255">
        <ele>1834</ele>
        <time>2026-05-12T22:28:57+00:00</time>
      </trkpt>
      <trkpt lat="47.35008" lon="12.3425">
        <ele>1835</ele>
        <time>2026-05-12T22:29:00+00:00</time>
      </trkpt>
      <trkpt lat="47.35" lon="12.34245">
        <ele>1833</ele>
        <time>2026-05-12T22:29:03+00:00</time>
      </trkpt>
      <trkpt lat="47.34997" lon="12.34242">
        <ele>1834</ele>
        <time>2026-05-12T22:29:06+00:00</time>
      </trkpt>
      <trkpt lat="47.3499" lon="12.34235">
        <ele>1831</ele>
        <time>2026-05-12T22:29:09+00:00</time>
      </trkpt>
      <trkpt lat="47.34978" lon="12.34227">
        <ele>1831</ele>
        <time>2026-05-12T22:29:12+00:00</time>
      </trkpt>
      <trkpt lat="47.34972" lon="12.34223">
        <ele>1831</ele>
        <time>2026-05-12T22:29:15+00:00</time>
      </trkpt>
      <trkpt lat="47.34961" lon="12.34226">
        <ele>1830</ele>
        <time>2026-05-12T22:29:18+00:00</time>
      </trkpt>
      <trkpt lat="47.34951" lon="12.34219">
        <ele>1828</ele>
        <time>2026-05-12T22:29:21+00:00</time>
      </trkpt>
      <trkpt lat="47.34946" lon="12.34213">
        <ele>1827</ele>
        <time>2026-05-12T22:29:24+00:00</time>
      </trkpt>
      <trkpt lat="47.34944" lon="12.34212">
        <ele>1827</ele>
        <time>2026-05-12T22:29:27+00:00</time>
      </trkpt>
      <trkpt lat="47.34943" lon="12.3421">
        <ele>1826</ele>
        <time>2026-05-12T22:29:30+00:00</time>
      </trkpt>
      <trkpt lat="47.34942" lon="12.34212">
        <ele>1827</ele>
        <time>2026-05-12T22:29:33+00:00</time>
      </trkpt>
      <trkpt lat="47.34939" lon="12.3421">
        <ele>1827</ele>
        <time>2026-05-12T22:29:36+00:00</time>
      </trkpt>
      <trkpt lat="47.34935" lon="12.34208">
        <ele>1825</ele>
        <time>2026-05-12T22:29:39+00:00</time>
      </trkpt>
      <trkpt lat="47.34929" lon="12.34204">
        <ele>1825</ele>
        <time>2026-05-12T22:29:42+00:00</time>
      </trkpt>
      <trkpt lat="47.34921" lon="12.34198">
        <ele>1823</ele>
        <time>2026-05-12T22:29:45+00:00</time>
      </trkpt>
      <trkpt lat="47.34915" lon="12.34193">
        <ele>1823</ele>
        <time>2026-05-12T22:29:48+00:00</time>
      </trkpt>
      <trkpt lat="47.34911" lon="12.34189">
        <ele>1821</ele>
        <time>2026-05-12T22:29:51+00:00</time>
      </trkpt>
      <trkpt lat="47.3491" lon="12.34184">
        <ele>1821</ele>
        <time>2026-05-12T22:29:54+00:00</time>
      </trkpt>
      <trkpt lat="47.34909" lon="12.34172">
        <ele>1818</ele>
        <time>2026-05-12T22:29:57+00:00</time>
      </trkpt>
      <trkpt lat="47.3491" lon="12.34164">
        <ele>1815</ele>
        <time>2026-05-12T22:30:00+00:00</time>
      </trkpt>
      <trkpt lat="47.34908" lon="12.34163">
        <ele>1814</ele>
        <time>2026-05-12T22:30:03+00:00</time>
      </trkpt>
      <trkpt lat="47.34904" lon="12.34161">
        <ele>1814</ele>
        <time>2026-05-12T22:30:06+00:00</time>
      </trkpt>
      <trkpt lat="47.34897" lon="12.3416">
        <ele>1815</ele>
        <time>2026-05-12T22:30:09+00:00</time>
      </trkpt>
      <trkpt lat="47.3489" lon="12.34157">
        <ele>1813</ele>
        <time>2026-05-12T22:30:12+00:00</time>
      </trkpt>
      <trkpt lat="47.34881" lon="12.34157">
        <ele>1811</ele>
        <time>2026-05-12T22:30:15+00:00</time>
      </trkpt>
      <trkpt lat="47.34875" lon="12.34156">
        <ele>1812</ele>
        <time>2026-05-12T22:30:18+00:00</time>
      </trkpt>
      <trkpt lat="47.34868" lon="12.34156">
        <ele>1813</ele>
        <time>2026-05-12T22:30:21+00:00</time>
      </trkpt>
      <trkpt lat="47.34863" lon="12.34155">
        <ele>1812</ele>
        <time>2026-05-12T22:30:24+00:00</time>
      </trkpt>
      <trkpt lat="47.34861" lon="12.34154">
        <ele>1812</ele>
        <time>2026-05-12T22:30:27+00:00</time>
      </trkpt>
      <trkpt lat="47.34848" lon="12.34153">
        <ele>1813</ele>
        <time>2026-05-12T22:30:30+00:00</time>
      </trkpt>
      <trkpt lat="47.34846" lon="12.34154">
        <ele>1813</ele>
        <time>2026-05-12T22:30:33+00:00</time>
      </trkpt>
      <trkpt lat="47.34849" lon="12.34153">
        <ele>1813</ele>
        <time>2026-05-12T22:30:36+00:00</time>
      </trkpt>
      <trkpt lat="47.34851" lon="12.34153">
        <ele>1812</ele>
        <time>2026-05-12T22:30:39+00:00</time>
      </trkpt>
      <trkpt lat="47.34848" lon="12.34154">
        <ele>1813</ele>
        <time>2026-05-12T22:30:42+00:00</time>
      </trkpt>
      <trkpt lat="47.34844" lon="12.34153">
        <ele>1813</ele>
        <time>2026-05-12T22:30:45+00:00</time>
      </trkpt>
      <trkpt lat="47.34841" lon="12.34154">
        <ele>1813</ele>
        <time>2026-05-12T22:30:48+00:00</time>
      </trkpt>
      <trkpt lat="47.34838" lon="12.34155">
        <ele>1813</ele>
        <time>2026-05-12T22:30:51+00:00</time>
      </trkpt>
      <trkpt lat="47.34833" lon="12.34154">
        <ele>1813</ele>
        <time>2026-05-12T22:30:54+00:00</time>
      </trkpt>
      <trkpt lat="47.34829" lon="12.34155">
        <ele>1814</ele>
        <time>2026-05-12T22:30:57+00:00</time>
      </trkpt>
      <trkpt lat="47.34822" lon="12.34156">
        <ele>1814</ele>
        <time>2026-05-12T22:31:00+00:00</time>
      </trkpt>
      <trkpt lat="47.34819" lon="12.34154">
        <ele>1815</ele>
        <time>2026-05-12T22:31:03+00:00</time>
      </trkpt>
      <trkpt lat="47.34814" lon="12.34156">
        <ele>1815</ele>
        <time>2026-05-12T22:31:06+00:00</time>
      </trkpt>
      <trkpt lat="47.3481" lon="12.34159">
        <ele>1816</ele>
        <time>2026-05-12T22:31:09+00:00</time>
      </trkpt>
      <trkpt lat="47.34805" lon="12.34161">
        <ele>1818</ele>
        <time>2026-05-12T22:31:12+00:00</time>
      </trkpt>
      <trkpt lat="47.34801" lon="12.34162">
        <ele>1818</ele>
        <time>2026-05-12T22:31:15+00:00</time>
      </trkpt>
      <trkpt lat="47.34798" lon="12.34163">
        <ele>1818</ele>
        <time>2026-05-12T22:31:18+00:00</time>
      </trkpt>
      <trkpt lat="47.34793" lon="12.34163">
        <ele>1818</ele>
        <time>2026-05-12T22:31:21+00:00</time>
      </trkpt>
      <trkpt lat="47.34788" lon="12.34163">
        <ele>1819</ele>
        <time>2026-05-12T22:31:24+00:00</time>
      </trkpt>
      <trkpt lat="47.34784" lon="12.34163">
        <ele>1819</ele>
        <time>2026-05-12T22:31:27+00:00</time>
      </trkpt>
      <trkpt lat="47.34778" lon="12.34162">
        <ele>1820</ele>
        <time>2026-05-12T22:31:30+00:00</time>
      </trkpt>
      <trkpt lat="47.34775" lon="12.34163">
        <ele>1820</ele>
        <time>2026-05-12T22:31:33+00:00</time>
      </trkpt>
      <trkpt lat="47.34766" lon="12.34164">
        <ele>1821</ele>
        <time>2026-05-12T22:31:36+00:00</time>
      </trkpt>
      <trkpt lat="47.34762" lon="12.34165">
        <ele>1821</ele>
        <time>2026-05-12T22:31:39+00:00</time>
      </trkpt>
      <trkpt lat="47.34757" lon="12.34166">
        <ele>1823</ele>
        <time>2026-05-12T22:31:42+00:00</time>
      </trkpt>
      <trkpt lat="47.34753" lon="12.34167">
        <ele>1823</ele>
        <time>2026-05-12T22:31:45+00:00</time>
      </trkpt>
      <trkpt lat="47.34749" lon="12.34169">
        <ele>1825</ele>
        <time>2026-05-12T22:31:48+00:00</time>
      </trkpt>
      <trkpt lat="47.34745" lon="12.34169">
        <ele>1825</ele>
        <time>2026-05-12T22:31:51+00:00</time>
      </trkpt>
      <trkpt lat="47.34741" lon="12.34172">
        <ele>1826</ele>
        <time>2026-05-12T22:31:54+00:00</time>
      </trkpt>
      <trkpt lat="47.34737" lon="12.34175">
        <ele>1828</ele>
        <time>2026-05-12T22:31:57+00:00</time>
      </trkpt>
      <trkpt lat="47.34731" lon="12.34176">
        <ele>1828</ele>
        <time>2026-05-12T22:32:00+00:00</time>
      </trkpt>
      <trkpt lat="47.34728" lon="12.34177">
        <ele>1830</ele>
        <time>2026-05-12T22:32:03+00:00</time>
      </trkpt>
      <trkpt lat="47.34721" lon="12.3418">
        <ele>1830</ele>
        <time>2026-05-12T22:32:06+00:00</time>
      </trkpt>
      <trkpt lat="47.34719" lon="12.34183">
        <ele>1833</ele>
        <time>2026-05-12T22:32:09+00:00</time>
      </trkpt>
      <trkpt lat="47.34714" lon="12.34184">
        <ele>1833</ele>
        <time>2026-05-12T22:32:12+00:00</time>
      </trkpt>
      <trkpt lat="47.34712" lon="12.34184">
        <ele>1833</ele>
        <time>2026-05-12T22:32:15+00:00</time>
      </trkpt>
      <trkpt lat="47.3471" lon="12.34184">
        <ele>1835</ele>
        <time>2026-05-12T22:32:18+00:00</time>
      </trkpt>
      <trkpt lat="47.34701" lon="12.34191">
        <ele>1835</ele>
        <time>2026-05-12T22:32:21+00:00</time>
      </trkpt>
      <trkpt lat="47.34696" lon="12.34198">
        <ele>1838</ele>
        <time>2026-05-12T22:32:24+00:00</time>
      </trkpt>
      <trkpt lat="47.34694" lon="12.342">
        <ele>1838</ele>
        <time>2026-05-12T22:32:27+00:00</time>
      </trkpt>
      <trkpt lat="47.34688" lon="12.342">
        <ele>1841</ele>
        <time>2026-05-12T22:32:30+00:00</time>
      </trkpt>
      <trkpt lat="47.34686" lon="12.34204">
        <ele>1841</ele>
        <time>2026-05-12T22:32:33+00:00</time>
      </trkpt>
      <trkpt lat="47.34682" lon="12.34205">
        <ele>1841</ele>
        <time>2026-05-12T22:32:36+00:00</time>
      </trkpt>
      <trkpt lat="47.34674" lon="12.34212">
        <ele>1845</ele>
        <time>2026-05-12T22:32:39+00:00</time>
      </trkpt>
      <trkpt lat="47.34673" lon="12.34215">
        <ele>1845</ele>
        <time>2026-05-12T22:32:42+00:00</time>
      </trkpt>
      <trkpt lat="47.34666" lon="12.34219">
        <ele>1848</ele>
        <time>2026-05-12T22:32:45+00:00</time>
      </trkpt>
      <trkpt lat="47.3466" lon="12.34223">
        <ele>1848</ele>
        <time>2026-05-12T22:32:48+00:00</time>
      </trkpt>
      <trkpt lat="47.34653" lon="12.34228">
        <ele>1851</ele>
        <time>2026-05-12T22:32:51+00:00</time>
      </trkpt>
      <trkpt lat="47.34652" lon="12.34231">
        <ele>1851</ele>
        <time>2026-05-12T22:32:54+00:00</time>
      </trkpt>
      <trkpt lat="47.3465" lon="12.34233">
        <ele>1854</ele>
        <time>2026-05-12T22:32:57+00:00</time>
      </trkpt>
      <trkpt lat="47.34646" lon="12.34235">
        <ele>1854</ele>
        <time>2026-05-12T22:33:00+00:00</time>
      </trkpt>
      <trkpt lat="47.34642" lon="12.34238">
        <ele>1854</ele>
        <time>2026-05-12T22:33:03+00:00</time>
      </trkpt>
      <trkpt lat="47.34633" lon="12.34249">
        <ele>1857</ele>
        <time>2026-05-12T22:33:06+00:00</time>
      </trkpt>
      <trkpt lat="47.34631" lon="12.34251">
        <ele>1855</ele>
        <time>2026-05-12T22:33:09+00:00</time>
      </trkpt>
      <trkpt lat="47.34628" lon="12.34252">
        <ele>1858</ele>
        <time>2026-05-12T22:33:12+00:00</time>
      </trkpt>
      <trkpt lat="47.34624" lon="12.34259">
        <ele>1858</ele>
        <time>2026-05-12T22:33:15+00:00</time>
      </trkpt>
      <trkpt lat="47.34622" lon="12.3426">
        <ele>1855</ele>
        <time>2026-05-12T22:33:18+00:00</time>
      </trkpt>
      <trkpt lat="47.34618" lon="12.34261">
        <ele>1859</ele>
        <time>2026-05-12T22:33:21+00:00</time>
      </trkpt>
      <trkpt lat="47.34609" lon="12.34272">
        <ele>1859</ele>
        <time>2026-05-12T22:33:24+00:00</time>
      </trkpt>
      <trkpt lat="47.34607" lon="12.34276">
        <ele>1857</ele>
        <time>2026-05-12T22:33:27+00:00</time>
      </trkpt>
      <trkpt lat="47.346" lon="12.34282">
        <ele>1859</ele>
        <time>2026-05-12T22:33:30+00:00</time>
      </trkpt>
      <trkpt lat="47.34595" lon="12.34287">
        <ele>1859</ele>
        <time>2026-05-12T22:33:33+00:00</time>
      </trkpt>
      <trkpt lat="47.3459" lon="12.34291">
        <ele>1858</ele>
        <time>2026-05-12T22:33:36+00:00</time>
      </trkpt>
      <trkpt lat="47.34588" lon="12.34294">
        <ele>1859</ele>
        <time>2026-05-12T22:33:39+00:00</time>
      </trkpt>
      <trkpt lat="47.34585" lon="12.34297">
        <ele>1859</ele>
        <time>2026-05-12T22:33:42+00:00</time>
      </trkpt>
      <trkpt lat="47.34584" lon="12.343">
        <ele>1856</ele>
        <time>2026-05-12T22:33:45+00:00</time>
      </trkpt>
      <trkpt lat="47.3458" lon="12.34304">
        <ele>1856</ele>
        <time>2026-05-12T22:33:48+00:00</time>
      </trkpt>
      <trkpt lat="47.34576" lon="12.34309">
        <ele>1859</ele>
        <time>2026-05-12T22:33:51+00:00</time>
      </trkpt>
      <trkpt lat="47.34573" lon="12.34308">
        <ele>1859</ele>
        <time>2026-05-12T22:33:54+00:00</time>
      </trkpt>
      <trkpt lat="47.34567" lon="12.34313">
        <ele>1859</ele>
        <time>2026-05-12T22:33:57+00:00</time>
      </trkpt>
      <trkpt lat="47.34564" lon="12.34314">
        <ele>1859</ele>
        <time>2026-05-12T22:34:00+00:00</time>
      </trkpt>
      <trkpt lat="47.3456" lon="12.34316">
        <ele>1862</ele>
        <time>2026-05-12T22:34:03+00:00</time>
      </trkpt>
      <trkpt lat="47.34555" lon="12.34323">
        <ele>1859</ele>
        <time>2026-05-12T22:34:06+00:00</time>
      </trkpt>
      <trkpt lat="47.3455" lon="12.34328">
        <ele>1861</ele>
        <time>2026-05-12T22:34:09+00:00</time>
      </trkpt>
      <trkpt lat="47.34542" lon="12.34331">
        <ele>1858</ele>
        <time>2026-05-12T22:34:12+00:00</time>
      </trkpt>
      <trkpt lat="47.34541" lon="12.34336">
        <ele>1858</ele>
        <time>2026-05-12T22:34:15+00:00</time>
      </trkpt>
      <trkpt lat="47.34539" lon="12.34349">
        <ele>1858</ele>
        <time>2026-05-12T22:34:18+00:00</time>
      </trkpt>
      <trkpt lat="47.34536" lon="12.34354">
        <ele>1855</ele>
        <time>2026-05-12T22:34:21+00:00</time>
      </trkpt>
      <trkpt lat="47.34533" lon="12.3436">
        <ele>1852</ele>
        <time>2026-05-12T22:34:24+00:00</time>
      </trkpt>
      <trkpt lat="47.34532" lon="12.34366">
        <ele>1852</ele>
        <time>2026-05-12T22:34:27+00:00</time>
      </trkpt>
      <trkpt lat="47.34528" lon="12.34373">
        <ele>1852</ele>
        <time>2026-05-12T22:34:30+00:00</time>
      </trkpt>
      <trkpt lat="47.34525" lon="12.3438">
        <ele>1849</ele>
        <time>2026-05-12T22:34:33+00:00</time>
      </trkpt>
      <trkpt lat="47.34523" lon="12.34385">
        <ele>1849</ele>
        <time>2026-05-12T22:34:36+00:00</time>
      </trkpt>
      <trkpt lat="47.34519" lon="12.34406">
        <ele>1848</ele>
        <time>2026-05-12T22:34:39+00:00</time>
      </trkpt>
      <trkpt lat="47.34519" lon="12.34415">
        <ele>1847</ele>
        <time>2026-05-12T22:34:42+00:00</time>
      </trkpt>
      <trkpt lat="47.34519" lon="12.34422">
        <ele>1845</ele>
        <time>2026-05-12T22:34:45+00:00</time>
      </trkpt>
      <trkpt lat="47.34518" lon="12.34428">
        <ele>1845</ele>
        <time>2026-05-12T22:34:48+00:00</time>
      </trkpt>
      <trkpt lat="47.34516" lon="12.34436">
        <ele>1843</ele>
        <time>2026-05-12T22:34:51+00:00</time>
      </trkpt>
      <trkpt lat="47.34514" lon="12.3444">
        <ele>1843</ele>
        <time>2026-05-12T22:34:54+00:00</time>
      </trkpt>
      <trkpt lat="47.34513" lon="12.34444">
        <ele>1841</ele>
        <time>2026-05-12T22:34:57+00:00</time>
      </trkpt>
      <trkpt lat="47.34512" lon="12.34447">
        <ele>1841</ele>
        <time>2026-05-12T22:35:00+00:00</time>
      </trkpt>
      <trkpt lat="47.34509" lon="12.34459">
        <ele>1843</ele>
        <time>2026-05-12T22:35:03+00:00</time>
      </trkpt>
      <trkpt lat="47.34503" lon="12.34462">
        <ele>1844</ele>
        <time>2026-05-12T22:35:06+00:00</time>
      </trkpt>
      <trkpt lat="47.345" lon="12.34465">
        <ele>1842</ele>
        <time>2026-05-12T22:35:09+00:00</time>
      </trkpt>
      <trkpt lat="47.34493" lon="12.34466">
        <ele>1847</ele>
        <time>2026-05-12T22:35:12+00:00</time>
      </trkpt>
      <trkpt lat="47.34492" lon="12.34472">
        <ele>1846</ele>
        <time>2026-05-12T22:35:15+00:00</time>
      </trkpt>
      <trkpt lat="47.34492" lon="12.34481">
        <ele>1845</ele>
        <time>2026-05-12T22:35:18+00:00</time>
      </trkpt>
      <trkpt lat="47.34491" lon="12.34488">
        <ele>1845</ele>
        <time>2026-05-12T22:35:21+00:00</time>
      </trkpt>
      <trkpt lat="47.34488" lon="12.34491">
        <ele>1848</ele>
        <time>2026-05-12T22:35:24+00:00</time>
      </trkpt>
      <trkpt lat="47.34481" lon="12.34491">
        <ele>1848</ele>
        <time>2026-05-12T22:35:27+00:00</time>
      </trkpt>
      <trkpt lat="47.34477" lon="12.34494">
        <ele>1853</ele>
        <time>2026-05-12T22:35:30+00:00</time>
      </trkpt>
      <trkpt lat="47.34472" lon="12.34495">
        <ele>1853</ele>
        <time>2026-05-12T22:35:33+00:00</time>
      </trkpt>
      <trkpt lat="47.34468" lon="12.34498">
        <ele>1857</ele>
        <time>2026-05-12T22:35:36+00:00</time>
      </trkpt>
      <trkpt lat="47.34462" lon="12.34502">
        <ele>1857</ele>
        <time>2026-05-12T22:35:39+00:00</time>
      </trkpt>
      <trkpt lat="47.34458" lon="12.34506">
        <ele>1861</ele>
        <time>2026-05-12T22:35:42+00:00</time>
      </trkpt>
      <trkpt lat="47.34454" lon="12.34512">
        <ele>1860</ele>
        <time>2026-05-12T22:35:45+00:00</time>
      </trkpt>
      <trkpt lat="47.34452" lon="12.34515">
        <ele>1860</ele>
        <time>2026-05-12T22:35:48+00:00</time>
      </trkpt>
      <trkpt lat="47.3445" lon="12.34517">
        <ele>1865</ele>
        <time>2026-05-12T22:35:51+00:00</time>
      </trkpt>
      <trkpt lat="47.34448" lon="12.34519">
        <ele>1865</ele>
        <time>2026-05-12T22:35:54+00:00</time>
      </trkpt>
      <trkpt lat="47.34446" lon="12.34521">
        <ele>1864</ele>
        <time>2026-05-12T22:35:57+00:00</time>
      </trkpt>
      <trkpt lat="47.34445" lon="12.34524">
        <ele>1864</ele>
        <time>2026-05-12T22:36:00+00:00</time>
      </trkpt>
      <trkpt lat="47.34443" lon="12.34527">
        <ele>1864</ele>
        <time>2026-05-12T22:36:03+00:00</time>
      </trkpt>
      <trkpt lat="47.34442" lon="12.3453">
        <ele>1863</ele>
        <time>2026-05-12T22:36:06+00:00</time>
      </trkpt>
      <trkpt lat="47.34442" lon="12.3453">
        <ele>1863</ele>
        <time>2026-05-12T22:36:09+00:00</time>
      </trkpt>
      <trkpt lat="47.3444" lon="12.34532">
        <ele>1863</ele>
        <time>2026-05-12T22:36:12+00:00</time>
      </trkpt>
      <trkpt lat="47.3444" lon="12.34539">
        <ele>1868</ele>
        <time>2026-05-12T22:36:15+00:00</time>
      </trkpt>
      <trkpt lat="47.3444" lon="12.34546">
        <ele>1867</ele>
        <time>2026-05-12T22:36:18+00:00</time>
      </trkpt>
      <trkpt lat="47.34437" lon="12.34551">
        <ele>1866</ele>
        <time>2026-05-12T22:36:21+00:00</time>
      </trkpt>
      <trkpt lat="47.34434" lon="12.34556">
        <ele>1866</ele>
        <time>2026-05-12T22:36:24+00:00</time>
      </trkpt>
      <trkpt lat="47.34433" lon="12.34558">
        <ele>1866</ele>
        <time>2026-05-12T22:36:27+00:00</time>
      </trkpt>
      <trkpt lat="47.34432" lon="12.34562">
        <ele>1865</ele>
        <time>2026-05-12T22:36:30+00:00</time>
      </trkpt>
      <trkpt lat="47.34432" lon="12.34567">
        <ele>1865</ele>
        <time>2026-05-12T22:36:33+00:00</time>
      </trkpt>
      <trkpt lat="47.3443" lon="12.34576">
        <ele>1869</ele>
        <time>2026-05-12T22:36:36+00:00</time>
      </trkpt>
      <trkpt lat="47.34426" lon="12.34578">
        <ele>1869</ele>
        <time>2026-05-12T22:36:39+00:00</time>
      </trkpt>
      <trkpt lat="47.34424" lon="12.34582">
        <ele>1868</ele>
        <time>2026-05-12T22:36:42+00:00</time>
      </trkpt>
      <trkpt lat="47.34422" lon="12.34586">
        <ele>1868</ele>
        <time>2026-05-12T22:36:45+00:00</time>
      </trkpt>
      <trkpt lat="47.34415" lon="12.34587">
        <ele>1872</ele>
        <time>2026-05-12T22:36:48+00:00</time>
      </trkpt>
      <trkpt lat="47.34412" lon="12.34594">
        <ele>1871</ele>
        <time>2026-05-12T22:36:51+00:00</time>
      </trkpt>
      <trkpt lat="47.34414" lon="12.34604">
        <ele>1871</ele>
        <time>2026-05-12T22:36:54+00:00</time>
      </trkpt>
      <trkpt lat="47.34413" lon="12.3461">
        <ele>1871</ele>
        <time>2026-05-12T22:36:57+00:00</time>
      </trkpt>
      <trkpt lat="47.34414" lon="12.34614">
        <ele>1871</ele>
        <time>2026-05-12T22:37:00+00:00</time>
      </trkpt>
      <trkpt lat="47.34414" lon="12.34617">
        <ele>1871</ele>
        <time>2026-05-12T22:37:03+00:00</time>
      </trkpt>
      <trkpt lat="47.34416" lon="12.34634">
        <ele>1871</ele>
        <time>2026-05-12T22:37:06+00:00</time>
      </trkpt>
      <trkpt lat="47.34417" lon="12.34647">
        <ele>1871</ele>
        <time>2026-05-12T22:37:09+00:00</time>
      </trkpt>
      <trkpt lat="47.34417" lon="12.34657">
        <ele>1871</ele>
        <time>2026-05-12T22:37:12+00:00</time>
      </trkpt>
      <trkpt lat="47.3441" lon="12.34661">
        <ele>1871</ele>
        <time>2026-05-12T22:37:15+00:00</time>
      </trkpt>
      <trkpt lat="47.34408" lon="12.34667">
        <ele>1874</ele>
        <time>2026-05-12T22:37:18+00:00</time>
      </trkpt>
      <trkpt lat="47.34407" lon="12.3467">
        <ele>1874</ele>
        <time>2026-05-12T22:37:21+00:00</time>
      </trkpt>
      <trkpt lat="47.34406" lon="12.34673">
        <ele>1874</ele>
        <time>2026-05-12T22:37:24+00:00</time>
      </trkpt>
      <trkpt lat="47.34408" lon="12.34678">
        <ele>1874</ele>
        <time>2026-05-12T22:37:27+00:00</time>
      </trkpt>
      <trkpt lat="47.34399" lon="12.34684">
        <ele>1877</ele>
        <time>2026-05-12T22:37:30+00:00</time>
      </trkpt>
      <trkpt lat="47.34397" lon="12.34687">
        <ele>1877</ele>
        <time>2026-05-12T22:37:33+00:00</time>
      </trkpt>
      <trkpt lat="47.34394" lon="12.34692">
        <ele>1877</ele>
        <time>2026-05-12T22:37:36+00:00</time>
      </trkpt>
      <trkpt lat="47.34391" lon="12.34701">
        <ele>1877</ele>
        <time>2026-05-12T22:37:39+00:00</time>
      </trkpt>
      <trkpt lat="47.3439" lon="12.34703">
        <ele>1880</ele>
        <time>2026-05-12T22:37:42+00:00</time>
      </trkpt>
      <trkpt lat="47.34389" lon="12.34705">
        <ele>1880</ele>
        <time>2026-05-12T22:37:45+00:00</time>
      </trkpt>
      <trkpt lat="47.34389" lon="12.34719">
        <ele>1880</ele>
        <time>2026-05-12T22:37:48+00:00</time>
      </trkpt>
      <trkpt lat="47.34384" lon="12.34731">
        <ele>1879</ele>
        <time>2026-05-12T22:37:51+00:00</time>
      </trkpt>
      <trkpt lat="47.34381" lon="12.3474">
        <ele>1880</ele>
        <time>2026-05-12T22:37:54+00:00</time>
      </trkpt>
      <trkpt lat="47.34377" lon="12.34745">
        <ele>1883</ele>
        <time>2026-05-12T22:37:57+00:00</time>
      </trkpt>
      <trkpt lat="47.34378" lon="12.34751">
        <ele>1883</ele>
        <time>2026-05-12T22:38:00+00:00</time>
      </trkpt>
      <trkpt lat="47.34379" lon="12.34755">
        <ele>1883</ele>
        <time>2026-05-12T22:38:03+00:00</time>
      </trkpt>
      <trkpt lat="47.34378" lon="12.34759">
        <ele>1883</ele>
        <time>2026-05-12T22:38:06+00:00</time>
      </trkpt>
      <trkpt lat="47.34376" lon="12.34762">
        <ele>1883</ele>
        <time>2026-05-12T22:38:09+00:00</time>
      </trkpt>
      <trkpt lat="47.34376" lon="12.34765">
        <ele>1883</ele>
        <time>2026-05-12T22:38:12+00:00</time>
      </trkpt>
      <trkpt lat="47.34377" lon="12.34769">
        <ele>1883</ele>
        <time>2026-05-12T22:38:15+00:00</time>
      </trkpt>
      <trkpt lat="47.34378" lon="12.34775">
        <ele>1883</ele>
        <time>2026-05-12T22:38:18+00:00</time>
      </trkpt>
      <trkpt lat="47.34378" lon="12.34781">
        <ele>1883</ele>
        <time>2026-05-12T22:38:21+00:00</time>
      </trkpt>
      <trkpt lat="47.34379" lon="12.34784">
        <ele>1883</ele>
        <time>2026-05-12T22:38:24+00:00</time>
      </trkpt>
      <trkpt lat="47.34379" lon="12.34788">
        <ele>1883</ele>
        <time>2026-05-12T22:38:27+00:00</time>
      </trkpt>
      <trkpt lat="47.34377" lon="12.34798">
        <ele>1883</ele>
        <time>2026-05-12T22:38:30+00:00</time>
      </trkpt>
      <trkpt lat="47.34378" lon="12.34802">
        <ele>1884</ele>
        <time>2026-05-12T22:38:33+00:00</time>
      </trkpt>
      <trkpt lat="47.34377" lon="12.34805">
        <ele>1884</ele>
        <time>2026-05-12T22:38:36+00:00</time>
      </trkpt>
      <trkpt lat="47.34377" lon="12.34809">
        <ele>1884</ele>
        <time>2026-05-12T22:38:39+00:00</time>
      </trkpt>
      <trkpt lat="47.34377" lon="12.34813">
        <ele>1884</ele>
        <time>2026-05-12T22:38:42+00:00</time>
      </trkpt>
      <trkpt lat="47.34376" lon="12.34816">
        <ele>1884</ele>
        <time>2026-05-12T22:38:45+00:00</time>
      </trkpt>
      <trkpt lat="47.34376" lon="12.34819">
        <ele>1884</ele>
        <time>2026-05-12T22:38:48+00:00</time>
      </trkpt>
      <trkpt lat="47.34375" lon="12.34831">
        <ele>1884</ele>
        <time>2026-05-12T22:38:51+00:00</time>
      </trkpt>
      <trkpt lat="47.34377" lon="12.34833">
        <ele>1885</ele>
        <time>2026-05-12T22:38:54+00:00</time>
      </trkpt>
      <trkpt lat="47.34378" lon="12.34835">
        <ele>1885</ele>
        <time>2026-05-12T22:38:57+00:00</time>
      </trkpt>
      <trkpt lat="47.34379" lon="12.34837">
        <ele>1885</ele>
        <time>2026-05-12T22:39:00+00:00</time>
      </trkpt>
      <trkpt lat="47.34381" lon="12.34843">
        <ele>1883</ele>
        <time>2026-05-12T22:39:03+00:00</time>
      </trkpt>
      <trkpt lat="47.34382" lon="12.34849">
        <ele>1883</ele>
        <time>2026-05-12T22:39:06+00:00</time>
      </trkpt>
      <trkpt lat="47.34384" lon="12.34857">
        <ele>1884</ele>
        <time>2026-05-12T22:39:09+00:00</time>
      </trkpt>
      <trkpt lat="47.34385" lon="12.3486">
        <ele>1884</ele>
        <time>2026-05-12T22:39:12+00:00</time>
      </trkpt>
      <trkpt lat="47.34387" lon="12.34863">
        <ele>1884</ele>
        <time>2026-05-12T22:39:15+00:00</time>
      </trkpt>
      <trkpt lat="47.34388" lon="12.34867">
        <ele>1884</ele>
        <time>2026-05-12T22:39:18+00:00</time>
      </trkpt>
      <trkpt lat="47.34387" lon="12.34876">
        <ele>1885</ele>
        <time>2026-05-12T22:39:21+00:00</time>
      </trkpt>
      <trkpt lat="47.34387" lon="12.3488">
        <ele>1885</ele>
        <time>2026-05-12T22:39:24+00:00</time>
      </trkpt>
      <trkpt lat="47.3439" lon="12.3488">
        <ele>1886</ele>
        <time>2026-05-12T22:39:27+00:00</time>
      </trkpt>
      <trkpt lat="47.34391" lon="12.34887">
        <ele>1883</ele>
        <time>2026-05-12T22:39:30+00:00</time>
      </trkpt>
      <trkpt lat="47.34392" lon="12.34892">
        <ele>1884</ele>
        <time>2026-05-12T22:39:33+00:00</time>
      </trkpt>
      <trkpt lat="47.34392" lon="12.34895">
        <ele>1884</ele>
        <time>2026-05-12T22:39:36+00:00</time>
      </trkpt>
      <trkpt lat="47.34389" lon="12.34896">
        <ele>1887</ele>
        <time>2026-05-12T22:39:39+00:00</time>
      </trkpt>
      <trkpt lat="47.3439" lon="12.34903">
        <ele>1888</ele>
        <time>2026-05-12T22:39:42+00:00</time>
      </trkpt>
      <trkpt lat="47.34388" lon="12.34919">
        <ele>1889</ele>
        <time>2026-05-12T22:39:45+00:00</time>
      </trkpt>
      <trkpt lat="47.34389" lon="12.34924">
        <ele>1890</ele>
        <time>2026-05-12T22:39:48+00:00</time>
      </trkpt>
      <trkpt lat="47.34389" lon="12.34933">
        <ele>1891</ele>
        <time>2026-05-12T22:39:51+00:00</time>
      </trkpt>
      <trkpt lat="47.34388" lon="12.3494">
        <ele>1891</ele>
        <time>2026-05-12T22:39:54+00:00</time>
      </trkpt>
      <trkpt lat="47.34386" lon="12.34942">
        <ele>1892</ele>
        <time>2026-05-12T22:39:57+00:00</time>
      </trkpt>
      <trkpt lat="47.34387" lon="12.34946">
        <ele>1892</ele>
        <time>2026-05-12T22:40:00+00:00</time>
      </trkpt>
      <trkpt lat="47.34385" lon="12.34953">
        <ele>1893</ele>
        <time>2026-05-12T22:40:03+00:00</time>
      </trkpt>
      <trkpt lat="47.34387" lon="12.34965">
        <ele>1894</ele>
        <time>2026-05-12T22:40:06+00:00</time>
      </trkpt>
      <trkpt lat="47.34385" lon="12.34973">
        <ele>1895</ele>
        <time>2026-05-12T22:40:09+00:00</time>
      </trkpt>
      <trkpt lat="47.34387" lon="12.34976">
        <ele>1895</ele>
        <time>2026-05-12T22:40:12+00:00</time>
      </trkpt>
      <trkpt lat="47.34385" lon="12.34984">
        <ele>1895</ele>
        <time>2026-05-12T22:40:15+00:00</time>
      </trkpt>
      <trkpt lat="47.34384" lon="12.34994">
        <ele>1896</ele>
        <time>2026-05-12T22:40:18+00:00</time>
      </trkpt>
      <trkpt lat="47.34385" lon="12.35003">
        <ele>1897</ele>
        <time>2026-05-12T22:40:21+00:00</time>
      </trkpt>
      <trkpt lat="47.34384" lon="12.35011">
        <ele>1898</ele>
        <time>2026-05-12T22:40:24+00:00</time>
      </trkpt>
      <trkpt lat="47.34383" lon="12.35018">
        <ele>1898</ele>
        <time>2026-05-12T22:40:27+00:00</time>
      </trkpt>
      <trkpt lat="47.3438" lon="12.35022">
        <ele>1899</ele>
        <time>2026-05-12T22:40:30+00:00</time>
      </trkpt>
      <trkpt lat="47.34379" lon="12.35026">
        <ele>1903</ele>
        <time>2026-05-12T22:40:33+00:00</time>
      </trkpt>
      <trkpt lat="47.34377" lon="12.35031">
        <ele>1903</ele>
        <time>2026-05-12T22:40:36+00:00</time>
      </trkpt>
      <trkpt lat="47.34374" lon="12.35041">
        <ele>1904</ele>
        <time>2026-05-12T22:40:39+00:00</time>
      </trkpt>
      <trkpt lat="47.34371" lon="12.35049">
        <ele>1904</ele>
        <time>2026-05-12T22:40:42+00:00</time>
      </trkpt>
      <trkpt lat="47.34368" lon="12.35058">
        <ele>1908</ele>
        <time>2026-05-12T22:40:45+00:00</time>
      </trkpt>
      <trkpt lat="47.34367" lon="12.35062">
        <ele>1909</ele>
        <time>2026-05-12T22:40:48+00:00</time>
      </trkpt>
      <trkpt lat="47.34364" lon="12.35068">
        <ele>1909</ele>
        <time>2026-05-12T22:40:51+00:00</time>
      </trkpt>
      <trkpt lat="47.34362" lon="12.35078">
        <ele>1909</ele>
        <time>2026-05-12T22:40:54+00:00</time>
      </trkpt>
      <trkpt lat="47.34361" lon="12.35082">
        <ele>1909</ele>
        <time>2026-05-12T22:40:57+00:00</time>
      </trkpt>
      <trkpt lat="47.34358" lon="12.35092">
        <ele>1912</ele>
        <time>2026-05-12T22:41:00+00:00</time>
      </trkpt>
      <trkpt lat="47.34357" lon="12.351">
        <ele>1912</ele>
        <time>2026-05-12T22:41:03+00:00</time>
      </trkpt>
      <trkpt lat="47.34356" lon="12.35104">
        <ele>1912</ele>
        <time>2026-05-12T22:41:06+00:00</time>
      </trkpt>
      <trkpt lat="47.34354" lon="12.35106">
        <ele>1912</ele>
        <time>2026-05-12T22:41:09+00:00</time>
      </trkpt>
      <trkpt lat="47.34349" lon="12.3511">
        <ele>1914</ele>
        <time>2026-05-12T22:41:12+00:00</time>
      </trkpt>
      <trkpt lat="47.34351" lon="12.35115">
        <ele>1912</ele>
        <time>2026-05-12T22:41:15+00:00</time>
      </trkpt>
      <trkpt lat="47.34354" lon="12.35124">
        <ele>1912</ele>
        <time>2026-05-12T22:41:18+00:00</time>
      </trkpt>
      <trkpt lat="47.34357" lon="12.3513">
        <ele>1912</ele>
        <time>2026-05-12T22:41:21+00:00</time>
      </trkpt>
      <trkpt lat="47.3436" lon="12.35138">
        <ele>1912</ele>
        <time>2026-05-12T22:41:24+00:00</time>
      </trkpt>
      <trkpt lat="47.34364" lon="12.3515">
        <ele>1910</ele>
        <time>2026-05-12T22:41:27+00:00</time>
      </trkpt>
      <trkpt lat="47.34366" lon="12.35159">
        <ele>1910</ele>
        <time>2026-05-12T22:41:30+00:00</time>
      </trkpt>
      <trkpt lat="47.34369" lon="12.35166">
        <ele>1910</ele>
        <time>2026-05-12T22:41:33+00:00</time>
      </trkpt>
      <trkpt lat="47.3437" lon="12.35173">
        <ele>1909</ele>
        <time>2026-05-12T22:41:36+00:00</time>
      </trkpt>
      <trkpt lat="47.3437" lon="12.35179">
        <ele>1908</ele>
        <time>2026-05-12T22:41:39+00:00</time>
      </trkpt>
      <trkpt lat="47.34372" lon="12.35192">
        <ele>1908</ele>
        <time>2026-05-12T22:41:42+00:00</time>
      </trkpt>
      <trkpt lat="47.34374" lon="12.35203">
        <ele>1908</ele>
        <time>2026-05-12T22:41:45+00:00</time>
      </trkpt>
      <trkpt lat="47.34376" lon="12.3521">
        <ele>1908</ele>
        <time>2026-05-12T22:41:48+00:00</time>
      </trkpt>
      <trkpt lat="47.34379" lon="12.35216">
        <ele>1908</ele>
        <time>2026-05-12T22:41:51+00:00</time>
      </trkpt>
      <trkpt lat="47.34381" lon="12.35224">
        <ele>1907</ele>
        <time>2026-05-12T22:41:54+00:00</time>
      </trkpt>
      <trkpt lat="47.34382" lon="12.35232">
        <ele>1906</ele>
        <time>2026-05-12T22:41:57+00:00</time>
      </trkpt>
      <trkpt lat="47.34383" lon="12.35234">
        <ele>1906</ele>
        <time>2026-05-12T22:42:00+00:00</time>
      </trkpt>
      <trkpt lat="47.34388" lon="12.3524">
        <ele>1906</ele>
        <time>2026-05-12T22:42:03+00:00</time>
      </trkpt>
      <trkpt lat="47.34394" lon="12.35246">
        <ele>1906</ele>
        <time>2026-05-12T22:42:06+00:00</time>
      </trkpt>
      <trkpt lat="47.34401" lon="12.35253">
        <ele>1906</ele>
        <time>2026-05-12T22:42:09+00:00</time>
      </trkpt>
      <trkpt lat="47.34407" lon="12.3526">
        <ele>1906</ele>
        <time>2026-05-12T22:42:12+00:00</time>
      </trkpt>
      <trkpt lat="47.34411" lon="12.35267">
        <ele>1906</ele>
        <time>2026-05-12T22:42:15+00:00</time>
      </trkpt>
      <trkpt lat="47.34414" lon="12.35272">
        <ele>1906</ele>
        <time>2026-05-12T22:42:18+00:00</time>
      </trkpt>
      <trkpt lat="47.34416" lon="12.35275">
        <ele>1906</ele>
        <time>2026-05-12T22:42:21+00:00</time>
      </trkpt>
      <trkpt lat="47.34418" lon="12.35279">
        <ele>1906</ele>
        <time>2026-05-12T22:42:24+00:00</time>
      </trkpt>
      <trkpt lat="47.34422" lon="12.35286">
        <ele>1906</ele>
        <time>2026-05-12T22:42:27+00:00</time>
      </trkpt>
      <trkpt lat="47.34426" lon="12.35292">
        <ele>1907</ele>
        <time>2026-05-12T22:42:30+00:00</time>
      </trkpt>
      <trkpt lat="47.34428" lon="12.35298">
        <ele>1907</ele>
        <time>2026-05-12T22:42:33+00:00</time>
      </trkpt>
      <trkpt lat="47.34428" lon="12.35306">
        <ele>1907</ele>
        <time>2026-05-12T22:42:36+00:00</time>
      </trkpt>
      <trkpt lat="47.34429" lon="12.35315">
        <ele>1906</ele>
        <time>2026-05-12T22:42:39+00:00</time>
      </trkpt>
      <trkpt lat="47.34436" lon="12.35324">
        <ele>1905</ele>
        <time>2026-05-12T22:42:42+00:00</time>
      </trkpt>
      <trkpt lat="47.34444" lon="12.35335">
        <ele>1904</ele>
        <time>2026-05-12T22:42:45+00:00</time>
      </trkpt>
      <trkpt lat="47.34446" lon="12.35337">
        <ele>1904</ele>
        <time>2026-05-12T22:42:48+00:00</time>
      </trkpt>
      <trkpt lat="47.34452" lon="12.35342">
        <ele>1903</ele>
        <time>2026-05-12T22:42:51+00:00</time>
      </trkpt>
      <trkpt lat="47.34457" lon="12.35349">
        <ele>1903</ele>
        <time>2026-05-12T22:42:54+00:00</time>
      </trkpt>
      <trkpt lat="47.3446" lon="12.35353">
        <ele>1903</ele>
        <time>2026-05-12T22:42:57+00:00</time>
      </trkpt>
      <trkpt lat="47.34462" lon="12.35357">
        <ele>1902</ele>
        <time>2026-05-12T22:43:00+00:00</time>
      </trkpt>
      <trkpt lat="47.34463" lon="12.35362">
        <ele>1903</ele>
        <time>2026-05-12T22:43:03+00:00</time>
      </trkpt>
      <trkpt lat="47.34466" lon="12.35365">
        <ele>1903</ele>
        <time>2026-05-12T22:43:06+00:00</time>
      </trkpt>
      <trkpt lat="47.3447" lon="12.35371">
        <ele>1903</ele>
        <time>2026-05-12T22:43:09+00:00</time>
      </trkpt>
      <trkpt lat="47.34471" lon="12.35377">
        <ele>1903</ele>
        <time>2026-05-12T22:43:12+00:00</time>
      </trkpt>
      <trkpt lat="47.34475" lon="12.35381">
        <ele>1904</ele>
        <time>2026-05-12T22:43:15+00:00</time>
      </trkpt>
      <trkpt lat="47.34476" lon="12.35384">
        <ele>1904</ele>
        <time>2026-05-12T22:43:18+00:00</time>
      </trkpt>
      <trkpt lat="47.34476" lon="12.35388">
        <ele>1904</ele>
        <time>2026-05-12T22:43:21+00:00</time>
      </trkpt>
      <trkpt lat="47.34476" lon="12.35392">
        <ele>1905</ele>
        <time>2026-05-12T22:43:24+00:00</time>
      </trkpt>
      <trkpt lat="47.34477" lon="12.35395">
        <ele>1905</ele>
        <time>2026-05-12T22:43:27+00:00</time>
      </trkpt>
      <trkpt lat="47.34482" lon="12.35397">
        <ele>1905</ele>
        <time>2026-05-12T22:43:30+00:00</time>
      </trkpt>
      <trkpt lat="47.34487" lon="12.35403">
        <ele>1907</ele>
        <time>2026-05-12T22:43:33+00:00</time>
      </trkpt>
      <trkpt lat="47.3449" lon="12.35409">
        <ele>1907</ele>
        <time>2026-05-12T22:43:36+00:00</time>
      </trkpt>
      <trkpt lat="47.34492" lon="12.35415">
        <ele>1909</ele>
        <time>2026-05-12T22:43:39+00:00</time>
      </trkpt>
      <trkpt lat="47.34497" lon="12.35422">
        <ele>1906</ele>
        <time>2026-05-12T22:43:42+00:00</time>
      </trkpt>
      <trkpt lat="47.34504" lon="12.3543">
        <ele>1909</ele>
        <time>2026-05-12T22:43:45+00:00</time>
      </trkpt>
      <trkpt lat="47.34507" lon="12.35437">
        <ele>1909</ele>
        <time>2026-05-12T22:43:48+00:00</time>
      </trkpt>
      <trkpt lat="47.34512" lon="12.35439">
        <ele>1907</ele>
        <time>2026-05-12T22:43:51+00:00</time>
      </trkpt>
      <trkpt lat="47.34518" lon="12.35448">
        <ele>1908</ele>
        <time>2026-05-12T22:43:54+00:00</time>
      </trkpt>
      <trkpt lat="47.34524" lon="12.35457">
        <ele>1908</ele>
        <time>2026-05-12T22:43:57+00:00</time>
      </trkpt>
      <trkpt lat="47.34528" lon="12.35459">
        <ele>1908</ele>
        <time>2026-05-12T22:44:00+00:00</time>
      </trkpt>
      <trkpt lat="47.34531" lon="12.35466">
        <ele>1908</ele>
        <time>2026-05-12T22:44:03+00:00</time>
      </trkpt>
      <trkpt lat="47.34531" lon="12.35471">
        <ele>1910</ele>
        <time>2026-05-12T22:44:06+00:00</time>
      </trkpt>
      <trkpt lat="47.34536" lon="12.35478">
        <ele>1910</ele>
        <time>2026-05-12T22:44:09+00:00</time>
      </trkpt>
      <trkpt lat="47.34543" lon="12.35488">
        <ele>1911</ele>
        <time>2026-05-12T22:44:12+00:00</time>
      </trkpt>
      <trkpt lat="47.34546" lon="12.35495">
        <ele>1912</ele>
        <time>2026-05-12T22:44:15+00:00</time>
      </trkpt>
      <trkpt lat="47.34547" lon="12.35497">
        <ele>1912</ele>
        <time>2026-05-12T22:44:18+00:00</time>
      </trkpt>
      <trkpt lat="47.34549" lon="12.35507">
        <ele>1912</ele>
        <time>2026-05-12T22:44:21+00:00</time>
      </trkpt>
      <trkpt lat="47.3455" lon="12.35523">
        <ele>1913</ele>
        <time>2026-05-12T22:44:24+00:00</time>
      </trkpt>
      <trkpt lat="47.3455" lon="12.35534">
        <ele>1914</ele>
        <time>2026-05-12T22:44:27+00:00</time>
      </trkpt>
      <trkpt lat="47.34552" lon="12.35541">
        <ele>1915</ele>
        <time>2026-05-12T22:44:30+00:00</time>
      </trkpt>
      <trkpt lat="47.34553" lon="12.35548">
        <ele>1915</ele>
        <time>2026-05-12T22:44:33+00:00</time>
      </trkpt>
      <trkpt lat="47.34552" lon="12.35558">
        <ele>1913</ele>
        <time>2026-05-12T22:44:36+00:00</time>
      </trkpt>
      <trkpt lat="47.34554" lon="12.35566">
        <ele>1915</ele>
        <time>2026-05-12T22:44:39+00:00</time>
      </trkpt>
      <trkpt lat="47.34553" lon="12.35579">
        <ele>1914</ele>
        <time>2026-05-12T22:44:42+00:00</time>
      </trkpt>
      <trkpt lat="47.34554" lon="12.3559">
        <ele>1913</ele>
        <time>2026-05-12T22:44:45+00:00</time>
      </trkpt>
      <trkpt lat="47.34555" lon="12.35598">
        <ele>1914</ele>
        <time>2026-05-12T22:44:48+00:00</time>
      </trkpt>
      <trkpt lat="47.34556" lon="12.35604">
        <ele>1913</ele>
        <time>2026-05-12T22:44:51+00:00</time>
      </trkpt>
      <trkpt lat="47.34557" lon="12.35616">
        <ele>1913</ele>
        <time>2026-05-12T22:44:54+00:00</time>
      </trkpt>
      <trkpt lat="47.34559" lon="12.35624">
        <ele>1913</ele>
        <time>2026-05-12T22:44:57+00:00</time>
      </trkpt>
      <trkpt lat="47.34561" lon="12.35637">
        <ele>1913</ele>
        <time>2026-05-12T22:45:00+00:00</time>
      </trkpt>
      <trkpt lat="47.3456" lon="12.35641">
        <ele>1913</ele>
        <time>2026-05-12T22:45:03+00:00</time>
      </trkpt>
      <trkpt lat="47.3456" lon="12.35645">
        <ele>1912</ele>
        <time>2026-05-12T22:45:06+00:00</time>
      </trkpt>
      <trkpt lat="47.34565" lon="12.35655">
        <ele>1913</ele>
        <time>2026-05-12T22:45:09+00:00</time>
      </trkpt>
      <trkpt lat="47.34568" lon="12.35668">
        <ele>1912</ele>
        <time>2026-05-12T22:45:12+00:00</time>
      </trkpt>
      <trkpt lat="47.34572" lon="12.35679">
        <ele>1910</ele>
        <time>2026-05-12T22:45:15+00:00</time>
      </trkpt>
      <trkpt lat="47.34573" lon="12.35687">
        <ele>1910</ele>
        <time>2026-05-12T22:45:18+00:00</time>
      </trkpt>
      <trkpt lat="47.34576" lon="12.35694">
        <ele>1910</ele>
        <time>2026-05-12T22:45:21+00:00</time>
      </trkpt>
      <trkpt lat="47.34577" lon="12.35699">
        <ele>1910</ele>
        <time>2026-05-12T22:45:24+00:00</time>
      </trkpt>
      <trkpt lat="47.34579" lon="12.35707">
        <ele>1911</ele>
        <time>2026-05-12T22:45:27+00:00</time>
      </trkpt>
      <trkpt lat="47.34583" lon="12.35714">
        <ele>1910</ele>
        <time>2026-05-12T22:45:30+00:00</time>
      </trkpt>
      <trkpt lat="47.34587" lon="12.35723">
        <ele>1910</ele>
        <time>2026-05-12T22:45:33+00:00</time>
      </trkpt>
      <trkpt lat="47.34592" lon="12.35732">
        <ele>1910</ele>
        <time>2026-05-12T22:45:36+00:00</time>
      </trkpt>
      <trkpt lat="47.34596" lon="12.35741">
        <ele>1911</ele>
        <time>2026-05-12T22:45:39+00:00</time>
      </trkpt>
      <trkpt lat="47.346" lon="12.35751">
        <ele>1911</ele>
        <time>2026-05-12T22:45:42+00:00</time>
      </trkpt>
      <trkpt lat="47.34607" lon="12.35764">
        <ele>1912</ele>
        <time>2026-05-12T22:45:45+00:00</time>
      </trkpt>
      <trkpt lat="47.3461" lon="12.3577">
        <ele>1912</ele>
        <time>2026-05-12T22:45:48+00:00</time>
      </trkpt>
      <trkpt lat="47.34614" lon="12.35778">
        <ele>1912</ele>
        <time>2026-05-12T22:45:51+00:00</time>
      </trkpt>
      <trkpt lat="47.3462" lon="12.35787">
        <ele>1912</ele>
        <time>2026-05-12T22:45:54+00:00</time>
      </trkpt>
      <trkpt lat="47.34628" lon="12.35796">
        <ele>1913</ele>
        <time>2026-05-12T22:45:57+00:00</time>
      </trkpt>
      <trkpt lat="47.34635" lon="12.35808">
        <ele>1912</ele>
        <time>2026-05-12T22:46:00+00:00</time>
      </trkpt>
      <trkpt lat="47.34641" lon="12.35817">
        <ele>1911</ele>
        <time>2026-05-12T22:46:03+00:00</time>
      </trkpt>
      <trkpt lat="47.34648" lon="12.3583">
        <ele>1912</ele>
        <time>2026-05-12T22:46:06+00:00</time>
      </trkpt>
      <trkpt lat="47.34654" lon="12.35842">
        <ele>1911</ele>
        <time>2026-05-12T22:46:09+00:00</time>
      </trkpt>
      <trkpt lat="47.34657" lon="12.35849">
        <ele>1911</ele>
        <time>2026-05-12T22:46:12+00:00</time>
      </trkpt>
      <trkpt lat="47.34662" lon="12.35858">
        <ele>1910</ele>
        <time>2026-05-12T22:46:15+00:00</time>
      </trkpt>
      <trkpt lat="47.34666" lon="12.35862">
        <ele>1910</ele>
        <time>2026-05-12T22:46:18+00:00</time>
      </trkpt>
      <trkpt lat="47.34671" lon="12.35866">
        <ele>1909</ele>
        <time>2026-05-12T22:46:21+00:00</time>
      </trkpt>
      <trkpt lat="47.34676" lon="12.35873">
        <ele>1910</ele>
        <time>2026-05-12T22:46:24+00:00</time>
      </trkpt>
      <trkpt lat="47.34683" lon="12.35881">
        <ele>1909</ele>
        <time>2026-05-12T22:46:27+00:00</time>
      </trkpt>
      <trkpt lat="47.34687" lon="12.35886">
        <ele>1909</ele>
        <time>2026-05-12T22:46:30+00:00</time>
      </trkpt>
      <trkpt lat="47.34693" lon="12.35894">
        <ele>1909</ele>
        <time>2026-05-12T22:46:33+00:00</time>
      </trkpt>
      <trkpt lat="47.34698" lon="12.35897">
        <ele>1909</ele>
        <time>2026-05-12T22:46:36+00:00</time>
      </trkpt>
      <trkpt lat="47.34702" lon="12.359">
        <ele>1909</ele>
        <time>2026-05-12T22:46:39+00:00</time>
      </trkpt>
      <trkpt lat="47.34708" lon="12.35909">
        <ele>1909</ele>
        <time>2026-05-12T22:46:42+00:00</time>
      </trkpt>
      <trkpt lat="47.34713" lon="12.35914">
        <ele>1907</ele>
        <time>2026-05-12T22:46:45+00:00</time>
      </trkpt>
      <trkpt lat="47.3472" lon="12.35914">
        <ele>1905</ele>
        <time>2026-05-12T22:46:48+00:00</time>
      </trkpt>
      <trkpt lat="47.3473" lon="12.35922">
        <ele>1904</ele>
        <time>2026-05-12T22:46:51+00:00</time>
      </trkpt>
      <trkpt lat="47.34738" lon="12.35926">
        <ele>1904</ele>
        <time>2026-05-12T22:46:54+00:00</time>
      </trkpt>
      <trkpt lat="47.34749" lon="12.35929">
        <ele>1903</ele>
        <time>2026-05-12T22:46:57+00:00</time>
      </trkpt>
      <trkpt lat="47.34757" lon="12.35934">
        <ele>1902</ele>
        <time>2026-05-12T22:47:00+00:00</time>
      </trkpt>
      <trkpt lat="47.34762" lon="12.35941">
        <ele>1901</ele>
        <time>2026-05-12T22:47:03+00:00</time>
      </trkpt>
      <trkpt lat="47.34769" lon="12.35951">
        <ele>1903</ele>
        <time>2026-05-12T22:47:06+00:00</time>
      </trkpt>
      <trkpt lat="47.34775" lon="12.35957">
        <ele>1901</ele>
        <time>2026-05-12T22:47:09+00:00</time>
      </trkpt>
      <trkpt lat="47.3478" lon="12.35964">
        <ele>1902</ele>
        <time>2026-05-12T22:47:12+00:00</time>
      </trkpt>
      <trkpt lat="47.34789" lon="12.35972">
        <ele>1901</ele>
        <time>2026-05-12T22:47:15+00:00</time>
      </trkpt>
      <trkpt lat="47.348" lon="12.35986">
        <ele>1899</ele>
        <time>2026-05-12T22:47:18+00:00</time>
      </trkpt>
      <trkpt lat="47.34807" lon="12.35992">
        <ele>1900</ele>
        <time>2026-05-12T22:47:21+00:00</time>
      </trkpt>
      <trkpt lat="47.34817" lon="12.36011">
        <ele>1900</ele>
        <time>2026-05-12T22:47:24+00:00</time>
      </trkpt>
      <trkpt lat="47.34819" lon="12.36017">
        <ele>1900</ele>
        <time>2026-05-12T22:47:27+00:00</time>
      </trkpt>
      <trkpt lat="47.34825" lon="12.36024">
        <ele>1901</ele>
        <time>2026-05-12T22:47:30+00:00</time>
      </trkpt>
      <trkpt lat="47.34829" lon="12.3603">
        <ele>1902</ele>
        <time>2026-05-12T22:47:33+00:00</time>
      </trkpt>
      <trkpt lat="47.34835" lon="12.36039">
        <ele>1902</ele>
        <time>2026-05-12T22:47:36+00:00</time>
      </trkpt>
      <trkpt lat="47.34837" lon="12.36043">
        <ele>1902</ele>
        <time>2026-05-12T22:47:39+00:00</time>
      </trkpt>
      <trkpt lat="47.34841" lon="12.3605">
        <ele>1901</ele>
        <time>2026-05-12T22:47:42+00:00</time>
      </trkpt>
      <trkpt lat="47.34845" lon="12.36062">
        <ele>1902</ele>
        <time>2026-05-12T22:47:45+00:00</time>
      </trkpt>
      <trkpt lat="47.34847" lon="12.36069">
        <ele>1902</ele>
        <time>2026-05-12T22:47:48+00:00</time>
      </trkpt>
      <trkpt lat="47.34851" lon="12.36078">
        <ele>1901</ele>
        <time>2026-05-12T22:47:51+00:00</time>
      </trkpt>
      <trkpt lat="47.34856" lon="12.36085">
        <ele>1902</ele>
        <time>2026-05-12T22:47:54+00:00</time>
      </trkpt>
      <trkpt lat="47.34864" lon="12.36094">
        <ele>1903</ele>
        <time>2026-05-12T22:47:57+00:00</time>
      </trkpt>
      <trkpt lat="47.34868" lon="12.36098">
        <ele>1903</ele>
        <time>2026-05-12T22:48:00+00:00</time>
      </trkpt>
      <trkpt lat="47.34871" lon="12.36102">
        <ele>1904</ele>
        <time>2026-05-12T22:48:03+00:00</time>
      </trkpt>
      <trkpt lat="47.34878" lon="12.36109">
        <ele>1904</ele>
        <time>2026-05-12T22:48:06+00:00</time>
      </trkpt>
      <trkpt lat="47.34885" lon="12.36115">
        <ele>1904</ele>
        <time>2026-05-12T22:48:09+00:00</time>
      </trkpt>
      <trkpt lat="47.3489" lon="12.36121">
        <ele>1904</ele>
        <time>2026-05-12T22:48:12+00:00</time>
      </trkpt>
      <trkpt lat="47.34894" lon="12.36123">
        <ele>1904</ele>
        <time>2026-05-12T22:48:15+00:00</time>
      </trkpt>
      <trkpt lat="47.349" lon="12.36133">
        <ele>1905</ele>
        <time>2026-05-12T22:48:18+00:00</time>
      </trkpt>
      <trkpt lat="47.34903" lon="12.3614">
        <ele>1904</ele>
        <time>2026-05-12T22:48:21+00:00</time>
      </trkpt>
      <trkpt lat="47.34915" lon="12.36156">
        <ele>1905</ele>
        <time>2026-05-12T22:48:24+00:00</time>
      </trkpt>
      <trkpt lat="47.34925" lon="12.36173">
        <ele>1905</ele>
        <time>2026-05-12T22:48:27+00:00</time>
      </trkpt>
      <trkpt lat="47.34931" lon="12.36185">
        <ele>1904</ele>
        <time>2026-05-12T22:48:30+00:00</time>
      </trkpt>
      <trkpt lat="47.34938" lon="12.36192">
        <ele>1905</ele>
        <time>2026-05-12T22:48:33+00:00</time>
      </trkpt>
      <trkpt lat="47.34941" lon="12.36199">
        <ele>1904</ele>
        <time>2026-05-12T22:48:36+00:00</time>
      </trkpt>
      <trkpt lat="47.34947" lon="12.36206">
        <ele>1905</ele>
        <time>2026-05-12T22:48:39+00:00</time>
      </trkpt>
      <trkpt lat="47.34951" lon="12.36214">
        <ele>1906</ele>
        <time>2026-05-12T22:48:42+00:00</time>
      </trkpt>
      <trkpt lat="47.34954" lon="12.36217">
        <ele>1906</ele>
        <time>2026-05-12T22:48:45+00:00</time>
      </trkpt>
      <trkpt lat="47.34955" lon="12.36229">
        <ele>1907</ele>
        <time>2026-05-12T22:48:48+00:00</time>
      </trkpt>
      <trkpt lat="47.34956" lon="12.36239">
        <ele>1908</ele>
        <time>2026-05-12T22:48:51+00:00</time>
      </trkpt>
      <trkpt lat="47.34959" lon="12.36251">
        <ele>1908</ele>
        <time>2026-05-12T22:48:54+00:00</time>
      </trkpt>
      <trkpt lat="47.34963" lon="12.36255">
        <ele>1909</ele>
        <time>2026-05-12T22:48:57+00:00</time>
      </trkpt>
      <trkpt lat="47.3497" lon="12.36266">
        <ele>1909</ele>
        <time>2026-05-12T22:49:00+00:00</time>
      </trkpt>
      <trkpt lat="47.34971" lon="12.36274">
        <ele>1911</ele>
        <time>2026-05-12T22:49:03+00:00</time>
      </trkpt>
      <trkpt lat="47.34974" lon="12.36279">
        <ele>1911</ele>
        <time>2026-05-12T22:49:06+00:00</time>
      </trkpt>
      <trkpt lat="47.34979" lon="12.36294">
        <ele>1912</ele>
        <time>2026-05-12T22:49:09+00:00</time>
      </trkpt>
      <trkpt lat="47.34979" lon="12.363">
        <ele>1912</ele>
        <time>2026-05-12T22:49:12+00:00</time>
      </trkpt>
      <trkpt lat="47.3498" lon="12.36307">
        <ele>1912</ele>
        <time>2026-05-12T22:49:15+00:00</time>
      </trkpt>
      <trkpt lat="47.34981" lon="12.36318">
        <ele>1912</ele>
        <time>2026-05-12T22:49:18+00:00</time>
      </trkpt>
      <trkpt lat="47.34985" lon="12.36328">
        <ele>1912</ele>
        <time>2026-05-12T22:49:21+00:00</time>
      </trkpt>
      <trkpt lat="47.34997" lon="12.36348">
        <ele>1911</ele>
        <time>2026-05-12T22:49:24+00:00</time>
      </trkpt>
      <trkpt lat="47.35004" lon="12.36357">
        <ele>1911</ele>
        <time>2026-05-12T22:49:27+00:00</time>
      </trkpt>
      <trkpt lat="47.35012" lon="12.3637">
        <ele>1912</ele>
        <time>2026-05-12T22:49:30+00:00</time>
      </trkpt>
      <trkpt lat="47.35019" lon="12.36374">
        <ele>1911</ele>
        <time>2026-05-12T22:49:33+00:00</time>
      </trkpt>
      <trkpt lat="47.35026" lon="12.3638">
        <ele>1913</ele>
        <time>2026-05-12T22:49:36+00:00</time>
      </trkpt>
      <trkpt lat="47.3503" lon="12.36383">
        <ele>1912</ele>
        <time>2026-05-12T22:49:39+00:00</time>
      </trkpt>
      <trkpt lat="47.35033" lon="12.36388">
        <ele>1913</ele>
        <time>2026-05-12T22:49:42+00:00</time>
      </trkpt>
      <trkpt lat="47.35039" lon="12.36395">
        <ele>1912</ele>
        <time>2026-05-12T22:49:45+00:00</time>
      </trkpt>
      <trkpt lat="47.35044" lon="12.36402">
        <ele>1912</ele>
        <time>2026-05-12T22:49:48+00:00</time>
      </trkpt>
      <trkpt lat="47.3505" lon="12.36409">
        <ele>1912</ele>
        <time>2026-05-12T22:49:51+00:00</time>
      </trkpt>
      <trkpt lat="47.35059" lon="12.36419">
        <ele>1912</ele>
        <time>2026-05-12T22:49:54+00:00</time>
      </trkpt>
      <trkpt lat="47.35063" lon="12.36426">
        <ele>1912</ele>
        <time>2026-05-12T22:49:57+00:00</time>
      </trkpt>
      <trkpt lat="47.35067" lon="12.36431">
        <ele>1911</ele>
        <time>2026-05-12T22:50:00+00:00</time>
      </trkpt>
      <trkpt lat="47.35071" lon="12.36436">
        <ele>1912</ele>
        <time>2026-05-12T22:50:03+00:00</time>
      </trkpt>
      <trkpt lat="47.3508" lon="12.36452">
        <ele>1911</ele>
        <time>2026-05-12T22:50:06+00:00</time>
      </trkpt>
      <trkpt lat="47.35086" lon="12.36459">
        <ele>1911</ele>
        <time>2026-05-12T22:50:09+00:00</time>
      </trkpt>
      <trkpt lat="47.35091" lon="12.36466">
        <ele>1910</ele>
        <time>2026-05-12T22:50:12+00:00</time>
      </trkpt>
      <trkpt lat="47.35097" lon="12.36472">
        <ele>1909</ele>
        <time>2026-05-12T22:50:15+00:00</time>
      </trkpt>
      <trkpt lat="47.351" lon="12.36477">
        <ele>1909</ele>
        <time>2026-05-12T22:50:18+00:00</time>
      </trkpt>
      <trkpt lat="47.35103" lon="12.36485">
        <ele>1909</ele>
        <time>2026-05-12T22:50:21+00:00</time>
      </trkpt>
      <trkpt lat="47.35109" lon="12.36494">
        <ele>1908</ele>
        <time>2026-05-12T22:50:24+00:00</time>
      </trkpt>
      <trkpt lat="47.35117" lon="12.36504">
        <ele>1908</ele>
        <time>2026-05-12T22:50:27+00:00</time>
      </trkpt>
      <trkpt lat="47.35133" lon="12.36515">
        <ele>1908</ele>
        <time>2026-05-12T22:50:30+00:00</time>
      </trkpt>
      <trkpt lat="47.35143" lon="12.36527">
        <ele>1907</ele>
        <time>2026-05-12T22:50:33+00:00</time>
      </trkpt>
      <trkpt lat="47.35146" lon="12.3653">
        <ele>1907</ele>
        <time>2026-05-12T22:50:36+00:00</time>
      </trkpt>
      <trkpt lat="47.35152" lon="12.36534">
        <ele>1908</ele>
        <time>2026-05-12T22:50:39+00:00</time>
      </trkpt>
      <trkpt lat="47.3516" lon="12.36538">
        <ele>1908</ele>
        <time>2026-05-12T22:50:42+00:00</time>
      </trkpt>
      <trkpt lat="47.35167" lon="12.36541">
        <ele>1906</ele>
        <time>2026-05-12T22:50:45+00:00</time>
      </trkpt>
      <trkpt lat="47.3518" lon="12.36547">
        <ele>1908</ele>
        <time>2026-05-12T22:50:48+00:00</time>
      </trkpt>
      <trkpt lat="47.35193" lon="12.36552">
        <ele>1904</ele>
        <time>2026-05-12T22:50:51+00:00</time>
      </trkpt>
      <trkpt lat="47.35203" lon="12.36553">
        <ele>1902</ele>
        <time>2026-05-12T22:50:54+00:00</time>
      </trkpt>
      <trkpt lat="47.35212" lon="12.36553">
        <ele>1899</ele>
        <time>2026-05-12T22:50:57+00:00</time>
      </trkpt>
      <trkpt lat="47.35216" lon="12.36553">
        <ele>1899</ele>
        <time>2026-05-12T22:51:00+00:00</time>
      </trkpt>
      <trkpt lat="47.35222" lon="12.36557">
        <ele>1897</ele>
        <time>2026-05-12T22:51:03+00:00</time>
      </trkpt>
      <trkpt lat="47.35235" lon="12.36566">
        <ele>1894</ele>
        <time>2026-05-12T22:51:06+00:00</time>
      </trkpt>
      <trkpt lat="47.35246" lon="12.36577">
        <ele>1892</ele>
        <time>2026-05-12T22:51:09+00:00</time>
      </trkpt>
      <trkpt lat="47.35255" lon="12.36582">
        <ele>1888</ele>
        <time>2026-05-12T22:51:12+00:00</time>
      </trkpt>
      <trkpt lat="47.3526" lon="12.36589">
        <ele>1881</ele>
        <time>2026-05-12T22:51:15+00:00</time>
      </trkpt>
      <trkpt lat="47.35263" lon="12.36593">
        <ele>1881</ele>
        <time>2026-05-12T22:51:18+00:00</time>
      </trkpt>
      <trkpt lat="47.35267" lon="12.36597">
        <ele>1881</ele>
        <time>2026-05-12T22:51:21+00:00</time>
      </trkpt>
      <trkpt lat="47.35269" lon="12.36597">
        <ele>1881</ele>
        <time>2026-05-12T22:51:24+00:00</time>
      </trkpt>
      <trkpt lat="47.35277" lon="12.36607">
        <ele>1874</ele>
        <time>2026-05-12T22:51:27+00:00</time>
      </trkpt>
      <trkpt lat="47.35286" lon="12.36614">
        <ele>1869</ele>
        <time>2026-05-12T22:51:30+00:00</time>
      </trkpt>
      <trkpt lat="47.35291" lon="12.36623">
        <ele>1864</ele>
        <time>2026-05-12T22:51:33+00:00</time>
      </trkpt>
      <trkpt lat="47.35298" lon="12.36627">
        <ele>1864</ele>
        <time>2026-05-12T22:51:36+00:00</time>
      </trkpt>
      <trkpt lat="47.35304" lon="12.36634">
        <ele>1861</ele>
        <time>2026-05-12T22:51:39+00:00</time>
      </trkpt>
      <trkpt lat="47.35312" lon="12.36642">
        <ele>1858</ele>
        <time>2026-05-12T22:51:42+00:00</time>
      </trkpt>
      <trkpt lat="47.3532" lon="12.3665">
        <ele>1855</ele>
        <time>2026-05-12T22:51:45+00:00</time>
      </trkpt>
      <trkpt lat="47.35326" lon="12.36654">
        <ele>1855</ele>
        <time>2026-05-12T22:51:48+00:00</time>
      </trkpt>
      <trkpt lat="47.35332" lon="12.36659">
        <ele>1850</ele>
        <time>2026-05-12T22:51:51+00:00</time>
      </trkpt>
      <trkpt lat="47.35336" lon="12.36662">
        <ele>1851</ele>
        <time>2026-05-12T22:51:54+00:00</time>
      </trkpt>
      <trkpt lat="47.35343" lon="12.36667">
        <ele>1847</ele>
        <time>2026-05-12T22:51:57+00:00</time>
      </trkpt>
      <trkpt lat="47.35349" lon="12.36673">
        <ele>1848</ele>
        <time>2026-05-12T22:52:00+00:00</time>
      </trkpt>
      <trkpt lat="47.35356" lon="12.36677">
        <ele>1844</ele>
        <time>2026-05-12T22:52:03+00:00</time>
      </trkpt>
      <trkpt lat="47.35362" lon="12.36681">
        <ele>1842</ele>
        <time>2026-05-12T22:52:06+00:00</time>
      </trkpt>
      <trkpt lat="47.35366" lon="12.36684">
        <ele>1842</ele>
        <time>2026-05-12T22:52:09+00:00</time>
      </trkpt>
      <trkpt lat="47.3537" lon="12.36689">
        <ele>1842</ele>
        <time>2026-05-12T22:52:12+00:00</time>
      </trkpt>
      <trkpt lat="47.35374" lon="12.36691">
        <ele>1840</ele>
        <time>2026-05-12T22:52:15+00:00</time>
      </trkpt>
      <trkpt lat="47.35377" lon="12.36695">
        <ele>1840</ele>
        <time>2026-05-12T22:52:18+00:00</time>
      </trkpt>
      <trkpt lat="47.35385" lon="12.36698">
        <ele>1837</ele>
        <time>2026-05-12T22:52:21+00:00</time>
      </trkpt>
      <trkpt lat="47.35393" lon="12.36704">
        <ele>1837</ele>
        <time>2026-05-12T22:52:24+00:00</time>
      </trkpt>
      <trkpt lat="47.35405" lon="12.36712">
        <ele>1837</ele>
        <time>2026-05-12T22:52:27+00:00</time>
      </trkpt>
      <trkpt lat="47.35416" lon="12.3672">
        <ele>1837</ele>
        <time>2026-05-12T22:52:30+00:00</time>
      </trkpt>
      <trkpt lat="47.35443" lon="12.36736">
        <ele>1831</ele>
        <time>2026-05-12T22:52:33+00:00</time>
      </trkpt>
      <trkpt lat="47.35456" lon="12.36737">
        <ele>1828</ele>
        <time>2026-05-12T22:52:36+00:00</time>
      </trkpt>
      <trkpt lat="47.35462" lon="12.36736">
        <ele>1825</ele>
        <time>2026-05-12T22:52:39+00:00</time>
      </trkpt>
      <trkpt lat="47.35467" lon="12.36736">
        <ele>1825</ele>
        <time>2026-05-12T22:52:42+00:00</time>
      </trkpt>
      <trkpt lat="47.35475" lon="12.36736">
        <ele>1822</ele>
        <time>2026-05-12T22:52:45+00:00</time>
      </trkpt>
      <trkpt lat="47.35482" lon="12.36736">
        <ele>1819</ele>
        <time>2026-05-12T22:52:48+00:00</time>
      </trkpt>
      <trkpt lat="47.35491" lon="12.36738">
        <ele>1816</ele>
        <time>2026-05-12T22:52:51+00:00</time>
      </trkpt>
      <trkpt lat="47.355" lon="12.36739">
        <ele>1816</ele>
        <time>2026-05-12T22:52:54+00:00</time>
      </trkpt>
      <trkpt lat="47.35513" lon="12.36742">
        <ele>1813</ele>
        <time>2026-05-12T22:52:57+00:00</time>
      </trkpt>
      <trkpt lat="47.35519" lon="12.36746">
        <ele>1813</ele>
        <time>2026-05-12T22:53:00+00:00</time>
      </trkpt>
      <trkpt lat="47.35527" lon="12.36754">
        <ele>1814</ele>
        <time>2026-05-12T22:53:03+00:00</time>
      </trkpt>
      <trkpt lat="47.35531" lon="12.36757">
        <ele>1813</ele>
        <time>2026-05-12T22:53:06+00:00</time>
      </trkpt>
      <trkpt lat="47.35535" lon="12.36761">
        <ele>1815</ele>
        <time>2026-05-12T22:53:09+00:00</time>
      </trkpt>
      <trkpt lat="47.35541" lon="12.36767">
        <ele>1812</ele>
        <time>2026-05-12T22:53:12+00:00</time>
      </trkpt>
      <trkpt lat="47.35553" lon="12.36773">
        <ele>1813</ele>
        <time>2026-05-12T22:53:15+00:00</time>
      </trkpt>
      <trkpt lat="47.35559" lon="12.36779">
        <ele>1813</ele>
        <time>2026-05-12T22:53:18+00:00</time>
      </trkpt>
      <trkpt lat="47.35571" lon="12.36783">
        <ele>1812</ele>
        <time>2026-05-12T22:53:21+00:00</time>
      </trkpt>
      <trkpt lat="47.35584" lon="12.3679">
        <ele>1814</ele>
        <time>2026-05-12T22:53:24+00:00</time>
      </trkpt>
      <trkpt lat="47.35593" lon="12.36797">
        <ele>1812</ele>
        <time>2026-05-12T22:53:27+00:00</time>
      </trkpt>
      <trkpt lat="47.35601" lon="12.36802">
        <ele>1813</ele>
        <time>2026-05-12T22:53:30+00:00</time>
      </trkpt>
      <trkpt lat="47.35608" lon="12.36806">
        <ele>1813</ele>
        <time>2026-05-12T22:53:33+00:00</time>
      </trkpt>
      <trkpt lat="47.35615" lon="12.36809">
        <ele>1812</ele>
        <time>2026-05-12T22:53:36+00:00</time>
      </trkpt>
      <trkpt lat="47.35623" lon="12.36819">
        <ele>1814</ele>
        <time>2026-05-12T22:53:39+00:00</time>
      </trkpt>
      <trkpt lat="47.35627" lon="12.36823">
        <ele>1818</ele>
        <time>2026-05-12T22:53:42+00:00</time>
      </trkpt>
      <trkpt lat="47.35632" lon="12.36824">
        <ele>1817</ele>
        <time>2026-05-12T22:53:45+00:00</time>
      </trkpt>
      <trkpt lat="47.35635" lon="12.36825">
        <ele>1817</ele>
        <time>2026-05-12T22:53:48+00:00</time>
      </trkpt>
      <trkpt lat="47.35638" lon="12.36827">
        <ele>1817</ele>
        <time>2026-05-12T22:53:51+00:00</time>
      </trkpt>
      <trkpt lat="47.35642" lon="12.3683">
        <ele>1820</ele>
        <time>2026-05-12T22:53:54+00:00</time>
      </trkpt>
      <trkpt lat="47.35644" lon="12.36832">
        <ele>1820</ele>
        <time>2026-05-12T22:53:57+00:00</time>
      </trkpt>
      <trkpt lat="47.35649" lon="12.36835">
        <ele>1820</ele>
        <time>2026-05-12T22:54:00+00:00</time>
      </trkpt>
      <trkpt lat="47.35651" lon="12.36837">
        <ele>1819</ele>
        <time>2026-05-12T22:54:03+00:00</time>
      </trkpt>
      <trkpt lat="47.35657" lon="12.36841">
        <ele>1823</ele>
        <time>2026-05-12T22:54:06+00:00</time>
      </trkpt>
      <trkpt lat="47.35658" lon="12.36847">
        <ele>1823</ele>
        <time>2026-05-12T22:54:09+00:00</time>
      </trkpt>
      <trkpt lat="47.35662" lon="12.36852">
        <ele>1821</ele>
        <time>2026-05-12T22:54:12+00:00</time>
      </trkpt>
      <trkpt lat="47.35664" lon="12.36857">
        <ele>1826</ele>
        <time>2026-05-12T22:54:15+00:00</time>
      </trkpt>
      <trkpt lat="47.35672" lon="12.3686">
        <ele>1826</ele>
        <time>2026-05-12T22:54:18+00:00</time>
      </trkpt>
      <trkpt lat="47.35674" lon="12.36862">
        <ele>1826</ele>
        <time>2026-05-12T22:54:21+00:00</time>
      </trkpt>
      <trkpt lat="47.35682" lon="12.36866">
        <ele>1823</ele>
        <time>2026-05-12T22:54:24+00:00</time>
      </trkpt>
      <trkpt lat="47.3569" lon="12.36873">
        <ele>1823</ele>
        <time>2026-05-12T22:54:27+00:00</time>
      </trkpt>
      <trkpt lat="47.35696" lon="12.36875">
        <ele>1823</ele>
        <time>2026-05-12T22:54:30+00:00</time>
      </trkpt>
      <trkpt lat="47.35699" lon="12.36879">
        <ele>1823</ele>
        <time>2026-05-12T22:54:33+00:00</time>
      </trkpt>
      <trkpt lat="47.35703" lon="12.36882">
        <ele>1822</ele>
        <time>2026-05-12T22:54:36+00:00</time>
      </trkpt>
      <trkpt lat="47.35707" lon="12.36885">
        <ele>1822</ele>
        <time>2026-05-12T22:54:39+00:00</time>
      </trkpt>
      <trkpt lat="47.35709" lon="12.36888">
        <ele>1822</ele>
        <time>2026-05-12T22:54:42+00:00</time>
      </trkpt>
      <trkpt lat="47.35712" lon="12.36894">
        <ele>1823</ele>
        <time>2026-05-12T22:54:45+00:00</time>
      </trkpt>
      <trkpt lat="47.35713" lon="12.36896">
        <ele>1823</ele>
        <time>2026-05-12T22:54:48+00:00</time>
      </trkpt>
      <trkpt lat="47.35721" lon="12.36904">
        <ele>1823</ele>
        <time>2026-05-12T22:54:51+00:00</time>
      </trkpt>
      <trkpt lat="47.35725" lon="12.3691">
        <ele>1826</ele>
        <time>2026-05-12T22:54:54+00:00</time>
      </trkpt>
      <trkpt lat="47.35727" lon="12.36912">
        <ele>1826</ele>
        <time>2026-05-12T22:54:57+00:00</time>
      </trkpt>
      <trkpt lat="47.35735" lon="12.36913">
        <ele>1823</ele>
        <time>2026-05-12T22:55:00+00:00</time>
      </trkpt>
      <trkpt lat="47.35735" lon="12.36917">
        <ele>1823</ele>
        <time>2026-05-12T22:55:03+00:00</time>
      </trkpt>
      <trkpt lat="47.35738" lon="12.36921">
        <ele>1826</ele>
        <time>2026-05-12T22:55:06+00:00</time>
      </trkpt>
      <trkpt lat="47.35743" lon="12.3693">
        <ele>1821</ele>
        <time>2026-05-12T22:55:09+00:00</time>
      </trkpt>
      <trkpt lat="47.35744" lon="12.36937">
        <ele>1822</ele>
        <time>2026-05-12T22:55:12+00:00</time>
      </trkpt>
      <trkpt lat="47.35744" lon="12.36944">
        <ele>1823</ele>
        <time>2026-05-12T22:55:15+00:00</time>
      </trkpt>
      <trkpt lat="47.35747" lon="12.36951">
        <ele>1824</ele>
        <time>2026-05-12T22:55:18+00:00</time>
      </trkpt>
      <trkpt lat="47.35748" lon="12.36954">
        <ele>1824</ele>
        <time>2026-05-12T22:55:21+00:00</time>
      </trkpt>
      <trkpt lat="47.35751" lon="12.36956">
        <ele>1820</ele>
        <time>2026-05-12T22:55:24+00:00</time>
      </trkpt>
      <trkpt lat="47.35752" lon="12.36959">
        <ele>1820</ele>
        <time>2026-05-12T22:55:27+00:00</time>
      </trkpt>
      <trkpt lat="47.35756" lon="12.36966">
        <ele>1822</ele>
        <time>2026-05-12T22:55:30+00:00</time>
      </trkpt>
      <trkpt lat="47.35759" lon="12.36966">
        <ele>1822</ele>
        <time>2026-05-12T22:55:33+00:00</time>
      </trkpt>
      <trkpt lat="47.35762" lon="12.36967">
        <ele>1818</ele>
        <time>2026-05-12T22:55:36+00:00</time>
      </trkpt>
      <trkpt lat="47.35766" lon="12.36972">
        <ele>1820</ele>
        <time>2026-05-12T22:55:39+00:00</time>
      </trkpt>
      <trkpt lat="47.35769" lon="12.36978">
        <ele>1820</ele>
        <time>2026-05-12T22:55:42+00:00</time>
      </trkpt>
      <trkpt lat="47.35775" lon="12.36983">
        <ele>1819</ele>
        <time>2026-05-12T22:55:45+00:00</time>
      </trkpt>
      <trkpt lat="47.35779" lon="12.3699">
        <ele>1820</ele>
        <time>2026-05-12T22:55:48+00:00</time>
      </trkpt>
      <trkpt lat="47.35783" lon="12.36996">
        <ele>1818</ele>
        <time>2026-05-12T22:55:51+00:00</time>
      </trkpt>
      <trkpt lat="47.35785" lon="12.36999">
        <ele>1818</ele>
        <time>2026-05-12T22:55:54+00:00</time>
      </trkpt>
      <trkpt lat="47.35787" lon="12.37004">
        <ele>1819</ele>
        <time>2026-05-12T22:55:57+00:00</time>
      </trkpt>
      <trkpt lat="47.35793" lon="12.37012">
        <ele>1817</ele>
        <time>2026-05-12T22:56:00+00:00</time>
      </trkpt>
      <trkpt lat="47.35796" lon="12.37019">
        <ele>1817</ele>
        <time>2026-05-12T22:56:03+00:00</time>
      </trkpt>
      <trkpt lat="47.358" lon="12.37026">
        <ele>1818</ele>
        <time>2026-05-12T22:56:06+00:00</time>
      </trkpt>
      <trkpt lat="47.35804" lon="12.3703">
        <ele>1815</ele>
        <time>2026-05-12T22:56:09+00:00</time>
      </trkpt>
      <trkpt lat="47.35808" lon="12.37035">
        <ele>1815</ele>
        <time>2026-05-12T22:56:12+00:00</time>
      </trkpt>
      <trkpt lat="47.35811" lon="12.37037">
        <ele>1811</ele>
        <time>2026-05-12T22:56:15+00:00</time>
      </trkpt>
      <trkpt lat="47.35814" lon="12.37041">
        <ele>1813</ele>
        <time>2026-05-12T22:56:18+00:00</time>
      </trkpt>
      <trkpt lat="47.35817" lon="12.37044">
        <ele>1813</ele>
        <time>2026-05-12T22:56:21+00:00</time>
      </trkpt>
      <trkpt lat="47.35821" lon="12.37047">
        <ele>1809</ele>
        <time>2026-05-12T22:56:24+00:00</time>
      </trkpt>
      <trkpt lat="47.35823" lon="12.3705">
        <ele>1809</ele>
        <time>2026-05-12T22:56:27+00:00</time>
      </trkpt>
      <trkpt lat="47.35828" lon="12.37054">
        <ele>1810</ele>
        <time>2026-05-12T22:56:30+00:00</time>
      </trkpt>
      <trkpt lat="47.35835" lon="12.37061">
        <ele>1809</ele>
        <time>2026-05-12T22:56:33+00:00</time>
      </trkpt>
      <trkpt lat="47.35841" lon="12.37066">
        <ele>1806</ele>
        <time>2026-05-12T22:56:36+00:00</time>
      </trkpt>
      <trkpt lat="47.35846" lon="12.37071">
        <ele>1807</ele>
        <time>2026-05-12T22:56:39+00:00</time>
      </trkpt>
      <trkpt lat="47.3585" lon="12.37074">
        <ele>1807</ele>
        <time>2026-05-12T22:56:42+00:00</time>
      </trkpt>
      <trkpt lat="47.35855" lon="12.3708">
        <ele>1807</ele>
        <time>2026-05-12T22:56:45+00:00</time>
      </trkpt>
      <trkpt lat="47.35856" lon="12.37084">
        <ele>1805</ele>
        <time>2026-05-12T22:56:48+00:00</time>
      </trkpt>
      <trkpt lat="47.35855" lon="12.37089">
        <ele>1805</ele>
        <time>2026-05-12T22:56:51+00:00</time>
      </trkpt>
      <trkpt lat="47.35858" lon="12.37096">
        <ele>1807</ele>
        <time>2026-05-12T22:56:54+00:00</time>
      </trkpt>
      <trkpt lat="47.35863" lon="12.37105">
        <ele>1806</ele>
        <time>2026-05-12T22:56:57+00:00</time>
      </trkpt>
      <trkpt lat="47.35865" lon="12.37107">
        <ele>1806</ele>
        <time>2026-05-12T22:57:00+00:00</time>
      </trkpt>
      <trkpt lat="47.35869" lon="12.37105">
        <ele>1806</ele>
        <time>2026-05-12T22:57:03+00:00</time>
      </trkpt>
      <trkpt lat="47.35874" lon="12.37109">
        <ele>1802</ele>
        <time>2026-05-12T22:57:06+00:00</time>
      </trkpt>
      <trkpt lat="47.3588" lon="12.37116">
        <ele>1800</ele>
        <time>2026-05-12T22:57:09+00:00</time>
      </trkpt>
      <trkpt lat="47.35886" lon="12.37125">
        <ele>1802</ele>
        <time>2026-05-12T22:57:12+00:00</time>
      </trkpt>
      <trkpt lat="47.35887" lon="12.37129">
        <ele>1802</ele>
        <time>2026-05-12T22:57:15+00:00</time>
      </trkpt>
      <trkpt lat="47.35891" lon="12.37134">
        <ele>1800</ele>
        <time>2026-05-12T22:57:18+00:00</time>
      </trkpt>
      <trkpt lat="47.35893" lon="12.37136">
        <ele>1800</ele>
        <time>2026-05-12T22:57:21+00:00</time>
      </trkpt>
      <trkpt lat="47.35897" lon="12.37138">
        <ele>1800</ele>
        <time>2026-05-12T22:57:24+00:00</time>
      </trkpt>
      <trkpt lat="47.35899" lon="12.3714">
        <ele>1801</ele>
        <time>2026-05-12T22:57:27+00:00</time>
      </trkpt>
      <trkpt lat="47.359" lon="12.37144">
        <ele>1801</ele>
        <time>2026-05-12T22:57:30+00:00</time>
      </trkpt>
      <trkpt lat="47.35901" lon="12.37148">
        <ele>1798</ele>
        <time>2026-05-12T22:57:33+00:00</time>
      </trkpt>
      <trkpt lat="47.35907" lon="12.37153">
        <ele>1800</ele>
        <time>2026-05-12T22:57:36+00:00</time>
      </trkpt>
      <trkpt lat="47.35914" lon="12.37163">
        <ele>1798</ele>
        <time>2026-05-12T22:57:39+00:00</time>
      </trkpt>
      <trkpt lat="47.35919" lon="12.37173">
        <ele>1800</ele>
        <time>2026-05-12T22:57:42+00:00</time>
      </trkpt>
      <trkpt lat="47.35922" lon="12.37177">
        <ele>1798</ele>
        <time>2026-05-12T22:57:45+00:00</time>
      </trkpt>
      <trkpt lat="47.35924" lon="12.37178">
        <ele>1798</ele>
        <time>2026-05-12T22:57:48+00:00</time>
      </trkpt>
      <trkpt lat="47.35929" lon="12.37183">
        <ele>1800</ele>
        <time>2026-05-12T22:57:51+00:00</time>
      </trkpt>
      <trkpt lat="47.35931" lon="12.37189">
        <ele>1798</ele>
        <time>2026-05-12T22:57:54+00:00</time>
      </trkpt>
      <trkpt lat="47.35934" lon="12.37197">
        <ele>1797</ele>
        <time>2026-05-12T22:57:57+00:00</time>
      </trkpt>
      <trkpt lat="47.35936" lon="12.37199">
        <ele>1801</ele>
        <time>2026-05-12T22:58:00+00:00</time>
      </trkpt>
      <trkpt lat="47.35938" lon="12.37201">
        <ele>1803</ele>
        <time>2026-05-12T22:58:03+00:00</time>
      </trkpt>
      <trkpt lat="47.35942" lon="12.37208">
        <ele>1798</ele>
        <time>2026-05-12T22:58:06+00:00</time>
      </trkpt>
      <trkpt lat="47.35943" lon="12.37211">
        <ele>1800</ele>
        <time>2026-05-12T22:58:09+00:00</time>
      </trkpt>
      <trkpt lat="47.35952" lon="12.37217">
        <ele>1795</ele>
        <time>2026-05-12T22:58:12+00:00</time>
      </trkpt>
      <trkpt lat="47.35963" lon="12.37228">
        <ele>1793</ele>
        <time>2026-05-12T22:58:15+00:00</time>
      </trkpt>
      <trkpt lat="47.35967" lon="12.37233">
        <ele>1796</ele>
        <time>2026-05-12T22:58:18+00:00</time>
      </trkpt>
      <trkpt lat="47.3597" lon="12.37239">
        <ele>1791</ele>
        <time>2026-05-12T22:58:21+00:00</time>
      </trkpt>
      <trkpt lat="47.35976" lon="12.37243">
        <ele>1795</ele>
        <time>2026-05-12T22:58:24+00:00</time>
      </trkpt>
      <trkpt lat="47.35983" lon="12.37244">
        <ele>1790</ele>
        <time>2026-05-12T22:58:27+00:00</time>
      </trkpt>
      <trkpt lat="47.3599" lon="12.37249">
        <ele>1786</ele>
        <time>2026-05-12T22:58:30+00:00</time>
      </trkpt>
      <trkpt lat="47.35993" lon="12.37252">
        <ele>1791</ele>
        <time>2026-05-12T22:58:33+00:00</time>
      </trkpt>
      <trkpt lat="47.35999" lon="12.37257">
        <ele>1791</ele>
        <time>2026-05-12T22:58:36+00:00</time>
      </trkpt>
      <trkpt lat="47.36003" lon="12.37262">
        <ele>1791</ele>
        <time>2026-05-12T22:58:39+00:00</time>
      </trkpt>
      <trkpt lat="47.36012" lon="12.37269">
        <ele>1785</ele>
        <time>2026-05-12T22:58:42+00:00</time>
      </trkpt>
      <trkpt lat="47.36015" lon="12.37272">
        <ele>1789</ele>
        <time>2026-05-12T22:58:45+00:00</time>
      </trkpt>
      <trkpt lat="47.36023" lon="12.37275">
        <ele>1782</ele>
        <time>2026-05-12T22:58:48+00:00</time>
      </trkpt>
      <trkpt lat="47.36029" lon="12.37281">
        <ele>1785</ele>
        <time>2026-05-12T22:58:51+00:00</time>
      </trkpt>
      <trkpt lat="47.36032" lon="12.37282">
        <ele>1779</ele>
        <time>2026-05-12T22:58:54+00:00</time>
      </trkpt>
      <trkpt lat="47.36034" lon="12.37285">
        <ele>1779</ele>
        <time>2026-05-12T22:58:57+00:00</time>
      </trkpt>
      <trkpt lat="47.36037" lon="12.37292">
        <ele>1782</ele>
        <time>2026-05-12T22:59:00+00:00</time>
      </trkpt>
      <trkpt lat="47.36043" lon="12.37299">
        <ele>1781</ele>
        <time>2026-05-12T22:59:03+00:00</time>
      </trkpt>
      <trkpt lat="47.36045" lon="12.37303">
        <ele>1779</ele>
        <time>2026-05-12T22:59:06+00:00</time>
      </trkpt>
      <trkpt lat="47.36049" lon="12.37304">
        <ele>1779</ele>
        <time>2026-05-12T22:59:09+00:00</time>
      </trkpt>
      <trkpt lat="47.3605" lon="12.3731">
        <ele>1773</ele>
        <time>2026-05-12T22:59:12+00:00</time>
      </trkpt>
      <trkpt lat="47.36054" lon="12.37313">
        <ele>1777</ele>
        <time>2026-05-12T22:59:15+00:00</time>
      </trkpt>
      <trkpt lat="47.36056" lon="12.37315">
        <ele>1777</ele>
        <time>2026-05-12T22:59:18+00:00</time>
      </trkpt>
      <trkpt lat="47.36058" lon="12.37318">
        <ele>1777</ele>
        <time>2026-05-12T22:59:21+00:00</time>
      </trkpt>
      <trkpt lat="47.3606" lon="12.37324">
        <ele>1775</ele>
        <time>2026-05-12T22:59:24+00:00</time>
      </trkpt>
      <trkpt lat="47.36063" lon="12.37327">
        <ele>1775</ele>
        <time>2026-05-12T22:59:27+00:00</time>
      </trkpt>
      <trkpt lat="47.36067" lon="12.37333">
        <ele>1779</ele>
        <time>2026-05-12T22:59:30+00:00</time>
      </trkpt>
      <trkpt lat="47.36069" lon="12.37336">
        <ele>1779</ele>
        <time>2026-05-12T22:59:33+00:00</time>
      </trkpt>
      <trkpt lat="47.36077" lon="12.3735">
        <ele>1776</ele>
        <time>2026-05-12T22:59:36+00:00</time>
      </trkpt>
      <trkpt lat="47.36079" lon="12.37351">
        <ele>1778</ele>
        <time>2026-05-12T22:59:39+00:00</time>
      </trkpt>
      <trkpt lat="47.36082" lon="12.37352">
        <ele>1771</ele>
        <time>2026-05-12T22:59:42+00:00</time>
      </trkpt>
      <trkpt lat="47.36088" lon="12.37359">
        <ele>1771</ele>
        <time>2026-05-12T22:59:45+00:00</time>
      </trkpt>
      <trkpt lat="47.36092" lon="12.37361">
        <ele>1766</ele>
        <time>2026-05-12T22:59:48+00:00</time>
      </trkpt>
      <trkpt lat="47.36095" lon="12.37364">
        <ele>1766</ele>
        <time>2026-05-12T22:59:51+00:00</time>
      </trkpt>
      <trkpt lat="47.36096" lon="12.37367">
        <ele>1766</ele>
        <time>2026-05-12T22:59:54+00:00</time>
      </trkpt>
      <trkpt lat="47.36098" lon="12.37368">
        <ele>1766</ele>
        <time>2026-05-12T22:59:57+00:00</time>
      </trkpt>
      <trkpt lat="47.361" lon="12.3737">
        <ele>1759</ele>
        <time>2026-05-12T23:00:00+00:00</time>
      </trkpt>
      <trkpt lat="47.36103" lon="12.37372">
        <ele>1761</ele>
        <time>2026-05-12T23:00:03+00:00</time>
      </trkpt>
      <trkpt lat="47.36107" lon="12.37376">
        <ele>1761</ele>
        <time>2026-05-12T23:00:06+00:00</time>
      </trkpt>
      <trkpt lat="47.3611" lon="12.37378">
        <ele>1754</ele>
        <time>2026-05-12T23:00:09+00:00</time>
      </trkpt>
      <trkpt lat="47.36113" lon="12.37383">
        <ele>1757</ele>
        <time>2026-05-12T23:00:12+00:00</time>
      </trkpt>
      <trkpt lat="47.36116" lon="12.37384">
        <ele>1757</ele>
        <time>2026-05-12T23:00:15+00:00</time>
      </trkpt>
      <trkpt lat="47.3612" lon="12.37387">
        <ele>1750</ele>
        <time>2026-05-12T23:00:18+00:00</time>
      </trkpt>
      <trkpt lat="47.36124" lon="12.37391">
        <ele>1753</ele>
        <time>2026-05-12T23:00:21+00:00</time>
      </trkpt>
      <trkpt lat="47.36125" lon="12.37395">
        <ele>1753</ele>
        <time>2026-05-12T23:00:24+00:00</time>
      </trkpt>
      <trkpt lat="47.36127" lon="12.374">
        <ele>1753</ele>
        <time>2026-05-12T23:00:27+00:00</time>
      </trkpt>
      <trkpt lat="47.3613" lon="12.37407">
        <ele>1756</ele>
        <time>2026-05-12T23:00:30+00:00</time>
      </trkpt>
      <trkpt lat="47.36131" lon="12.37412">
        <ele>1751</ele>
        <time>2026-05-12T23:00:33+00:00</time>
      </trkpt>
      <trkpt lat="47.36134" lon="12.37417">
        <ele>1751</ele>
        <time>2026-05-12T23:00:36+00:00</time>
      </trkpt>
      <trkpt lat="47.36135" lon="12.37421">
        <ele>1753</ele>
        <time>2026-05-12T23:00:39+00:00</time>
      </trkpt>
      <trkpt lat="47.36139" lon="12.37426">
        <ele>1753</ele>
        <time>2026-05-12T23:00:42+00:00</time>
      </trkpt>
      <trkpt lat="47.36143" lon="12.37432">
        <ele>1749</ele>
        <time>2026-05-12T23:00:45+00:00</time>
      </trkpt>
      <trkpt lat="47.36145" lon="12.37435">
        <ele>1749</ele>
        <time>2026-05-12T23:00:48+00:00</time>
      </trkpt>
      <trkpt lat="47.36147" lon="12.37438">
        <ele>1749</ele>
        <time>2026-05-12T23:00:51+00:00</time>
      </trkpt>
      <trkpt lat="47.36148" lon="12.37442">
        <ele>1750</ele>
        <time>2026-05-12T23:00:54+00:00</time>
      </trkpt>
      <trkpt lat="47.3615" lon="12.37444">
        <ele>1745</ele>
        <time>2026-05-12T23:00:57+00:00</time>
      </trkpt>
      <trkpt lat="47.36152" lon="12.37448">
        <ele>1745</ele>
        <time>2026-05-12T23:01:00+00:00</time>
      </trkpt>
      <trkpt lat="47.36154" lon="12.37451">
        <ele>1747</ele>
        <time>2026-05-12T23:01:03+00:00</time>
      </trkpt>
      <trkpt lat="47.36156" lon="12.37455">
        <ele>1747</ele>
        <time>2026-05-12T23:01:06+00:00</time>
      </trkpt>
      <trkpt lat="47.36159" lon="12.3746">
        <ele>1749</ele>
        <time>2026-05-12T23:01:09+00:00</time>
      </trkpt>
      <trkpt lat="47.36162" lon="12.37465">
        <ele>1744</ele>
        <time>2026-05-12T23:01:12+00:00</time>
      </trkpt>
      <trkpt lat="47.36166" lon="12.37468">
        <ele>1744</ele>
        <time>2026-05-12T23:01:15+00:00</time>
      </trkpt>
      <trkpt lat="47.3617" lon="12.37473">
        <ele>1746</ele>
        <time>2026-05-12T23:01:18+00:00</time>
      </trkpt>
      <trkpt lat="47.36175" lon="12.37478">
        <ele>1742</ele>
        <time>2026-05-12T23:01:21+00:00</time>
      </trkpt>
      <trkpt lat="47.36178" lon="12.37483">
        <ele>1743</ele>
        <time>2026-05-12T23:01:24+00:00</time>
      </trkpt>
      <trkpt lat="47.36184" lon="12.37487">
        <ele>1739</ele>
        <time>2026-05-12T23:01:27+00:00</time>
      </trkpt>
      <trkpt lat="47.3619" lon="12.37491">
        <ele>1741</ele>
        <time>2026-05-12T23:01:30+00:00</time>
      </trkpt>
      <trkpt lat="47.36194" lon="12.37494">
        <ele>1737</ele>
        <time>2026-05-12T23:01:33+00:00</time>
      </trkpt>
      <trkpt lat="47.36201" lon="12.37498">
        <ele>1739</ele>
        <time>2026-05-12T23:01:36+00:00</time>
      </trkpt>
      <trkpt lat="47.36206" lon="12.37506">
        <ele>1736</ele>
        <time>2026-05-12T23:01:39+00:00</time>
      </trkpt>
      <trkpt lat="47.36211" lon="12.37511">
        <ele>1735</ele>
        <time>2026-05-12T23:01:42+00:00</time>
      </trkpt>
      <trkpt lat="47.36216" lon="12.37517">
        <ele>1738</ele>
        <time>2026-05-12T23:01:45+00:00</time>
      </trkpt>
      <trkpt lat="47.36218" lon="12.37522">
        <ele>1738</ele>
        <time>2026-05-12T23:01:48+00:00</time>
      </trkpt>
      <trkpt lat="47.36223" lon="12.37528">
        <ele>1734</ele>
        <time>2026-05-12T23:01:51+00:00</time>
      </trkpt>
      <trkpt lat="47.36226" lon="12.37532">
        <ele>1737</ele>
        <time>2026-05-12T23:01:54+00:00</time>
      </trkpt>
      <trkpt lat="47.3623" lon="12.37538">
        <ele>1739</ele>
        <time>2026-05-12T23:01:57+00:00</time>
      </trkpt>
      <trkpt lat="47.36232" lon="12.37545">
        <ele>1737</ele>
        <time>2026-05-12T23:02:00+00:00</time>
      </trkpt>
      <trkpt lat="47.36237" lon="12.37553">
        <ele>1740</ele>
        <time>2026-05-12T23:02:03+00:00</time>
      </trkpt>
      <trkpt lat="47.3624" lon="12.37558">
        <ele>1737</ele>
        <time>2026-05-12T23:02:06+00:00</time>
      </trkpt>
      <trkpt lat="47.36244" lon="12.37567">
        <ele>1740</ele>
        <time>2026-05-12T23:02:09+00:00</time>
      </trkpt>
      <trkpt lat="47.36246" lon="12.37571">
        <ele>1743</ele>
        <time>2026-05-12T23:02:12+00:00</time>
      </trkpt>
      <trkpt lat="47.36248" lon="12.37575">
        <ele>1743</ele>
        <time>2026-05-12T23:02:15+00:00</time>
      </trkpt>
      <trkpt lat="47.36252" lon="12.37579">
        <ele>1741</ele>
        <time>2026-05-12T23:02:18+00:00</time>
      </trkpt>
      <trkpt lat="47.36254" lon="12.37583">
        <ele>1744</ele>
        <time>2026-05-12T23:02:21+00:00</time>
      </trkpt>
      <trkpt lat="47.36259" lon="12.37588">
        <ele>1744</ele>
        <time>2026-05-12T23:02:24+00:00</time>
      </trkpt>
      <trkpt lat="47.36263" lon="12.37595">
        <ele>1746</ele>
        <time>2026-05-12T23:02:27+00:00</time>
      </trkpt>
      <trkpt lat="47.36266" lon="12.37598">
        <ele>1746</ele>
        <time>2026-05-12T23:02:30+00:00</time>
      </trkpt>
      <trkpt lat="47.3627" lon="12.37603">
        <ele>1748</ele>
        <time>2026-05-12T23:02:33+00:00</time>
      </trkpt>
      <trkpt lat="47.36279" lon="12.37611">
        <ele>1752</ele>
        <time>2026-05-12T23:02:36+00:00</time>
      </trkpt>
      <trkpt lat="47.36283" lon="12.37616">
        <ele>1750</ele>
        <time>2026-05-12T23:02:39+00:00</time>
      </trkpt>
      <trkpt lat="47.36287" lon="12.37621">
        <ele>1752</ele>
        <time>2026-05-12T23:02:42+00:00</time>
      </trkpt>
      <trkpt lat="47.36288" lon="12.37624">
        <ele>1752</ele>
        <time>2026-05-12T23:02:45+00:00</time>
      </trkpt>
      <trkpt lat="47.36291" lon="12.37628">
        <ele>1749</ele>
        <time>2026-05-12T23:02:48+00:00</time>
      </trkpt>
      <trkpt lat="47.36294" lon="12.37632">
        <ele>1752</ele>
        <time>2026-05-12T23:02:51+00:00</time>
      </trkpt>
      <trkpt lat="47.36296" lon="12.37637">
        <ele>1752</ele>
        <time>2026-05-12T23:02:54+00:00</time>
      </trkpt>
      <trkpt lat="47.36299" lon="12.37641">
        <ele>1755</ele>
        <time>2026-05-12T23:02:57+00:00</time>
      </trkpt>
      <trkpt lat="47.36306" lon="12.37652">
        <ele>1756</ele>
        <time>2026-05-12T23:03:00+00:00</time>
      </trkpt>
      <trkpt lat="47.36308" lon="12.37659">
        <ele>1756</ele>
        <time>2026-05-12T23:03:03+00:00</time>
      </trkpt>
      <trkpt lat="47.36313" lon="12.37664">
        <ele>1757</ele>
        <time>2026-05-12T23:03:06+00:00</time>
      </trkpt>
      <trkpt lat="47.36314" lon="12.37671">
        <ele>1761</ele>
        <time>2026-05-12T23:03:09+00:00</time>
      </trkpt>
      <trkpt lat="47.36315" lon="12.37674">
        <ele>1761</ele>
        <time>2026-05-12T23:03:12+00:00</time>
      </trkpt>
      <trkpt lat="47.36317" lon="12.37676">
        <ele>1761</ele>
        <time>2026-05-12T23:03:15+00:00</time>
      </trkpt>
      <trkpt lat="47.3632" lon="12.37682">
        <ele>1764</ele>
        <time>2026-05-12T23:03:18+00:00</time>
      </trkpt>
      <trkpt lat="47.36329" lon="12.37692">
        <ele>1764</ele>
        <time>2026-05-12T23:03:21+00:00</time>
      </trkpt>
      <trkpt lat="47.36331" lon="12.37698">
        <ele>1763</ele>
        <time>2026-05-12T23:03:24+00:00</time>
      </trkpt>
      <trkpt lat="47.36338" lon="12.37705">
        <ele>1765</ele>
        <time>2026-05-12T23:03:27+00:00</time>
      </trkpt>
      <trkpt lat="47.36349" lon="12.37716">
        <ele>1767</ele>
        <time>2026-05-12T23:03:30+00:00</time>
      </trkpt>
      <trkpt lat="47.36354" lon="12.37723">
        <ele>1765</ele>
        <time>2026-05-12T23:03:33+00:00</time>
      </trkpt>
      <trkpt lat="47.36363" lon="12.3773">
        <ele>1768</ele>
        <time>2026-05-12T23:03:36+00:00</time>
      </trkpt>
      <trkpt lat="47.3637" lon="12.37735">
        <ele>1768</ele>
        <time>2026-05-12T23:03:39+00:00</time>
      </trkpt>
      <trkpt lat="47.36374" lon="12.37738">
        <ele>1765</ele>
        <time>2026-05-12T23:03:42+00:00</time>
      </trkpt>
      <trkpt lat="47.36376" lon="12.37739">
        <ele>1765</ele>
        <time>2026-05-12T23:03:45+00:00</time>
      </trkpt>
      <trkpt lat="47.36378" lon="12.37743">
        <ele>1769</ele>
        <time>2026-05-12T23:03:48+00:00</time>
      </trkpt>
      <trkpt lat="47.36382" lon="12.37747">
        <ele>1767</ele>
        <time>2026-05-12T23:03:51+00:00</time>
      </trkpt>
      <trkpt lat="47.36385" lon="12.37749">
        <ele>1767</ele>
        <time>2026-05-12T23:03:54+00:00</time>
      </trkpt>
      <trkpt lat="47.36389" lon="12.37754">
        <ele>1764</ele>
        <time>2026-05-12T23:03:57+00:00</time>
      </trkpt>
      <trkpt lat="47.36395" lon="12.37756">
        <ele>1768</ele>
        <time>2026-05-12T23:04:00+00:00</time>
      </trkpt>
      <trkpt lat="47.36398" lon="12.37757">
        <ele>1768</ele>
        <time>2026-05-12T23:04:03+00:00</time>
      </trkpt>
      <trkpt lat="47.36403" lon="12.37759">
        <ele>1766</ele>
        <time>2026-05-12T23:04:06+00:00</time>
      </trkpt>
      <trkpt lat="47.3641" lon="12.37759">
        <ele>1764</ele>
        <time>2026-05-12T23:04:09+00:00</time>
      </trkpt>
      <trkpt lat="47.36413" lon="12.37762">
        <ele>1766</ele>
        <time>2026-05-12T23:04:12+00:00</time>
      </trkpt>
      <trkpt lat="47.36418" lon="12.37766">
        <ele>1766</ele>
        <time>2026-05-12T23:04:15+00:00</time>
      </trkpt>
      <trkpt lat="47.3642" lon="12.37767">
        <ele>1766</ele>
        <time>2026-05-12T23:04:18+00:00</time>
      </trkpt>
      <trkpt lat="47.36424" lon="12.37768">
        <ele>1764</ele>
        <time>2026-05-12T23:04:21+00:00</time>
      </trkpt>
      <trkpt lat="47.3643" lon="12.37771">
        <ele>1765</ele>
        <time>2026-05-12T23:04:24+00:00</time>
      </trkpt>
      <trkpt lat="47.36438" lon="12.37778">
        <ele>1763</ele>
        <time>2026-05-12T23:04:27+00:00</time>
      </trkpt>
      <trkpt lat="47.36441" lon="12.37783">
        <ele>1763</ele>
        <time>2026-05-12T23:04:30+00:00</time>
      </trkpt>
      <trkpt lat="47.36444" lon="12.37787">
        <ele>1763</ele>
        <time>2026-05-12T23:04:33+00:00</time>
      </trkpt>
      <trkpt lat="47.36448" lon="12.37792">
        <ele>1766</ele>
        <time>2026-05-12T23:04:36+00:00</time>
      </trkpt>
      <trkpt lat="47.36451" lon="12.37806">
        <ele>1766</ele>
        <time>2026-05-12T23:04:39+00:00</time>
      </trkpt>
      <trkpt lat="47.36454" lon="12.37811">
        <ele>1769</ele>
        <time>2026-05-12T23:04:42+00:00</time>
      </trkpt>
      <trkpt lat="47.36455" lon="12.37814">
        <ele>1769</ele>
        <time>2026-05-12T23:04:45+00:00</time>
      </trkpt>
      <trkpt lat="47.36458" lon="12.37818">
        <ele>1769</ele>
        <time>2026-05-12T23:04:48+00:00</time>
      </trkpt>
      <trkpt lat="47.3646" lon="12.37825">
        <ele>1771</ele>
        <time>2026-05-12T23:04:51+00:00</time>
      </trkpt>
      <trkpt lat="47.36463" lon="12.37834">
        <ele>1771</ele>
        <time>2026-05-12T23:04:54+00:00</time>
      </trkpt>
      <trkpt lat="47.36467" lon="12.37842">
        <ele>1773</ele>
        <time>2026-05-12T23:04:57+00:00</time>
      </trkpt>
      <trkpt lat="47.36469" lon="12.37845">
        <ele>1773</ele>
        <time>2026-05-12T23:05:00+00:00</time>
      </trkpt>
      <trkpt lat="47.36472" lon="12.37849">
        <ele>1772</ele>
        <time>2026-05-12T23:05:03+00:00</time>
      </trkpt>
      <trkpt lat="47.36475" lon="12.37853">
        <ele>1774</ele>
        <time>2026-05-12T23:05:06+00:00</time>
      </trkpt>
      <trkpt lat="47.36477" lon="12.37855">
        <ele>1774</ele>
        <time>2026-05-12T23:05:09+00:00</time>
      </trkpt>
      <trkpt lat="47.36479" lon="12.37858">
        <ele>1774</ele>
        <time>2026-05-12T23:05:12+00:00</time>
      </trkpt>
      <trkpt lat="47.36481" lon="12.37863">
        <ele>1776</ele>
        <time>2026-05-12T23:05:15+00:00</time>
      </trkpt>
      <trkpt lat="47.36483" lon="12.37865">
        <ele>1776</ele>
        <time>2026-05-12T23:05:18+00:00</time>
      </trkpt>
      <trkpt lat="47.3649" lon="12.37876">
        <ele>1778</ele>
        <time>2026-05-12T23:05:21+00:00</time>
      </trkpt>
      <trkpt lat="47.36495" lon="12.37883">
        <ele>1775</ele>
        <time>2026-05-12T23:05:24+00:00</time>
      </trkpt>
      <trkpt lat="47.36502" lon="12.37887">
        <ele>1774</ele>
        <time>2026-05-12T23:05:27+00:00</time>
      </trkpt>
      <trkpt lat="47.36508" lon="12.37892">
        <ele>1775</ele>
        <time>2026-05-12T23:05:30+00:00</time>
      </trkpt>
      <trkpt lat="47.36506" lon="12.37895">
        <ele>1775</ele>
        <time>2026-05-12T23:05:33+00:00</time>
      </trkpt>
      <trkpt lat="47.36505" lon="12.37898">
        <ele>1775</ele>
        <time>2026-05-12T23:05:36+00:00</time>
      </trkpt>
      <trkpt lat="47.36501" lon="12.379">
        <ele>1775</ele>
        <time>2026-05-12T23:05:39+00:00</time>
      </trkpt>
      <trkpt lat="47.36502" lon="12.37905">
        <ele>1776</ele>
        <time>2026-05-12T23:05:42+00:00</time>
      </trkpt>
      <trkpt lat="47.36508" lon="12.37916">
        <ele>1776</ele>
        <time>2026-05-12T23:05:45+00:00</time>
      </trkpt>
      <trkpt lat="47.36509" lon="12.37926">
        <ele>1776</ele>
        <time>2026-05-12T23:05:48+00:00</time>
      </trkpt>
      <trkpt lat="47.36509" lon="12.37935">
        <ele>1777</ele>
        <time>2026-05-12T23:05:51+00:00</time>
      </trkpt>
      <trkpt lat="47.36507" lon="12.3795">
        <ele>1777</ele>
        <time>2026-05-12T23:05:54+00:00</time>
      </trkpt>
      <trkpt lat="47.3651" lon="12.37964">
        <ele>1774</ele>
        <time>2026-05-12T23:05:57+00:00</time>
      </trkpt>
      <trkpt lat="47.36511" lon="12.3798">
        <ele>1773</ele>
        <time>2026-05-12T23:06:00+00:00</time>
      </trkpt>
      <trkpt lat="47.36515" lon="12.37996">
        <ele>1773</ele>
        <time>2026-05-12T23:06:03+00:00</time>
      </trkpt>
      <trkpt lat="47.3652" lon="12.38012">
        <ele>1771</ele>
        <time>2026-05-12T23:06:06+00:00</time>
      </trkpt>
      <trkpt lat="47.36523" lon="12.38024">
        <ele>1769</ele>
        <time>2026-05-12T23:06:09+00:00</time>
      </trkpt>
      <trkpt lat="47.36529" lon="12.3804">
        <ele>1768</ele>
        <time>2026-05-12T23:06:12+00:00</time>
      </trkpt>
      <trkpt lat="47.36531" lon="12.38048">
        <ele>1766</ele>
        <time>2026-05-12T23:06:15+00:00</time>
      </trkpt>
      <trkpt lat="47.36538" lon="12.38067">
        <ele>1765</ele>
        <time>2026-05-12T23:06:18+00:00</time>
      </trkpt>
      <trkpt lat="47.36543" lon="12.38074">
        <ele>1764</ele>
        <time>2026-05-12T23:06:21+00:00</time>
      </trkpt>
      <trkpt lat="47.36545" lon="12.3808">
        <ele>1764</ele>
        <time>2026-05-12T23:06:24+00:00</time>
      </trkpt>
      <trkpt lat="47.36547" lon="12.38085">
        <ele>1764</ele>
        <time>2026-05-12T23:06:27+00:00</time>
      </trkpt>
      <trkpt lat="47.36547" lon="12.38093">
        <ele>1764</ele>
        <time>2026-05-12T23:06:30+00:00</time>
      </trkpt>
      <trkpt lat="47.36546" lon="12.381">
        <ele>1764</ele>
        <time>2026-05-12T23:06:33+00:00</time>
      </trkpt>
      <trkpt lat="47.36541" lon="12.38102">
        <ele>1763</ele>
        <time>2026-05-12T23:06:36+00:00</time>
      </trkpt>
      <trkpt lat="47.36538" lon="12.38104">
        <ele>1763</ele>
        <time>2026-05-12T23:06:39+00:00</time>
      </trkpt>
      <trkpt lat="47.36535" lon="12.38104">
        <ele>1763</ele>
        <time>2026-05-12T23:06:42+00:00</time>
      </trkpt>
      <trkpt lat="47.36528" lon="12.38102">
        <ele>1763</ele>
        <time>2026-05-12T23:06:45+00:00</time>
      </trkpt>
      <trkpt lat="47.36526" lon="12.381">
        <ele>1764</ele>
        <time>2026-05-12T23:06:48+00:00</time>
      </trkpt>
      <trkpt lat="47.36523" lon="12.38096">
        <ele>1764</ele>
        <time>2026-05-12T23:06:51+00:00</time>
      </trkpt>
      <trkpt lat="47.36519" lon="12.38091">
        <ele>1764</ele>
        <time>2026-05-12T23:06:54+00:00</time>
      </trkpt>
      <trkpt lat="47.36516" lon="12.38088">
        <ele>1765</ele>
        <time>2026-05-12T23:06:57+00:00</time>
      </trkpt>
      <trkpt lat="47.36513" lon="12.38084">
        <ele>1765</ele>
        <time>2026-05-12T23:07:00+00:00</time>
      </trkpt>
      <trkpt lat="47.36509" lon="12.3808">
        <ele>1766</ele>
        <time>2026-05-12T23:07:03+00:00</time>
      </trkpt>
      <trkpt lat="47.36505" lon="12.38074">
        <ele>1766</ele>
        <time>2026-05-12T23:07:06+00:00</time>
      </trkpt>
      <trkpt lat="47.36502" lon="12.38071">
        <ele>1766</ele>
        <time>2026-05-12T23:07:09+00:00</time>
      </trkpt>
      <trkpt lat="47.365" lon="12.38067">
        <ele>1768</ele>
        <time>2026-05-12T23:07:12+00:00</time>
      </trkpt>
      <trkpt lat="47.36497" lon="12.38064">
        <ele>1768</ele>
        <time>2026-05-12T23:07:15+00:00</time>
      </trkpt>
      <trkpt lat="47.36494" lon="12.38059">
        <ele>1766</ele>
        <time>2026-05-12T23:07:18+00:00</time>
      </trkpt>
      <trkpt lat="47.36491" lon="12.38055">
        <ele>1770</ele>
        <time>2026-05-12T23:07:21+00:00</time>
      </trkpt>
      <trkpt lat="47.36488" lon="12.38051">
        <ele>1770</ele>
        <time>2026-05-12T23:07:24+00:00</time>
      </trkpt>
      <trkpt lat="47.36486" lon="12.38048">
        <ele>1772</ele>
        <time>2026-05-12T23:07:27+00:00</time>
      </trkpt>
      <trkpt lat="47.36484" lon="12.38046">
        <ele>1772</ele>
        <time>2026-05-12T23:07:30+00:00</time>
      </trkpt>
      <trkpt lat="47.36481" lon="12.38043">
        <ele>1772</ele>
        <time>2026-05-12T23:07:33+00:00</time>
      </trkpt>
      <trkpt lat="47.36479" lon="12.38042">
        <ele>1763</ele>
        <time>2026-05-12T23:07:36+00:00</time>
      </trkpt>
      <trkpt lat="47.36477" lon="12.3804">
        <ele>1767</ele>
        <time>2026-05-12T23:07:39+00:00</time>
      </trkpt>
      <trkpt lat="47.36475" lon="12.38039">
        <ele>1769</ele>
        <time>2026-05-12T23:07:42+00:00</time>
      </trkpt>
      <trkpt lat="47.36473" lon="12.38039">
        <ele>1769</ele>
        <time>2026-05-12T23:07:45+00:00</time>
      </trkpt>
      <trkpt lat="47.3647" lon="12.38039">
        <ele>1769</ele>
        <time>2026-05-12T23:07:48+00:00</time>
      </trkpt>
      <trkpt lat="47.36468" lon="12.38043">
        <ele>1763</ele>
        <time>2026-05-12T23:07:51+00:00</time>
      </trkpt>
      <trkpt lat="47.36466" lon="12.38047">
        <ele>1763</ele>
        <time>2026-05-12T23:07:54+00:00</time>
      </trkpt>
      <trkpt lat="47.36466" lon="12.3805">
        <ele>1761</ele>
        <time>2026-05-12T23:07:57+00:00</time>
      </trkpt>
      <trkpt lat="47.36467" lon="12.38054">
        <ele>1761</ele>
        <time>2026-05-12T23:08:00+00:00</time>
      </trkpt>
      <trkpt lat="47.36467" lon="12.3806">
        <ele>1761</ele>
        <time>2026-05-12T23:08:03+00:00</time>
      </trkpt>
      <trkpt lat="47.36468" lon="12.38067">
        <ele>1760</ele>
        <time>2026-05-12T23:08:06+00:00</time>
      </trkpt>
      <trkpt lat="47.36469" lon="12.38074">
        <ele>1758</ele>
        <time>2026-05-12T23:08:09+00:00</time>
      </trkpt>
      <trkpt lat="47.36471" lon="12.38089">
        <ele>1761</ele>
        <time>2026-05-12T23:08:12+00:00</time>
      </trkpt>
      <trkpt lat="47.36473" lon="12.38103">
        <ele>1758</ele>
        <time>2026-05-12T23:08:15+00:00</time>
      </trkpt>
      <trkpt lat="47.36475" lon="12.38115">
        <ele>1757</ele>
        <time>2026-05-12T23:08:18+00:00</time>
      </trkpt>
      <trkpt lat="47.36475" lon="12.38123">
        <ele>1759</ele>
        <time>2026-05-12T23:08:21+00:00</time>
      </trkpt>
      <trkpt lat="47.36479" lon="12.38131">
        <ele>1754</ele>
        <time>2026-05-12T23:08:24+00:00</time>
      </trkpt>
      <trkpt lat="47.36482" lon="12.38135">
        <ele>1758</ele>
        <time>2026-05-12T23:08:27+00:00</time>
      </trkpt>
      <trkpt lat="47.36487" lon="12.38143">
        <ele>1757</ele>
        <time>2026-05-12T23:08:30+00:00</time>
      </trkpt>
      <trkpt lat="47.36493" lon="12.38145">
        <ele>1758</ele>
        <time>2026-05-12T23:08:33+00:00</time>
      </trkpt>
      <trkpt lat="47.36502" lon="12.38154">
        <ele>1757</ele>
        <time>2026-05-12T23:08:36+00:00</time>
      </trkpt>
      <trkpt lat="47.36506" lon="12.38161">
        <ele>1756</ele>
        <time>2026-05-12T23:08:39+00:00</time>
      </trkpt>
      <trkpt lat="47.36513" lon="12.38171">
        <ele>1755</ele>
        <time>2026-05-12T23:08:42+00:00</time>
      </trkpt>
      <trkpt lat="47.36517" lon="12.38188">
        <ele>1753</ele>
        <time>2026-05-12T23:08:45+00:00</time>
      </trkpt>
      <trkpt lat="47.36523" lon="12.38201">
        <ele>1753</ele>
        <time>2026-05-12T23:08:48+00:00</time>
      </trkpt>
      <trkpt lat="47.3653" lon="12.38209">
        <ele>1750</ele>
        <time>2026-05-12T23:08:51+00:00</time>
      </trkpt>
      <trkpt lat="47.36538" lon="12.38211">
        <ele>1749</ele>
        <time>2026-05-12T23:08:54+00:00</time>
      </trkpt>
      <trkpt lat="47.36552" lon="12.38217">
        <ele>1751</ele>
        <time>2026-05-12T23:08:57+00:00</time>
      </trkpt>
      <trkpt lat="47.36563" lon="12.38224">
        <ele>1747</ele>
        <time>2026-05-12T23:09:00+00:00</time>
      </trkpt>
      <trkpt lat="47.36576" lon="12.38237">
        <ele>1742</ele>
        <time>2026-05-12T23:09:03+00:00</time>
      </trkpt>
      <trkpt lat="47.36582" lon="12.38245">
        <ele>1738</ele>
        <time>2026-05-12T23:09:06+00:00</time>
      </trkpt>
      <trkpt lat="47.36597" lon="12.38271">
        <ele>1731</ele>
        <time>2026-05-12T23:09:09+00:00</time>
      </trkpt>
      <trkpt lat="47.36603" lon="12.3828">
        <ele>1729</ele>
        <time>2026-05-12T23:09:12+00:00</time>
      </trkpt>
      <trkpt lat="47.3661" lon="12.38298">
        <ele>1727</ele>
        <time>2026-05-12T23:09:15+00:00</time>
      </trkpt>
      <trkpt lat="47.36613" lon="12.38308">
        <ele>1724</ele>
        <time>2026-05-12T23:09:18+00:00</time>
      </trkpt>
      <trkpt lat="47.36617" lon="12.38326">
        <ele>1722</ele>
        <time>2026-05-12T23:09:21+00:00</time>
      </trkpt>
      <trkpt lat="47.3662" lon="12.38344">
        <ele>1719</ele>
        <time>2026-05-12T23:09:24+00:00</time>
      </trkpt>
      <trkpt lat="47.36624" lon="12.38356">
        <ele>1718</ele>
        <time>2026-05-12T23:09:27+00:00</time>
      </trkpt>
      <trkpt lat="47.36636" lon="12.38378">
        <ele>1714</ele>
        <time>2026-05-12T23:09:30+00:00</time>
      </trkpt>
      <trkpt lat="47.36641" lon="12.38386">
        <ele>1711</ele>
        <time>2026-05-12T23:09:33+00:00</time>
      </trkpt>
      <trkpt lat="47.3665" lon="12.38407">
        <ele>1709</ele>
        <time>2026-05-12T23:09:36+00:00</time>
      </trkpt>
      <trkpt lat="47.36659" lon="12.38422">
        <ele>1708</ele>
        <time>2026-05-12T23:09:39+00:00</time>
      </trkpt>
      <trkpt lat="47.36668" lon="12.38434">
        <ele>1709</ele>
        <time>2026-05-12T23:09:42+00:00</time>
      </trkpt>
      <trkpt lat="47.36673" lon="12.38441">
        <ele>1709</ele>
        <time>2026-05-12T23:09:45+00:00</time>
      </trkpt>
      <trkpt lat="47.36678" lon="12.38446">
        <ele>1709</ele>
        <time>2026-05-12T23:09:48+00:00</time>
      </trkpt>
      <trkpt lat="47.36682" lon="12.38451">
        <ele>1709</ele>
        <time>2026-05-12T23:09:51+00:00</time>
      </trkpt>
      <trkpt lat="47.36689" lon="12.3846">
        <ele>1708</ele>
        <time>2026-05-12T23:09:54+00:00</time>
      </trkpt>
      <trkpt lat="47.36698" lon="12.3847">
        <ele>1708</ele>
        <time>2026-05-12T23:09:57+00:00</time>
      </trkpt>
      <trkpt lat="47.36709" lon="12.38483">
        <ele>1708</ele>
        <time>2026-05-12T23:10:00+00:00</time>
      </trkpt>
      <trkpt lat="47.36719" lon="12.38498">
        <ele>1708</ele>
        <time>2026-05-12T23:10:03+00:00</time>
      </trkpt>
      <trkpt lat="47.36732" lon="12.38513">
        <ele>1709</ele>
        <time>2026-05-12T23:10:06+00:00</time>
      </trkpt>
      <trkpt lat="47.36743" lon="12.38526">
        <ele>1708</ele>
        <time>2026-05-12T23:10:09+00:00</time>
      </trkpt>
      <trkpt lat="47.36746" lon="12.38532">
        <ele>1705</ele>
        <time>2026-05-12T23:10:12+00:00</time>
      </trkpt>
      <trkpt lat="47.3675" lon="12.38536">
        <ele>1705</ele>
        <time>2026-05-12T23:10:15+00:00</time>
      </trkpt>
      <trkpt lat="47.36754" lon="12.38546">
        <ele>1705</ele>
        <time>2026-05-12T23:10:18+00:00</time>
      </trkpt>
      <trkpt lat="47.36758" lon="12.3856">
        <ele>1703</ele>
        <time>2026-05-12T23:10:21+00:00</time>
      </trkpt>
      <trkpt lat="47.36761" lon="12.38571">
        <ele>1700</ele>
        <time>2026-05-12T23:10:24+00:00</time>
      </trkpt>
      <trkpt lat="47.36766" lon="12.38586">
        <ele>1697</ele>
        <time>2026-05-12T23:10:27+00:00</time>
      </trkpt>
      <trkpt lat="47.3677" lon="12.38603">
        <ele>1692</ele>
        <time>2026-05-12T23:10:30+00:00</time>
      </trkpt>
      <trkpt lat="47.36776" lon="12.38616">
        <ele>1691</ele>
        <time>2026-05-12T23:10:33+00:00</time>
      </trkpt>
      <trkpt lat="47.36788" lon="12.38629">
        <ele>1690</ele>
        <time>2026-05-12T23:10:36+00:00</time>
      </trkpt>
      <trkpt lat="47.36792" lon="12.38636">
        <ele>1690</ele>
        <time>2026-05-12T23:10:39+00:00</time>
      </trkpt>
      <trkpt lat="47.36796" lon="12.38642">
        <ele>1689</ele>
        <time>2026-05-12T23:10:42+00:00</time>
      </trkpt>
      <trkpt lat="47.36802" lon="12.38651">
        <ele>1689</ele>
        <time>2026-05-12T23:10:45+00:00</time>
      </trkpt>
      <trkpt lat="47.36809" lon="12.38663">
        <ele>1687</ele>
        <time>2026-05-12T23:10:48+00:00</time>
      </trkpt>
      <trkpt lat="47.36812" lon="12.38671">
        <ele>1688</ele>
        <time>2026-05-12T23:10:51+00:00</time>
      </trkpt>
      <trkpt lat="47.36813" lon="12.38678">
        <ele>1688</ele>
        <time>2026-05-12T23:10:54+00:00</time>
      </trkpt>
      <trkpt lat="47.36816" lon="12.38686">
        <ele>1686</ele>
        <time>2026-05-12T23:10:57+00:00</time>
      </trkpt>
      <trkpt lat="47.36816" lon="12.38691">
        <ele>1684</ele>
        <time>2026-05-12T23:11:00+00:00</time>
      </trkpt>
      <trkpt lat="47.36814" lon="12.38704">
        <ele>1683</ele>
        <time>2026-05-12T23:11:03+00:00</time>
      </trkpt>
      <trkpt lat="47.36816" lon="12.38722">
        <ele>1679</ele>
        <time>2026-05-12T23:11:06+00:00</time>
      </trkpt>
      <trkpt lat="47.36815" lon="12.3873">
        <ele>1677</ele>
        <time>2026-05-12T23:11:09+00:00</time>
      </trkpt>
      <trkpt lat="47.36815" lon="12.38735">
        <ele>1677</ele>
        <time>2026-05-12T23:11:12+00:00</time>
      </trkpt>
      <trkpt lat="47.36815" lon="12.38739">
        <ele>1677</ele>
        <time>2026-05-12T23:11:15+00:00</time>
      </trkpt>
      <trkpt lat="47.36821" lon="12.38751">
        <ele>1676</ele>
        <time>2026-05-12T23:11:18+00:00</time>
      </trkpt>
      <trkpt lat="47.36818" lon="12.3876">
        <ele>1673</ele>
        <time>2026-05-12T23:11:21+00:00</time>
      </trkpt>
      <trkpt lat="47.36817" lon="12.38764">
        <ele>1671</ele>
        <time>2026-05-12T23:11:24+00:00</time>
      </trkpt>
      <trkpt lat="47.36813" lon="12.38762">
        <ele>1671</ele>
        <time>2026-05-12T23:11:27+00:00</time>
      </trkpt>
      <trkpt lat="47.36809" lon="12.38758">
        <ele>1674</ele>
        <time>2026-05-12T23:11:30+00:00</time>
      </trkpt>
      <trkpt lat="47.36805" lon="12.3875">
        <ele>1670</ele>
        <time>2026-05-12T23:11:33+00:00</time>
      </trkpt>
      <trkpt lat="47.36802" lon="12.38741">
        <ele>1672</ele>
        <time>2026-05-12T23:11:36+00:00</time>
      </trkpt>
      <trkpt lat="47.36797" lon="12.38726">
        <ele>1673</ele>
        <time>2026-05-12T23:11:39+00:00</time>
      </trkpt>
      <trkpt lat="47.36791" lon="12.38714">
        <ele>1675</ele>
        <time>2026-05-12T23:11:42+00:00</time>
      </trkpt>
      <trkpt lat="47.36786" lon="12.38706">
        <ele>1674</ele>
        <time>2026-05-12T23:11:45+00:00</time>
      </trkpt>
      <trkpt lat="47.36779" lon="12.387">
        <ele>1672</ele>
        <time>2026-05-12T23:11:48+00:00</time>
      </trkpt>
      <trkpt lat="47.36769" lon="12.38698">
        <ele>1671</ele>
        <time>2026-05-12T23:11:51+00:00</time>
      </trkpt>
      <trkpt lat="47.36758" lon="12.38695">
        <ele>1669</ele>
        <time>2026-05-12T23:11:54+00:00</time>
      </trkpt>
      <trkpt lat="47.36743" lon="12.38694">
        <ele>1667</ele>
        <time>2026-05-12T23:11:57+00:00</time>
      </trkpt>
      <trkpt lat="47.36733" lon="12.3869">
        <ele>1667</ele>
        <time>2026-05-12T23:12:00+00:00</time>
      </trkpt>
      <trkpt lat="47.36718" lon="12.38685">
        <ele>1663</ele>
        <time>2026-05-12T23:12:03+00:00</time>
      </trkpt>
      <trkpt lat="47.3671" lon="12.38679">
        <ele>1664</ele>
        <time>2026-05-12T23:12:06+00:00</time>
      </trkpt>
      <trkpt lat="47.36697" lon="12.38672">
        <ele>1662</ele>
        <time>2026-05-12T23:12:09+00:00</time>
      </trkpt>
      <trkpt lat="47.36685" lon="12.38663">
        <ele>1663</ele>
        <time>2026-05-12T23:12:12+00:00</time>
      </trkpt>
      <trkpt lat="47.3667" lon="12.3865">
        <ele>1661</ele>
        <time>2026-05-12T23:12:15+00:00</time>
      </trkpt>
      <trkpt lat="47.36661" lon="12.38646">
        <ele>1663</ele>
        <time>2026-05-12T23:12:18+00:00</time>
      </trkpt>
      <trkpt lat="47.36652" lon="12.38642">
        <ele>1662</ele>
        <time>2026-05-12T23:12:21+00:00</time>
      </trkpt>
      <trkpt lat="47.36642" lon="12.38643">
        <ele>1660</ele>
        <time>2026-05-12T23:12:24+00:00</time>
      </trkpt>
      <trkpt lat="47.36634" lon="12.38643">
        <ele>1658</ele>
        <time>2026-05-12T23:12:27+00:00</time>
      </trkpt>
      <trkpt lat="47.36618" lon="12.38644">
        <ele>1654</ele>
        <time>2026-05-12T23:12:30+00:00</time>
      </trkpt>
      <trkpt lat="47.36608" lon="12.38644">
        <ele>1652</ele>
        <time>2026-05-12T23:12:33+00:00</time>
      </trkpt>
      <trkpt lat="47.366" lon="12.38642">
        <ele>1652</ele>
        <time>2026-05-12T23:12:36+00:00</time>
      </trkpt>
      <trkpt lat="47.36594" lon="12.38638">
        <ele>1654</ele>
        <time>2026-05-12T23:12:39+00:00</time>
      </trkpt>
      <trkpt lat="47.36588" lon="12.38632">
        <ele>1651</ele>
        <time>2026-05-12T23:12:42+00:00</time>
      </trkpt>
      <trkpt lat="47.36582" lon="12.38623">
        <ele>1654</ele>
        <time>2026-05-12T23:12:45+00:00</time>
      </trkpt>
      <trkpt lat="47.36576" lon="12.38616">
        <ele>1654</ele>
        <time>2026-05-12T23:12:48+00:00</time>
      </trkpt>
      <trkpt lat="47.3657" lon="12.3861">
        <ele>1655</ele>
        <time>2026-05-12T23:12:51+00:00</time>
      </trkpt>
      <trkpt lat="47.36563" lon="12.38608">
        <ele>1655</ele>
        <time>2026-05-12T23:12:54+00:00</time>
      </trkpt>
      <trkpt lat="47.36556" lon="12.3861">
        <ele>1651</ele>
        <time>2026-05-12T23:12:57+00:00</time>
      </trkpt>
      <trkpt lat="47.3655" lon="12.38613">
        <ele>1651</ele>
        <time>2026-05-12T23:13:00+00:00</time>
      </trkpt>
      <trkpt lat="47.36542" lon="12.38615">
        <ele>1649</ele>
        <time>2026-05-12T23:13:03+00:00</time>
      </trkpt>
      <trkpt lat="47.36536" lon="12.38615">
        <ele>1647</ele>
        <time>2026-05-12T23:13:06+00:00</time>
      </trkpt>
      <trkpt lat="47.36529" lon="12.38613">
        <ele>1646</ele>
        <time>2026-05-12T23:13:09+00:00</time>
      </trkpt>
      <trkpt lat="47.36522" lon="12.38609">
        <ele>1648</ele>
        <time>2026-05-12T23:13:12+00:00</time>
      </trkpt>
      <trkpt lat="47.36516" lon="12.38607">
        <ele>1647</ele>
        <time>2026-05-12T23:13:15+00:00</time>
      </trkpt>
      <trkpt lat="47.36512" lon="12.38609">
        <ele>1647</ele>
        <time>2026-05-12T23:13:18+00:00</time>
      </trkpt>
      <trkpt lat="47.3651" lon="12.38612">
        <ele>1644</ele>
        <time>2026-05-12T23:13:21+00:00</time>
      </trkpt>
      <trkpt lat="47.36509" lon="12.38615">
        <ele>1643</ele>
        <time>2026-05-12T23:13:24+00:00</time>
      </trkpt>
      <trkpt lat="47.36509" lon="12.3862">
        <ele>1640</ele>
        <time>2026-05-12T23:13:27+00:00</time>
      </trkpt>
      <trkpt lat="47.36513" lon="12.38625">
        <ele>1642</ele>
        <time>2026-05-12T23:13:30+00:00</time>
      </trkpt>
      <trkpt lat="47.36521" lon="12.38631">
        <ele>1644</ele>
        <time>2026-05-12T23:13:33+00:00</time>
      </trkpt>
      <trkpt lat="47.36531" lon="12.38637">
        <ele>1643</ele>
        <time>2026-05-12T23:13:36+00:00</time>
      </trkpt>
      <trkpt lat="47.36537" lon="12.38641">
        <ele>1640</ele>
        <time>2026-05-12T23:13:39+00:00</time>
      </trkpt>
      <trkpt lat="47.36547" lon="12.38643">
        <ele>1644</ele>
        <time>2026-05-12T23:13:42+00:00</time>
      </trkpt>
      <trkpt lat="47.36562" lon="12.38647">
        <ele>1645</ele>
        <time>2026-05-12T23:13:45+00:00</time>
      </trkpt>
      <trkpt lat="47.36568" lon="12.3865">
        <ele>1642</ele>
        <time>2026-05-12T23:13:48+00:00</time>
      </trkpt>
      <trkpt lat="47.36576" lon="12.38659">
        <ele>1645</ele>
        <time>2026-05-12T23:13:51+00:00</time>
      </trkpt>
      <trkpt lat="47.3659" lon="12.38678">
        <ele>1641</ele>
        <time>2026-05-12T23:13:54+00:00</time>
      </trkpt>
      <trkpt lat="47.36607" lon="12.38697">
        <ele>1639</ele>
        <time>2026-05-12T23:13:57+00:00</time>
      </trkpt>
      <trkpt lat="47.36613" lon="12.38707">
        <ele>1638</ele>
        <time>2026-05-12T23:14:00+00:00</time>
      </trkpt>
      <trkpt lat="47.36621" lon="12.38717">
        <ele>1638</ele>
        <time>2026-05-12T23:14:03+00:00</time>
      </trkpt>
      <trkpt lat="47.36626" lon="12.38727">
        <ele>1635</ele>
        <time>2026-05-12T23:14:06+00:00</time>
      </trkpt>
      <trkpt lat="47.36636" lon="12.38747">
        <ele>1633</ele>
        <time>2026-05-12T23:14:09+00:00</time>
      </trkpt>
      <trkpt lat="47.36648" lon="12.3877">
        <ele>1627</ele>
        <time>2026-05-12T23:14:12+00:00</time>
      </trkpt>
      <trkpt lat="47.36653" lon="12.38779">
        <ele>1629</ele>
        <time>2026-05-12T23:14:15+00:00</time>
      </trkpt>
      <trkpt lat="47.36659" lon="12.38786">
        <ele>1627</ele>
        <time>2026-05-12T23:14:18+00:00</time>
      </trkpt>
      <trkpt lat="47.36667" lon="12.38794">
        <ele>1627</ele>
        <time>2026-05-12T23:14:21+00:00</time>
      </trkpt>
      <trkpt lat="47.36679" lon="12.38811">
        <ele>1624</ele>
        <time>2026-05-12T23:14:24+00:00</time>
      </trkpt>
      <trkpt lat="47.36686" lon="12.38819">
        <ele>1626</ele>
        <time>2026-05-12T23:14:27+00:00</time>
      </trkpt>
      <trkpt lat="47.36692" lon="12.38826">
        <ele>1626</ele>
        <time>2026-05-12T23:14:30+00:00</time>
      </trkpt>
      <trkpt lat="47.36707" lon="12.38844">
        <ele>1624</ele>
        <time>2026-05-12T23:14:33+00:00</time>
      </trkpt>
      <trkpt lat="47.36715" lon="12.38855">
        <ele>1624</ele>
        <time>2026-05-12T23:14:36+00:00</time>
      </trkpt>
      <trkpt lat="47.36727" lon="12.38868">
        <ele>1624</ele>
        <time>2026-05-12T23:14:39+00:00</time>
      </trkpt>
      <trkpt lat="47.36731" lon="12.3888">
        <ele>1623</ele>
        <time>2026-05-12T23:14:42+00:00</time>
      </trkpt>
      <trkpt lat="47.36734" lon="12.38892">
        <ele>1621</ele>
        <time>2026-05-12T23:14:45+00:00</time>
      </trkpt>
      <trkpt lat="47.36745" lon="12.38924">
        <ele>1618</ele>
        <time>2026-05-12T23:14:48+00:00</time>
      </trkpt>
      <trkpt lat="47.3675" lon="12.38936">
        <ele>1618</ele>
        <time>2026-05-12T23:14:51+00:00</time>
      </trkpt>
      <trkpt lat="47.36758" lon="12.3895">
        <ele>1616</ele>
        <time>2026-05-12T23:14:54+00:00</time>
      </trkpt>
      <trkpt lat="47.36764" lon="12.38965">
        <ele>1615</ele>
        <time>2026-05-12T23:14:57+00:00</time>
      </trkpt>
      <trkpt lat="47.36772" lon="12.39">
        <ele>1612</ele>
        <time>2026-05-12T23:15:00+00:00</time>
      </trkpt>
      <trkpt lat="47.36773" lon="12.39013">
        <ele>1609</ele>
        <time>2026-05-12T23:15:03+00:00</time>
      </trkpt>
      <trkpt lat="47.36773" lon="12.39042">
        <ele>1603</ele>
        <time>2026-05-12T23:15:06+00:00</time>
      </trkpt>
      <trkpt lat="47.36774" lon="12.39057">
        <ele>1601</ele>
        <time>2026-05-12T23:15:09+00:00</time>
      </trkpt>
      <trkpt lat="47.36782" lon="12.39079">
        <ele>1600</ele>
        <time>2026-05-12T23:15:12+00:00</time>
      </trkpt>
      <trkpt lat="47.36788" lon="12.39095">
        <ele>1596</ele>
        <time>2026-05-12T23:15:15+00:00</time>
      </trkpt>
      <trkpt lat="47.36804" lon="12.39125">
        <ele>1596</ele>
        <time>2026-05-12T23:15:18+00:00</time>
      </trkpt>
      <trkpt lat="47.3681" lon="12.39134">
        <ele>1594</ele>
        <time>2026-05-12T23:15:21+00:00</time>
      </trkpt>
      <trkpt lat="47.36815" lon="12.39143">
        <ele>1595</ele>
        <time>2026-05-12T23:15:24+00:00</time>
      </trkpt>
      <trkpt lat="47.36821" lon="12.39153">
        <ele>1596</ele>
        <time>2026-05-12T23:15:27+00:00</time>
      </trkpt>
      <trkpt lat="47.36827" lon="12.39162">
        <ele>1594</ele>
        <time>2026-05-12T23:15:30+00:00</time>
      </trkpt>
      <trkpt lat="47.36855" lon="12.39185">
        <ele>1596</ele>
        <time>2026-05-12T23:15:33+00:00</time>
      </trkpt>
      <trkpt lat="47.36882" lon="12.39209">
        <ele>1594</ele>
        <time>2026-05-12T23:15:36+00:00</time>
      </trkpt>
      <trkpt lat="47.36893" lon="12.39228">
        <ele>1595</ele>
        <time>2026-05-12T23:15:39+00:00</time>
      </trkpt>
      <trkpt lat="47.36898" lon="12.39234">
        <ele>1595</ele>
        <time>2026-05-12T23:15:42+00:00</time>
      </trkpt>
      <trkpt lat="47.36906" lon="12.39236">
        <ele>1594</ele>
        <time>2026-05-12T23:15:45+00:00</time>
      </trkpt>
      <trkpt lat="47.36916" lon="12.39239">
        <ele>1595</ele>
        <time>2026-05-12T23:15:48+00:00</time>
      </trkpt>
      <trkpt lat="47.36924" lon="12.39241">
        <ele>1595</ele>
        <time>2026-05-12T23:15:51+00:00</time>
      </trkpt>
      <trkpt lat="47.36944" lon="12.39254">
        <ele>1595</ele>
        <time>2026-05-12T23:15:54+00:00</time>
      </trkpt>
      <trkpt lat="47.36951" lon="12.39264">
        <ele>1594</ele>
        <time>2026-05-12T23:15:57+00:00</time>
      </trkpt>
      <trkpt lat="47.36964" lon="12.39276">
        <ele>1593</ele>
        <time>2026-05-12T23:16:00+00:00</time>
      </trkpt>
      <trkpt lat="47.36972" lon="12.39288">
        <ele>1591</ele>
        <time>2026-05-12T23:16:03+00:00</time>
      </trkpt>
      <trkpt lat="47.36979" lon="12.393">
        <ele>1588</ele>
        <time>2026-05-12T23:16:06+00:00</time>
      </trkpt>
      <trkpt lat="47.36993" lon="12.39324">
        <ele>1582</ele>
        <time>2026-05-12T23:16:09+00:00</time>
      </trkpt>
      <trkpt lat="47.37" lon="12.39336">
        <ele>1580</ele>
        <time>2026-05-12T23:16:12+00:00</time>
      </trkpt>
      <trkpt lat="47.37008" lon="12.39347">
        <ele>1578</ele>
        <time>2026-05-12T23:16:15+00:00</time>
      </trkpt>
      <trkpt lat="47.3702" lon="12.39358">
        <ele>1576</ele>
        <time>2026-05-12T23:16:18+00:00</time>
      </trkpt>
      <trkpt lat="47.37028" lon="12.39366">
        <ele>1577</ele>
        <time>2026-05-12T23:16:21+00:00</time>
      </trkpt>
      <trkpt lat="47.37036" lon="12.39373">
        <ele>1573</ele>
        <time>2026-05-12T23:16:24+00:00</time>
      </trkpt>
      <trkpt lat="47.37043" lon="12.39375">
        <ele>1575</ele>
        <time>2026-05-12T23:16:27+00:00</time>
      </trkpt>
      <trkpt lat="47.3705" lon="12.39377">
        <ele>1577</ele>
        <time>2026-05-12T23:16:30+00:00</time>
      </trkpt>
      <trkpt lat="47.37063" lon="12.39379">
        <ele>1577</ele>
        <time>2026-05-12T23:16:33+00:00</time>
      </trkpt>
      <trkpt lat="47.37077" lon="12.3938">
        <ele>1574</ele>
        <time>2026-05-12T23:16:36+00:00</time>
      </trkpt>
      <trkpt lat="47.37082" lon="12.39383">
        <ele>1576</ele>
        <time>2026-05-12T23:16:39+00:00</time>
      </trkpt>
      <trkpt lat="47.37081" lon="12.39388">
        <ele>1576</ele>
        <time>2026-05-12T23:16:42+00:00</time>
      </trkpt>
      <trkpt lat="47.37078" lon="12.39397">
        <ele>1572</ele>
        <time>2026-05-12T23:16:45+00:00</time>
      </trkpt>
      <trkpt lat="47.3707" lon="12.39397">
        <ele>1572</ele>
        <time>2026-05-12T23:16:48+00:00</time>
      </trkpt>
      <trkpt lat="47.37063" lon="12.39395">
        <ele>1571</ele>
        <time>2026-05-12T23:16:51+00:00</time>
      </trkpt>
      <trkpt lat="47.37054" lon="12.39395">
        <ele>1570</ele>
        <time>2026-05-12T23:16:54+00:00</time>
      </trkpt>
      <trkpt lat="47.37041" lon="12.39395">
        <ele>1569</ele>
        <time>2026-05-12T23:16:57+00:00</time>
      </trkpt>
      <trkpt lat="47.37031" lon="12.39395">
        <ele>1568</ele>
        <time>2026-05-12T23:17:00+00:00</time>
      </trkpt>
      <trkpt lat="47.37022" lon="12.39391">
        <ele>1567</ele>
        <time>2026-05-12T23:17:03+00:00</time>
      </trkpt>
      <trkpt lat="47.37011" lon="12.39388">
        <ele>1568</ele>
        <time>2026-05-12T23:17:06+00:00</time>
      </trkpt>
      <trkpt lat="47.37006" lon="12.39387">
        <ele>1567</ele>
        <time>2026-05-12T23:17:09+00:00</time>
      </trkpt>
      <trkpt lat="47.37" lon="12.39386">
        <ele>1567</ele>
        <time>2026-05-12T23:17:12+00:00</time>
      </trkpt>
      <trkpt lat="47.36994" lon="12.39385">
        <ele>1566</ele>
        <time>2026-05-12T23:17:15+00:00</time>
      </trkpt>
      <trkpt lat="47.36985" lon="12.39383">
        <ele>1565</ele>
        <time>2026-05-12T23:17:18+00:00</time>
      </trkpt>
      <trkpt lat="47.36968" lon="12.39383">
        <ele>1562</ele>
        <time>2026-05-12T23:17:21+00:00</time>
      </trkpt>
      <trkpt lat="47.36947" lon="12.39382">
        <ele>1559</ele>
        <time>2026-05-12T23:17:24+00:00</time>
      </trkpt>
      <trkpt lat="47.3694" lon="12.39383">
        <ele>1558</ele>
        <time>2026-05-12T23:17:27+00:00</time>
      </trkpt>
      <trkpt lat="47.36933" lon="12.39383">
        <ele>1558</ele>
        <time>2026-05-12T23:17:30+00:00</time>
      </trkpt>
      <trkpt lat="47.36918" lon="12.39381">
        <ele>1555</ele>
        <time>2026-05-12T23:17:33+00:00</time>
      </trkpt>
      <trkpt lat="47.36903" lon="12.39376">
        <ele>1555</ele>
        <time>2026-05-12T23:17:36+00:00</time>
      </trkpt>
      <trkpt lat="47.36895" lon="12.3937">
        <ele>1555</ele>
        <time>2026-05-12T23:17:39+00:00</time>
      </trkpt>
      <trkpt lat="47.36877" lon="12.3936">
        <ele>1555</ele>
        <time>2026-05-12T23:17:42+00:00</time>
      </trkpt>
      <trkpt lat="47.36873" lon="12.39359">
        <ele>1555</ele>
        <time>2026-05-12T23:17:45+00:00</time>
      </trkpt>
      <trkpt lat="47.36866" lon="12.39353">
        <ele>1553</ele>
        <time>2026-05-12T23:17:48+00:00</time>
      </trkpt>
      <trkpt lat="47.36852" lon="12.39352">
        <ele>1551</ele>
        <time>2026-05-12T23:17:51+00:00</time>
      </trkpt>
      <trkpt lat="47.36843" lon="12.39351">
        <ele>1549</ele>
        <time>2026-05-12T23:17:54+00:00</time>
      </trkpt>
      <trkpt lat="47.36837" lon="12.39348">
        <ele>1550</ele>
        <time>2026-05-12T23:17:57+00:00</time>
      </trkpt>
      <trkpt lat="47.36832" lon="12.39345">
        <ele>1550</ele>
        <time>2026-05-12T23:18:00+00:00</time>
      </trkpt>
      <trkpt lat="47.36826" lon="12.3934">
        <ele>1550</ele>
        <time>2026-05-12T23:18:03+00:00</time>
      </trkpt>
      <trkpt lat="47.36817" lon="12.39334">
        <ele>1548</ele>
        <time>2026-05-12T23:18:06+00:00</time>
      </trkpt>
      <trkpt lat="47.36805" lon="12.39322">
        <ele>1548</ele>
        <time>2026-05-12T23:18:09+00:00</time>
      </trkpt>
      <trkpt lat="47.36798" lon="12.39314">
        <ele>1548</ele>
        <time>2026-05-12T23:18:12+00:00</time>
      </trkpt>
      <trkpt lat="47.36791" lon="12.39308">
        <ele>1550</ele>
        <time>2026-05-12T23:18:15+00:00</time>
      </trkpt>
      <trkpt lat="47.36789" lon="12.39302">
        <ele>1547</ele>
        <time>2026-05-12T23:18:18+00:00</time>
      </trkpt>
      <trkpt lat="47.36781" lon="12.39304">
        <ele>1547</ele>
        <time>2026-05-12T23:18:21+00:00</time>
      </trkpt>
      <trkpt lat="47.36779" lon="12.3931">
        <ele>1545</ele>
        <time>2026-05-12T23:18:24+00:00</time>
      </trkpt>
      <trkpt lat="47.36779" lon="12.3932">
        <ele>1543</ele>
        <time>2026-05-12T23:18:27+00:00</time>
      </trkpt>
      <trkpt lat="47.36783" lon="12.39326">
        <ele>1543</ele>
        <time>2026-05-12T23:18:30+00:00</time>
      </trkpt>
      <trkpt lat="47.36787" lon="12.3933">
        <ele>1541</ele>
        <time>2026-05-12T23:18:33+00:00</time>
      </trkpt>
      <trkpt lat="47.36794" lon="12.3934">
        <ele>1543</ele>
        <time>2026-05-12T23:18:36+00:00</time>
      </trkpt>
      <trkpt lat="47.36814" lon="12.3936">
        <ele>1543</ele>
        <time>2026-05-12T23:18:39+00:00</time>
      </trkpt>
      <trkpt lat="47.36823" lon="12.39371">
        <ele>1541</ele>
        <time>2026-05-12T23:18:42+00:00</time>
      </trkpt>
      <trkpt lat="47.36835" lon="12.39391">
        <ele>1539</ele>
        <time>2026-05-12T23:18:45+00:00</time>
      </trkpt>
      <trkpt lat="47.36846" lon="12.39411">
        <ele>1536</ele>
        <time>2026-05-12T23:18:48+00:00</time>
      </trkpt>
      <trkpt lat="47.36854" lon="12.39426">
        <ele>1535</ele>
        <time>2026-05-12T23:18:51+00:00</time>
      </trkpt>
      <trkpt lat="47.36865" lon="12.3944">
        <ele>1534</ele>
        <time>2026-05-12T23:18:54+00:00</time>
      </trkpt>
      <trkpt lat="47.36871" lon="12.39453">
        <ele>1531</ele>
        <time>2026-05-12T23:18:57+00:00</time>
      </trkpt>
      <trkpt lat="47.36878" lon="12.39466">
        <ele>1529</ele>
        <time>2026-05-12T23:19:00+00:00</time>
      </trkpt>
      <trkpt lat="47.36888" lon="12.39489">
        <ele>1527</ele>
        <time>2026-05-12T23:19:03+00:00</time>
      </trkpt>
      <trkpt lat="47.36897" lon="12.39501">
        <ele>1524</ele>
        <time>2026-05-12T23:19:06+00:00</time>
      </trkpt>
      <trkpt lat="47.36915" lon="12.3952">
        <ele>1524</ele>
        <time>2026-05-12T23:19:09+00:00</time>
      </trkpt>
      <trkpt lat="47.36922" lon="12.39528">
        <ele>1523</ele>
        <time>2026-05-12T23:19:12+00:00</time>
      </trkpt>
      <trkpt lat="47.36931" lon="12.39531">
        <ele>1524</ele>
        <time>2026-05-12T23:19:15+00:00</time>
      </trkpt>
      <trkpt lat="47.36938" lon="12.39535">
        <ele>1522</ele>
        <time>2026-05-12T23:19:18+00:00</time>
      </trkpt>
      <trkpt lat="47.36959" lon="12.39535">
        <ele>1524</ele>
        <time>2026-05-12T23:19:21+00:00</time>
      </trkpt>
      <trkpt lat="47.36967" lon="12.39537">
        <ele>1525</ele>
        <time>2026-05-12T23:19:24+00:00</time>
      </trkpt>
      <trkpt lat="47.36977" lon="12.39541">
        <ele>1523</ele>
        <time>2026-05-12T23:19:27+00:00</time>
      </trkpt>
      <trkpt lat="47.36991" lon="12.39548">
        <ele>1524</ele>
        <time>2026-05-12T23:19:30+00:00</time>
      </trkpt>
      <trkpt lat="47.37001" lon="12.3955">
        <ele>1525</ele>
        <time>2026-05-12T23:19:33+00:00</time>
      </trkpt>
      <trkpt lat="47.37013" lon="12.39551">
        <ele>1524</ele>
        <time>2026-05-12T23:19:36+00:00</time>
      </trkpt>
      <trkpt lat="47.37028" lon="12.39556">
        <ele>1523</ele>
        <time>2026-05-12T23:19:39+00:00</time>
      </trkpt>
      <trkpt lat="47.3704" lon="12.39559">
        <ele>1524</ele>
        <time>2026-05-12T23:19:42+00:00</time>
      </trkpt>
      <trkpt lat="47.37055" lon="12.39572">
        <ele>1520</ele>
        <time>2026-05-12T23:19:45+00:00</time>
      </trkpt>
      <trkpt lat="47.37065" lon="12.39586">
        <ele>1518</ele>
        <time>2026-05-12T23:19:48+00:00</time>
      </trkpt>
      <trkpt lat="47.37078" lon="12.39602">
        <ele>1514</ele>
        <time>2026-05-12T23:19:51+00:00</time>
      </trkpt>
      <trkpt lat="47.37085" lon="12.39621">
        <ele>1509</ele>
        <time>2026-05-12T23:19:54+00:00</time>
      </trkpt>
      <trkpt lat="47.37092" lon="12.39633">
        <ele>1507</ele>
        <time>2026-05-12T23:19:57+00:00</time>
      </trkpt>
      <trkpt lat="47.37107" lon="12.39645">
        <ele>1505</ele>
        <time>2026-05-12T23:20:00+00:00</time>
      </trkpt>
      <trkpt lat="47.37114" lon="12.39649">
        <ele>1506</ele>
        <time>2026-05-12T23:20:03+00:00</time>
      </trkpt>
      <trkpt lat="47.37118" lon="12.39656">
        <ele>1503</ele>
        <time>2026-05-12T23:20:06+00:00</time>
      </trkpt>
      <trkpt lat="47.37126" lon="12.39665">
        <ele>1501</ele>
        <time>2026-05-12T23:20:09+00:00</time>
      </trkpt>
      <trkpt lat="47.37134" lon="12.39671">
        <ele>1499</ele>
        <time>2026-05-12T23:20:12+00:00</time>
      </trkpt>
      <trkpt lat="47.37141" lon="12.39675">
        <ele>1499</ele>
        <time>2026-05-12T23:20:15+00:00</time>
      </trkpt>
      <trkpt lat="47.37151" lon="12.39677">
        <ele>1501</ele>
        <time>2026-05-12T23:20:18+00:00</time>
      </trkpt>
      <trkpt lat="47.37162" lon="12.39677">
        <ele>1500</ele>
        <time>2026-05-12T23:20:21+00:00</time>
      </trkpt>
      <trkpt lat="47.37177" lon="12.39679">
        <ele>1501</ele>
        <time>2026-05-12T23:20:24+00:00</time>
      </trkpt>
      <trkpt lat="47.37194" lon="12.39681">
        <ele>1499</ele>
        <time>2026-05-12T23:20:27+00:00</time>
      </trkpt>
      <trkpt lat="47.37203" lon="12.39683">
        <ele>1500</ele>
        <time>2026-05-12T23:20:30+00:00</time>
      </trkpt>
      <trkpt lat="47.37215" lon="12.39685">
        <ele>1499</ele>
        <time>2026-05-12T23:20:33+00:00</time>
      </trkpt>
      <trkpt lat="47.37221" lon="12.39689">
        <ele>1500</ele>
        <time>2026-05-12T23:20:36+00:00</time>
      </trkpt>
      <trkpt lat="47.37227" lon="12.39695">
        <ele>1497</ele>
        <time>2026-05-12T23:20:39+00:00</time>
      </trkpt>
      <trkpt lat="47.37236" lon="12.39711">
        <ele>1492</ele>
        <time>2026-05-12T23:20:42+00:00</time>
      </trkpt>
      <trkpt lat="47.37243" lon="12.39721">
        <ele>1490</ele>
        <time>2026-05-12T23:20:45+00:00</time>
      </trkpt>
      <trkpt lat="47.3725" lon="12.39728">
        <ele>1491</ele>
        <time>2026-05-12T23:20:48+00:00</time>
      </trkpt>
      <trkpt lat="47.37265" lon="12.39736">
        <ele>1488</ele>
        <time>2026-05-12T23:20:51+00:00</time>
      </trkpt>
      <trkpt lat="47.37287" lon="12.39747">
        <ele>1487</ele>
        <time>2026-05-12T23:20:54+00:00</time>
      </trkpt>
      <trkpt lat="47.37298" lon="12.39752">
        <ele>1484</ele>
        <time>2026-05-12T23:20:57+00:00</time>
      </trkpt>
      <trkpt lat="47.37313" lon="12.39758">
        <ele>1485</ele>
        <time>2026-05-12T23:21:00+00:00</time>
      </trkpt>
      <trkpt lat="47.37324" lon="12.39762">
        <ele>1482</ele>
        <time>2026-05-12T23:21:03+00:00</time>
      </trkpt>
      <trkpt lat="47.37341" lon="12.39766">
        <ele>1483</ele>
        <time>2026-05-12T23:21:06+00:00</time>
      </trkpt>
      <trkpt lat="47.37355" lon="12.39768">
        <ele>1483</ele>
        <time>2026-05-12T23:21:09+00:00</time>
      </trkpt>
      <trkpt lat="47.37361" lon="12.3977">
        <ele>1483</ele>
        <time>2026-05-12T23:21:12+00:00</time>
      </trkpt>
      <trkpt lat="47.37367" lon="12.3977">
        <ele>1480</ele>
        <time>2026-05-12T23:21:15+00:00</time>
      </trkpt>
      <trkpt lat="47.37383" lon="12.3977">
        <ele>1483</ele>
        <time>2026-05-12T23:21:18+00:00</time>
      </trkpt>
      <trkpt lat="47.37417" lon="12.39767">
        <ele>1482</ele>
        <time>2026-05-12T23:21:21+00:00</time>
      </trkpt>
      <trkpt lat="47.37434" lon="12.39772">
        <ele>1479</ele>
        <time>2026-05-12T23:21:24+00:00</time>
      </trkpt>
      <trkpt lat="47.3744" lon="12.39775">
        <ele>1478</ele>
        <time>2026-05-12T23:21:27+00:00</time>
      </trkpt>
      <trkpt lat="47.37453" lon="12.39784">
        <ele>1475</ele>
        <time>2026-05-12T23:21:30+00:00</time>
      </trkpt>
      <trkpt lat="47.3747" lon="12.398">
        <ele>1472</ele>
        <time>2026-05-12T23:21:33+00:00</time>
      </trkpt>
      <trkpt lat="47.37481" lon="12.39811">
        <ele>1465</ele>
        <time>2026-05-12T23:21:36+00:00</time>
      </trkpt>
      <trkpt lat="47.37488" lon="12.39816">
        <ele>1465</ele>
        <time>2026-05-12T23:21:39+00:00</time>
      </trkpt>
      <trkpt lat="47.37497" lon="12.3982">
        <ele>1462</ele>
        <time>2026-05-12T23:21:42+00:00</time>
      </trkpt>
      <trkpt lat="47.375" lon="12.39821">
        <ele>1462</ele>
        <time>2026-05-12T23:21:45+00:00</time>
      </trkpt>
      <trkpt lat="47.37512" lon="12.39825">
        <ele>1463</ele>
        <time>2026-05-12T23:21:48+00:00</time>
      </trkpt>
      <trkpt lat="47.37521" lon="12.39826">
        <ele>1461</ele>
        <time>2026-05-12T23:21:51+00:00</time>
      </trkpt>
      <trkpt lat="47.37535" lon="12.39823">
        <ele>1464</ele>
        <time>2026-05-12T23:21:54+00:00</time>
      </trkpt>
      <trkpt lat="47.37543" lon="12.39821">
        <ele>1462</ele>
        <time>2026-05-12T23:21:57+00:00</time>
      </trkpt>
      <trkpt lat="47.37558" lon="12.39817">
        <ele>1465</ele>
        <time>2026-05-12T23:22:00+00:00</time>
      </trkpt>
      <trkpt lat="47.37583" lon="12.39815">
        <ele>1466</ele>
        <time>2026-05-12T23:22:03+00:00</time>
      </trkpt>
      <trkpt lat="47.37594" lon="12.39814">
        <ele>1466</ele>
        <time>2026-05-12T23:22:06+00:00</time>
      </trkpt>
      <trkpt lat="47.37598" lon="12.39815">
        <ele>1466</ele>
        <time>2026-05-12T23:22:09+00:00</time>
      </trkpt>
      <trkpt lat="47.37608" lon="12.39814">
        <ele>1466</ele>
        <time>2026-05-12T23:22:12+00:00</time>
      </trkpt>
      <trkpt lat="47.37615" lon="12.39818">
        <ele>1466</ele>
        <time>2026-05-12T23:22:15+00:00</time>
      </trkpt>
      <trkpt lat="47.3762" lon="12.39825">
        <ele>1463</ele>
        <time>2026-05-12T23:22:18+00:00</time>
      </trkpt>
      <trkpt lat="47.37626" lon="12.39838">
        <ele>1460</ele>
        <time>2026-05-12T23:22:21+00:00</time>
      </trkpt>
      <trkpt lat="47.3763" lon="12.39847">
        <ele>1457</ele>
        <time>2026-05-12T23:22:24+00:00</time>
      </trkpt>
      <trkpt lat="47.37632" lon="12.39852">
        <ele>1454</ele>
        <time>2026-05-12T23:22:27+00:00</time>
      </trkpt>
      <trkpt lat="47.37636" lon="12.39857">
        <ele>1454</ele>
        <time>2026-05-12T23:22:30+00:00</time>
      </trkpt>
      <trkpt lat="47.3764" lon="12.39861">
        <ele>1451</ele>
        <time>2026-05-12T23:22:33+00:00</time>
      </trkpt>
      <trkpt lat="47.37642" lon="12.39864">
        <ele>1451</ele>
        <time>2026-05-12T23:22:36+00:00</time>
      </trkpt>
      <trkpt lat="47.37647" lon="12.39868">
        <ele>1451</ele>
        <time>2026-05-12T23:22:39+00:00</time>
      </trkpt>
      <trkpt lat="47.37658" lon="12.39874">
        <ele>1450</ele>
        <time>2026-05-12T23:22:42+00:00</time>
      </trkpt>
      <trkpt lat="47.37663" lon="12.39874">
        <ele>1447</ele>
        <time>2026-05-12T23:22:45+00:00</time>
      </trkpt>
      <trkpt lat="47.37672" lon="12.39871">
        <ele>1447</ele>
        <time>2026-05-12T23:22:48+00:00</time>
      </trkpt>
      <trkpt lat="47.37681" lon="12.3987">
        <ele>1449</ele>
        <time>2026-05-12T23:22:51+00:00</time>
      </trkpt>
      <trkpt lat="47.37693" lon="12.39867">
        <ele>1448</ele>
        <time>2026-05-12T23:22:54+00:00</time>
      </trkpt>
      <trkpt lat="47.3771" lon="12.39868">
        <ele>1446</ele>
        <time>2026-05-12T23:22:57+00:00</time>
      </trkpt>
      <trkpt lat="47.3772" lon="12.39868">
        <ele>1446</ele>
        <time>2026-05-12T23:23:00+00:00</time>
      </trkpt>
      <trkpt lat="47.3773" lon="12.39861">
        <ele>1446</ele>
        <time>2026-05-12T23:23:03+00:00</time>
      </trkpt>
      <trkpt lat="47.37739" lon="12.39854">
        <ele>1447</ele>
        <time>2026-05-12T23:23:06+00:00</time>
      </trkpt>
      <trkpt lat="47.37745" lon="12.39851">
        <ele>1446</ele>
        <time>2026-05-12T23:23:09+00:00</time>
      </trkpt>
      <trkpt lat="47.3775" lon="12.39855">
        <ele>1446</ele>
        <time>2026-05-12T23:23:12+00:00</time>
      </trkpt>
      <trkpt lat="47.37761" lon="12.39862">
        <ele>1441</ele>
        <time>2026-05-12T23:23:15+00:00</time>
      </trkpt>
      <trkpt lat="47.37773" lon="12.39867">
        <ele>1440</ele>
        <time>2026-05-12T23:23:18+00:00</time>
      </trkpt>
      <trkpt lat="47.37783" lon="12.39868">
        <ele>1439</ele>
        <time>2026-05-12T23:23:21+00:00</time>
      </trkpt>
      <trkpt lat="47.37789" lon="12.39865">
        <ele>1439</ele>
        <time>2026-05-12T23:23:24+00:00</time>
      </trkpt>
      <trkpt lat="47.37801" lon="12.39851">
        <ele>1437</ele>
        <time>2026-05-12T23:23:27+00:00</time>
      </trkpt>
      <trkpt lat="47.37809" lon="12.39844">
        <ele>1439</ele>
        <time>2026-05-12T23:23:30+00:00</time>
      </trkpt>
      <trkpt lat="47.37822" lon="12.39843">
        <ele>1435</ele>
        <time>2026-05-12T23:23:33+00:00</time>
      </trkpt>
      <trkpt lat="47.37837" lon="12.39843">
        <ele>1433</ele>
        <time>2026-05-12T23:23:36+00:00</time>
      </trkpt>
      <trkpt lat="47.37852" lon="12.39849">
        <ele>1429</ele>
        <time>2026-05-12T23:23:39+00:00</time>
      </trkpt>
      <trkpt lat="47.37862" lon="12.3985">
        <ele>1426</ele>
        <time>2026-05-12T23:23:42+00:00</time>
      </trkpt>
      <trkpt lat="47.37874" lon="12.39855">
        <ele>1422</ele>
        <time>2026-05-12T23:23:45+00:00</time>
      </trkpt>
      <trkpt lat="47.37882" lon="12.39853">
        <ele>1419</ele>
        <time>2026-05-12T23:23:48+00:00</time>
      </trkpt>
      <trkpt lat="47.37888" lon="12.39851">
        <ele>1419</ele>
        <time>2026-05-12T23:23:51+00:00</time>
      </trkpt>
      <trkpt lat="47.37896" lon="12.39838">
        <ele>1416</ele>
        <time>2026-05-12T23:23:54+00:00</time>
      </trkpt>
      <trkpt lat="47.37901" lon="12.39831">
        <ele>1412</ele>
        <time>2026-05-12T23:23:57+00:00</time>
      </trkpt>
      <trkpt lat="47.37907" lon="12.39829">
        <ele>1413</ele>
        <time>2026-05-12T23:24:00+00:00</time>
      </trkpt>
      <trkpt lat="47.37911" lon="12.39832">
        <ele>1409</ele>
        <time>2026-05-12T23:24:03+00:00</time>
      </trkpt>
      <trkpt lat="47.37912" lon="12.39838">
        <ele>1414</ele>
        <time>2026-05-12T23:24:06+00:00</time>
      </trkpt>
      <trkpt lat="47.37911" lon="12.39843">
        <ele>1409</ele>
        <time>2026-05-12T23:24:09+00:00</time>
      </trkpt>
      <trkpt lat="47.37909" lon="12.39851">
        <ele>1412</ele>
        <time>2026-05-12T23:24:12+00:00</time>
      </trkpt>
      <trkpt lat="47.37905" lon="12.39855">
        <ele>1412</ele>
        <time>2026-05-12T23:24:15+00:00</time>
      </trkpt>
      <trkpt lat="47.379" lon="12.39865">
        <ele>1415</ele>
        <time>2026-05-12T23:24:18+00:00</time>
      </trkpt>
      <trkpt lat="47.3789" lon="12.39881">
        <ele>1414</ele>
        <time>2026-05-12T23:24:21+00:00</time>
      </trkpt>
      <trkpt lat="47.37885" lon="12.39884">
        <ele>1417</ele>
        <time>2026-05-12T23:24:24+00:00</time>
      </trkpt>
      <trkpt lat="47.37879" lon="12.39887">
        <ele>1419</ele>
        <time>2026-05-12T23:24:27+00:00</time>
      </trkpt>
      <trkpt lat="47.37874" lon="12.39888">
        <ele>1419</ele>
        <time>2026-05-12T23:24:30+00:00</time>
      </trkpt>
      <trkpt lat="47.37865" lon="12.39892">
        <ele>1420</ele>
        <time>2026-05-12T23:24:33+00:00</time>
      </trkpt>
      <trkpt lat="47.3786" lon="12.39896">
        <ele>1423</ele>
        <time>2026-05-12T23:24:36+00:00</time>
      </trkpt>
      <trkpt lat="47.37856" lon="12.39901">
        <ele>1421</ele>
        <time>2026-05-12T23:24:39+00:00</time>
      </trkpt>
      <trkpt lat="47.37852" lon="12.39909">
        <ele>1421</ele>
        <time>2026-05-12T23:24:42+00:00</time>
      </trkpt>
      <trkpt lat="47.37849" lon="12.39919">
        <ele>1420</ele>
        <time>2026-05-12T23:24:45+00:00</time>
      </trkpt>
      <trkpt lat="47.37845" lon="12.39926">
        <ele>1418</ele>
        <time>2026-05-12T23:24:48+00:00</time>
      </trkpt>
      <trkpt lat="47.37841" lon="12.39932">
        <ele>1416</ele>
        <time>2026-05-12T23:24:51+00:00</time>
      </trkpt>
      <trkpt lat="47.37835" lon="12.39938">
        <ele>1417</ele>
        <time>2026-05-12T23:24:54+00:00</time>
      </trkpt>
      <trkpt lat="47.37826" lon="12.39947">
        <ele>1416</ele>
        <time>2026-05-12T23:24:57+00:00</time>
      </trkpt>
      <trkpt lat="47.3782" lon="12.39951">
        <ele>1414</ele>
        <time>2026-05-12T23:25:00+00:00</time>
      </trkpt>
      <trkpt lat="47.37814" lon="12.39955">
        <ele>1414</ele>
        <time>2026-05-12T23:25:03+00:00</time>
      </trkpt>
      <trkpt lat="47.37805" lon="12.39961">
        <ele>1412</ele>
        <time>2026-05-12T23:25:06+00:00</time>
      </trkpt>
      <trkpt lat="47.37795" lon="12.39968">
        <ele>1413</ele>
        <time>2026-05-12T23:25:09+00:00</time>
      </trkpt>
      <trkpt lat="47.37788" lon="12.39973">
        <ele>1411</ele>
        <time>2026-05-12T23:25:12+00:00</time>
      </trkpt>
      <trkpt lat="47.37779" lon="12.39978">
        <ele>1412</ele>
        <time>2026-05-12T23:25:15+00:00</time>
      </trkpt>
      <trkpt lat="47.37771" lon="12.39986">
        <ele>1409</ele>
        <time>2026-05-12T23:25:18+00:00</time>
      </trkpt>
      <trkpt lat="47.37763" lon="12.40002">
        <ele>1404</ele>
        <time>2026-05-12T23:25:21+00:00</time>
      </trkpt>
      <trkpt lat="47.37756" lon="12.4001">
        <ele>1402</ele>
        <time>2026-05-12T23:25:24+00:00</time>
      </trkpt>
      <trkpt lat="47.37751" lon="12.40016">
        <ele>1402</ele>
        <time>2026-05-12T23:25:27+00:00</time>
      </trkpt>
      <trkpt lat="47.37747" lon="12.4002">
        <ele>1402</ele>
        <time>2026-05-12T23:25:30+00:00</time>
      </trkpt>
      <trkpt lat="47.37742" lon="12.40024">
        <ele>1399</ele>
        <time>2026-05-12T23:25:33+00:00</time>
      </trkpt>
      <trkpt lat="47.37738" lon="12.40026">
        <ele>1400</ele>
        <time>2026-05-12T23:25:36+00:00</time>
      </trkpt>
      <trkpt lat="47.37733" lon="12.40027">
        <ele>1400</ele>
        <time>2026-05-12T23:25:39+00:00</time>
      </trkpt>
      <trkpt lat="47.37726" lon="12.4003">
        <ele>1397</ele>
        <time>2026-05-12T23:25:42+00:00</time>
      </trkpt>
      <trkpt lat="47.37718" lon="12.40032">
        <ele>1399</ele>
        <time>2026-05-12T23:25:45+00:00</time>
      </trkpt>
      <trkpt lat="47.3771" lon="12.40032">
        <ele>1397</ele>
        <time>2026-05-12T23:25:48+00:00</time>
      </trkpt>
      <trkpt lat="47.37704" lon="12.40033">
        <ele>1398</ele>
        <time>2026-05-12T23:25:51+00:00</time>
      </trkpt>
      <trkpt lat="47.37696" lon="12.40033">
        <ele>1398</ele>
        <time>2026-05-12T23:25:54+00:00</time>
      </trkpt>
      <trkpt lat="47.3769" lon="12.40033">
        <ele>1398</ele>
        <time>2026-05-12T23:25:57+00:00</time>
      </trkpt>
      <trkpt lat="47.37684" lon="12.40035">
        <ele>1399</ele>
        <time>2026-05-12T23:26:00+00:00</time>
      </trkpt>
      <trkpt lat="47.37679" lon="12.40037">
        <ele>1399</ele>
        <time>2026-05-12T23:26:03+00:00</time>
      </trkpt>
      <trkpt lat="47.37675" lon="12.40042">
        <ele>1396</ele>
        <time>2026-05-12T23:26:06+00:00</time>
      </trkpt>
      <trkpt lat="47.37672" lon="12.40047">
        <ele>1396</ele>
        <time>2026-05-12T23:26:09+00:00</time>
      </trkpt>
      <trkpt lat="47.37671" lon="12.40053">
        <ele>1393</ele>
        <time>2026-05-12T23:26:12+00:00</time>
      </trkpt>
      <trkpt lat="47.37672" lon="12.40059">
        <ele>1393</ele>
        <time>2026-05-12T23:26:15+00:00</time>
      </trkpt>
      <trkpt lat="47.37675" lon="12.40064">
        <ele>1390</ele>
        <time>2026-05-12T23:26:18+00:00</time>
      </trkpt>
      <trkpt lat="47.37681" lon="12.40065">
        <ele>1389</ele>
        <time>2026-05-12T23:26:21+00:00</time>
      </trkpt>
      <trkpt lat="47.37686" lon="12.40063">
        <ele>1389</ele>
        <time>2026-05-12T23:26:24+00:00</time>
      </trkpt>
      <trkpt lat="47.37694" lon="12.40059">
        <ele>1392</ele>
        <time>2026-05-12T23:26:27+00:00</time>
      </trkpt>
      <trkpt lat="47.37701" lon="12.40061">
        <ele>1388</ele>
        <time>2026-05-12T23:26:30+00:00</time>
      </trkpt>
      <trkpt lat="47.37718" lon="12.40073">
        <ele>1385</ele>
        <time>2026-05-12T23:26:33+00:00</time>
      </trkpt>
      <trkpt lat="47.3773" lon="12.40079">
        <ele>1384</ele>
        <time>2026-05-12T23:26:36+00:00</time>
      </trkpt>
      <trkpt lat="47.37744" lon="12.40085">
        <ele>1380</ele>
        <time>2026-05-12T23:26:39+00:00</time>
      </trkpt>
      <trkpt lat="47.37758" lon="12.40093">
        <ele>1377</ele>
        <time>2026-05-12T23:26:42+00:00</time>
      </trkpt>
      <trkpt lat="47.37771" lon="12.40102">
        <ele>1373</ele>
        <time>2026-05-12T23:26:45+00:00</time>
      </trkpt>
      <trkpt lat="47.37785" lon="12.40107">
        <ele>1372</ele>
        <time>2026-05-12T23:26:48+00:00</time>
      </trkpt>
      <trkpt lat="47.378" lon="12.40111">
        <ele>1369</ele>
        <time>2026-05-12T23:26:51+00:00</time>
      </trkpt>
      <trkpt lat="47.37806" lon="12.40112">
        <ele>1368</ele>
        <time>2026-05-12T23:26:54+00:00</time>
      </trkpt>
      <trkpt lat="47.37812" lon="12.40113">
        <ele>1368</ele>
        <time>2026-05-12T23:26:57+00:00</time>
      </trkpt>
      <trkpt lat="47.37817" lon="12.40114">
        <ele>1368</ele>
        <time>2026-05-12T23:27:00+00:00</time>
      </trkpt>
      <trkpt lat="47.37826" lon="12.40114">
        <ele>1368</ele>
        <time>2026-05-12T23:27:03+00:00</time>
      </trkpt>
      <trkpt lat="47.37841" lon="12.4011">
        <ele>1368</ele>
        <time>2026-05-12T23:27:06+00:00</time>
      </trkpt>
      <trkpt lat="47.37848" lon="12.40109">
        <ele>1368</ele>
        <time>2026-05-12T23:27:09+00:00</time>
      </trkpt>
      <trkpt lat="47.37852" lon="12.4011">
        <ele>1367</ele>
        <time>2026-05-12T23:27:12+00:00</time>
      </trkpt>
      <trkpt lat="47.37854" lon="12.40113">
        <ele>1365</ele>
        <time>2026-05-12T23:27:15+00:00</time>
      </trkpt>
      <trkpt lat="47.37859" lon="12.40111">
        <ele>1365</ele>
        <time>2026-05-12T23:27:18+00:00</time>
      </trkpt>
      <trkpt lat="47.37861" lon="12.40117">
        <ele>1364</ele>
        <time>2026-05-12T23:27:21+00:00</time>
      </trkpt>
      <trkpt lat="47.37863" lon="12.40125">
        <ele>1361</ele>
        <time>2026-05-12T23:27:24+00:00</time>
      </trkpt>
      <trkpt lat="47.37867" lon="12.40126">
        <ele>1361</ele>
        <time>2026-05-12T23:27:27+00:00</time>
      </trkpt>
      <trkpt lat="47.37869" lon="12.40128">
        <ele>1361</ele>
        <time>2026-05-12T23:27:30+00:00</time>
      </trkpt>
      <trkpt lat="47.37866" lon="12.40138">
        <ele>1359</ele>
        <time>2026-05-12T23:27:33+00:00</time>
      </trkpt>
      <trkpt lat="47.37863" lon="12.40156">
        <ele>1354</ele>
        <time>2026-05-12T23:27:36+00:00</time>
      </trkpt>
      <trkpt lat="47.37867" lon="12.40157">
        <ele>1354</ele>
        <time>2026-05-12T23:27:39+00:00</time>
      </trkpt>
      <trkpt lat="47.37873" lon="12.40153">
        <ele>1353</ele>
        <time>2026-05-12T23:27:42+00:00</time>
      </trkpt>
      <trkpt lat="47.37877" lon="12.40152">
        <ele>1353</ele>
        <time>2026-05-12T23:27:45+00:00</time>
      </trkpt>
      <trkpt lat="47.37875" lon="12.40158">
        <ele>1353</ele>
        <time>2026-05-12T23:27:48+00:00</time>
      </trkpt>
      <trkpt lat="47.37876" lon="12.40164">
        <ele>1350</ele>
        <time>2026-05-12T23:27:51+00:00</time>
      </trkpt>
      <trkpt lat="47.37877" lon="12.40169">
        <ele>1350</ele>
        <time>2026-05-12T23:27:54+00:00</time>
      </trkpt>
      <trkpt lat="47.37877" lon="12.40174">
        <ele>1348</ele>
        <time>2026-05-12T23:27:57+00:00</time>
      </trkpt>
      <trkpt lat="47.37873" lon="12.40178">
        <ele>1348</ele>
        <time>2026-05-12T23:28:00+00:00</time>
      </trkpt>
      <trkpt lat="47.37871" lon="12.40182">
        <ele>1345</ele>
        <time>2026-05-12T23:28:03+00:00</time>
      </trkpt>
      <trkpt lat="47.37867" lon="12.4019">
        <ele>1346</ele>
        <time>2026-05-12T23:28:06+00:00</time>
      </trkpt>
      <trkpt lat="47.37864" lon="12.40195">
        <ele>1343</ele>
        <time>2026-05-12T23:28:09+00:00</time>
      </trkpt>
      <trkpt lat="47.37865" lon="12.402">
        <ele>1343</ele>
        <time>2026-05-12T23:28:12+00:00</time>
      </trkpt>
      <trkpt lat="47.37869" lon="12.40202">
        <ele>1340</ele>
        <time>2026-05-12T23:28:15+00:00</time>
      </trkpt>
      <trkpt lat="47.37874" lon="12.40202">
        <ele>1339</ele>
        <time>2026-05-12T23:28:18+00:00</time>
      </trkpt>
      <trkpt lat="47.37879" lon="12.40204">
        <ele>1339</ele>
        <time>2026-05-12T23:28:21+00:00</time>
      </trkpt>
      <trkpt lat="47.37881" lon="12.40204">
        <ele>1339</ele>
        <time>2026-05-12T23:28:24+00:00</time>
      </trkpt>
      <trkpt lat="47.37883" lon="12.40206">
        <ele>1339</ele>
        <time>2026-05-12T23:28:27+00:00</time>
      </trkpt>
      <trkpt lat="47.37885" lon="12.40214">
        <ele>1336</ele>
        <time>2026-05-12T23:28:30+00:00</time>
      </trkpt>
      <trkpt lat="47.37891" lon="12.40217">
        <ele>1335</ele>
        <time>2026-05-12T23:28:33+00:00</time>
      </trkpt>
      <trkpt lat="47.37896" lon="12.4022">
        <ele>1332</ele>
        <time>2026-05-12T23:28:36+00:00</time>
      </trkpt>
      <trkpt lat="47.37905" lon="12.40225">
        <ele>1331</ele>
        <time>2026-05-12T23:28:39+00:00</time>
      </trkpt>
      <trkpt lat="47.37906" lon="12.40231">
        <ele>1329</ele>
        <time>2026-05-12T23:28:42+00:00</time>
      </trkpt>
      <trkpt lat="47.37907" lon="12.40239">
        <ele>1329</ele>
        <time>2026-05-12T23:28:45+00:00</time>
      </trkpt>
      <trkpt lat="47.37909" lon="12.40238">
        <ele>1329</ele>
        <time>2026-05-12T23:28:48+00:00</time>
      </trkpt>
      <trkpt lat="47.37913" lon="12.40236">
        <ele>1328</ele>
        <time>2026-05-12T23:28:51+00:00</time>
      </trkpt>
      <trkpt lat="47.37916" lon="12.40232">
        <ele>1328</ele>
        <time>2026-05-12T23:28:54+00:00</time>
      </trkpt>
      <trkpt lat="47.37921" lon="12.40234">
        <ele>1327</ele>
        <time>2026-05-12T23:28:57+00:00</time>
      </trkpt>
      <trkpt lat="47.37926" lon="12.40235">
        <ele>1327</ele>
        <time>2026-05-12T23:29:00+00:00</time>
      </trkpt>
      <trkpt lat="47.37929" lon="12.40236">
        <ele>1327</ele>
        <time>2026-05-12T23:29:03+00:00</time>
      </trkpt>
      <trkpt lat="47.37932" lon="12.40238">
        <ele>1326</ele>
        <time>2026-05-12T23:29:06+00:00</time>
      </trkpt>
      <trkpt lat="47.37935" lon="12.40239">
        <ele>1326</ele>
        <time>2026-05-12T23:29:09+00:00</time>
      </trkpt>
      <trkpt lat="47.3794" lon="12.40239">
        <ele>1326</ele>
        <time>2026-05-12T23:29:12+00:00</time>
      </trkpt>
      <trkpt lat="47.37944" lon="12.4024">
        <ele>1322</ele>
        <time>2026-05-12T23:29:15+00:00</time>
      </trkpt>
      <trkpt lat="47.37949" lon="12.40241">
        <ele>1322</ele>
        <time>2026-05-12T23:29:18+00:00</time>
      </trkpt>
      <trkpt lat="47.37953" lon="12.40242">
        <ele>1321</ele>
        <time>2026-05-12T23:29:21+00:00</time>
      </trkpt>
      <trkpt lat="47.37959" lon="12.40245">
        <ele>1321</ele>
        <time>2026-05-12T23:29:24+00:00</time>
      </trkpt>
      <trkpt lat="47.37969" lon="12.40246">
        <ele>1320</ele>
        <time>2026-05-12T23:29:27+00:00</time>
      </trkpt>
      <trkpt lat="47.37974" lon="12.40248">
        <ele>1319</ele>
        <time>2026-05-12T23:29:30+00:00</time>
      </trkpt>
      <trkpt lat="47.37982" lon="12.40247">
        <ele>1318</ele>
        <time>2026-05-12T23:29:33+00:00</time>
      </trkpt>
      <trkpt lat="47.37986" lon="12.40248">
        <ele>1318</ele>
        <time>2026-05-12T23:29:36+00:00</time>
      </trkpt>
      <trkpt lat="47.37986" lon="12.40252">
        <ele>1315</ele>
        <time>2026-05-12T23:29:39+00:00</time>
      </trkpt>
      <trkpt lat="47.37984" lon="12.40256">
        <ele>1315</ele>
        <time>2026-05-12T23:29:42+00:00</time>
      </trkpt>
      <trkpt lat="47.37978" lon="12.40264">
        <ele>1314</ele>
        <time>2026-05-12T23:29:45+00:00</time>
      </trkpt>
      <trkpt lat="47.37975" lon="12.40275">
        <ele>1311</ele>
        <time>2026-05-12T23:29:48+00:00</time>
      </trkpt>
      <trkpt lat="47.3797" lon="12.40284">
        <ele>1308</ele>
        <time>2026-05-12T23:29:51+00:00</time>
      </trkpt>
      <trkpt lat="47.37969" lon="12.40304">
        <ele>1304</ele>
        <time>2026-05-12T23:29:54+00:00</time>
      </trkpt>
      <trkpt lat="47.37971" lon="12.40312">
        <ele>1301</ele>
        <time>2026-05-12T23:29:57+00:00</time>
      </trkpt>
      <trkpt lat="47.37972" lon="12.40316">
        <ele>1301</ele>
        <time>2026-05-12T23:30:00+00:00</time>
      </trkpt>
      <trkpt lat="47.37971" lon="12.40322">
        <ele>1298</ele>
        <time>2026-05-12T23:30:03+00:00</time>
      </trkpt>
      <trkpt lat="47.37969" lon="12.40327">
        <ele>1299</ele>
        <time>2026-05-12T23:30:06+00:00</time>
      </trkpt>
      <trkpt lat="47.37965" lon="12.4033">
        <ele>1299</ele>
        <time>2026-05-12T23:30:09+00:00</time>
      </trkpt>
      <trkpt lat="47.37965" lon="12.40333">
        <ele>1297</ele>
        <time>2026-05-12T23:30:12+00:00</time>
      </trkpt>
      <trkpt lat="47.37965" lon="12.40338">
        <ele>1297</ele>
        <time>2026-05-12T23:30:15+00:00</time>
      </trkpt>
      <trkpt lat="47.37966" lon="12.40344">
        <ele>1294</ele>
        <time>2026-05-12T23:30:18+00:00</time>
      </trkpt>
      <trkpt lat="47.37966" lon="12.4035">
        <ele>1292</ele>
        <time>2026-05-12T23:30:21+00:00</time>
      </trkpt>
      <trkpt lat="47.37966" lon="12.40354">
        <ele>1292</ele>
        <time>2026-05-12T23:30:24+00:00</time>
      </trkpt>
      <trkpt lat="47.37968" lon="12.40362">
        <ele>1289</ele>
        <time>2026-05-12T23:30:27+00:00</time>
      </trkpt>
      <trkpt lat="47.37971" lon="12.40366">
        <ele>1289</ele>
        <time>2026-05-12T23:30:30+00:00</time>
      </trkpt>
      <trkpt lat="47.37972" lon="12.40369">
        <ele>1289</ele>
        <time>2026-05-12T23:30:33+00:00</time>
      </trkpt>
      <trkpt lat="47.37974" lon="12.40374">
        <ele>1286</ele>
        <time>2026-05-12T23:30:36+00:00</time>
      </trkpt>
      <trkpt lat="47.37974" lon="12.40378">
        <ele>1286</ele>
        <time>2026-05-12T23:30:39+00:00</time>
      </trkpt>
      <trkpt lat="47.37976" lon="12.40383">
        <ele>1284</ele>
        <time>2026-05-12T23:30:42+00:00</time>
      </trkpt>
      <trkpt lat="47.37977" lon="12.40387">
        <ele>1284</ele>
        <time>2026-05-12T23:30:45+00:00</time>
      </trkpt>
      <trkpt lat="47.37978" lon="12.40393">
        <ele>1281</ele>
        <time>2026-05-12T23:30:48+00:00</time>
      </trkpt>
      <trkpt lat="47.3798" lon="12.40399">
        <ele>1280</ele>
        <time>2026-05-12T23:30:51+00:00</time>
      </trkpt>
      <trkpt lat="47.37982" lon="12.40404">
        <ele>1278</ele>
        <time>2026-05-12T23:30:54+00:00</time>
      </trkpt>
      <trkpt lat="47.37983" lon="12.4041">
        <ele>1278</ele>
        <time>2026-05-12T23:30:57+00:00</time>
      </trkpt>
      <trkpt lat="47.37984" lon="12.40413">
        <ele>1275</ele>
        <time>2026-05-12T23:31:00+00:00</time>
      </trkpt>
      <trkpt lat="47.37987" lon="12.40418">
        <ele>1275</ele>
        <time>2026-05-12T23:31:03+00:00</time>
      </trkpt>
      <trkpt lat="47.37992" lon="12.40423">
        <ele>1272</ele>
        <time>2026-05-12T23:31:06+00:00</time>
      </trkpt>
      <trkpt lat="47.37994" lon="12.40423">
        <ele>1272</ele>
        <time>2026-05-12T23:31:09+00:00</time>
      </trkpt>
      <trkpt lat="47.37998" lon="12.40423">
        <ele>1272</ele>
        <time>2026-05-12T23:31:12+00:00</time>
      </trkpt>
      <trkpt lat="47.38001" lon="12.40424">
        <ele>1270</ele>
        <time>2026-05-12T23:31:15+00:00</time>
      </trkpt>
      <trkpt lat="47.38005" lon="12.40426">
        <ele>1270</ele>
        <time>2026-05-12T23:31:18+00:00</time>
      </trkpt>
      <trkpt lat="47.38009" lon="12.40423">
        <ele>1270</ele>
        <time>2026-05-12T23:31:21+00:00</time>
      </trkpt>
      <trkpt lat="47.38014" lon="12.40422">
        <ele>1269</ele>
        <time>2026-05-12T23:31:24+00:00</time>
      </trkpt>
      <trkpt lat="47.38018" lon="12.40421">
        <ele>1269</ele>
        <time>2026-05-12T23:31:27+00:00</time>
      </trkpt>
      <trkpt lat="47.38022" lon="12.40422">
        <ele>1267</ele>
        <time>2026-05-12T23:31:30+00:00</time>
      </trkpt>
      <trkpt lat="47.38027" lon="12.40424">
        <ele>1267</ele>
        <time>2026-05-12T23:31:33+00:00</time>
      </trkpt>
      <trkpt lat="47.38029" lon="12.4043">
        <ele>1267</ele>
        <time>2026-05-12T23:31:36+00:00</time>
      </trkpt>
      <trkpt lat="47.38032" lon="12.40434">
        <ele>1263</ele>
        <time>2026-05-12T23:31:39+00:00</time>
      </trkpt>
      <trkpt lat="47.38034" lon="12.40439">
        <ele>1263</ele>
        <time>2026-05-12T23:31:42+00:00</time>
      </trkpt>
      <trkpt lat="47.38037" lon="12.40444">
        <ele>1261</ele>
        <time>2026-05-12T23:31:45+00:00</time>
      </trkpt>
      <trkpt lat="47.38041" lon="12.40451">
        <ele>1257</ele>
        <time>2026-05-12T23:31:48+00:00</time>
      </trkpt>
      <trkpt lat="47.38043" lon="12.40457">
        <ele>1257</ele>
        <time>2026-05-12T23:31:51+00:00</time>
      </trkpt>
      <trkpt lat="47.38047" lon="12.40463">
        <ele>1255</ele>
        <time>2026-05-12T23:31:54+00:00</time>
      </trkpt>
      <trkpt lat="47.3805" lon="12.40466">
        <ele>1255</ele>
        <time>2026-05-12T23:31:57+00:00</time>
      </trkpt>
      <trkpt lat="47.38054" lon="12.40467">
        <ele>1253</ele>
        <time>2026-05-12T23:32:00+00:00</time>
      </trkpt>
      <trkpt lat="47.38062" lon="12.40468">
        <ele>1252</ele>
        <time>2026-05-12T23:32:03+00:00</time>
      </trkpt>
      <trkpt lat="47.38073" lon="12.40467">
        <ele>1249</ele>
        <time>2026-05-12T23:32:06+00:00</time>
      </trkpt>
      <trkpt lat="47.38076" lon="12.40469">
        <ele>1249</ele>
        <time>2026-05-12T23:32:09+00:00</time>
      </trkpt>
      <trkpt lat="47.38081" lon="12.40467">
        <ele>1246</ele>
        <time>2026-05-12T23:32:12+00:00</time>
      </trkpt>
      <trkpt lat="47.38085" lon="12.40466">
        <ele>1246</ele>
        <time>2026-05-12T23:32:15+00:00</time>
      </trkpt>
      <trkpt lat="47.38092" lon="12.40468">
        <ele>1244</ele>
        <time>2026-05-12T23:32:18+00:00</time>
      </trkpt>
      <trkpt lat="47.38103" lon="12.4047">
        <ele>1241</ele>
        <time>2026-05-12T23:32:21+00:00</time>
      </trkpt>
      <trkpt lat="47.38109" lon="12.40471">
        <ele>1238</ele>
        <time>2026-05-12T23:32:24+00:00</time>
      </trkpt>
      <trkpt lat="47.38115" lon="12.40471">
        <ele>1236</ele>
        <time>2026-05-12T23:32:27+00:00</time>
      </trkpt>
      <trkpt lat="47.38123" lon="12.40472">
        <ele>1233</ele>
        <time>2026-05-12T23:32:30+00:00</time>
      </trkpt>
      <trkpt lat="47.38129" lon="12.40473">
        <ele>1233</ele>
        <time>2026-05-12T23:32:33+00:00</time>
      </trkpt>
      <trkpt lat="47.38133" lon="12.40472">
        <ele>1230</ele>
        <time>2026-05-12T23:32:36+00:00</time>
      </trkpt>
      <trkpt lat="47.38139" lon="12.40475">
        <ele>1230</ele>
        <time>2026-05-12T23:32:39+00:00</time>
      </trkpt>
      <trkpt lat="47.38145" lon="12.40476">
        <ele>1226</ele>
        <time>2026-05-12T23:32:42+00:00</time>
      </trkpt>
      <trkpt lat="47.38151" lon="12.40474">
        <ele>1222</ele>
        <time>2026-05-12T23:32:45+00:00</time>
      </trkpt>
      <trkpt lat="47.38154" lon="12.40471">
        <ele>1222</ele>
        <time>2026-05-12T23:32:48+00:00</time>
      </trkpt>
      <trkpt lat="47.38158" lon="12.4047">
        <ele>1222</ele>
        <time>2026-05-12T23:32:51+00:00</time>
      </trkpt>
      <trkpt lat="47.3816" lon="12.40468">
        <ele>1224</ele>
        <time>2026-05-12T23:32:54+00:00</time>
      </trkpt>
      <trkpt lat="47.38164" lon="12.4047">
        <ele>1220</ele>
        <time>2026-05-12T23:32:57+00:00</time>
      </trkpt>
      <trkpt lat="47.38165" lon="12.40472">
        <ele>1217</ele>
        <time>2026-05-12T23:33:00+00:00</time>
      </trkpt>
      <trkpt lat="47.38168" lon="12.40477">
        <ele>1217</ele>
        <time>2026-05-12T23:33:03+00:00</time>
      </trkpt>
      <trkpt lat="47.3817" lon="12.40481">
        <ele>1211</ele>
        <time>2026-05-12T23:33:06+00:00</time>
      </trkpt>
      <trkpt lat="47.38173" lon="12.40485">
        <ele>1211</ele>
        <time>2026-05-12T23:33:09+00:00</time>
      </trkpt>
      <trkpt lat="47.38171" lon="12.40493">
        <ele>1208</ele>
        <time>2026-05-12T23:33:12+00:00</time>
      </trkpt>
      <trkpt lat="47.38168" lon="12.405">
        <ele>1209</ele>
        <time>2026-05-12T23:33:15+00:00</time>
      </trkpt>
      <trkpt lat="47.38165" lon="12.40508">
        <ele>1209</ele>
        <time>2026-05-12T23:33:18+00:00</time>
      </trkpt>
      <trkpt lat="47.38161" lon="12.40516">
        <ele>1207</ele>
        <time>2026-05-12T23:33:21+00:00</time>
      </trkpt>
      <trkpt lat="47.38151" lon="12.40534">
        <ele>1205</ele>
        <time>2026-05-12T23:33:24+00:00</time>
      </trkpt>
      <trkpt lat="47.38146" lon="12.40548">
        <ele>1206</ele>
        <time>2026-05-12T23:33:27+00:00</time>
      </trkpt>
      <trkpt lat="47.38139" lon="12.40565">
        <ele>1205</ele>
        <time>2026-05-12T23:33:30+00:00</time>
      </trkpt>
      <trkpt lat="47.38134" lon="12.4057">
        <ele>1202</ele>
        <time>2026-05-12T23:33:33+00:00</time>
      </trkpt>
      <trkpt lat="47.38129" lon="12.40577">
        <ele>1205</ele>
        <time>2026-05-12T23:33:36+00:00</time>
      </trkpt>
      <trkpt lat="47.38126" lon="12.40585">
        <ele>1202</ele>
        <time>2026-05-12T23:33:39+00:00</time>
      </trkpt>
      <trkpt lat="47.38121" lon="12.40594">
        <ele>1199</ele>
        <time>2026-05-12T23:33:42+00:00</time>
      </trkpt>
      <trkpt lat="47.38116" lon="12.406">
        <ele>1202</ele>
        <time>2026-05-12T23:33:45+00:00</time>
      </trkpt>
      <trkpt lat="47.38111" lon="12.40608">
        <ele>1199</ele>
        <time>2026-05-12T23:33:48+00:00</time>
      </trkpt>
      <trkpt lat="47.38108" lon="12.40613">
        <ele>1199</ele>
        <time>2026-05-12T23:33:51+00:00</time>
      </trkpt>
      <trkpt lat="47.38105" lon="12.40621">
        <ele>1196</ele>
        <time>2026-05-12T23:33:54+00:00</time>
      </trkpt>
      <trkpt lat="47.38098" lon="12.40636">
        <ele>1196</ele>
        <time>2026-05-12T23:33:57+00:00</time>
      </trkpt>
      <trkpt lat="47.38092" lon="12.40641">
        <ele>1193</ele>
        <time>2026-05-12T23:34:00+00:00</time>
      </trkpt>
      <trkpt lat="47.38088" lon="12.40649">
        <ele>1196</ele>
        <time>2026-05-12T23:34:03+00:00</time>
      </trkpt>
      <trkpt lat="47.38084" lon="12.40656">
        <ele>1193</ele>
        <time>2026-05-12T23:34:06+00:00</time>
      </trkpt>
      <trkpt lat="47.38084" lon="12.40659">
        <ele>1193</ele>
        <time>2026-05-12T23:34:09+00:00</time>
      </trkpt>
      <trkpt lat="47.38081" lon="12.40665">
        <ele>1189</ele>
        <time>2026-05-12T23:34:12+00:00</time>
      </trkpt>
      <trkpt lat="47.3808" lon="12.40673">
        <ele>1189</ele>
        <time>2026-05-12T23:34:15+00:00</time>
      </trkpt>
      <trkpt lat="47.38073" lon="12.40682">
        <ele>1186</ele>
        <time>2026-05-12T23:34:18+00:00</time>
      </trkpt>
      <trkpt lat="47.38069" lon="12.40689">
        <ele>1190</ele>
        <time>2026-05-12T23:34:21+00:00</time>
      </trkpt>
      <trkpt lat="47.38063" lon="12.40696">
        <ele>1186</ele>
        <time>2026-05-12T23:34:24+00:00</time>
      </trkpt>
      <trkpt lat="47.3806" lon="12.40708">
        <ele>1183</ele>
        <time>2026-05-12T23:34:27+00:00</time>
      </trkpt>
      <trkpt lat="47.38059" lon="12.40716">
        <ele>1182</ele>
        <time>2026-05-12T23:34:30+00:00</time>
      </trkpt>
      <trkpt lat="47.38058" lon="12.40723">
        <ele>1180</ele>
        <time>2026-05-12T23:34:33+00:00</time>
      </trkpt>
      <trkpt lat="47.38058" lon="12.40728">
        <ele>1180</ele>
        <time>2026-05-12T23:34:36+00:00</time>
      </trkpt>
      <trkpt lat="47.38058" lon="12.40738">
        <ele>1177</ele>
        <time>2026-05-12T23:34:39+00:00</time>
      </trkpt>
      <trkpt lat="47.38057" lon="12.40746">
        <ele>1174</ele>
        <time>2026-05-12T23:34:42+00:00</time>
      </trkpt>
      <trkpt lat="47.38054" lon="12.40757">
        <ele>1171</ele>
        <time>2026-05-12T23:34:45+00:00</time>
      </trkpt>
      <trkpt lat="47.38048" lon="12.40774">
        <ele>1167</ele>
        <time>2026-05-12T23:34:48+00:00</time>
      </trkpt>
      <trkpt lat="47.38044" lon="12.40787">
        <ele>1164</ele>
        <time>2026-05-12T23:34:51+00:00</time>
      </trkpt>
      <trkpt lat="47.3804" lon="12.40798">
        <ele>1164</ele>
        <time>2026-05-12T23:34:54+00:00</time>
      </trkpt>
      <trkpt lat="47.38034" lon="12.40804">
        <ele>1161</ele>
        <time>2026-05-12T23:34:57+00:00</time>
      </trkpt>
      <trkpt lat="47.38031" lon="12.40808">
        <ele>1161</ele>
        <time>2026-05-12T23:35:00+00:00</time>
      </trkpt>
      <trkpt lat="47.38028" lon="12.40813">
        <ele>1161</ele>
        <time>2026-05-12T23:35:03+00:00</time>
      </trkpt>
      <trkpt lat="47.38022" lon="12.40817">
        <ele>1164</ele>
        <time>2026-05-12T23:35:06+00:00</time>
      </trkpt>
      <trkpt lat="47.38014" lon="12.40821">
        <ele>1161</ele>
        <time>2026-05-12T23:35:09+00:00</time>
      </trkpt>
      <trkpt lat="47.38009" lon="12.40821">
        <ele>1164</ele>
        <time>2026-05-12T23:35:12+00:00</time>
      </trkpt>
      <trkpt lat="47.38003" lon="12.40822">
        <ele>1164</ele>
        <time>2026-05-12T23:35:15+00:00</time>
      </trkpt>
      <trkpt lat="47.37998" lon="12.40821">
        <ele>1166</ele>
        <time>2026-05-12T23:35:18+00:00</time>
      </trkpt>
      <trkpt lat="47.37992" lon="12.40821">
        <ele>1166</ele>
        <time>2026-05-12T23:35:21+00:00</time>
      </trkpt>
      <trkpt lat="47.37986" lon="12.40821">
        <ele>1167</ele>
        <time>2026-05-12T23:35:24+00:00</time>
      </trkpt>
      <trkpt lat="47.37981" lon="12.4082">
        <ele>1165</ele>
        <time>2026-05-12T23:35:27+00:00</time>
      </trkpt>
      <trkpt lat="47.37976" lon="12.40822">
        <ele>1168</ele>
        <time>2026-05-12T23:35:30+00:00</time>
      </trkpt>
      <trkpt lat="47.37971" lon="12.40825">
        <ele>1168</ele>
        <time>2026-05-12T23:35:33+00:00</time>
      </trkpt>
      <trkpt lat="47.37968" lon="12.4083">
        <ele>1166</ele>
        <time>2026-05-12T23:35:36+00:00</time>
      </trkpt>
      <trkpt lat="47.37964" lon="12.40834">
        <ele>1161</ele>
        <time>2026-05-12T23:35:39+00:00</time>
      </trkpt>
      <trkpt lat="47.37963" lon="12.40841">
        <ele>1163</ele>
        <time>2026-05-12T23:35:42+00:00</time>
      </trkpt>
      <trkpt lat="47.37962" lon="12.40849">
        <ele>1163</ele>
        <time>2026-05-12T23:35:45+00:00</time>
      </trkpt>
      <trkpt lat="47.37961" lon="12.40857">
        <ele>1160</ele>
        <time>2026-05-12T23:35:48+00:00</time>
      </trkpt>
      <trkpt lat="47.37958" lon="12.40862">
        <ele>1158</ele>
        <time>2026-05-12T23:35:51+00:00</time>
      </trkpt>
      <trkpt lat="47.37954" lon="12.40872">
        <ele>1155</ele>
        <time>2026-05-12T23:35:54+00:00</time>
      </trkpt>
      <trkpt lat="47.3795" lon="12.40879">
        <ele>1156</ele>
        <time>2026-05-12T23:35:57+00:00</time>
      </trkpt>
      <trkpt lat="47.37943" lon="12.40891">
        <ele>1150</ele>
        <time>2026-05-12T23:36:00+00:00</time>
      </trkpt>
      <trkpt lat="47.37938" lon="12.40902">
        <ele>1149</ele>
        <time>2026-05-12T23:36:03+00:00</time>
      </trkpt>
      <trkpt lat="47.37932" lon="12.40909">
        <ele>1149</ele>
        <time>2026-05-12T23:36:06+00:00</time>
      </trkpt>
      <trkpt lat="47.37925" lon="12.40921">
        <ele>1145</ele>
        <time>2026-05-12T23:36:09+00:00</time>
      </trkpt>
      <trkpt lat="47.37922" lon="12.40929">
        <ele>1145</ele>
        <time>2026-05-12T23:36:12+00:00</time>
      </trkpt>
      <trkpt lat="47.3792" lon="12.40937">
        <ele>1143</ele>
        <time>2026-05-12T23:36:15+00:00</time>
      </trkpt>
      <trkpt lat="47.37913" lon="12.40947">
        <ele>1140</ele>
        <time>2026-05-12T23:36:18+00:00</time>
      </trkpt>
      <trkpt lat="47.37909" lon="12.40956">
        <ele>1138</ele>
        <time>2026-05-12T23:36:21+00:00</time>
      </trkpt>
      <trkpt lat="47.37904" lon="12.4096">
        <ele>1135</ele>
        <time>2026-05-12T23:36:24+00:00</time>
      </trkpt>
      <trkpt lat="47.37905" lon="12.40966">
        <ele>1135</ele>
        <time>2026-05-12T23:36:27+00:00</time>
      </trkpt>
      <trkpt lat="47.37906" lon="12.40971">
        <ele>1133</ele>
        <time>2026-05-12T23:36:30+00:00</time>
      </trkpt>
      <trkpt lat="47.37908" lon="12.40978">
        <ele>1133</ele>
        <time>2026-05-12T23:36:33+00:00</time>
      </trkpt>
      <trkpt lat="47.37907" lon="12.40991">
        <ele>1127</ele>
        <time>2026-05-12T23:36:36+00:00</time>
      </trkpt>
      <trkpt lat="47.37905" lon="12.41004">
        <ele>1124</ele>
        <time>2026-05-12T23:36:39+00:00</time>
      </trkpt>
      <trkpt lat="47.37903" lon="12.41015">
        <ele>1121</ele>
        <time>2026-05-12T23:36:42+00:00</time>
      </trkpt>
      <trkpt lat="47.37901" lon="12.41021">
        <ele>1118</ele>
        <time>2026-05-12T23:36:45+00:00</time>
      </trkpt>
      <trkpt lat="47.37901" lon="12.41028">
        <ele>1118</ele>
        <time>2026-05-12T23:36:48+00:00</time>
      </trkpt>
      <trkpt lat="47.37899" lon="12.41034">
        <ele>1116</ele>
        <time>2026-05-12T23:36:51+00:00</time>
      </trkpt>
      <trkpt lat="47.37898" lon="12.41045">
        <ele>1113</ele>
        <time>2026-05-12T23:36:54+00:00</time>
      </trkpt>
      <trkpt lat="47.37896" lon="12.4105">
        <ele>1113</ele>
        <time>2026-05-12T23:36:57+00:00</time>
      </trkpt>
      <trkpt lat="47.37896" lon="12.41054">
        <ele>1110</ele>
        <time>2026-05-12T23:37:00+00:00</time>
      </trkpt>
      <trkpt lat="47.37893" lon="12.41058">
        <ele>1110</ele>
        <time>2026-05-12T23:37:03+00:00</time>
      </trkpt>
      <trkpt lat="47.37888" lon="12.41067">
        <ele>1107</ele>
        <time>2026-05-12T23:37:06+00:00</time>
      </trkpt>
      <trkpt lat="47.37885" lon="12.41074">
        <ele>1103</ele>
        <time>2026-05-12T23:37:09+00:00</time>
      </trkpt>
      <trkpt lat="47.37883" lon="12.41078">
        <ele>1103</ele>
        <time>2026-05-12T23:37:12+00:00</time>
      </trkpt>
      <trkpt lat="47.37883" lon="12.41083">
        <ele>1100</ele>
        <time>2026-05-12T23:37:15+00:00</time>
      </trkpt>
      <trkpt lat="47.37885" lon="12.41086">
        <ele>1100</ele>
        <time>2026-05-12T23:37:18+00:00</time>
      </trkpt>
      <trkpt lat="47.3789" lon="12.41091">
        <ele>1096</ele>
        <time>2026-05-12T23:37:21+00:00</time>
      </trkpt>
      <trkpt lat="47.37899" lon="12.41097">
        <ele>1096</ele>
        <time>2026-05-12T23:37:24+00:00</time>
      </trkpt>
      <trkpt lat="47.37903" lon="12.411">
        <ele>1095</ele>
        <time>2026-05-12T23:37:27+00:00</time>
      </trkpt>
      <trkpt lat="47.37906" lon="12.41101">
        <ele>1092</ele>
        <time>2026-05-12T23:37:30+00:00</time>
      </trkpt>
      <trkpt lat="47.37909" lon="12.41102">
        <ele>1092</ele>
        <time>2026-05-12T23:37:33+00:00</time>
      </trkpt>
      <trkpt lat="47.37912" lon="12.41103">
        <ele>1091</ele>
        <time>2026-05-12T23:37:36+00:00</time>
      </trkpt>
      <trkpt lat="47.37915" lon="12.41103">
        <ele>1091</ele>
        <time>2026-05-12T23:37:39+00:00</time>
      </trkpt>
      <trkpt lat="47.37918" lon="12.41102">
        <ele>1091</ele>
        <time>2026-05-12T23:37:42+00:00</time>
      </trkpt>
      <trkpt lat="47.3792" lon="12.41101">
        <ele>1091</ele>
        <time>2026-05-12T23:37:45+00:00</time>
      </trkpt>
      <trkpt lat="47.37926" lon="12.41102">
        <ele>1091</ele>
        <time>2026-05-12T23:37:48+00:00</time>
      </trkpt>
      <trkpt lat="47.37926" lon="12.41111">
        <ele>1087</ele>
        <time>2026-05-12T23:37:51+00:00</time>
      </trkpt>
      <trkpt lat="47.37924" lon="12.41119">
        <ele>1087</ele>
        <time>2026-05-12T23:37:54+00:00</time>
      </trkpt>
      <trkpt lat="47.37922" lon="12.41126">
        <ele>1083</ele>
        <time>2026-05-12T23:37:57+00:00</time>
      </trkpt>
      <trkpt lat="47.3792" lon="12.41135">
        <ele>1079</ele>
        <time>2026-05-12T23:38:00+00:00</time>
      </trkpt>
      <trkpt lat="47.37916" lon="12.41141">
        <ele>1075</ele>
        <time>2026-05-12T23:38:03+00:00</time>
      </trkpt>
      <trkpt lat="47.37914" lon="12.41149">
        <ele>1075</ele>
        <time>2026-05-12T23:38:06+00:00</time>
      </trkpt>
      <trkpt lat="47.37911" lon="12.41155">
        <ele>1071</ele>
        <time>2026-05-12T23:38:09+00:00</time>
      </trkpt>
      <trkpt lat="47.37908" lon="12.41162">
        <ele>1068</ele>
        <time>2026-05-12T23:38:12+00:00</time>
      </trkpt>
      <trkpt lat="47.37904" lon="12.41168">
        <ele>1068</ele>
        <time>2026-05-12T23:38:15+00:00</time>
      </trkpt>
      <trkpt lat="47.37901" lon="12.41174">
        <ele>1063</ele>
        <time>2026-05-12T23:38:18+00:00</time>
      </trkpt>
      <trkpt lat="47.37897" lon="12.41181">
        <ele>1060</ele>
        <time>2026-05-12T23:38:21+00:00</time>
      </trkpt>
      <trkpt lat="47.37894" lon="12.41184">
        <ele>1060</ele>
        <time>2026-05-12T23:38:24+00:00</time>
      </trkpt>
      <trkpt lat="47.37893" lon="12.41194">
        <ele>1057</ele>
        <time>2026-05-12T23:38:27+00:00</time>
      </trkpt>
      <trkpt lat="47.37899" lon="12.41199">
        <ele>1057</ele>
        <time>2026-05-12T23:38:30+00:00</time>
      </trkpt>
      <trkpt lat="47.37905" lon="12.41203">
        <ele>1051</ele>
        <time>2026-05-12T23:38:33+00:00</time>
      </trkpt>
      <trkpt lat="47.37913" lon="12.41206">
        <ele>1050</ele>
        <time>2026-05-12T23:38:36+00:00</time>
      </trkpt>
      <trkpt lat="47.37917" lon="12.41207">
        <ele>1050</ele>
        <time>2026-05-12T23:38:39+00:00</time>
      </trkpt>
      <trkpt lat="47.37921" lon="12.41212">
        <ele>1044</ele>
        <time>2026-05-12T23:38:42+00:00</time>
      </trkpt>
      <trkpt lat="47.37924" lon="12.41214">
        <ele>1044</ele>
        <time>2026-05-12T23:38:45+00:00</time>
      </trkpt>
      <trkpt lat="47.37928" lon="12.41217">
        <ele>1044</ele>
        <time>2026-05-12T23:38:48+00:00</time>
      </trkpt>
      <trkpt lat="47.37932" lon="12.41219">
        <ele>1043</ele>
        <time>2026-05-12T23:38:51+00:00</time>
      </trkpt>
      <trkpt lat="47.37937" lon="12.41221">
        <ele>1038</ele>
        <time>2026-05-12T23:38:54+00:00</time>
      </trkpt>
      <trkpt lat="47.37941" lon="12.41222">
        <ele>1037</ele>
        <time>2026-05-12T23:38:57+00:00</time>
      </trkpt>
      <trkpt lat="47.37945" lon="12.41227">
        <ele>1037</ele>
        <time>2026-05-12T23:39:00+00:00</time>
      </trkpt>
      <trkpt lat="47.37943" lon="12.41232">
        <ele>1033</ele>
        <time>2026-05-12T23:39:03+00:00</time>
      </trkpt>
      <trkpt lat="47.3794" lon="12.41235">
        <ele>1034</ele>
        <time>2026-05-12T23:39:06+00:00</time>
      </trkpt>
      <trkpt lat="47.37934" lon="12.4124">
        <ele>1030</ele>
        <time>2026-05-12T23:39:09+00:00</time>
      </trkpt>
      <trkpt lat="47.37928" lon="12.41246">
        <ele>1032</ele>
        <time>2026-05-12T23:39:12+00:00</time>
      </trkpt>
      <trkpt lat="47.37923" lon="12.4125">
        <ele>1032</ele>
        <time>2026-05-12T23:39:15+00:00</time>
      </trkpt>
      <trkpt lat="47.37917" lon="12.41253">
        <ele>1031</ele>
        <time>2026-05-12T23:39:18+00:00</time>
      </trkpt>
      <trkpt lat="47.37909" lon="12.41255">
        <ele>1031</ele>
        <time>2026-05-12T23:39:21+00:00</time>
      </trkpt>
      <trkpt lat="47.37903" lon="12.41257">
        <ele>1031</ele>
        <time>2026-05-12T23:39:24+00:00</time>
      </trkpt>
      <trkpt lat="47.37896" lon="12.41258">
        <ele>1031</ele>
        <time>2026-05-12T23:39:27+00:00</time>
      </trkpt>
      <trkpt lat="47.3789" lon="12.4126">
        <ele>1033</ele>
        <time>2026-05-12T23:39:30+00:00</time>
      </trkpt>
      <trkpt lat="47.37886" lon="12.41262">
        <ele>1032</ele>
        <time>2026-05-12T23:39:33+00:00</time>
      </trkpt>
      <trkpt lat="47.37881" lon="12.41264">
        <ele>1032</ele>
        <time>2026-05-12T23:39:36+00:00</time>
      </trkpt>
      <trkpt lat="47.3788" lon="12.41268">
        <ele>1034</ele>
        <time>2026-05-12T23:39:39+00:00</time>
      </trkpt>
      <trkpt lat="47.37882" lon="12.4127">
        <ele>1030</ele>
        <time>2026-05-12T23:39:42+00:00</time>
      </trkpt>
      <trkpt lat="47.37879" lon="12.41274">
        <ele>1031</ele>
        <time>2026-05-12T23:39:45+00:00</time>
      </trkpt>
      <trkpt lat="47.37877" lon="12.41278">
        <ele>1031</ele>
        <time>2026-05-12T23:39:48+00:00</time>
      </trkpt>
      <trkpt lat="47.37874" lon="12.41284">
        <ele>1028</ele>
        <time>2026-05-12T23:39:51+00:00</time>
      </trkpt>
      <trkpt lat="47.37872" lon="12.41287">
        <ele>1028</ele>
        <time>2026-05-12T23:39:54+00:00</time>
      </trkpt>
      <trkpt lat="47.37869" lon="12.4129">
        <ele>1030</ele>
        <time>2026-05-12T23:39:57+00:00</time>
      </trkpt>
      <trkpt lat="47.37863" lon="12.41293">
        <ele>1027</ele>
        <time>2026-05-12T23:40:00+00:00</time>
      </trkpt>
      <trkpt lat="47.3786" lon="12.41298">
        <ele>1027</ele>
        <time>2026-05-12T23:40:03+00:00</time>
      </trkpt>
      <trkpt lat="47.37858" lon="12.41304">
        <ele>1027</ele>
        <time>2026-05-12T23:40:06+00:00</time>
      </trkpt>
      <trkpt lat="47.37856" lon="12.41309">
        <ele>1027</ele>
        <time>2026-05-12T23:40:09+00:00</time>
      </trkpt>
      <trkpt lat="47.37854" lon="12.41315">
        <ele>1024</ele>
        <time>2026-05-12T23:40:12+00:00</time>
      </trkpt>
      <trkpt lat="47.37852" lon="12.41319">
        <ele>1024</ele>
        <time>2026-05-12T23:40:15+00:00</time>
      </trkpt>
      <trkpt lat="47.37849" lon="12.41324">
        <ele>1024</ele>
        <time>2026-05-12T23:40:18+00:00</time>
      </trkpt>
      <trkpt lat="47.37848" lon="12.41329">
        <ele>1024</ele>
        <time>2026-05-12T23:40:21+00:00</time>
      </trkpt>
      <trkpt lat="47.37845" lon="12.41335">
        <ele>1022</ele>
        <time>2026-05-12T23:40:24+00:00</time>
      </trkpt>
      <trkpt lat="47.37842" lon="12.4134">
        <ele>1019</ele>
        <time>2026-05-12T23:40:27+00:00</time>
      </trkpt>
      <trkpt lat="47.3784" lon="12.41346">
        <ele>1019</ele>
        <time>2026-05-12T23:40:30+00:00</time>
      </trkpt>
      <trkpt lat="47.37838" lon="12.4135">
        <ele>1020</ele>
        <time>2026-05-12T23:40:33+00:00</time>
      </trkpt>
      <trkpt lat="47.37837" lon="12.41356">
        <ele>1020</ele>
        <time>2026-05-12T23:40:36+00:00</time>
      </trkpt>
      <trkpt lat="47.37835" lon="12.41361">
        <ele>1017</ele>
        <time>2026-05-12T23:40:39+00:00</time>
      </trkpt>
      <trkpt lat="47.37833" lon="12.41366">
        <ele>1017</ele>
        <time>2026-05-12T23:40:42+00:00</time>
      </trkpt>
      <trkpt lat="47.37831" lon="12.41371">
        <ele>1015</ele>
        <time>2026-05-12T23:40:45+00:00</time>
      </trkpt>
      <trkpt lat="47.37829" lon="12.41377">
        <ele>1017</ele>
        <time>2026-05-12T23:40:48+00:00</time>
      </trkpt>
      <trkpt lat="47.37826" lon="12.41386">
        <ele>1015</ele>
        <time>2026-05-12T23:40:51+00:00</time>
      </trkpt>
      <trkpt lat="47.37824" lon="12.4139">
        <ele>1013</ele>
        <time>2026-05-12T23:40:54+00:00</time>
      </trkpt>
      <trkpt lat="47.37823" lon="12.41396">
        <ele>1013</ele>
        <time>2026-05-12T23:40:57+00:00</time>
      </trkpt>
      <trkpt lat="47.37823" lon="12.41405">
        <ele>1011</ele>
        <time>2026-05-12T23:41:00+00:00</time>
      </trkpt>
      <trkpt lat="47.37823" lon="12.41415">
        <ele>1008</ele>
        <time>2026-05-12T23:41:03+00:00</time>
      </trkpt>
      <trkpt lat="47.37823" lon="12.41422">
        <ele>1006</ele>
        <time>2026-05-12T23:41:06+00:00</time>
      </trkpt>
      <trkpt lat="47.37825" lon="12.41427">
        <ele>1006</ele>
        <time>2026-05-12T23:41:09+00:00</time>
      </trkpt>
      <trkpt lat="47.37825" lon="12.41433">
        <ele>1004</ele>
        <time>2026-05-12T23:41:12+00:00</time>
      </trkpt>
      <trkpt lat="47.37829" lon="12.41443">
        <ele>1002</ele>
        <time>2026-05-12T23:41:15+00:00</time>
      </trkpt>
      <trkpt lat="47.3783" lon="12.41453">
        <ele>1000</ele>
        <time>2026-05-12T23:41:18+00:00</time>
      </trkpt>
      <trkpt lat="47.37831" lon="12.41457">
        <ele>998</ele>
        <time>2026-05-12T23:41:21+00:00</time>
      </trkpt>
      <trkpt lat="47.37833" lon="12.41464">
        <ele>995</ele>
        <time>2026-05-12T23:41:24+00:00</time>
      </trkpt>
      <trkpt lat="47.37835" lon="12.41471">
        <ele>994</ele>
        <time>2026-05-12T23:41:27+00:00</time>
      </trkpt>
      <trkpt lat="47.37837" lon="12.41479">
        <ele>994</ele>
        <time>2026-05-12T23:41:30+00:00</time>
      </trkpt>
      <trkpt lat="47.37839" lon="12.41487">
        <ele>992</ele>
        <time>2026-05-12T23:41:33+00:00</time>
      </trkpt>
      <trkpt lat="47.37839" lon="12.41493">
        <ele>990</ele>
        <time>2026-05-12T23:41:36+00:00</time>
      </trkpt>
      <trkpt lat="47.37842" lon="12.41501">
        <ele>985</ele>
        <time>2026-05-12T23:41:39+00:00</time>
      </trkpt>
      <trkpt lat="47.37844" lon="12.41508">
        <ele>985</ele>
        <time>2026-05-12T23:41:42+00:00</time>
      </trkpt>
      <trkpt lat="47.37846" lon="12.41517">
        <ele>983</ele>
        <time>2026-05-12T23:41:45+00:00</time>
      </trkpt>
      <trkpt lat="47.37847" lon="12.41523">
        <ele>981</ele>
        <time>2026-05-12T23:41:48+00:00</time>
      </trkpt>
      <trkpt lat="47.37846" lon="12.4153">
        <ele>981</ele>
        <time>2026-05-12T23:41:51+00:00</time>
      </trkpt>
      <trkpt lat="47.37846" lon="12.41537">
        <ele>980</ele>
        <time>2026-05-12T23:41:54+00:00</time>
      </trkpt>
      <trkpt lat="47.37846" lon="12.41543">
        <ele>978</ele>
        <time>2026-05-12T23:41:57+00:00</time>
      </trkpt>
      <trkpt lat="47.37846" lon="12.41548">
        <ele>978</ele>
        <time>2026-05-12T23:42:00+00:00</time>
      </trkpt>
      <trkpt lat="47.37846" lon="12.41556">
        <ele>976</ele>
        <time>2026-05-12T23:42:03+00:00</time>
      </trkpt>
      <trkpt lat="47.37846" lon="12.41562">
        <ele>974</ele>
        <time>2026-05-12T23:42:06+00:00</time>
      </trkpt>
      <trkpt lat="47.37847" lon="12.41568">
        <ele>974</ele>
        <time>2026-05-12T23:42:09+00:00</time>
      </trkpt>
      <trkpt lat="47.37847" lon="12.41573">
        <ele>973</ele>
        <time>2026-05-12T23:42:12+00:00</time>
      </trkpt>
      <trkpt lat="47.37849" lon="12.41579">
        <ele>973</ele>
        <time>2026-05-12T23:42:15+00:00</time>
      </trkpt>
      <trkpt lat="47.37851" lon="12.41585">
        <ele>969</ele>
        <time>2026-05-12T23:42:18+00:00</time>
      </trkpt>
      <trkpt lat="47.37853" lon="12.41592">
        <ele>968</ele>
        <time>2026-05-12T23:42:21+00:00</time>
      </trkpt>
      <trkpt lat="47.37857" lon="12.41599">
        <ele>968</ele>
        <time>2026-05-12T23:42:24+00:00</time>
      </trkpt>
      <trkpt lat="47.3786" lon="12.41606">
        <ele>965</ele>
        <time>2026-05-12T23:42:27+00:00</time>
      </trkpt>
      <trkpt lat="47.37861" lon="12.41612">
        <ele>964</ele>
        <time>2026-05-12T23:42:30+00:00</time>
      </trkpt>
      <trkpt lat="47.37863" lon="12.41621">
        <ele>962</ele>
        <time>2026-05-12T23:42:33+00:00</time>
      </trkpt>
      <trkpt lat="47.37863" lon="12.4163">
        <ele>961</ele>
        <time>2026-05-12T23:42:36+00:00</time>
      </trkpt>
      <trkpt lat="47.37863" lon="12.41638">
        <ele>961</ele>
        <time>2026-05-12T23:42:39+00:00</time>
      </trkpt>
      <trkpt lat="47.37862" lon="12.41648">
        <ele>959</ele>
        <time>2026-05-12T23:42:42+00:00</time>
      </trkpt>
      <trkpt lat="47.37862" lon="12.41657">
        <ele>958</ele>
        <time>2026-05-12T23:42:45+00:00</time>
      </trkpt>
      <trkpt lat="47.37862" lon="12.41667">
        <ele>956</ele>
        <time>2026-05-12T23:42:48+00:00</time>
      </trkpt>
      <trkpt lat="47.37861" lon="12.41676">
        <ele>955</ele>
        <time>2026-05-12T23:42:51+00:00</time>
      </trkpt>
      <trkpt lat="47.37863" lon="12.41685">
        <ele>953</ele>
        <time>2026-05-12T23:42:54+00:00</time>
      </trkpt>
      <trkpt lat="47.37865" lon="12.41691">
        <ele>952</ele>
        <time>2026-05-12T23:42:57+00:00</time>
      </trkpt>
      <trkpt lat="47.37873" lon="12.41701">
        <ele>950</ele>
        <time>2026-05-12T23:43:00+00:00</time>
      </trkpt>
      <trkpt lat="47.37877" lon="12.41706">
        <ele>950</ele>
        <time>2026-05-12T23:43:03+00:00</time>
      </trkpt>
      <trkpt lat="47.37883" lon="12.41711">
        <ele>948</ele>
        <time>2026-05-12T23:43:06+00:00</time>
      </trkpt>
      <trkpt lat="47.37894" lon="12.41718">
        <ele>948</ele>
        <time>2026-05-12T23:43:09+00:00</time>
      </trkpt>
      <trkpt lat="47.379" lon="12.4172">
        <ele>947</ele>
        <time>2026-05-12T23:43:12+00:00</time>
      </trkpt>
      <trkpt lat="47.37914" lon="12.41728">
        <ele>947</ele>
        <time>2026-05-12T23:43:15+00:00</time>
      </trkpt>
      <trkpt lat="47.3793" lon="12.41737">
        <ele>945</ele>
        <time>2026-05-12T23:43:18+00:00</time>
      </trkpt>
      <trkpt lat="47.37934" lon="12.4174">
        <ele>945</ele>
        <time>2026-05-12T23:43:21+00:00</time>
      </trkpt>
      <trkpt lat="47.37942" lon="12.41744">
        <ele>944</ele>
        <time>2026-05-12T23:43:24+00:00</time>
      </trkpt>
      <trkpt lat="47.37955" lon="12.4175">
        <ele>943</ele>
        <time>2026-05-12T23:43:27+00:00</time>
      </trkpt>
      <trkpt lat="47.37968" lon="12.41757">
        <ele>943</ele>
        <time>2026-05-12T23:43:30+00:00</time>
      </trkpt>
      <trkpt lat="47.37971" lon="12.41766">
        <ele>941</ele>
        <time>2026-05-12T23:43:33+00:00</time>
      </trkpt>
      <trkpt lat="47.37976" lon="12.41777">
        <ele>941</ele>
        <time>2026-05-12T23:43:36+00:00</time>
      </trkpt>
      <trkpt lat="47.37977" lon="12.41785">
        <ele>940</ele>
        <time>2026-05-12T23:43:39+00:00</time>
      </trkpt>
      <trkpt lat="47.37978" lon="12.41791">
        <ele>939</ele>
        <time>2026-05-12T23:43:42+00:00</time>
      </trkpt>
      <trkpt lat="47.37979" lon="12.41798">
        <ele>939</ele>
        <time>2026-05-12T23:43:45+00:00</time>
      </trkpt>
      <trkpt lat="47.37981" lon="12.41812">
        <ele>937</ele>
        <time>2026-05-12T23:43:48+00:00</time>
      </trkpt>
      <trkpt lat="47.37981" lon="12.4182">
        <ele>937</ele>
        <time>2026-05-12T23:43:51+00:00</time>
      </trkpt>
      <trkpt lat="47.37983" lon="12.41837">
        <ele>935</ele>
        <time>2026-05-12T23:43:54+00:00</time>
      </trkpt>
      <trkpt lat="47.37985" lon="12.41853">
        <ele>934</ele>
        <time>2026-05-12T23:43:57+00:00</time>
      </trkpt>
      <trkpt lat="47.37986" lon="12.41864">
        <ele>933</ele>
        <time>2026-05-12T23:44:00+00:00</time>
      </trkpt>
      <trkpt lat="47.37987" lon="12.41882">
        <ele>932</ele>
        <time>2026-05-12T23:44:03+00:00</time>
      </trkpt>
      <trkpt lat="47.3799" lon="12.41897">
        <ele>931</ele>
        <time>2026-05-12T23:44:06+00:00</time>
      </trkpt>
      <trkpt lat="47.37991" lon="12.41906">
        <ele>930</ele>
        <time>2026-05-12T23:44:09+00:00</time>
      </trkpt>
      <trkpt lat="47.37992" lon="12.41919">
        <ele>929</ele>
        <time>2026-05-12T23:44:12+00:00</time>
      </trkpt>
      <trkpt lat="47.37994" lon="12.41933">
        <ele>928</ele>
        <time>2026-05-12T23:44:15+00:00</time>
      </trkpt>
      <trkpt lat="47.38" lon="12.41932">
        <ele>927</ele>
        <time>2026-05-12T23:44:18+00:00</time>
      </trkpt>
      <trkpt lat="47.38013" lon="12.41928">
        <ele>927</ele>
        <time>2026-05-12T23:44:21+00:00</time>
      </trkpt>
      <trkpt lat="47.38032" lon="12.41921">
        <ele>925</ele>
        <time>2026-05-12T23:44:24+00:00</time>
      </trkpt>
      <trkpt lat="47.38041" lon="12.41917">
        <ele>924</ele>
        <time>2026-05-12T23:44:27+00:00</time>
      </trkpt>
      <trkpt lat="47.38045" lon="12.41915">
        <ele>924</ele>
        <time>2026-05-12T23:44:30+00:00</time>
      </trkpt>
      <trkpt lat="47.38054" lon="12.41912">
        <ele>923</ele>
        <time>2026-05-12T23:44:33+00:00</time>
      </trkpt>
      <trkpt lat="47.38089" lon="12.419">
        <ele>921</ele>
        <time>2026-05-12T23:44:36+00:00</time>
      </trkpt>
      <trkpt lat="47.38123" lon="12.41887">
        <ele>918</ele>
        <time>2026-05-12T23:44:39+00:00</time>
      </trkpt>
      <trkpt lat="47.38145" lon="12.4188">
        <ele>917</ele>
        <time>2026-05-12T23:44:42+00:00</time>
      </trkpt>
      <trkpt lat="47.38164" lon="12.41873">
        <ele>916</ele>
        <time>2026-05-12T23:44:45+00:00</time>
      </trkpt>
      <trkpt lat="47.38172" lon="12.41871">
        <ele>915</ele>
        <time>2026-05-12T23:44:48+00:00</time>
      </trkpt>
      <trkpt lat="47.38184" lon="12.41865">
        <ele>915</ele>
        <time>2026-05-12T23:44:51+00:00</time>
      </trkpt>
      <trkpt lat="47.3821" lon="12.41856">
        <ele>913</ele>
        <time>2026-05-12T23:44:54+00:00</time>
      </trkpt>
      <trkpt lat="47.3824" lon="12.41844">
        <ele>911</ele>
        <time>2026-05-12T23:44:57+00:00</time>
      </trkpt>
      <trkpt lat="47.38253" lon="12.4184">
        <ele>911</ele>
        <time>2026-05-12T23:45:00+00:00</time>
      </trkpt>
      <trkpt lat="47.38275" lon="12.4183">
        <ele>911</ele>
        <time>2026-05-12T23:45:03+00:00</time>
      </trkpt>
      <trkpt lat="47.3831" lon="12.41814">
        <ele>909</ele>
        <time>2026-05-12T23:45:06+00:00</time>
      </trkpt>
      <trkpt lat="47.38326" lon="12.41809">
        <ele>908</ele>
        <time>2026-05-12T23:45:09+00:00</time>
      </trkpt>
      <trkpt lat="47.38333" lon="12.41804">
        <ele>908</ele>
        <time>2026-05-12T23:45:12+00:00</time>
      </trkpt>
      <trkpt lat="47.38363" lon="12.41792">
        <ele>905</ele>
        <time>2026-05-12T23:45:15+00:00</time>
      </trkpt>
      <trkpt lat="47.3837" lon="12.41789">
        <ele>906</ele>
        <time>2026-05-12T23:45:18+00:00</time>
      </trkpt>
      <trkpt lat="47.38402" lon="12.41776">
        <ele>902</ele>
        <time>2026-05-12T23:45:21+00:00</time>
      </trkpt>
      <trkpt lat="47.38417" lon="12.4177">
        <ele>902</ele>
        <time>2026-05-12T23:45:24+00:00</time>
      </trkpt>
      <trkpt lat="47.38423" lon="12.41766">
        <ele>901</ele>
        <time>2026-05-12T23:45:27+00:00</time>
      </trkpt>
      <trkpt lat="47.38432" lon="12.41763">
        <ele>900</ele>
        <time>2026-05-12T23:45:30+00:00</time>
      </trkpt>
      <trkpt lat="47.38451" lon="12.41755">
        <ele>899</ele>
        <time>2026-05-12T23:45:33+00:00</time>
      </trkpt>
      <trkpt lat="47.38462" lon="12.41751">
        <ele>898</ele>
        <time>2026-05-12T23:45:36+00:00</time>
      </trkpt>
      <trkpt lat="47.38469" lon="12.41751">
        <ele>898</ele>
        <time>2026-05-12T23:45:39+00:00</time>
      </trkpt>
      <trkpt lat="47.38476" lon="12.41747">
        <ele>897</ele>
        <time>2026-05-12T23:45:42+00:00</time>
      </trkpt>
      <trkpt lat="47.38506" lon="12.41743">
        <ele>895</ele>
        <time>2026-05-12T23:45:45+00:00</time>
      </trkpt>
      <trkpt lat="47.38517" lon="12.41745">
        <ele>894</ele>
        <time>2026-05-12T23:45:48+00:00</time>
      </trkpt>
      <trkpt lat="47.38533" lon="12.41751">
        <ele>892</ele>
        <time>2026-05-12T23:45:51+00:00</time>
      </trkpt>
      <trkpt lat="47.38539" lon="12.41755">
        <ele>892</ele>
        <time>2026-05-12T23:45:54+00:00</time>
      </trkpt>
      <trkpt lat="47.38547" lon="12.41759">
        <ele>892</ele>
        <time>2026-05-12T23:45:57+00:00</time>
      </trkpt>
      <trkpt lat="47.38562" lon="12.41774">
        <ele>889</ele>
        <time>2026-05-12T23:46:00+00:00</time>
      </trkpt>
      <trkpt lat="47.38572" lon="12.41786">
        <ele>888</ele>
        <time>2026-05-12T23:46:03+00:00</time>
      </trkpt>
      <trkpt lat="47.38578" lon="12.41796">
        <ele>888</ele>
        <time>2026-05-12T23:46:06+00:00</time>
      </trkpt>
      <trkpt lat="47.38583" lon="12.41805">
        <ele>887</ele>
        <time>2026-05-12T23:46:09+00:00</time>
      </trkpt>
      <trkpt lat="47.38599" lon="12.4184">
        <ele>885</ele>
        <time>2026-05-12T23:46:12+00:00</time>
      </trkpt>
      <trkpt lat="47.38614" lon="12.41871">
        <ele>882</ele>
        <time>2026-05-12T23:46:15+00:00</time>
      </trkpt>
      <trkpt lat="47.3862" lon="12.41886">
        <ele>882</ele>
        <time>2026-05-12T23:46:18+00:00</time>
      </trkpt>
      <trkpt lat="47.38626" lon="12.41904">
        <ele>880</ele>
        <time>2026-05-12T23:46:21+00:00</time>
      </trkpt>
      <trkpt lat="47.38633" lon="12.41919">
        <ele>878</ele>
        <time>2026-05-12T23:46:24+00:00</time>
      </trkpt>
      <trkpt lat="47.38645" lon="12.41951">
        <ele>875</ele>
        <time>2026-05-12T23:46:27+00:00</time>
      </trkpt>
      <trkpt lat="47.38658" lon="12.41981">
        <ele>872</ele>
        <time>2026-05-12T23:46:30+00:00</time>
      </trkpt>
      <trkpt lat="47.3867" lon="12.42012">
        <ele>868</ele>
        <time>2026-05-12T23:46:33+00:00</time>
      </trkpt>
      <trkpt lat="47.38676" lon="12.42025">
        <ele>868</ele>
        <time>2026-05-12T23:46:36+00:00</time>
      </trkpt>
      <trkpt lat="47.38691" lon="12.4206">
        <ele>865</ele>
        <time>2026-05-12T23:46:39+00:00</time>
      </trkpt>
      <trkpt lat="47.38699" lon="12.42077">
        <ele>865</ele>
        <time>2026-05-12T23:46:42+00:00</time>
      </trkpt>
      <trkpt lat="47.38709" lon="12.42095">
        <ele>863</ele>
        <time>2026-05-12T23:46:45+00:00</time>
      </trkpt>
      <trkpt lat="47.38719" lon="12.42114">
        <ele>861</ele>
        <time>2026-05-12T23:46:48+00:00</time>
      </trkpt>
      <trkpt lat="47.3873" lon="12.42134">
        <ele>857</ele>
        <time>2026-05-12T23:46:51+00:00</time>
      </trkpt>
      <trkpt lat="47.38737" lon="12.42144">
        <ele>857</ele>
        <time>2026-05-12T23:46:54+00:00</time>
      </trkpt>
      <trkpt lat="47.38742" lon="12.42154">
        <ele>855</ele>
        <time>2026-05-12T23:46:57+00:00</time>
      </trkpt>
      <trkpt lat="47.38739" lon="12.42159">
        <ele>857</ele>
        <time>2026-05-12T23:47:00+00:00</time>
      </trkpt>
      <trkpt lat="47.38736" lon="12.42165">
        <ele>857</ele>
        <time>2026-05-12T23:47:03+00:00</time>
      </trkpt>
      <trkpt lat="47.38723" lon="12.42175">
        <ele>857</ele>
        <time>2026-05-12T23:47:06+00:00</time>
      </trkpt>
      <trkpt lat="47.38713" lon="12.42181">
        <ele>858</ele>
        <time>2026-05-12T23:47:09+00:00</time>
      </trkpt>
      <trkpt lat="47.38708" lon="12.42184">
        <ele>859</ele>
        <time>2026-05-12T23:47:12+00:00</time>
      </trkpt>
      <trkpt lat="47.38702" lon="12.42179">
        <ele>859</ele>
        <time>2026-05-12T23:47:15+00:00</time>
      </trkpt>
      <trkpt lat="47.38699" lon="12.42169">
        <ele>861</ele>
        <time>2026-05-12T23:47:18+00:00</time>
      </trkpt>
      <trkpt lat="47.38696" lon="12.42145">
        <ele>862</ele>
        <time>2026-05-12T23:47:21+00:00</time>
      </trkpt>
      <trkpt lat="47.3868" lon="12.42149">
        <ele>863</ele>
        <time>2026-05-12T23:47:24+00:00</time>
      </trkpt>
      <trkpt lat="47.38671" lon="12.42153">
        <ele>863</ele>
        <time>2026-05-12T23:47:27+00:00</time>
      </trkpt>
      <trkpt lat="47.38666" lon="12.42161">
        <ele>863</ele>
        <time>2026-05-12T23:47:30+00:00</time>
      </trkpt>
      <trkpt lat="47.38659" lon="12.42168">
        <ele>864</ele>
        <time>2026-05-12T23:47:33+00:00</time>
      </trkpt>
      <trkpt lat="47.38656" lon="12.42178">
        <ele>863</ele>
        <time>2026-05-12T23:47:36+00:00</time>
      </trkpt>
      <trkpt lat="47.38652" lon="12.42188">
        <ele>862</ele>
        <time>2026-05-12T23:47:39+00:00</time>
      </trkpt>
      <trkpt lat="47.38647" lon="12.42185">
        <ele>862</ele>
        <time>2026-05-12T23:47:42+00:00</time>
      </trkpt>
      <trkpt lat="47.38634" lon="12.42177">
        <ele>864</ele>
        <time>2026-05-12T23:47:45+00:00</time>
      </trkpt>
      <trkpt lat="47.38611" lon="12.42161">
        <ele>866</ele>
        <time>2026-05-12T23:47:48+00:00</time>
      </trkpt>
      <trkpt lat="47.386" lon="12.42156">
        <ele>867</ele>
        <time>2026-05-12T23:47:51+00:00</time>
      </trkpt>
      <trkpt lat="47.38588" lon="12.4215">
        <ele>867</ele>
        <time>2026-05-12T23:47:54+00:00</time>
      </trkpt>
      <trkpt lat="47.3857" lon="12.42142">
        <ele>868</ele>
        <time>2026-05-12T23:47:57+00:00</time>
      </trkpt>
      <trkpt lat="47.38534" lon="12.42122">
        <ele>872</ele>
        <time>2026-05-12T23:48:00+00:00</time>
      </trkpt>
      <trkpt lat="47.38528" lon="12.42118">
        <ele>873</ele>
        <time>2026-05-12T23:48:03+00:00</time>
      </trkpt>
      <trkpt lat="47.38518" lon="12.42112">
        <ele>873</ele>
        <time>2026-05-12T23:48:06+00:00</time>
      </trkpt>
      <trkpt lat="47.3851" lon="12.42105">
        <ele>874</ele>
        <time>2026-05-12T23:48:09+00:00</time>
      </trkpt>
      <trkpt lat="47.38496" lon="12.42098">
        <ele>875</ele>
        <time>2026-05-12T23:48:12+00:00</time>
      </trkpt>
      <trkpt lat="47.38481" lon="12.42087">
        <ele>877</ele>
        <time>2026-05-12T23:48:15+00:00</time>
      </trkpt>
      <trkpt lat="47.38472" lon="12.42079">
        <ele>878</ele>
        <time>2026-05-12T23:48:18+00:00</time>
      </trkpt>
      <trkpt lat="47.38464" lon="12.42074">
        <ele>877</ele>
        <time>2026-05-12T23:48:21+00:00</time>
      </trkpt>
      <trkpt lat="47.38448" lon="12.42066">
        <ele>878</ele>
        <time>2026-05-12T23:48:24+00:00</time>
      </trkpt>
      <trkpt lat="47.38442" lon="12.42064">
        <ele>878</ele>
        <time>2026-05-12T23:48:27+00:00</time>
      </trkpt>
      <trkpt lat="47.38435" lon="12.42059">
        <ele>879</ele>
        <time>2026-05-12T23:48:30+00:00</time>
      </trkpt>
      <trkpt lat="47.3843" lon="12.42059">
        <ele>879</ele>
        <time>2026-05-12T23:48:33+00:00</time>
      </trkpt>
      <trkpt lat="47.38424" lon="12.4206">
        <ele>878</ele>
        <time>2026-05-12T23:48:36+00:00</time>
      </trkpt>
      <trkpt lat="47.38417" lon="12.42065">
        <ele>878</ele>
        <time>2026-05-12T23:48:39+00:00</time>
      </trkpt>
      <trkpt lat="47.38411" lon="12.42071">
        <ele>876</ele>
        <time>2026-05-12T23:48:42+00:00</time>
      </trkpt>
      <trkpt lat="47.38406" lon="12.42077">
        <ele>876</ele>
        <time>2026-05-12T23:48:45+00:00</time>
      </trkpt>
      <trkpt lat="47.38402" lon="12.42086">
        <ele>875</ele>
        <time>2026-05-12T23:48:48+00:00</time>
      </trkpt>
      <trkpt lat="47.38397" lon="12.4209">
        <ele>875</ele>
        <time>2026-05-12T23:48:51+00:00</time>
      </trkpt>
      <trkpt lat="47.38393" lon="12.42096">
        <ele>875</ele>
        <time>2026-05-12T23:48:54+00:00</time>
      </trkpt>
      <trkpt lat="47.38388" lon="12.42105">
        <ele>874</ele>
        <time>2026-05-12T23:48:57+00:00</time>
      </trkpt>
      <trkpt lat="47.38384" lon="12.42112">
        <ele>873</ele>
        <time>2026-05-12T23:49:00+00:00</time>
      </trkpt>
      <trkpt lat="47.38381" lon="12.42118">
        <ele>873</ele>
        <time>2026-05-12T23:49:03+00:00</time>
      </trkpt>
      <trkpt lat="47.38378" lon="12.42122">
        <ele>872</ele>
        <time>2026-05-12T23:49:06+00:00</time>
      </trkpt>
      <trkpt lat="47.38374" lon="12.42124">
        <ele>872</ele>
        <time>2026-05-12T23:49:09+00:00</time>
      </trkpt>
      <trkpt lat="47.3837" lon="12.42124">
        <ele>872</ele>
        <time>2026-05-12T23:49:12+00:00</time>
      </trkpt>
      <trkpt lat="47.38364" lon="12.42125">
        <ele>873</ele>
        <time>2026-05-12T23:49:15+00:00</time>
      </trkpt>
      <trkpt lat="47.38359" lon="12.42121">
        <ele>872</ele>
        <time>2026-05-12T23:49:18+00:00</time>
      </trkpt>
      <trkpt lat="47.38355" lon="12.42117">
        <ele>874</ele>
        <time>2026-05-12T23:49:21+00:00</time>
      </trkpt>
      <trkpt lat="47.38351" lon="12.42114">
        <ele>874</ele>
        <time>2026-05-12T23:49:24+00:00</time>
      </trkpt>
      <trkpt lat="47.38347" lon="12.42113">
        <ele>874</ele>
        <time>2026-05-12T23:49:27+00:00</time>
      </trkpt>
      <trkpt lat="47.38341" lon="12.42114">
        <ele>874</ele>
        <time>2026-05-12T23:49:30+00:00</time>
      </trkpt>
      <trkpt lat="47.38336" lon="12.42115">
        <ele>875</ele>
        <time>2026-05-12T23:49:33+00:00</time>
      </trkpt>
      <trkpt lat="47.38331" lon="12.42115">
        <ele>875</ele>
        <time>2026-05-12T23:49:36+00:00</time>
      </trkpt>
      <trkpt lat="47.38326" lon="12.42114">
        <ele>874</ele>
        <time>2026-05-12T23:49:39+00:00</time>
      </trkpt>
      <trkpt lat="47.38322" lon="12.42116">
        <ele>876</ele>
        <time>2026-05-12T23:49:42+00:00</time>
      </trkpt>
      <trkpt lat="47.38317" lon="12.42118">
        <ele>877</ele>
        <time>2026-05-12T23:49:45+00:00</time>
      </trkpt>
      <trkpt lat="47.38314" lon="12.4212">
        <ele>875</ele>
        <time>2026-05-12T23:49:48+00:00</time>
      </trkpt>
      <trkpt lat="47.38309" lon="12.42125">
        <ele>876</ele>
        <time>2026-05-12T23:49:51+00:00</time>
      </trkpt>
      <trkpt lat="47.38305" lon="12.4213">
        <ele>874</ele>
        <time>2026-05-12T23:49:54+00:00</time>
      </trkpt>
      <trkpt lat="47.38303" lon="12.42135">
        <ele>874</ele>
        <time>2026-05-12T23:49:57+00:00</time>
      </trkpt>
      <trkpt lat="47.38305" lon="12.4214">
        <ele>873</ele>
        <time>2026-05-12T23:50:00+00:00</time>
      </trkpt>
      <trkpt lat="47.38308" lon="12.42145">
        <ele>873</ele>
        <time>2026-05-12T23:50:03+00:00</time>
      </trkpt>
      <trkpt lat="47.38312" lon="12.42149">
        <ele>872</ele>
        <time>2026-05-12T23:50:06+00:00</time>
      </trkpt>
      <trkpt lat="47.38318" lon="12.42156">
        <ele>872</ele>
        <time>2026-05-12T23:50:09+00:00</time>
      </trkpt>
      <trkpt lat="47.38322" lon="12.42158">
        <ele>871</ele>
        <time>2026-05-12T23:50:12+00:00</time>
      </trkpt>
      <trkpt lat="47.38326" lon="12.42159">
        <ele>871</ele>
        <time>2026-05-12T23:50:15+00:00</time>
      </trkpt>
      <trkpt lat="47.38329" lon="12.4216">
        <ele>872</ele>
        <time>2026-05-12T23:50:18+00:00</time>
      </trkpt>
      <trkpt lat="47.38332" lon="12.42161">
        <ele>871</ele>
        <time>2026-05-12T23:50:21+00:00</time>
      </trkpt>
      <trkpt lat="47.38337" lon="12.42168">
        <ele>872</ele>
        <time>2026-05-12T23:50:24+00:00</time>
      </trkpt>
      <trkpt lat="47.38341" lon="12.42175">
        <ele>872</ele>
        <time>2026-05-12T23:50:27+00:00</time>
      </trkpt>
      <trkpt lat="47.38332" lon="12.42174">
        <ele>872</ele>
        <time>2026-05-12T23:50:30+00:00</time>
      </trkpt>
      <trkpt lat="47.38327" lon="12.42174">
        <ele>872</ele>
        <time>2026-05-12T23:50:33+00:00</time>
      </trkpt>
      <trkpt lat="47.38322" lon="12.42173">
        <ele>872</ele>
        <time>2026-05-12T23:50:36+00:00</time>
      </trkpt>
      <trkpt lat="47.38318" lon="12.42172">
        <ele>873</ele>
        <time>2026-05-12T23:50:39+00:00</time>
      </trkpt>
      <trkpt lat="47.38316" lon="12.42176">
        <ele>873</ele>
        <time>2026-05-12T23:50:42+00:00</time>
      </trkpt>
      <trkpt lat="47.38314" lon="12.42178">
        <ele>873</ele>
        <time>2026-05-12T23:50:45+00:00</time>
      </trkpt>
      <trkpt lat="47.38313" lon="12.42179">
        <ele>873</ele>
        <time>2026-05-12T23:50:48+00:00</time>
      </trkpt>
      <trkpt lat="47.38311" lon="12.42181">
        <ele>873</ele>
        <time>2026-05-12T23:50:51+00:00</time>
      </trkpt>
      <trkpt lat="47.3831" lon="12.42186">
        <ele>874</ele>
        <time>2026-05-12T23:50:54+00:00</time>
      </trkpt>
      <trkpt lat="47.38308" lon="12.42191">
        <ele>874</ele>
        <time>2026-05-12T23:50:57+00:00</time>
      </trkpt>
      <trkpt lat="47.38296" lon="12.42195">
        <ele>874</ele>
        <time>2026-05-12T23:51:00+00:00</time>
      </trkpt>
      <trkpt lat="47.38289" lon="12.42198">
        <ele>874</ele>
        <time>2026-05-12T23:51:03+00:00</time>
      </trkpt>
      <trkpt lat="47.38282" lon="12.42199">
        <ele>874</ele>
        <time>2026-05-12T23:51:06+00:00</time>
      </trkpt>
      <trkpt lat="47.38276" lon="12.42201">
        <ele>875</ele>
        <time>2026-05-12T23:51:09+00:00</time>
      </trkpt>
      <trkpt lat="47.3827" lon="12.42203">
        <ele>875</ele>
        <time>2026-05-12T23:51:12+00:00</time>
      </trkpt>
      <trkpt lat="47.38264" lon="12.42203">
        <ele>875</ele>
        <time>2026-05-12T23:51:15+00:00</time>
      </trkpt>
      <trkpt lat="47.38256" lon="12.42204">
        <ele>875</ele>
        <time>2026-05-12T23:51:18+00:00</time>
      </trkpt>
      <trkpt lat="47.3825" lon="12.42203">
        <ele>876</ele>
        <time>2026-05-12T23:51:21+00:00</time>
      </trkpt>
      <trkpt lat="47.38242" lon="12.42203">
        <ele>876</ele>
        <time>2026-05-12T23:51:24+00:00</time>
      </trkpt>
      <trkpt lat="47.38231" lon="12.42201">
        <ele>876</ele>
        <time>2026-05-12T23:51:27+00:00</time>
      </trkpt>
      <trkpt lat="47.38227" lon="12.42201">
        <ele>876</ele>
        <time>2026-05-12T23:51:30+00:00</time>
      </trkpt>
      <trkpt lat="47.38221" lon="12.42202">
        <ele>876</ele>
        <time>2026-05-12T23:51:33+00:00</time>
      </trkpt>
      <trkpt lat="47.38213" lon="12.42203">
        <ele>877</ele>
        <time>2026-05-12T23:51:36+00:00</time>
      </trkpt>
      <trkpt lat="47.38208" lon="12.42204">
        <ele>877</ele>
        <time>2026-05-12T23:51:39+00:00</time>
      </trkpt>
      <trkpt lat="47.38198" lon="12.42209">
        <ele>878</ele>
        <time>2026-05-12T23:51:42+00:00</time>
      </trkpt>
      <trkpt lat="47.3819" lon="12.42214">
        <ele>878</ele>
        <time>2026-05-12T23:51:45+00:00</time>
      </trkpt>
      <trkpt lat="47.38184" lon="12.42217">
        <ele>878</ele>
        <time>2026-05-12T23:51:48+00:00</time>
      </trkpt>
      <trkpt lat="47.38179" lon="12.4222">
        <ele>879</ele>
        <time>2026-05-12T23:51:51+00:00</time>
      </trkpt>
      <trkpt lat="47.38172" lon="12.42222">
        <ele>879</ele>
        <time>2026-05-12T23:51:54+00:00</time>
      </trkpt>
      <trkpt lat="47.38167" lon="12.42223">
        <ele>880</ele>
        <time>2026-05-12T23:51:57+00:00</time>
      </trkpt>
      <trkpt lat="47.38161" lon="12.42225">
        <ele>880</ele>
        <time>2026-05-12T23:52:00+00:00</time>
      </trkpt>
      <trkpt lat="47.38153" lon="12.42227">
        <ele>880</ele>
        <time>2026-05-12T23:52:03+00:00</time>
      </trkpt>
      <trkpt lat="47.38147" lon="12.42232">
        <ele>881</ele>
        <time>2026-05-12T23:52:06+00:00</time>
      </trkpt>
      <trkpt lat="47.3814" lon="12.42239">
        <ele>882</ele>
        <time>2026-05-12T23:52:09+00:00</time>
      </trkpt>
      <trkpt lat="47.38134" lon="12.42248">
        <ele>882</ele>
        <time>2026-05-12T23:52:12+00:00</time>
      </trkpt>
      <trkpt lat="47.38128" lon="12.42254">
        <ele>882</ele>
        <time>2026-05-12T23:52:15+00:00</time>
      </trkpt>
      <trkpt lat="47.38123" lon="12.42261">
        <ele>882</ele>
        <time>2026-05-12T23:52:18+00:00</time>
      </trkpt>
      <trkpt lat="47.38117" lon="12.42263">
        <ele>883</ele>
        <time>2026-05-12T23:52:21+00:00</time>
      </trkpt>
      <trkpt lat="47.3811" lon="12.42265">
        <ele>883</ele>
        <time>2026-05-12T23:52:24+00:00</time>
      </trkpt>
      <trkpt lat="47.38103" lon="12.42267">
        <ele>883</ele>
        <time>2026-05-12T23:52:27+00:00</time>
      </trkpt>
      <trkpt lat="47.38095" lon="12.42265">
        <ele>883</ele>
        <time>2026-05-12T23:52:30+00:00</time>
      </trkpt>
      <trkpt lat="47.38087" lon="12.42263">
        <ele>883</ele>
        <time>2026-05-12T23:52:33+00:00</time>
      </trkpt>
      <trkpt lat="47.3808" lon="12.42261">
        <ele>884</ele>
        <time>2026-05-12T23:52:36+00:00</time>
      </trkpt>
      <trkpt lat="47.38074" lon="12.4226">
        <ele>884</ele>
        <time>2026-05-12T23:52:39+00:00</time>
      </trkpt>
      <trkpt lat="47.38067" lon="12.4226">
        <ele>885</ele>
        <time>2026-05-12T23:52:42+00:00</time>
      </trkpt>
      <trkpt lat="47.38061" lon="12.4226">
        <ele>885</ele>
        <time>2026-05-12T23:52:45+00:00</time>
      </trkpt>
      <trkpt lat="47.38054" lon="12.4226">
        <ele>884</ele>
        <time>2026-05-12T23:52:48+00:00</time>
      </trkpt>
      <trkpt lat="47.38045" lon="12.42261">
        <ele>885</ele>
        <time>2026-05-12T23:52:51+00:00</time>
      </trkpt>
      <trkpt lat="47.38038" lon="12.42266">
        <ele>885</ele>
        <time>2026-05-12T23:52:54+00:00</time>
      </trkpt>
      <trkpt lat="47.38032" lon="12.42269">
        <ele>885</ele>
        <time>2026-05-12T23:52:57+00:00</time>
      </trkpt>
      <trkpt lat="47.38024" lon="12.4227">
        <ele>885</ele>
        <time>2026-05-12T23:53:00+00:00</time>
      </trkpt>
      <trkpt lat="47.38021" lon="12.42266">
        <ele>885</ele>
        <time>2026-05-12T23:53:03+00:00</time>
      </trkpt>
      <trkpt lat="47.38017" lon="12.4226">
        <ele>886</ele>
        <time>2026-05-12T23:53:06+00:00</time>
      </trkpt>
      <trkpt lat="47.38013" lon="12.42258">
        <ele>886</ele>
        <time>2026-05-12T23:53:09+00:00</time>
      </trkpt>
      <trkpt lat="47.38005" lon="12.42262">
        <ele>886</ele>
        <time>2026-05-12T23:53:12+00:00</time>
      </trkpt>
      <trkpt lat="47.38005" lon="12.42256">
        <ele>886</ele>
        <time>2026-05-12T23:53:15+00:00</time>
      </trkpt>
      <trkpt lat="47.38011" lon="12.42248">
        <ele>887</ele>
        <time>2026-05-12T23:53:18+00:00</time>
      </trkpt>
      <trkpt lat="47.3802" lon="12.42241">
        <ele>887</ele>
        <time>2026-05-12T23:53:21+00:00</time>
      </trkpt>
      <trkpt lat="47.38014" lon="12.42243">
        <ele>887</ele>
        <time>2026-05-12T23:53:24+00:00</time>
      </trkpt>
      <trkpt lat="47.38006" lon="12.42247">
        <ele>887</ele>
        <time>2026-05-12T23:53:27+00:00</time>
      </trkpt>
      <trkpt lat="47.37998" lon="12.42244">
        <ele>887</ele>
        <time>2026-05-12T23:53:30+00:00</time>
      </trkpt>
      <trkpt lat="47.37989" lon="12.42245">
        <ele>888</ele>
        <time>2026-05-12T23:53:33+00:00</time>
      </trkpt>
      <trkpt lat="47.37984" lon="12.4224">
        <ele>888</ele>
        <time>2026-05-12T23:53:36+00:00</time>
      </trkpt>
      <trkpt lat="47.37978" lon="12.4223">
        <ele>889</ele>
        <time>2026-05-12T23:53:39+00:00</time>
      </trkpt>
      <trkpt lat="47.37982" lon="12.42227">
        <ele>888</ele>
        <time>2026-05-12T23:53:42+00:00</time>
      </trkpt>
      <trkpt lat="47.37995" lon="12.42227">
        <ele>888</ele>
        <time>2026-05-12T23:53:45+00:00</time>
      </trkpt>
      <trkpt lat="47.37981" lon="12.42216">
        <ele>889</ele>
        <time>2026-05-12T23:53:48+00:00</time>
      </trkpt>
      <trkpt lat="47.37997" lon="12.42217">
        <ele>889</ele>
        <time>2026-05-12T23:53:51+00:00</time>
      </trkpt>
      <trkpt lat="47.38008" lon="12.42213">
        <ele>888</ele>
        <time>2026-05-12T23:53:54+00:00</time>
      </trkpt>
      <trkpt lat="47.38017" lon="12.42206">
        <ele>891</ele>
        <time>2026-05-12T23:53:57+00:00</time>
      </trkpt>
      <trkpt lat="47.38023" lon="12.42201">
        <ele>891</ele>
        <time>2026-05-12T23:54:00+00:00</time>
      </trkpt>
      <trkpt lat="47.38026" lon="12.42198">
        <ele>893</ele>
        <time>2026-05-12T23:54:03+00:00</time>
      </trkpt>
      <trkpt lat="47.38035" lon="12.42196">
        <ele>891</ele>
        <time>2026-05-12T23:54:06+00:00</time>
      </trkpt>
      <trkpt lat="47.3804" lon="12.42195">
        <ele>893</ele>
        <time>2026-05-12T23:54:09+00:00</time>
      </trkpt>
      <trkpt lat="47.38046" lon="12.42194">
        <ele>893</ele>
        <time>2026-05-12T23:54:12+00:00</time>
      </trkpt>
      <trkpt lat="47.38051" lon="12.42193">
        <ele>892</ele>
        <time>2026-05-12T23:54:15+00:00</time>
      </trkpt>
      <trkpt lat="47.38055" lon="12.42192">
        <ele>892</ele>
        <time>2026-05-12T23:54:18+00:00</time>
      </trkpt>
      <trkpt lat="47.3806" lon="12.42186">
        <ele>895</ele>
        <time>2026-05-12T23:54:21+00:00</time>
      </trkpt>
      <trkpt lat="47.38063" lon="12.42182">
        <ele>895</ele>
        <time>2026-05-12T23:54:24+00:00</time>
      </trkpt>
      <trkpt lat="47.38065" lon="12.42179">
        <ele>897</ele>
        <time>2026-05-12T23:54:27+00:00</time>
      </trkpt>
      <trkpt lat="47.38068" lon="12.42165">
        <ele>899</ele>
        <time>2026-05-12T23:54:30+00:00</time>
      </trkpt>
      <trkpt lat="47.3807" lon="12.42156">
        <ele>902</ele>
        <time>2026-05-12T23:54:33+00:00</time>
      </trkpt>
      <trkpt lat="47.3807" lon="12.42152">
        <ele>900</ele>
        <time>2026-05-12T23:54:36+00:00</time>
      </trkpt>
      <trkpt lat="47.38071" lon="12.42145">
        <ele>902</ele>
        <time>2026-05-12T23:54:39+00:00</time>
      </trkpt>
      <trkpt lat="47.3807" lon="12.42133">
        <ele>905</ele>
        <time>2026-05-12T23:54:42+00:00</time>
      </trkpt>
      <trkpt lat="47.38068" lon="12.42122">
        <ele>906</ele>
        <time>2026-05-12T23:54:45+00:00</time>
      </trkpt>
      <trkpt lat="47.38068" lon="12.42114">
        <ele>907</ele>
        <time>2026-05-12T23:54:48+00:00</time>
      </trkpt>
      <trkpt lat="47.38068" lon="12.42107">
        <ele>908</ele>
        <time>2026-05-12T23:54:51+00:00</time>
      </trkpt>
      <trkpt lat="47.38071" lon="12.42103">
        <ele>907</ele>
        <time>2026-05-12T23:54:54+00:00</time>
      </trkpt>
      <trkpt lat="47.38073" lon="12.42097">
        <ele>908</ele>
        <time>2026-05-12T23:54:57+00:00</time>
      </trkpt>
      <trkpt lat="47.38072" lon="12.42091">
        <ele>908</ele>
        <time>2026-05-12T23:55:00+00:00</time>
      </trkpt>
      <trkpt lat="47.38067" lon="12.42098">
        <ele>910</ele>
        <time>2026-05-12T23:55:03+00:00</time>
      </trkpt>
      <trkpt lat="47.3806" lon="12.42098">
        <ele>910</ele>
        <time>2026-05-12T23:55:06+00:00</time>
      </trkpt>
      <trkpt lat="47.38049" lon="12.42099">
        <ele>911</ele>
        <time>2026-05-12T23:55:09+00:00</time>
      </trkpt>
      <trkpt lat="47.38035" lon="12.42098">
        <ele>912</ele>
        <time>2026-05-12T23:55:12+00:00</time>
      </trkpt>
      <trkpt lat="47.38016" lon="12.42096">
        <ele>913</ele>
        <time>2026-05-12T23:55:15+00:00</time>
      </trkpt>
      <trkpt lat="47.38008" lon="12.42094">
        <ele>914</ele>
        <time>2026-05-12T23:55:18+00:00</time>
      </trkpt>
      <trkpt lat="47.38006" lon="12.42089">
        <ele>915</ele>
        <time>2026-05-12T23:55:21+00:00</time>
      </trkpt>
      <trkpt lat="47.38005" lon="12.42083">
        <ele>915</ele>
        <time>2026-05-12T23:55:24+00:00</time>
      </trkpt>
      <trkpt lat="47.38005" lon="12.42075">
        <ele>917</ele>
        <time>2026-05-12T23:55:27+00:00</time>
      </trkpt>
      <trkpt lat="47.38006" lon="12.42065">
        <ele>918</ele>
        <time>2026-05-12T23:55:30+00:00</time>
      </trkpt>
      <trkpt lat="47.38007" lon="12.42055">
        <ele>919</ele>
        <time>2026-05-12T23:55:33+00:00</time>
      </trkpt>
      <trkpt lat="47.38005" lon="12.42046">
        <ele>920</ele>
        <time>2026-05-12T23:55:36+00:00</time>
      </trkpt>
      <trkpt lat="47.37993" lon="12.42037">
        <ele>921</ele>
        <time>2026-05-12T23:55:39+00:00</time>
      </trkpt>
      <trkpt lat="47.37977" lon="12.42027">
        <ele>922</ele>
        <time>2026-05-12T23:55:42+00:00</time>
      </trkpt>
      <trkpt lat="47.37965" lon="12.4202">
        <ele>923</ele>
        <time>2026-05-12T23:55:45+00:00</time>
      </trkpt>
      <trkpt lat="47.37955" lon="12.42013">
        <ele>923</ele>
        <time>2026-05-12T23:55:48+00:00</time>
      </trkpt>
      <trkpt lat="47.37945" lon="12.42006">
        <ele>925</ele>
        <time>2026-05-12T23:55:51+00:00</time>
      </trkpt>
      <trkpt lat="47.37931" lon="12.41998">
        <ele>925</ele>
        <time>2026-05-12T23:55:54+00:00</time>
      </trkpt>
      <trkpt lat="47.3793" lon="12.41992">
        <ele>925</ele>
        <time>2026-05-12T23:55:57+00:00</time>
      </trkpt>
      <trkpt lat="47.3793" lon="12.41982">
        <ele>926</ele>
        <time>2026-05-12T23:56:00+00:00</time>
      </trkpt>
      <trkpt lat="47.3793" lon="12.41969">
        <ele>928</ele>
        <time>2026-05-12T23:56:03+00:00</time>
      </trkpt>
      <trkpt lat="47.3793" lon="12.41953">
        <ele>928</ele>
        <time>2026-05-12T23:56:06+00:00</time>
      </trkpt>
      <trkpt lat="47.3793" lon="12.41948">
        <ele>929</ele>
        <time>2026-05-12T23:56:09+00:00</time>
      </trkpt>
      <trkpt lat="47.37931" lon="12.41944">
        <ele>929</ele>
        <time>2026-05-12T23:56:12+00:00</time>
      </trkpt>
      <trkpt lat="47.37914" lon="12.41944">
        <ele>928</ele>
        <time>2026-05-12T23:56:15+00:00</time>
      </trkpt>
      <trkpt lat="47.37898" lon="12.41943">
        <ele>928</ele>
        <time>2026-05-12T23:56:18+00:00</time>
      </trkpt>
      <trkpt lat="47.37886" lon="12.41944">
        <ele>928</ele>
        <time>2026-05-12T23:56:21+00:00</time>
      </trkpt>
      <trkpt lat="47.37868" lon="12.41942">
        <ele>927</ele>
        <time>2026-05-12T23:56:24+00:00</time>
      </trkpt>
      <trkpt lat="47.37851" lon="12.41942">
        <ele>927</ele>
        <time>2026-05-12T23:56:27+00:00</time>
      </trkpt>
      <trkpt lat="47.3783" lon="12.41942">
        <ele>927</ele>
        <time>2026-05-12T23:56:30+00:00</time>
      </trkpt>
      <trkpt lat="47.37809" lon="12.41939">
        <ele>927</ele>
        <time>2026-05-12T23:56:33+00:00</time>
      </trkpt>
      <trkpt lat="47.37783" lon="12.41938">
        <ele>927</ele>
        <time>2026-05-12T23:56:36+00:00</time>
      </trkpt>
      <trkpt lat="47.37748" lon="12.41936">
        <ele>927</ele>
        <time>2026-05-12T23:56:39+00:00</time>
      </trkpt>
      <trkpt lat="47.37748" lon="12.41941">
        <ele>926</ele>
        <time>2026-05-12T23:56:42+00:00</time>
      </trkpt>
      <trkpt lat="47.37747" lon="12.41945">
        <ele>926</ele>
        <time>2026-05-12T23:56:45+00:00</time>
      </trkpt>
      <trkpt lat="47.37745" lon="12.41948">
        <ele>926</ele>
        <time>2026-05-12T23:56:48+00:00</time>
      </trkpt>
      <trkpt lat="47.37741" lon="12.4195">
        <ele>926</ele>
        <time>2026-05-12T23:56:51+00:00</time>
      </trkpt>
      <trkpt lat="47.3773" lon="12.41949">
        <ele>926</ele>
        <time>2026-05-12T23:56:54+00:00</time>
      </trkpt>
      <trkpt lat="47.37718" lon="12.41949">
        <ele>926</ele>
        <time>2026-05-12T23:56:57+00:00</time>
      </trkpt>
      <trkpt lat="47.37706" lon="12.41947">
        <ele>926</ele>
        <time>2026-05-12T23:57:00+00:00</time>
      </trkpt>
      <trkpt lat="47.37699" lon="12.41947">
        <ele>926</ele>
        <time>2026-05-12T23:57:03+00:00</time>
      </trkpt>
      <trkpt lat="47.37691" lon="12.41954">
        <ele>925</ele>
        <time>2026-05-12T23:57:06+00:00</time>
      </trkpt>
      <trkpt lat="47.37687" lon="12.41952">
        <ele>926</ele>
        <time>2026-05-12T23:57:09+00:00</time>
      </trkpt>
      <trkpt lat="47.37676" lon="12.4195">
        <ele>926</ele>
        <time>2026-05-12T23:57:12+00:00</time>
      </trkpt>
      <trkpt lat="47.37668" lon="12.41957">
        <ele>926</ele>
        <time>2026-05-12T23:57:15+00:00</time>
      </trkpt>
      <trkpt lat="47.3766" lon="12.41963">
        <ele>925</ele>
        <time>2026-05-12T23:57:18+00:00</time>
      </trkpt>
      <trkpt lat="47.37657" lon="12.41973">
        <ele>923</ele>
        <time>2026-05-12T23:57:21+00:00</time>
      </trkpt>
      <trkpt lat="47.37652" lon="12.4199">
        <ele>921</ele>
        <time>2026-05-12T23:57:24+00:00</time>
      </trkpt>
      <trkpt lat="47.37648" lon="12.41997">
        <ele>922</ele>
        <time>2026-05-12T23:57:27+00:00</time>
      </trkpt>
      <trkpt lat="47.37646" lon="12.42003">
        <ele>920</ele>
        <time>2026-05-12T23:57:30+00:00</time>
      </trkpt>
      <trkpt lat="47.37645" lon="12.4201">
        <ele>920</ele>
        <time>2026-05-12T23:57:33+00:00</time>
      </trkpt>
      <trkpt lat="47.37648" lon="12.42023">
        <ele>916</ele>
        <time>2026-05-12T23:57:36+00:00</time>
      </trkpt>
      <trkpt lat="47.37645" lon="12.42039">
        <ele>914</ele>
        <time>2026-05-12T23:57:39+00:00</time>
      </trkpt>
      <trkpt lat="47.37634" lon="12.42044">
        <ele>913</ele>
        <time>2026-05-12T23:57:42+00:00</time>
      </trkpt>
      <trkpt lat="47.3763" lon="12.42045">
        <ele>913</ele>
        <time>2026-05-12T23:57:45+00:00</time>
      </trkpt>
      <trkpt lat="47.37626" lon="12.42051">
        <ele>911</ele>
        <time>2026-05-12T23:57:48+00:00</time>
      </trkpt>
      <trkpt lat="47.3762" lon="12.42055">
        <ele>912</ele>
        <time>2026-05-12T23:57:51+00:00</time>
      </trkpt>
      <trkpt lat="47.37606" lon="12.42055">
        <ele>913</ele>
        <time>2026-05-12T23:57:54+00:00</time>
      </trkpt>
      <trkpt lat="47.3759" lon="12.42055">
        <ele>914</ele>
        <time>2026-05-12T23:57:57+00:00</time>
      </trkpt>
      <trkpt lat="47.37575" lon="12.42055">
        <ele>915</ele>
        <time>2026-05-12T23:58:00+00:00</time>
      </trkpt>
      <trkpt lat="47.37559" lon="12.42053">
        <ele>916</ele>
        <time>2026-05-12T23:58:03+00:00</time>
      </trkpt>
      <trkpt lat="47.37548" lon="12.42043">
        <ele>918</ele>
        <time>2026-05-12T23:58:06+00:00</time>
      </trkpt>
      <trkpt lat="47.37539" lon="12.42034">
        <ele>921</ele>
        <time>2026-05-12T23:58:09+00:00</time>
      </trkpt>
      <trkpt lat="47.37534" lon="12.42033">
        <ele>921</ele>
        <time>2026-05-12T23:58:12+00:00</time>
      </trkpt>
      <trkpt lat="47.37522" lon="12.42027">
        <ele>923</ele>
        <time>2026-05-12T23:58:15+00:00</time>
      </trkpt>
      <trkpt lat="47.37496" lon="12.42018">
        <ele>925</ele>
        <time>2026-05-12T23:58:18+00:00</time>
      </trkpt>
      <trkpt lat="47.37476" lon="12.42014">
        <ele>925</ele>
        <time>2026-05-12T23:58:21+00:00</time>
      </trkpt>
      <trkpt lat="47.37466" lon="12.42013">
        <ele>924</ele>
        <time>2026-05-12T23:58:24+00:00</time>
      </trkpt>
      <trkpt lat="47.37456" lon="12.42008">
        <ele>926</ele>
        <time>2026-05-12T23:58:27+00:00</time>
      </trkpt>
      <trkpt lat="47.37453" lon="12.4198">
        <ele>929</ele>
        <time>2026-05-12T23:58:30+00:00</time>
      </trkpt>
      <trkpt lat="47.37448" lon="12.41958">
        <ele>931</ele>
        <time>2026-05-12T23:58:33+00:00</time>
      </trkpt>
      <trkpt lat="47.37442" lon="12.41942">
        <ele>932</ele>
        <time>2026-05-12T23:58:36+00:00</time>
      </trkpt>
      <trkpt lat="47.37436" lon="12.4193">
        <ele>935</ele>
        <time>2026-05-12T23:58:39+00:00</time>
      </trkpt>
      <trkpt lat="47.37426" lon="12.4193">
        <ele>933</ele>
        <time>2026-05-12T23:58:42+00:00</time>
      </trkpt>
      <trkpt lat="47.37409" lon="12.41933">
        <ele>934</ele>
        <time>2026-05-12T23:58:45+00:00</time>
      </trkpt>
      <trkpt lat="47.37395" lon="12.41937">
        <ele>934</ele>
        <time>2026-05-12T23:58:48+00:00</time>
      </trkpt>
      <trkpt lat="47.37376" lon="12.41939">
        <ele>934</ele>
        <time>2026-05-12T23:58:51+00:00</time>
      </trkpt>
      <trkpt lat="47.37364" lon="12.4194">
        <ele>934</ele>
        <time>2026-05-12T23:58:54+00:00</time>
      </trkpt>
      <trkpt lat="47.37346" lon="12.41943">
        <ele>934</ele>
        <time>2026-05-12T23:58:57+00:00</time>
      </trkpt>
      <trkpt lat="47.37334" lon="12.41947">
        <ele>934</ele>
        <time>2026-05-12T23:59:00+00:00</time>
      </trkpt>
      <trkpt lat="47.37324" lon="12.41952">
        <ele>933</ele>
        <time>2026-05-12T23:59:03+00:00</time>
      </trkpt>
      <trkpt lat="47.37311" lon="12.41959">
        <ele>933</ele>
        <time>2026-05-12T23:59:06+00:00</time>
      </trkpt>
      <trkpt lat="47.37291" lon="12.41965">
        <ele>932</ele>
        <time>2026-05-12T23:59:09+00:00</time>
      </trkpt>
      <trkpt lat="47.37282" lon="12.41966">
        <ele>932</ele>
        <time>2026-05-12T23:59:12+00:00</time>
      </trkpt>
      <trkpt lat="47.37267" lon="12.41967">
        <ele>932</ele>
        <time>2026-05-12T23:59:15+00:00</time>
      </trkpt>
      <trkpt lat="47.37244" lon="12.41966">
        <ele>932</ele>
        <time>2026-05-12T23:59:18+00:00</time>
      </trkpt>
      <trkpt lat="47.37231" lon="12.41963">
        <ele>932</ele>
        <time>2026-05-12T23:59:21+00:00</time>
      </trkpt>
      <trkpt lat="47.37218" lon="12.41962">
        <ele>930</ele>
        <time>2026-05-12T23:59:24+00:00</time>
      </trkpt>
      <trkpt lat="47.37203" lon="12.41973">
        <ele>929</ele>
        <time>2026-05-12T23:59:27+00:00</time>
      </trkpt>
      <trkpt lat="47.37191" lon="12.41981">
        <ele>927</ele>
        <time>2026-05-12T23:59:30+00:00</time>
      </trkpt>
      <trkpt lat="47.37178" lon="12.41988">
        <ele>925</ele>
        <time>2026-05-12T23:59:33+00:00</time>
      </trkpt>
      <trkpt lat="47.37161" lon="12.41988">
        <ele>925</ele>
        <time>2026-05-12T23:59:36+00:00</time>
      </trkpt>
      <trkpt lat="47.37147" lon="12.41986">
        <ele>922</ele>
        <time>2026-05-12T23:59:39+00:00</time>
      </trkpt>
      <trkpt lat="47.37131" lon="12.41983">
        <ele>921</ele>
        <time>2026-05-12T23:59:42+00:00</time>
      </trkpt>
      <trkpt lat="47.37114" lon="12.41979">
        <ele>920</ele>
        <time>2026-05-12T23:59:45+00:00</time>
      </trkpt>
      <trkpt lat="47.37101" lon="12.41977">
        <ele>919</ele>
        <time>2026-05-12T23:59:48+00:00</time>
      </trkpt>
      <trkpt lat="47.37094" lon="12.41976">
        <ele>918</ele>
        <time>2026-05-12T23:59:51+00:00</time>
      </trkpt>
      <trkpt lat="47.37092" lon="12.41981">
        <ele>918</ele>
        <time>2026-05-12T23:59:54+00:00</time>
      </trkpt>
      <trkpt lat="47.37091" lon="12.41986">
        <ele>918</ele>
        <time>2026-05-12T23:59:57+00:00</time>
      </trkpt>
      <trkpt lat="47.3709" lon="12.41991">
        <ele>917</ele>
        <time>2026-05-13T00:00:00+00:00</time>
      </trkpt>
      <trkpt lat="47.37086" lon="12.42014">
        <ele>915</ele>
        <time>2026-05-13T00:00:03+00:00</time>
      </trkpt>
      <trkpt lat="47.37084" lon="12.42034">
        <ele>914</ele>
        <time>2026-05-13T00:00:06+00:00</time>
      </trkpt>
      <trkpt lat="47.37083" lon="12.42055">
        <ele>913</ele>
        <time>2026-05-13T00:00:09+00:00</time>
      </trkpt>
      <trkpt lat="47.37083" lon="12.42063">
        <ele>912</ele>
        <time>2026-05-13T00:00:12+00:00</time>
      </trkpt>
      <trkpt lat="47.3708" lon="12.42063">
        <ele>912</ele>
        <time>2026-05-13T00:00:15+00:00</time>
      </trkpt>
      <trkpt lat="47.37078" lon="12.42064">
        <ele>912</ele>
        <time>2026-05-13T00:00:18+00:00</time>
      </trkpt>
      <trkpt lat="47.37074" lon="12.42064">
        <ele>912</ele>
        <time>2026-05-13T00:00:21+00:00</time>
      </trkpt>
      <trkpt lat="47.37066" lon="12.42066">
        <ele>912</ele>
        <time>2026-05-13T00:00:24+00:00</time>
      </trkpt>
      <trkpt lat="47.37058" lon="12.42068">
        <ele>912</ele>
        <time>2026-05-13T00:00:27+00:00</time>
      </trkpt>
      <trkpt lat="47.37048" lon="12.4207">
        <ele>912</ele>
        <time>2026-05-13T00:00:30+00:00</time>
      </trkpt>
      <trkpt lat="47.37043" lon="12.42068">
        <ele>912</ele>
        <time>2026-05-13T00:00:33+00:00</time>
      </trkpt>
      <trkpt lat="47.37038" lon="12.42067">
        <ele>912</ele>
        <time>2026-05-13T00:00:36+00:00</time>
      </trkpt>
      <trkpt lat="47.37032" lon="12.42064">
        <ele>912</ele>
        <time>2026-05-13T00:00:39+00:00</time>
      </trkpt>
      <trkpt lat="47.37028" lon="12.42061">
        <ele>912</ele>
        <time>2026-05-13T00:00:42+00:00</time>
      </trkpt>
      <trkpt lat="47.37024" lon="12.42059">
        <ele>912</ele>
        <time>2026-05-13T00:00:45+00:00</time>
      </trkpt>
      <trkpt lat="47.3702" lon="12.42056">
        <ele>912</ele>
        <time>2026-05-13T00:00:48+00:00</time>
      </trkpt>
      <trkpt lat="47.37017" lon="12.42054">
        <ele>912</ele>
        <time>2026-05-13T00:00:51+00:00</time>
      </trkpt>
      <trkpt lat="47.37009" lon="12.42046">
        <ele>913</ele>
        <time>2026-05-13T00:00:54+00:00</time>
      </trkpt>
      <trkpt lat="47.37001" lon="12.42039">
        <ele>913</ele>
        <time>2026-05-13T00:00:57+00:00</time>
      </trkpt>
      <trkpt lat="47.36992" lon="12.42029">
        <ele>913</ele>
        <time>2026-05-13T00:01:00+00:00</time>
      </trkpt>
      <trkpt lat="47.36974" lon="12.42001">
        <ele>913</ele>
        <time>2026-05-13T00:01:03+00:00</time>
      </trkpt>
      <trkpt lat="47.36964" lon="12.41987">
        <ele>914</ele>
        <time>2026-05-13T00:01:06+00:00</time>
      </trkpt>
      <trkpt lat="47.36953" lon="12.41981">
        <ele>914</ele>
        <time>2026-05-13T00:01:09+00:00</time>
      </trkpt>
      <trkpt lat="47.36939" lon="12.41986">
        <ele>914</ele>
        <time>2026-05-13T00:01:12+00:00</time>
      </trkpt>
      <trkpt lat="47.36916" lon="12.41995">
        <ele>914</ele>
        <time>2026-05-13T00:01:15+00:00</time>
      </trkpt>
      <trkpt lat="47.36908" lon="12.41994">
        <ele>915</ele>
        <time>2026-05-13T00:01:18+00:00</time>
      </trkpt>
      <trkpt lat="47.36889" lon="12.41986">
        <ele>915</ele>
        <time>2026-05-13T00:01:21+00:00</time>
      </trkpt>
      <trkpt lat="47.36875" lon="12.41988">
        <ele>915</ele>
        <time>2026-05-13T00:01:24+00:00</time>
      </trkpt>
      <trkpt lat="47.36867" lon="12.41989">
        <ele>916</ele>
        <time>2026-05-13T00:01:27+00:00</time>
      </trkpt>
      <trkpt lat="47.36859" lon="12.41982">
        <ele>916</ele>
        <time>2026-05-13T00:01:30+00:00</time>
      </trkpt>
      <trkpt lat="47.36853" lon="12.41977">
        <ele>916</ele>
        <time>2026-05-13T00:01:33+00:00</time>
      </trkpt>
      <trkpt lat="47.36845" lon="12.41971">
        <ele>916</ele>
        <time>2026-05-13T00:01:36+00:00</time>
      </trkpt>
      <trkpt lat="47.36834" lon="12.41968">
        <ele>917</ele>
        <time>2026-05-13T00:01:39+00:00</time>
      </trkpt>
      <trkpt lat="47.36825" lon="12.41965">
        <ele>917</ele>
        <time>2026-05-13T00:01:42+00:00</time>
      </trkpt>
      <trkpt lat="47.36813" lon="12.41959">
        <ele>918</ele>
        <time>2026-05-13T00:01:45+00:00</time>
      </trkpt>
      <trkpt lat="47.368" lon="12.41949">
        <ele>918</ele>
        <time>2026-05-13T00:01:48+00:00</time>
      </trkpt>
      <trkpt lat="47.36788" lon="12.41939">
        <ele>919</ele>
        <time>2026-05-13T00:01:51+00:00</time>
      </trkpt>
      <trkpt lat="47.36773" lon="12.41927">
        <ele>919</ele>
        <time>2026-05-13T00:01:54+00:00</time>
      </trkpt>
      <trkpt lat="47.36762" lon="12.41921">
        <ele>920</ele>
        <time>2026-05-13T00:01:57+00:00</time>
      </trkpt>
      <trkpt lat="47.36756" lon="12.41914">
        <ele>920</ele>
        <time>2026-05-13T00:02:00+00:00</time>
      </trkpt>
      <trkpt lat="47.36745" lon="12.41909">
        <ele>921</ele>
        <time>2026-05-13T00:02:03+00:00</time>
      </trkpt>
      <trkpt lat="47.36734" lon="12.419">
        <ele>921</ele>
        <time>2026-05-13T00:02:06+00:00</time>
      </trkpt>
      <trkpt lat="47.36721" lon="12.41891">
        <ele>922</ele>
        <time>2026-05-13T00:02:09+00:00</time>
      </trkpt>
      <trkpt lat="47.36711" lon="12.41884">
        <ele>922</ele>
        <time>2026-05-13T00:02:12+00:00</time>
      </trkpt>
      <trkpt lat="47.36701" lon="12.4188">
        <ele>923</ele>
        <time>2026-05-13T00:02:15+00:00</time>
      </trkpt>
      <trkpt lat="47.36691" lon="12.41877">
        <ele>923</ele>
        <time>2026-05-13T00:02:18+00:00</time>
      </trkpt>
      <trkpt lat="47.36679" lon="12.41877">
        <ele>924</ele>
        <time>2026-05-13T00:02:21+00:00</time>
      </trkpt>
      <trkpt lat="47.36669" lon="12.41877">
        <ele>924</ele>
        <time>2026-05-13T00:02:24+00:00</time>
      </trkpt>
      <trkpt lat="47.36662" lon="12.41877">
        <ele>924</ele>
        <time>2026-05-13T00:02:27+00:00</time>
      </trkpt>
      <trkpt lat="47.36656" lon="12.41872">
        <ele>924</ele>
        <time>2026-05-13T00:02:30+00:00</time>
      </trkpt>
      <trkpt lat="47.36652" lon="12.41868">
        <ele>925</ele>
        <time>2026-05-13T00:02:33+00:00</time>
      </trkpt>
      <trkpt lat="47.36646" lon="12.41858">
        <ele>925</ele>
        <time>2026-05-13T00:02:36+00:00</time>
      </trkpt>
      <trkpt lat="47.36638" lon="12.41847">
        <ele>926</ele>
        <time>2026-05-13T00:02:39+00:00</time>
      </trkpt>
      <trkpt lat="47.3663" lon="12.41835">
        <ele>927</ele>
        <time>2026-05-13T00:02:42+00:00</time>
      </trkpt>
      <trkpt lat="47.36619" lon="12.41815">
        <ele>928</ele>
        <time>2026-05-13T00:02:45+00:00</time>
      </trkpt>
      <trkpt lat="47.36609" lon="12.41797">
        <ele>929</ele>
        <time>2026-05-13T00:02:48+00:00</time>
      </trkpt>
      <trkpt lat="47.36594" lon="12.41777">
        <ele>930</ele>
        <time>2026-05-13T00:02:51+00:00</time>
      </trkpt>
      <trkpt lat="47.36588" lon="12.41769">
        <ele>931</ele>
        <time>2026-05-13T00:02:54+00:00</time>
      </trkpt>
      <trkpt lat="47.36582" lon="12.41764">
        <ele>931</ele>
        <time>2026-05-13T00:02:57+00:00</time>
      </trkpt>
      <trkpt lat="47.36568" lon="12.41746">
        <ele>929</ele>
        <time>2026-05-13T00:03:00+00:00</time>
      </trkpt>
      <trkpt lat="47.36555" lon="12.41756">
        <ele>930</ele>
        <time>2026-05-13T00:03:03+00:00</time>
      </trkpt>
      <trkpt lat="47.36543" lon="12.41763">
        <ele>929</ele>
        <time>2026-05-13T00:03:06+00:00</time>
      </trkpt>
      <trkpt lat="47.36525" lon="12.41766">
        <ele>929</ele>
        <time>2026-05-13T00:03:09+00:00</time>
      </trkpt>
      <trkpt lat="47.365" lon="12.4176">
        <ele>928</ele>
        <time>2026-05-13T00:03:12+00:00</time>
      </trkpt>
      <trkpt lat="47.36485" lon="12.41755">
        <ele>928</ele>
        <time>2026-05-13T00:03:15+00:00</time>
      </trkpt>
      <trkpt lat="47.36468" lon="12.41748">
        <ele>928</ele>
        <time>2026-05-13T00:03:18+00:00</time>
      </trkpt>
      <trkpt lat="47.36452" lon="12.41745">
        <ele>928</ele>
        <time>2026-05-13T00:03:21+00:00</time>
      </trkpt>
      <trkpt lat="47.36435" lon="12.41738">
        <ele>929</ele>
        <time>2026-05-13T00:03:24+00:00</time>
      </trkpt>
      <trkpt lat="47.36415" lon="12.41733">
        <ele>929</ele>
        <time>2026-05-13T00:03:27+00:00</time>
      </trkpt>
      <trkpt lat="47.36401" lon="12.41718">
        <ele>930</ele>
        <time>2026-05-13T00:03:30+00:00</time>
      </trkpt>
      <trkpt lat="47.36385" lon="12.417">
        <ele>931</ele>
        <time>2026-05-13T00:03:33+00:00</time>
      </trkpt>
      <trkpt lat="47.36369" lon="12.41699">
        <ele>932</ele>
        <time>2026-05-13T00:03:36+00:00</time>
      </trkpt>
      <trkpt lat="47.36356" lon="12.41705">
        <ele>931</ele>
        <time>2026-05-13T00:03:39+00:00</time>
      </trkpt>
      <trkpt lat="47.36345" lon="12.41719">
        <ele>931</ele>
        <time>2026-05-13T00:03:42+00:00</time>
      </trkpt>
      <trkpt lat="47.36335" lon="12.41738">
        <ele>931</ele>
        <time>2026-05-13T00:03:45+00:00</time>
      </trkpt>
      <trkpt lat="47.36325" lon="12.41763">
        <ele>932</ele>
        <time>2026-05-13T00:03:48+00:00</time>
      </trkpt>
      <trkpt lat="47.36315" lon="12.41787">
        <ele>933</ele>
        <time>2026-05-13T00:03:51+00:00</time>
      </trkpt>
      <trkpt lat="47.36304" lon="12.41814">
        <ele>935</ele>
        <time>2026-05-13T00:03:54+00:00</time>
      </trkpt>
      <trkpt lat="47.36285" lon="12.41866">
        <ele>938</ele>
        <time>2026-05-13T00:03:57+00:00</time>
      </trkpt>
      <trkpt lat="47.36273" lon="12.41894">
        <ele>940</ele>
        <time>2026-05-13T00:04:00+00:00</time>
      </trkpt>
      <trkpt lat="47.36261" lon="12.41907">
        <ele>941</ele>
        <time>2026-05-13T00:04:03+00:00</time>
      </trkpt>
      <trkpt lat="47.36248" lon="12.41917">
        <ele>943</ele>
        <time>2026-05-13T00:04:06+00:00</time>
      </trkpt>
      <trkpt lat="47.36237" lon="12.41923">
        <ele>944</ele>
        <time>2026-05-13T00:04:09+00:00</time>
      </trkpt>
      <trkpt lat="47.36216" lon="12.41945">
        <ele>946</ele>
        <time>2026-05-13T00:04:12+00:00</time>
      </trkpt>
      <trkpt lat="47.36203" lon="12.41955">
        <ele>947</ele>
        <time>2026-05-13T00:04:15+00:00</time>
      </trkpt>
      <trkpt lat="47.36188" lon="12.4196">
        <ele>948</ele>
        <time>2026-05-13T00:04:18+00:00</time>
      </trkpt>
      <trkpt lat="47.36174" lon="12.41965">
        <ele>949</ele>
        <time>2026-05-13T00:04:21+00:00</time>
      </trkpt>
      <trkpt lat="47.36157" lon="12.41972">
        <ele>950</ele>
        <time>2026-05-13T00:04:24+00:00</time>
      </trkpt>
      <trkpt lat="47.36149" lon="12.41974">
        <ele>950</ele>
        <time>2026-05-13T00:04:27+00:00</time>
      </trkpt>
      <trkpt lat="47.36141" lon="12.41977">
        <ele>950</ele>
        <time>2026-05-13T00:04:30+00:00</time>
      </trkpt>
      <trkpt lat="47.36136" lon="12.41978">
        <ele>951</ele>
        <time>2026-05-13T00:04:33+00:00</time>
      </trkpt>
      <trkpt lat="47.36135" lon="12.41985">
        <ele>951</ele>
        <time>2026-05-13T00:04:36+00:00</time>
      </trkpt>
      <trkpt lat="47.36129" lon="12.41993">
        <ele>952</ele>
        <time>2026-05-13T00:04:39+00:00</time>
      </trkpt>
      <trkpt lat="47.36126" lon="12.42005">
        <ele>953</ele>
        <time>2026-05-13T00:04:42+00:00</time>
      </trkpt>
      <trkpt lat="47.3612" lon="12.42015">
        <ele>954</ele>
        <time>2026-05-13T00:04:45+00:00</time>
      </trkpt>
      <trkpt lat="47.36116" lon="12.42026">
        <ele>955</ele>
        <time>2026-05-13T00:04:48+00:00</time>
      </trkpt>
      <trkpt lat="47.3611" lon="12.42035">
        <ele>956</ele>
        <time>2026-05-13T00:04:51+00:00</time>
      </trkpt>
      <trkpt lat="47.36102" lon="12.42042">
        <ele>957</ele>
        <time>2026-05-13T00:04:54+00:00</time>
      </trkpt>
      <trkpt lat="47.36093" lon="12.4205">
        <ele>958</ele>
        <time>2026-05-13T00:04:57+00:00</time>
      </trkpt>
      <trkpt lat="47.36084" lon="12.42058">
        <ele>959</ele>
        <time>2026-05-13T00:05:00+00:00</time>
      </trkpt>
      <trkpt lat="47.36077" lon="12.42069">
        <ele>960</ele>
        <time>2026-05-13T00:05:03+00:00</time>
      </trkpt>
      <trkpt lat="47.36072" lon="12.42077">
        <ele>961</ele>
        <time>2026-05-13T00:05:06+00:00</time>
      </trkpt>
      <trkpt lat="47.36067" lon="12.42085">
        <ele>963</ele>
        <time>2026-05-13T00:05:09+00:00</time>
      </trkpt>
      <trkpt lat="47.36059" lon="12.42091">
        <ele>961</ele>
        <time>2026-05-13T00:05:12+00:00</time>
      </trkpt>
      <trkpt lat="47.36052" lon="12.42084">
        <ele>963</ele>
        <time>2026-05-13T00:05:15+00:00</time>
      </trkpt>
      <trkpt lat="47.36047" lon="12.42079">
        <ele>962</ele>
        <time>2026-05-13T00:05:18+00:00</time>
      </trkpt>
      <trkpt lat="47.36047" lon="12.42086">
        <ele>963</ele>
        <time>2026-05-13T00:05:21+00:00</time>
      </trkpt>
      <trkpt lat="47.36047" lon="12.42094">
        <ele>965</ele>
        <time>2026-05-13T00:05:24+00:00</time>
      </trkpt>
      <trkpt lat="47.36044" lon="12.42104">
        <ele>967</ele>
        <time>2026-05-13T00:05:27+00:00</time>
      </trkpt>
      <trkpt lat="47.36043" lon="12.42114">
        <ele>968</ele>
        <time>2026-05-13T00:05:30+00:00</time>
      </trkpt>
      <trkpt lat="47.36042" lon="12.42125">
        <ele>970</ele>
        <time>2026-05-13T00:05:33+00:00</time>
      </trkpt>
      <trkpt lat="47.36043" lon="12.42136">
        <ele>971</ele>
        <time>2026-05-13T00:05:36+00:00</time>
      </trkpt>
      <trkpt lat="47.36041" lon="12.42149">
        <ele>973</ele>
        <time>2026-05-13T00:05:39+00:00</time>
      </trkpt>
      <trkpt lat="47.36039" lon="12.42159">
        <ele>974</ele>
        <time>2026-05-13T00:05:42+00:00</time>
      </trkpt>
      <trkpt lat="47.36034" lon="12.42165">
        <ele>975</ele>
        <time>2026-05-13T00:05:45+00:00</time>
      </trkpt>
      <trkpt lat="47.36031" lon="12.42178">
        <ele>977</ele>
        <time>2026-05-13T00:05:48+00:00</time>
      </trkpt>
      <trkpt lat="47.36027" lon="12.42194">
        <ele>978</ele>
        <time>2026-05-13T00:05:51+00:00</time>
      </trkpt>
      <trkpt lat="47.3602" lon="12.42197">
        <ele>977</ele>
        <time>2026-05-13T00:05:54+00:00</time>
      </trkpt>
      <trkpt lat="47.36011" lon="12.42196">
        <ele>977</ele>
        <time>2026-05-13T00:05:57+00:00</time>
      </trkpt>
      <trkpt lat="47.36006" lon="12.42202">
        <ele>976</ele>
        <time>2026-05-13T00:06:00+00:00</time>
      </trkpt>
      <trkpt lat="47.36" lon="12.42207">
        <ele>983</ele>
        <time>2026-05-13T00:06:03+00:00</time>
      </trkpt>
      <trkpt lat="47.3599" lon="12.42218">
        <ele>981</ele>
        <time>2026-05-13T00:06:06+00:00</time>
      </trkpt>
      <trkpt lat="47.35975" lon="12.42238">
        <ele>984</ele>
        <time>2026-05-13T00:06:09+00:00</time>
      </trkpt>
      <trkpt lat="47.35981" lon="12.42249">
        <ele>987</ele>
        <time>2026-05-13T00:06:12+00:00</time>
      </trkpt>
      <trkpt lat="47.35986" lon="12.42254">
        <ele>988</ele>
        <time>2026-05-13T00:06:15+00:00</time>
      </trkpt>
      <trkpt lat="47.35999" lon="12.42277">
        <ele>985</ele>
        <time>2026-05-13T00:06:18+00:00</time>
      </trkpt>
      <trkpt lat="47.35997" lon="12.4229">
        <ele>985</ele>
        <time>2026-05-13T00:06:21+00:00</time>
      </trkpt>
      <trkpt lat="47.35994" lon="12.42301">
        <ele>987</ele>
        <time>2026-05-13T00:06:24+00:00</time>
      </trkpt>
      <trkpt lat="47.3598" lon="12.42301">
        <ele>991</ele>
        <time>2026-05-13T00:06:27+00:00</time>
      </trkpt>
      <trkpt lat="47.35964" lon="12.42301">
        <ele>1000</ele>
        <time>2026-05-13T00:06:30+00:00</time>
      </trkpt>
      <trkpt lat="47.35959" lon="12.42314">
        <ele>1004</ele>
        <time>2026-05-13T00:06:33+00:00</time>
      </trkpt>
      <trkpt lat="47.35955" lon="12.42327">
        <ele>1004</ele>
        <time>2026-05-13T00:06:36+00:00</time>
      </trkpt>
      <trkpt lat="47.35953" lon="12.42342">
        <ele>1005</ele>
        <time>2026-05-13T00:06:39+00:00</time>
      </trkpt>
      <trkpt lat="47.3595" lon="12.42351">
        <ele>1005</ele>
        <time>2026-05-13T00:06:42+00:00</time>
      </trkpt>
      <trkpt lat="47.35948" lon="12.4236">
        <ele>1008</ele>
        <time>2026-05-13T00:06:45+00:00</time>
      </trkpt>
      <trkpt lat="47.35946" lon="12.42369">
        <ele>1008</ele>
        <time>2026-05-13T00:06:48+00:00</time>
      </trkpt>
      <trkpt lat="47.35942" lon="12.42382">
        <ele>1007</ele>
        <time>2026-05-13T00:06:51+00:00</time>
      </trkpt>
      <trkpt lat="47.35938" lon="12.42395">
        <ele>1010</ele>
        <time>2026-05-13T00:06:54+00:00</time>
      </trkpt>
      <trkpt lat="47.35935" lon="12.4241">
        <ele>1009</ele>
        <time>2026-05-13T00:06:57+00:00</time>
      </trkpt>
      <trkpt lat="47.3593" lon="12.42423">
        <ele>1012</ele>
        <time>2026-05-13T00:07:00+00:00</time>
      </trkpt>
      <trkpt lat="47.35924" lon="12.42438">
        <ele>1015</ele>
        <time>2026-05-13T00:07:03+00:00</time>
      </trkpt>
      <trkpt lat="47.35921" lon="12.42446">
        <ele>1015</ele>
        <time>2026-05-13T00:07:06+00:00</time>
      </trkpt>
      <trkpt lat="47.35922" lon="12.42464">
        <ele>1014</ele>
        <time>2026-05-13T00:07:09+00:00</time>
      </trkpt>
      <trkpt lat="47.35924" lon="12.42486">
        <ele>1014</ele>
        <time>2026-05-13T00:07:12+00:00</time>
      </trkpt>
      <trkpt lat="47.35919" lon="12.42491">
        <ele>1020</ele>
        <time>2026-05-13T00:07:15+00:00</time>
      </trkpt>
      <trkpt lat="47.35913" lon="12.42505">
        <ele>1020</ele>
        <time>2026-05-13T00:07:18+00:00</time>
      </trkpt>
      <trkpt lat="47.35912" lon="12.4252">
        <ele>1020</ele>
        <time>2026-05-13T00:07:21+00:00</time>
      </trkpt>
      <trkpt lat="47.35912" lon="12.42535">
        <ele>1020</ele>
        <time>2026-05-13T00:07:24+00:00</time>
      </trkpt>
      <trkpt lat="47.35911" lon="12.42546">
        <ele>1020</ele>
        <time>2026-05-13T00:07:27+00:00</time>
      </trkpt>
      <trkpt lat="47.35908" lon="12.42552">
        <ele>1027</ele>
        <time>2026-05-13T00:07:30+00:00</time>
      </trkpt>
      <trkpt lat="47.35908" lon="12.42558">
        <ele>1027</ele>
        <time>2026-05-13T00:07:33+00:00</time>
      </trkpt>
      <trkpt lat="47.35908" lon="12.42566">
        <ele>1027</ele>
        <time>2026-05-13T00:07:36+00:00</time>
      </trkpt>
      <trkpt lat="47.35906" lon="12.42575">
        <ele>1026</ele>
        <time>2026-05-13T00:07:39+00:00</time>
      </trkpt>
      <trkpt lat="47.359" lon="12.42586">
        <ele>1029</ele>
        <time>2026-05-13T00:07:42+00:00</time>
      </trkpt>
      <trkpt lat="47.35894" lon="12.42599">
        <ele>1032</ele>
        <time>2026-05-13T00:07:45+00:00</time>
      </trkpt>
      <trkpt lat="47.35893" lon="12.42613">
        <ele>1031</ele>
        <time>2026-05-13T00:07:48+00:00</time>
      </trkpt>
      <trkpt lat="47.35893" lon="12.42625">
        <ele>1031</ele>
        <time>2026-05-13T00:07:51+00:00</time>
      </trkpt>
      <trkpt lat="47.3589" lon="12.42636">
        <ele>1031</ele>
        <time>2026-05-13T00:07:54+00:00</time>
      </trkpt>
      <trkpt lat="47.35889" lon="12.42642">
        <ele>1030</ele>
        <time>2026-05-13T00:07:57+00:00</time>
      </trkpt>
      <trkpt lat="47.35891" lon="12.42653">
        <ele>1030</ele>
        <time>2026-05-13T00:08:00+00:00</time>
      </trkpt>
      <trkpt lat="47.3589" lon="12.42665">
        <ele>1035</ele>
        <time>2026-05-13T00:08:03+00:00</time>
      </trkpt>
      <trkpt lat="47.35891" lon="12.42678">
        <ele>1030</ele>
        <time>2026-05-13T00:08:06+00:00</time>
      </trkpt>
      <trkpt lat="47.35892" lon="12.42687">
        <ele>1030</ele>
        <time>2026-05-13T00:08:09+00:00</time>
      </trkpt>
      <trkpt lat="47.35889" lon="12.42696">
        <ele>1034</ele>
        <time>2026-05-13T00:08:12+00:00</time>
      </trkpt>
      <trkpt lat="47.35887" lon="12.42708">
        <ele>1034</ele>
        <time>2026-05-13T00:08:15+00:00</time>
      </trkpt>
      <trkpt lat="47.35882" lon="12.42725">
        <ele>1034</ele>
        <time>2026-05-13T00:08:18+00:00</time>
      </trkpt>
      <trkpt lat="47.35884" lon="12.42737">
        <ele>1034</ele>
        <time>2026-05-13T00:08:21+00:00</time>
      </trkpt>
      <trkpt lat="47.35882" lon="12.42754">
        <ele>1033</ele>
        <time>2026-05-13T00:08:24+00:00</time>
      </trkpt>
      <trkpt lat="47.35877" lon="12.42774">
        <ele>1034</ele>
        <time>2026-05-13T00:08:27+00:00</time>
      </trkpt>
      <trkpt lat="47.35873" lon="12.42791">
        <ele>1035</ele>
        <time>2026-05-13T00:08:30+00:00</time>
      </trkpt>
      <trkpt lat="47.3587" lon="12.42805">
        <ele>1035</ele>
        <time>2026-05-13T00:08:33+00:00</time>
      </trkpt>
      <trkpt lat="47.35865" lon="12.42827">
        <ele>1037</ele>
        <time>2026-05-13T00:08:36+00:00</time>
      </trkpt>
      <trkpt lat="47.35859" lon="12.42842">
        <ele>1038</ele>
        <time>2026-05-13T00:08:39+00:00</time>
      </trkpt>
      <trkpt lat="47.35854" lon="12.42859">
        <ele>1042</ele>
        <time>2026-05-13T00:08:42+00:00</time>
      </trkpt>
      <trkpt lat="47.3585" lon="12.42876">
        <ele>1041</ele>
        <time>2026-05-13T00:08:45+00:00</time>
      </trkpt>
      <trkpt lat="47.35845" lon="12.42887">
        <ele>1045</ele>
        <time>2026-05-13T00:08:48+00:00</time>
      </trkpt>
      <trkpt lat="47.35842" lon="12.42902">
        <ele>1044</ele>
        <time>2026-05-13T00:08:51+00:00</time>
      </trkpt>
      <trkpt lat="47.35839" lon="12.42917">
        <ele>1048</ele>
        <time>2026-05-13T00:08:54+00:00</time>
      </trkpt>
      <trkpt lat="47.35837" lon="12.42929">
        <ele>1045</ele>
        <time>2026-05-13T00:08:57+00:00</time>
      </trkpt>
      <trkpt lat="47.35834" lon="12.42937">
        <ele>1047</ele>
        <time>2026-05-13T00:09:00+00:00</time>
      </trkpt>
      <trkpt lat="47.35833" lon="12.42948">
        <ele>1047</ele>
        <time>2026-05-13T00:09:03+00:00</time>
      </trkpt>
      <trkpt lat="47.35834" lon="12.4296">
        <ele>1046</ele>
        <time>2026-05-13T00:09:06+00:00</time>
      </trkpt>
      <trkpt lat="47.3583" lon="12.42971">
        <ele>1049</ele>
        <time>2026-05-13T00:09:09+00:00</time>
      </trkpt>
      <trkpt lat="47.35827" lon="12.4298">
        <ele>1049</ele>
        <time>2026-05-13T00:09:12+00:00</time>
      </trkpt>
      <trkpt lat="47.35825" lon="12.42987">
        <ele>1049</ele>
        <time>2026-05-13T00:09:15+00:00</time>
      </trkpt>
      <trkpt lat="47.35824" lon="12.42993">
        <ele>1049</ele>
        <time>2026-05-13T00:09:18+00:00</time>
      </trkpt>
      <trkpt lat="47.35825" lon="12.43017">
        <ele>1049</ele>
        <time>2026-05-13T00:09:21+00:00</time>
      </trkpt>
      <trkpt lat="47.35827" lon="12.43031">
        <ele>1048</ele>
        <time>2026-05-13T00:09:24+00:00</time>
      </trkpt>
      <trkpt lat="47.35822" lon="12.43048">
        <ele>1049</ele>
        <time>2026-05-13T00:09:27+00:00</time>
      </trkpt>
      <trkpt lat="47.3582" lon="12.43062">
        <ele>1049</ele>
        <time>2026-05-13T00:09:30+00:00</time>
      </trkpt>
      <trkpt lat="47.3582" lon="12.4308">
        <ele>1049</ele>
        <time>2026-05-13T00:09:33+00:00</time>
      </trkpt>
      <trkpt lat="47.35818" lon="12.43096">
        <ele>1051</ele>
        <time>2026-05-13T00:09:36+00:00</time>
      </trkpt>
      <trkpt lat="47.35818" lon="12.4311">
        <ele>1051</ele>
        <time>2026-05-13T00:09:39+00:00</time>
      </trkpt>
      <trkpt lat="47.35813" lon="12.43128">
        <ele>1051</ele>
        <time>2026-05-13T00:09:42+00:00</time>
      </trkpt>
      <trkpt lat="47.35808" lon="12.43142">
        <ele>1053</ele>
        <time>2026-05-13T00:09:45+00:00</time>
      </trkpt>
      <trkpt lat="47.35806" lon="12.43153">
        <ele>1053</ele>
        <time>2026-05-13T00:09:48+00:00</time>
      </trkpt>
      <trkpt lat="47.35802" lon="12.4317">
        <ele>1053</ele>
        <time>2026-05-13T00:09:51+00:00</time>
      </trkpt>
      <trkpt lat="47.35797" lon="12.43182">
        <ele>1056</ele>
        <time>2026-05-13T00:09:54+00:00</time>
      </trkpt>
      <trkpt lat="47.35795" lon="12.43199">
        <ele>1056</ele>
        <time>2026-05-13T00:09:57+00:00</time>
      </trkpt>
      <trkpt lat="47.35798" lon="12.43216">
        <ele>1056</ele>
        <time>2026-05-13T00:10:00+00:00</time>
      </trkpt>
      <trkpt lat="47.35795" lon="12.43233">
        <ele>1056</ele>
        <time>2026-05-13T00:10:03+00:00</time>
      </trkpt>
      <trkpt lat="47.35791" lon="12.43252">
        <ele>1057</ele>
        <time>2026-05-13T00:10:06+00:00</time>
      </trkpt>
      <trkpt lat="47.35789" lon="12.43267">
        <ele>1061</ele>
        <time>2026-05-13T00:10:09+00:00</time>
      </trkpt>
      <trkpt lat="47.35784" lon="12.43281">
        <ele>1061</ele>
        <time>2026-05-13T00:10:12+00:00</time>
      </trkpt>
      <trkpt lat="47.35781" lon="12.4329">
        <ele>1061</ele>
        <time>2026-05-13T00:10:15+00:00</time>
      </trkpt>
      <trkpt lat="47.35776" lon="12.43306">
        <ele>1065</ele>
        <time>2026-05-13T00:10:18+00:00</time>
      </trkpt>
      <trkpt lat="47.35774" lon="12.43317">
        <ele>1065</ele>
        <time>2026-05-13T00:10:21+00:00</time>
      </trkpt>
      <trkpt lat="47.35766" lon="12.43329">
        <ele>1068</ele>
        <time>2026-05-13T00:10:24+00:00</time>
      </trkpt>
      <trkpt lat="47.35759" lon="12.43345">
        <ele>1071</ele>
        <time>2026-05-13T00:10:27+00:00</time>
      </trkpt>
      <trkpt lat="47.35755" lon="12.43357">
        <ele>1071</ele>
        <time>2026-05-13T00:10:30+00:00</time>
      </trkpt>
      <trkpt lat="47.35753" lon="12.43369">
        <ele>1071</ele>
        <time>2026-05-13T00:10:33+00:00</time>
      </trkpt>
      <trkpt lat="47.35751" lon="12.43378">
        <ele>1071</ele>
        <time>2026-05-13T00:10:36+00:00</time>
      </trkpt>
      <trkpt lat="47.35752" lon="12.43405">
        <ele>1071</ele>
        <time>2026-05-13T00:10:39+00:00</time>
      </trkpt>
      <trkpt lat="47.35753" lon="12.43423">
        <ele>1071</ele>
        <time>2026-05-13T00:10:42+00:00</time>
      </trkpt>
      <trkpt lat="47.35758" lon="12.43441">
        <ele>1071</ele>
        <time>2026-05-13T00:10:45+00:00</time>
      </trkpt>
      <trkpt lat="47.3576" lon="12.43455">
        <ele>1071</ele>
        <time>2026-05-13T00:10:48+00:00</time>
      </trkpt>
      <trkpt lat="47.35762" lon="12.4347">
        <ele>1071</ele>
        <time>2026-05-13T00:10:51+00:00</time>
      </trkpt>
      <trkpt lat="47.35765" lon="12.43482">
        <ele>1071</ele>
        <time>2026-05-13T00:10:54+00:00</time>
      </trkpt>
      <trkpt lat="47.35766" lon="12.43495">
        <ele>1072</ele>
        <time>2026-05-13T00:10:57+00:00</time>
      </trkpt>
      <trkpt lat="47.35761" lon="12.43505">
        <ele>1072</ele>
        <time>2026-05-13T00:11:00+00:00</time>
      </trkpt>
      <trkpt lat="47.35757" lon="12.43514">
        <ele>1073</ele>
        <time>2026-05-13T00:11:03+00:00</time>
      </trkpt>
      <trkpt lat="47.3575" lon="12.43526">
        <ele>1072</ele>
        <time>2026-05-13T00:11:06+00:00</time>
      </trkpt>
      <trkpt lat="47.35742" lon="12.4354">
        <ele>1073</ele>
        <time>2026-05-13T00:11:09+00:00</time>
      </trkpt>
      <trkpt lat="47.35731" lon="12.4356">
        <ele>1072</ele>
        <time>2026-05-13T00:11:12+00:00</time>
      </trkpt>
      <trkpt lat="47.35726" lon="12.43589">
        <ele>1074</ele>
        <time>2026-05-13T00:11:15+00:00</time>
      </trkpt>
      <trkpt lat="47.35717" lon="12.43597">
        <ele>1078</ele>
        <time>2026-05-13T00:11:18+00:00</time>
      </trkpt>
      <trkpt lat="47.3571" lon="12.43605">
        <ele>1081</ele>
        <time>2026-05-13T00:11:21+00:00</time>
      </trkpt>
      <trkpt lat="47.35702" lon="12.43611">
        <ele>1081</ele>
        <time>2026-05-13T00:11:24+00:00</time>
      </trkpt>
      <trkpt lat="47.35698" lon="12.43617">
        <ele>1084</ele>
        <time>2026-05-13T00:11:27+00:00</time>
      </trkpt>
      <trkpt lat="47.35695" lon="12.4362">
        <ele>1083</ele>
        <time>2026-05-13T00:11:30+00:00</time>
      </trkpt>
      <trkpt lat="47.3569" lon="12.43622">
        <ele>1086</ele>
        <time>2026-05-13T00:11:33+00:00</time>
      </trkpt>
      <trkpt lat="47.35682" lon="12.43632">
        <ele>1085</ele>
        <time>2026-05-13T00:11:36+00:00</time>
      </trkpt>
      <trkpt lat="47.35676" lon="12.43639">
        <ele>1087</ele>
        <time>2026-05-13T00:11:39+00:00</time>
      </trkpt>
      <trkpt lat="47.3567" lon="12.43647">
        <ele>1087</ele>
        <time>2026-05-13T00:11:42+00:00</time>
      </trkpt>
      <trkpt lat="47.35664" lon="12.43655">
        <ele>1086</ele>
        <time>2026-05-13T00:11:45+00:00</time>
      </trkpt>
      <trkpt lat="47.35657" lon="12.43664">
        <ele>1089</ele>
        <time>2026-05-13T00:11:48+00:00</time>
      </trkpt>
      <trkpt lat="47.3565" lon="12.43673">
        <ele>1093</ele>
        <time>2026-05-13T00:11:51+00:00</time>
      </trkpt>
      <trkpt lat="47.35642" lon="12.43682">
        <ele>1092</ele>
        <time>2026-05-13T00:11:54+00:00</time>
      </trkpt>
      <trkpt lat="47.35634" lon="12.4369">
        <ele>1097</ele>
        <time>2026-05-13T00:11:57+00:00</time>
      </trkpt>
      <trkpt lat="47.35629" lon="12.43695">
        <ele>1100</ele>
        <time>2026-05-13T00:12:00+00:00</time>
      </trkpt>
      <trkpt lat="47.35624" lon="12.43704">
        <ele>1099</ele>
        <time>2026-05-13T00:12:03+00:00</time>
      </trkpt>
      <trkpt lat="47.35618" lon="12.4372">
        <ele>1099</ele>
        <time>2026-05-13T00:12:06+00:00</time>
      </trkpt>
      <trkpt lat="47.35613" lon="12.43733">
        <ele>1099</ele>
        <time>2026-05-13T00:12:09+00:00</time>
      </trkpt>
      <trkpt lat="47.35609" lon="12.43745">
        <ele>1101</ele>
        <time>2026-05-13T00:12:12+00:00</time>
      </trkpt>
      <trkpt lat="47.35602" lon="12.43758">
        <ele>1099</ele>
        <time>2026-05-13T00:12:15+00:00</time>
      </trkpt>
      <trkpt lat="47.35598" lon="12.4377">
        <ele>1100</ele>
        <time>2026-05-13T00:12:18+00:00</time>
      </trkpt>
      <trkpt lat="47.35595" lon="12.43778">
        <ele>1100</ele>
        <time>2026-05-13T00:12:21+00:00</time>
      </trkpt>
      <trkpt lat="47.35592" lon="12.43787">
        <ele>1099</ele>
        <time>2026-05-13T00:12:24+00:00</time>
      </trkpt>
      <trkpt lat="47.35585" lon="12.43799">
        <ele>1102</ele>
        <time>2026-05-13T00:12:27+00:00</time>
      </trkpt>
      <trkpt lat="47.35571" lon="12.43824">
        <ele>1101</ele>
        <time>2026-05-13T00:12:30+00:00</time>
      </trkpt>
      <trkpt lat="47.35573" lon="12.43832">
        <ele>1105</ele>
        <time>2026-05-13T00:12:33+00:00</time>
      </trkpt>
      <trkpt lat="47.35573" lon="12.43844">
        <ele>1105</ele>
        <time>2026-05-13T00:12:36+00:00</time>
      </trkpt>
      <trkpt lat="47.35572" lon="12.4385">
        <ele>1104</ele>
        <time>2026-05-13T00:12:39+00:00</time>
      </trkpt>
      <trkpt lat="47.35566" lon="12.43865">
        <ele>1107</ele>
        <time>2026-05-13T00:12:42+00:00</time>
      </trkpt>
      <trkpt lat="47.35565" lon="12.43889">
        <ele>1108</ele>
        <time>2026-05-13T00:12:45+00:00</time>
      </trkpt>
      <trkpt lat="47.35571" lon="12.43891">
        <ele>1107</ele>
        <time>2026-05-13T00:12:48+00:00</time>
      </trkpt>
      <trkpt lat="47.35577" lon="12.43895">
        <ele>1107</ele>
        <time>2026-05-13T00:12:51+00:00</time>
      </trkpt>
      <trkpt lat="47.35579" lon="12.43899">
        <ele>1107</ele>
        <time>2026-05-13T00:12:54+00:00</time>
      </trkpt>
      <trkpt lat="47.35575" lon="12.43902">
        <ele>1108</ele>
        <time>2026-05-13T00:12:57+00:00</time>
      </trkpt>
      <trkpt lat="47.35564" lon="12.43909">
        <ele>1109</ele>
        <time>2026-05-13T00:13:00+00:00</time>
      </trkpt>
      <trkpt lat="47.35559" lon="12.43915">
        <ele>1111</ele>
        <time>2026-05-13T00:13:03+00:00</time>
      </trkpt>
      <trkpt lat="47.35552" lon="12.43917">
        <ele>1111</ele>
        <time>2026-05-13T00:13:06+00:00</time>
      </trkpt>
      <trkpt lat="47.35545" lon="12.43925">
        <ele>1112</ele>
        <time>2026-05-13T00:13:09+00:00</time>
      </trkpt>
      <trkpt lat="47.35538" lon="12.43928">
        <ele>1113</ele>
        <time>2026-05-13T00:13:12+00:00</time>
      </trkpt>
      <trkpt lat="47.35531" lon="12.43931">
        <ele>1113</ele>
        <time>2026-05-13T00:13:15+00:00</time>
      </trkpt>
      <trkpt lat="47.35523" lon="12.43935">
        <ele>1113</ele>
        <time>2026-05-13T00:13:18+00:00</time>
      </trkpt>
      <trkpt lat="47.35511" lon="12.4394">
        <ele>1117</ele>
        <time>2026-05-13T00:13:21+00:00</time>
      </trkpt>
      <trkpt lat="47.35502" lon="12.43944">
        <ele>1121</ele>
        <time>2026-05-13T00:13:24+00:00</time>
      </trkpt>
      <trkpt lat="47.35495" lon="12.43947">
        <ele>1125</ele>
        <time>2026-05-13T00:13:27+00:00</time>
      </trkpt>
      <trkpt lat="47.35487" lon="12.43951">
        <ele>1128</ele>
        <time>2026-05-13T00:13:30+00:00</time>
      </trkpt>
      <trkpt lat="47.3548" lon="12.43954">
        <ele>1131</ele>
        <time>2026-05-13T00:13:33+00:00</time>
      </trkpt>
      <trkpt lat="47.3547" lon="12.43958">
        <ele>1134</ele>
        <time>2026-05-13T00:13:36+00:00</time>
      </trkpt>
      <trkpt lat="47.35462" lon="12.43963">
        <ele>1133</ele>
        <time>2026-05-13T00:13:39+00:00</time>
      </trkpt>
      <trkpt lat="47.35452" lon="12.4397">
        <ele>1136</ele>
        <time>2026-05-13T00:13:42+00:00</time>
      </trkpt>
      <trkpt lat="47.35447" lon="12.43978">
        <ele>1139</ele>
        <time>2026-05-13T00:13:45+00:00</time>
      </trkpt>
      <trkpt lat="47.35441" lon="12.43986">
        <ele>1137</ele>
        <time>2026-05-13T00:13:48+00:00</time>
      </trkpt>
      <trkpt lat="47.35436" lon="12.43999">
        <ele>1140</ele>
        <time>2026-05-13T00:13:51+00:00</time>
      </trkpt>
      <trkpt lat="47.35434" lon="12.44005">
        <ele>1139</ele>
        <time>2026-05-13T00:13:54+00:00</time>
      </trkpt>
      <trkpt lat="47.35427" lon="12.44022">
        <ele>1143</ele>
        <time>2026-05-13T00:13:57+00:00</time>
      </trkpt>
      <trkpt lat="47.35422" lon="12.44035">
        <ele>1142</ele>
        <time>2026-05-13T00:14:00+00:00</time>
      </trkpt>
      <trkpt lat="47.35416" lon="12.44052">
        <ele>1145</ele>
        <time>2026-05-13T00:14:03+00:00</time>
      </trkpt>
      <trkpt lat="47.35409" lon="12.44069">
        <ele>1146</ele>
        <time>2026-05-13T00:14:06+00:00</time>
      </trkpt>
      <trkpt lat="47.35404" lon="12.44083">
        <ele>1146</ele>
        <time>2026-05-13T00:14:09+00:00</time>
      </trkpt>
      <trkpt lat="47.35398" lon="12.44097">
        <ele>1148</ele>
        <time>2026-05-13T00:14:12+00:00</time>
      </trkpt>
      <trkpt lat="47.35394" lon="12.4411">
        <ele>1148</ele>
        <time>2026-05-13T00:14:15+00:00</time>
      </trkpt>
      <trkpt lat="47.35389" lon="12.44124">
        <ele>1149</ele>
        <time>2026-05-13T00:14:18+00:00</time>
      </trkpt>
      <trkpt lat="47.35384" lon="12.44136">
        <ele>1148</ele>
        <time>2026-05-13T00:14:21+00:00</time>
      </trkpt>
      <trkpt lat="47.35378" lon="12.44141">
        <ele>1152</ele>
        <time>2026-05-13T00:14:24+00:00</time>
      </trkpt>
      <trkpt lat="47.35373" lon="12.44146">
        <ele>1152</ele>
        <time>2026-05-13T00:14:27+00:00</time>
      </trkpt>
      <trkpt lat="47.35366" lon="12.44152">
        <ele>1155</ele>
        <time>2026-05-13T00:14:30+00:00</time>
      </trkpt>
      <trkpt lat="47.3536" lon="12.44156">
        <ele>1158</ele>
        <time>2026-05-13T00:14:33+00:00</time>
      </trkpt>
      <trkpt lat="47.35351" lon="12.44163">
        <ele>1158</ele>
        <time>2026-05-13T00:14:36+00:00</time>
      </trkpt>
      <trkpt lat="47.35342" lon="12.44175">
        <ele>1160</ele>
        <time>2026-05-13T00:14:39+00:00</time>
      </trkpt>
      <trkpt lat="47.35337" lon="12.44181">
        <ele>1162</ele>
        <time>2026-05-13T00:14:42+00:00</time>
      </trkpt>
      <trkpt lat="47.3533" lon="12.44188">
        <ele>1164</ele>
        <time>2026-05-13T00:14:45+00:00</time>
      </trkpt>
      <trkpt lat="47.35322" lon="12.44194">
        <ele>1163</ele>
        <time>2026-05-13T00:14:48+00:00</time>
      </trkpt>
      <trkpt lat="47.35317" lon="12.44203">
        <ele>1165</ele>
        <time>2026-05-13T00:14:51+00:00</time>
      </trkpt>
      <trkpt lat="47.35313" lon="12.44209">
        <ele>1165</ele>
        <time>2026-05-13T00:14:54+00:00</time>
      </trkpt>
      <trkpt lat="47.35309" lon="12.44224">
        <ele>1169</ele>
        <time>2026-05-13T00:14:57+00:00</time>
      </trkpt>
      <trkpt lat="47.35306" lon="12.44237">
        <ele>1169</ele>
        <time>2026-05-13T00:15:00+00:00</time>
      </trkpt>
      <trkpt lat="47.35304" lon="12.4425">
        <ele>1169</ele>
        <time>2026-05-13T00:15:03+00:00</time>
      </trkpt>
      <trkpt lat="47.35303" lon="12.44262">
        <ele>1168</ele>
        <time>2026-05-13T00:15:06+00:00</time>
      </trkpt>
      <trkpt lat="47.35301" lon="12.44278">
        <ele>1170</ele>
        <time>2026-05-13T00:15:09+00:00</time>
      </trkpt>
      <trkpt lat="47.353" lon="12.44295">
        <ele>1169</ele>
        <time>2026-05-13T00:15:12+00:00</time>
      </trkpt>
      <trkpt lat="47.35299" lon="12.4431">
        <ele>1171</ele>
        <time>2026-05-13T00:15:15+00:00</time>
      </trkpt>
      <trkpt lat="47.35296" lon="12.44329">
        <ele>1171</ele>
        <time>2026-05-13T00:15:18+00:00</time>
      </trkpt>
      <trkpt lat="47.35296" lon="12.44337">
        <ele>1171</ele>
        <time>2026-05-13T00:15:21+00:00</time>
      </trkpt>
      <trkpt lat="47.35294" lon="12.44344">
        <ele>1171</ele>
        <time>2026-05-13T00:15:24+00:00</time>
      </trkpt>
      <trkpt lat="47.35296" lon="12.44349">
        <ele>1171</ele>
        <time>2026-05-13T00:15:27+00:00</time>
      </trkpt>
      <trkpt lat="47.35298" lon="12.44352">
        <ele>1172</ele>
        <time>2026-05-13T00:15:30+00:00</time>
      </trkpt>
      <trkpt lat="47.35298" lon="12.44357">
        <ele>1172</ele>
        <time>2026-05-13T00:15:33+00:00</time>
      </trkpt>
      <trkpt lat="47.35297" lon="12.4436">
        <ele>1172</ele>
        <time>2026-05-13T00:15:36+00:00</time>
      </trkpt>
      <trkpt lat="47.35297" lon="12.44367">
        <ele>1172</ele>
        <time>2026-05-13T00:15:39+00:00</time>
      </trkpt>
      <trkpt lat="47.35295" lon="12.44375">
        <ele>1172</ele>
        <time>2026-05-13T00:15:42+00:00</time>
      </trkpt>
      <trkpt lat="47.35293" lon="12.44385">
        <ele>1173</ele>
        <time>2026-05-13T00:15:45+00:00</time>
      </trkpt>
      <trkpt lat="47.35287" lon="12.44412">
        <ele>1173</ele>
        <time>2026-05-13T00:15:48+00:00</time>
      </trkpt>
      <trkpt lat="47.35283" lon="12.44439">
        <ele>1174</ele>
        <time>2026-05-13T00:15:51+00:00</time>
      </trkpt>
      <trkpt lat="47.35283" lon="12.44453">
        <ele>1176</ele>
        <time>2026-05-13T00:15:54+00:00</time>
      </trkpt>
      <trkpt lat="47.35281" lon="12.4447">
        <ele>1177</ele>
        <time>2026-05-13T00:15:57+00:00</time>
      </trkpt>
      <trkpt lat="47.35279" lon="12.44484">
        <ele>1176</ele>
        <time>2026-05-13T00:16:00+00:00</time>
      </trkpt>
      <trkpt lat="47.35278" lon="12.4449">
        <ele>1177</ele>
        <time>2026-05-13T00:16:03+00:00</time>
      </trkpt>
      <trkpt lat="47.35277" lon="12.44496">
        <ele>1177</ele>
        <time>2026-05-13T00:16:06+00:00</time>
      </trkpt>
      <trkpt lat="47.35274" lon="12.44497">
        <ele>1177</ele>
        <time>2026-05-13T00:16:09+00:00</time>
      </trkpt>
      <trkpt lat="47.3527" lon="12.44499">
        <ele>1176</ele>
        <time>2026-05-13T00:16:12+00:00</time>
      </trkpt>
      <trkpt lat="47.35258" lon="12.44491">
        <ele>1174</ele>
        <time>2026-05-13T00:16:15+00:00</time>
      </trkpt>
      <trkpt lat="47.35255" lon="12.44491">
        <ele>1177</ele>
        <time>2026-05-13T00:16:18+00:00</time>
      </trkpt>
      <trkpt lat="47.35253" lon="12.44495">
        <ele>1174</ele>
        <time>2026-05-13T00:16:21+00:00</time>
      </trkpt>
      <trkpt lat="47.35252" lon="12.44499">
        <ele>1174</ele>
        <time>2026-05-13T00:16:24+00:00</time>
      </trkpt>
      <trkpt lat="47.35247" lon="12.4452">
        <ele>1177</ele>
        <time>2026-05-13T00:16:27+00:00</time>
      </trkpt>
      <trkpt lat="47.35243" lon="12.44541">
        <ele>1179</ele>
        <time>2026-05-13T00:16:30+00:00</time>
      </trkpt>
      <trkpt lat="47.35237" lon="12.44562">
        <ele>1186</ele>
        <time>2026-05-13T00:16:33+00:00</time>
      </trkpt>
      <trkpt lat="47.35235" lon="12.44573">
        <ele>1187</ele>
        <time>2026-05-13T00:16:36+00:00</time>
      </trkpt>
      <trkpt lat="47.35231" lon="12.44592">
        <ele>1188</ele>
        <time>2026-05-13T00:16:39+00:00</time>
      </trkpt>
      <trkpt lat="47.35229" lon="12.446">
        <ele>1193</ele>
        <time>2026-05-13T00:16:42+00:00</time>
      </trkpt>
      <trkpt lat="47.35228" lon="12.44603">
        <ele>1193</ele>
        <time>2026-05-13T00:16:45+00:00</time>
      </trkpt>
      <trkpt lat="47.35223" lon="12.44612">
        <ele>1194</ele>
        <time>2026-05-13T00:16:48+00:00</time>
      </trkpt>
      <trkpt lat="47.35219" lon="12.44621">
        <ele>1191</ele>
        <time>2026-05-13T00:16:51+00:00</time>
      </trkpt>
      <trkpt lat="47.35213" lon="12.44632">
        <ele>1199</ele>
        <time>2026-05-13T00:16:54+00:00</time>
      </trkpt>
      <trkpt lat="47.35217" lon="12.44635">
        <ele>1199</ele>
        <time>2026-05-13T00:16:57+00:00</time>
      </trkpt>
      <trkpt lat="47.35221" lon="12.44629">
        <ele>1195</ele>
        <time>2026-05-13T00:17:00+00:00</time>
      </trkpt>
      <trkpt lat="47.35222" lon="12.44634">
        <ele>1196</ele>
        <time>2026-05-13T00:17:03+00:00</time>
      </trkpt>
      <trkpt lat="47.35226" lon="12.44635">
        <ele>1196</ele>
        <time>2026-05-13T00:17:06+00:00</time>
      </trkpt>
      <trkpt lat="47.35228" lon="12.44641">
        <ele>1197</ele>
        <time>2026-05-13T00:17:09+00:00</time>
      </trkpt>
      <trkpt lat="47.35226" lon="12.44652">
        <ele>1198</ele>
        <time>2026-05-13T00:17:12+00:00</time>
      </trkpt>
      <trkpt lat="47.35222" lon="12.44667">
        <ele>1199</ele>
        <time>2026-05-13T00:17:15+00:00</time>
      </trkpt>
      <trkpt lat="47.35219" lon="12.4468">
        <ele>1203</ele>
        <time>2026-05-13T00:17:18+00:00</time>
      </trkpt>
      <trkpt lat="47.35216" lon="12.44691">
        <ele>1204</ele>
        <time>2026-05-13T00:17:21+00:00</time>
      </trkpt>
      <trkpt lat="47.35211" lon="12.44713">
        <ele>1206</ele>
        <time>2026-05-13T00:17:24+00:00</time>
      </trkpt>
      <trkpt lat="47.35204" lon="12.44717">
        <ele>1209</ele>
        <time>2026-05-13T00:17:27+00:00</time>
      </trkpt>
      <trkpt lat="47.35197" lon="12.44723">
        <ele>1212</ele>
        <time>2026-05-13T00:17:30+00:00</time>
      </trkpt>
      <trkpt lat="47.3519" lon="12.44728">
        <ele>1212</ele>
        <time>2026-05-13T00:17:33+00:00</time>
      </trkpt>
      <trkpt lat="47.35181" lon="12.44736">
        <ele>1215</ele>
        <time>2026-05-13T00:17:36+00:00</time>
      </trkpt>
      <trkpt lat="47.35177" lon="12.44757">
        <ele>1220</ele>
        <time>2026-05-13T00:17:39+00:00</time>
      </trkpt>
      <trkpt lat="47.35176" lon="12.44764">
        <ele>1221</ele>
        <time>2026-05-13T00:17:42+00:00</time>
      </trkpt>
      <trkpt lat="47.35174" lon="12.44773">
        <ele>1222</ele>
        <time>2026-05-13T00:17:45+00:00</time>
      </trkpt>
      <trkpt lat="47.35167" lon="12.44786">
        <ele>1227</ele>
        <time>2026-05-13T00:17:48+00:00</time>
      </trkpt>
      <trkpt lat="47.35153" lon="12.44806">
        <ele>1233</ele>
        <time>2026-05-13T00:17:51+00:00</time>
      </trkpt>
      <trkpt lat="47.35148" lon="12.44825">
        <ele>1238</ele>
        <time>2026-05-13T00:17:54+00:00</time>
      </trkpt>
      <trkpt lat="47.35143" lon="12.44852">
        <ele>1240</ele>
        <time>2026-05-13T00:17:57+00:00</time>
      </trkpt>
      <trkpt lat="47.3513" lon="12.44878">
        <ele>1247</ele>
        <time>2026-05-13T00:18:00+00:00</time>
      </trkpt>
      <trkpt lat="47.35117" lon="12.44904">
        <ele>1251</ele>
        <time>2026-05-13T00:18:03+00:00</time>
      </trkpt>
      <trkpt lat="47.35102" lon="12.44919">
        <ele>1255</ele>
        <time>2026-05-13T00:18:06+00:00</time>
      </trkpt>
      <trkpt lat="47.35096" lon="12.44936">
        <ele>1260</ele>
        <time>2026-05-13T00:18:09+00:00</time>
      </trkpt>
      <trkpt lat="47.35096" lon="12.44976">
        <ele>1263</ele>
        <time>2026-05-13T00:18:12+00:00</time>
      </trkpt>
      <trkpt lat="47.35092" lon="12.45008">
        <ele>1266</ele>
        <time>2026-05-13T00:18:15+00:00</time>
      </trkpt>
      <trkpt lat="47.35095" lon="12.4503">
        <ele>1269</ele>
        <time>2026-05-13T00:18:18+00:00</time>
      </trkpt>
      <trkpt lat="47.35098" lon="12.4505">
        <ele>1266</ele>
        <time>2026-05-13T00:18:21+00:00</time>
      </trkpt>
      <trkpt lat="47.35103" lon="12.45068">
        <ele>1269</ele>
        <time>2026-05-13T00:18:24+00:00</time>
      </trkpt>
      <trkpt lat="47.35114" lon="12.45077">
        <ele>1267</ele>
        <time>2026-05-13T00:18:27+00:00</time>
      </trkpt>
      <trkpt lat="47.35101" lon="12.45096">
        <ele>1273</ele>
        <time>2026-05-13T00:18:30+00:00</time>
      </trkpt>
      <trkpt lat="47.35099" lon="12.45138">
        <ele>1284</ele>
        <time>2026-05-13T00:18:33+00:00</time>
      </trkpt>
      <trkpt lat="47.35097" lon="12.45164">
        <ele>1288</ele>
        <time>2026-05-13T00:18:36+00:00</time>
      </trkpt>
      <trkpt lat="47.3509" lon="12.45179">
        <ele>1294</ele>
        <time>2026-05-13T00:18:39+00:00</time>
      </trkpt>
      <trkpt lat="47.35087" lon="12.45197">
        <ele>1297</ele>
        <time>2026-05-13T00:18:42+00:00</time>
      </trkpt>
      <trkpt lat="47.35079" lon="12.45224">
        <ele>1306</ele>
        <time>2026-05-13T00:18:45+00:00</time>
      </trkpt>
      <trkpt lat="47.35077" lon="12.45239">
        <ele>1307</ele>
        <time>2026-05-13T00:18:48+00:00</time>
      </trkpt>
      <trkpt lat="47.35075" lon="12.45262">
        <ele>1311</ele>
        <time>2026-05-13T00:18:51+00:00</time>
      </trkpt>
      <trkpt lat="47.35075" lon="12.45292">
        <ele>1310</ele>
        <time>2026-05-13T00:18:54+00:00</time>
      </trkpt>
      <trkpt lat="47.35083" lon="12.45297">
        <ele>1312</ele>
        <time>2026-05-13T00:18:57+00:00</time>
      </trkpt>
      <trkpt lat="47.35093" lon="12.45302">
        <ele>1309</ele>
        <time>2026-05-13T00:19:00+00:00</time>
      </trkpt>
      <trkpt lat="47.35104" lon="12.45299">
        <ele>1304</ele>
        <time>2026-05-13T00:19:03+00:00</time>
      </trkpt>
      <trkpt lat="47.35108" lon="12.4531">
        <ele>1309</ele>
        <time>2026-05-13T00:19:06+00:00</time>
      </trkpt>
      <trkpt lat="47.35115" lon="12.45316">
        <ele>1305</ele>
        <time>2026-05-13T00:19:09+00:00</time>
      </trkpt>
      <trkpt lat="47.35122" lon="12.45318">
        <ele>1306</ele>
        <time>2026-05-13T00:19:12+00:00</time>
      </trkpt>
      <trkpt lat="47.35131" lon="12.45328">
        <ele>1310</ele>
        <time>2026-05-13T00:19:15+00:00</time>
      </trkpt>
      <trkpt lat="47.35135" lon="12.45341">
        <ele>1316</ele>
        <time>2026-05-13T00:19:18+00:00</time>
      </trkpt>
      <trkpt lat="47.3515" lon="12.4534">
        <ele>1315</ele>
        <time>2026-05-13T00:19:21+00:00</time>
      </trkpt>
      <trkpt lat="47.35146" lon="12.45362">
        <ele>1323</ele>
        <time>2026-05-13T00:19:24+00:00</time>
      </trkpt>
      <trkpt lat="47.35159" lon="12.45349">
        <ele>1314</ele>
        <time>2026-05-13T00:19:27+00:00</time>
      </trkpt>
      <trkpt lat="47.35166" lon="12.45339">
        <ele>1316</ele>
        <time>2026-05-13T00:19:30+00:00</time>
      </trkpt>
      <trkpt lat="47.35172" lon="12.45325">
        <ele>1314</ele>
        <time>2026-05-13T00:19:33+00:00</time>
      </trkpt>
      <trkpt lat="47.35178" lon="12.45316">
        <ele>1310</ele>
        <time>2026-05-13T00:19:36+00:00</time>
      </trkpt>
      <trkpt lat="47.35184" lon="12.45304">
        <ele>1309</ele>
        <time>2026-05-13T00:19:39+00:00</time>
      </trkpt>
      <trkpt lat="47.35186" lon="12.45297">
        <ele>1307</ele>
        <time>2026-05-13T00:19:42+00:00</time>
      </trkpt>
      <trkpt lat="47.35188" lon="12.45288">
        <ele>1304</ele>
        <time>2026-05-13T00:19:45+00:00</time>
      </trkpt>
      <trkpt lat="47.35188" lon="12.4528">
        <ele>1304</ele>
        <time>2026-05-13T00:19:48+00:00</time>
      </trkpt>
      <trkpt lat="47.35194" lon="12.45271">
        <ele>1306</ele>
        <time>2026-05-13T00:19:51+00:00</time>
      </trkpt>
      <trkpt lat="47.35189" lon="12.45271">
        <ele>1302</ele>
        <time>2026-05-13T00:19:54+00:00</time>
      </trkpt>
      <trkpt lat="47.35185" lon="12.45268">
        <ele>1299</ele>
        <time>2026-05-13T00:19:57+00:00</time>
      </trkpt>
      <trkpt lat="47.35189" lon="12.45263">
        <ele>1299</ele>
        <time>2026-05-13T00:20:00+00:00</time>
      </trkpt>
      <trkpt lat="47.35194" lon="12.4526">
        <ele>1301</ele>
        <time>2026-05-13T00:20:03+00:00</time>
      </trkpt>
      <trkpt lat="47.35199" lon="12.45249">
        <ele>1298</ele>
        <time>2026-05-13T00:20:06+00:00</time>
      </trkpt>
      <trkpt lat="47.35207" lon="12.45244">
        <ele>1302</ele>
        <time>2026-05-13T00:20:09+00:00</time>
      </trkpt>
      <trkpt lat="47.35209" lon="12.45237">
        <ele>1303</ele>
        <time>2026-05-13T00:20:12+00:00</time>
      </trkpt>
      <trkpt lat="47.35226" lon="12.45223">
        <ele>1303</ele>
        <time>2026-05-13T00:20:15+00:00</time>
      </trkpt>
      <trkpt lat="47.35231" lon="12.45204">
        <ele>1305</ele>
        <time>2026-05-13T00:20:18+00:00</time>
      </trkpt>
      <trkpt lat="47.35235" lon="12.45191">
        <ele>1303</ele>
        <time>2026-05-13T00:20:21+00:00</time>
      </trkpt>
      <trkpt lat="47.35243" lon="12.45192">
        <ele>1307</ele>
        <time>2026-05-13T00:20:24+00:00</time>
      </trkpt>
      <trkpt lat="47.35272" lon="12.45204">
        <ele>1311</ele>
        <time>2026-05-13T00:20:27+00:00</time>
      </trkpt>
      <trkpt lat="47.35279" lon="12.45201">
        <ele>1321</ele>
        <time>2026-05-13T00:20:30+00:00</time>
      </trkpt>
      <trkpt lat="47.35282" lon="12.45198">
        <ele>1322</ele>
        <time>2026-05-13T00:20:33+00:00</time>
      </trkpt>
      <trkpt lat="47.35284" lon="12.45195">
        <ele>1322</ele>
        <time>2026-05-13T00:20:36+00:00</time>
      </trkpt>
      <trkpt lat="47.35288" lon="12.4519">
        <ele>1313</ele>
        <time>2026-05-13T00:20:39+00:00</time>
      </trkpt>
      <trkpt lat="47.35287" lon="12.45181">
        <ele>1320</ele>
        <time>2026-05-13T00:20:42+00:00</time>
      </trkpt>
      <trkpt lat="47.35285" lon="12.45172">
        <ele>1317</ele>
        <time>2026-05-13T00:20:45+00:00</time>
      </trkpt>
      <trkpt lat="47.35284" lon="12.45161">
        <ele>1309</ele>
        <time>2026-05-13T00:20:48+00:00</time>
      </trkpt>
      <trkpt lat="47.35282" lon="12.45151">
        <ele>1312</ele>
        <time>2026-05-13T00:20:51+00:00</time>
      </trkpt>
      <trkpt lat="47.35285" lon="12.45142">
        <ele>1308</ele>
        <time>2026-05-13T00:20:54+00:00</time>
      </trkpt>
      <trkpt lat="47.35289" lon="12.45131">
        <ele>1305</ele>
        <time>2026-05-13T00:20:57+00:00</time>
      </trkpt>
      <trkpt lat="47.35291" lon="12.45126">
        <ele>1305</ele>
        <time>2026-05-13T00:21:00+00:00</time>
      </trkpt>
      <trkpt lat="47.35302" lon="12.45117">
        <ele>1305</ele>
        <time>2026-05-13T00:21:03+00:00</time>
      </trkpt>
      <trkpt lat="47.35309" lon="12.45111">
        <ele>1305</ele>
        <time>2026-05-13T00:21:06+00:00</time>
      </trkpt>
      <trkpt lat="47.35318" lon="12.45104">
        <ele>1305</ele>
        <time>2026-05-13T00:21:09+00:00</time>
      </trkpt>
      <trkpt lat="47.35325" lon="12.45098">
        <ele>1306</ele>
        <time>2026-05-13T00:21:12+00:00</time>
      </trkpt>
      <trkpt lat="47.3535" lon="12.45111">
        <ele>1319</ele>
        <time>2026-05-13T00:21:15+00:00</time>
      </trkpt>
      <trkpt lat="47.35373" lon="12.45124">
        <ele>1332</ele>
        <time>2026-05-13T00:21:18+00:00</time>
      </trkpt>
      <trkpt lat="47.35414" lon="12.45114">
        <ele>1343</ele>
        <time>2026-05-13T00:21:21+00:00</time>
      </trkpt>
      <trkpt lat="47.35428" lon="12.45105">
        <ele>1343</ele>
        <time>2026-05-13T00:21:24+00:00</time>
      </trkpt>
      <trkpt lat="47.35433" lon="12.451">
        <ele>1344</ele>
        <time>2026-05-13T00:21:27+00:00</time>
      </trkpt>
      <trkpt lat="47.35443" lon="12.45081">
        <ele>1345</ele>
        <time>2026-05-13T00:21:30+00:00</time>
      </trkpt>
      <trkpt lat="47.35465" lon="12.45061">
        <ele>1347</ele>
        <time>2026-05-13T00:21:33+00:00</time>
      </trkpt>
      <trkpt lat="47.35482" lon="12.45038">
        <ele>1347</ele>
        <time>2026-05-13T00:21:36+00:00</time>
      </trkpt>
      <trkpt lat="47.35503" lon="12.45025">
        <ele>1351</ele>
        <time>2026-05-13T00:21:39+00:00</time>
      </trkpt>
      <trkpt lat="47.3552" lon="12.45019">
        <ele>1356</ele>
        <time>2026-05-13T00:21:42+00:00</time>
      </trkpt>
      <trkpt lat="47.35535" lon="12.45031">
        <ele>1362</ele>
        <time>2026-05-13T00:21:45+00:00</time>
      </trkpt>
      <trkpt lat="47.35554" lon="12.45046">
        <ele>1369</ele>
        <time>2026-05-13T00:21:48+00:00</time>
      </trkpt>
      <trkpt lat="47.35561" lon="12.45045">
        <ele>1371</ele>
        <time>2026-05-13T00:21:51+00:00</time>
      </trkpt>
      <trkpt lat="47.35594" lon="12.45047">
        <ele>1378</ele>
        <time>2026-05-13T00:21:54+00:00</time>
      </trkpt>
      <trkpt lat="47.35605" lon="12.45048">
        <ele>1380</ele>
        <time>2026-05-13T00:21:57+00:00</time>
      </trkpt>
      <trkpt lat="47.35624" lon="12.45034">
        <ele>1384</ele>
        <time>2026-05-13T00:22:00+00:00</time>
      </trkpt>
      <trkpt lat="47.35648" lon="12.45016">
        <ele>1386</ele>
        <time>2026-05-13T00:22:03+00:00</time>
      </trkpt>
      <trkpt lat="47.35678" lon="12.45007">
        <ele>1395</ele>
        <time>2026-05-13T00:22:06+00:00</time>
      </trkpt>
      <trkpt lat="47.35688" lon="12.44993">
        <ele>1399</ele>
        <time>2026-05-13T00:22:09+00:00</time>
      </trkpt>
      <trkpt lat="47.35699" lon="12.44991">
        <ele>1403</ele>
        <time>2026-05-13T00:22:12+00:00</time>
      </trkpt>
      <trkpt lat="47.35714" lon="12.45001">
        <ele>1412</ele>
        <time>2026-05-13T00:22:15+00:00</time>
      </trkpt>
      <trkpt lat="47.35722" lon="12.45001">
        <ele>1408</ele>
        <time>2026-05-13T00:22:18+00:00</time>
      </trkpt>
      <trkpt lat="47.35724" lon="12.44998">
        <ele>1415</ele>
        <time>2026-05-13T00:22:21+00:00</time>
      </trkpt>
      <trkpt lat="47.35726" lon="12.44986">
        <ele>1414</ele>
        <time>2026-05-13T00:22:24+00:00</time>
      </trkpt>
      <trkpt lat="47.35725" lon="12.44975">
        <ele>1408</ele>
        <time>2026-05-13T00:22:27+00:00</time>
      </trkpt>
      <trkpt lat="47.35726" lon="12.44941">
        <ele>1409</ele>
        <time>2026-05-13T00:22:30+00:00</time>
      </trkpt>
      <trkpt lat="47.35729" lon="12.44933">
        <ele>1408</ele>
        <time>2026-05-13T00:22:33+00:00</time>
      </trkpt>
      <trkpt lat="47.35731" lon="12.44927">
        <ele>1411</ele>
        <time>2026-05-13T00:22:36+00:00</time>
      </trkpt>
      <trkpt lat="47.35737" lon="12.44927">
        <ele>1411</ele>
        <time>2026-05-13T00:22:39+00:00</time>
      </trkpt>
      <trkpt lat="47.3574" lon="12.44914">
        <ele>1409</ele>
        <time>2026-05-13T00:22:42+00:00</time>
      </trkpt>
      <trkpt lat="47.35742" lon="12.449">
        <ele>1411</ele>
        <time>2026-05-13T00:22:45+00:00</time>
      </trkpt>
      <trkpt lat="47.35744" lon="12.44886">
        <ele>1407</ele>
        <time>2026-05-13T00:22:48+00:00</time>
      </trkpt>
      <trkpt lat="47.35744" lon="12.44879">
        <ele>1408</ele>
        <time>2026-05-13T00:22:51+00:00</time>
      </trkpt>
      <trkpt lat="47.35745" lon="12.44864">
        <ele>1407</ele>
        <time>2026-05-13T00:22:54+00:00</time>
      </trkpt>
      <trkpt lat="47.35744" lon="12.44857">
        <ele>1406</ele>
        <time>2026-05-13T00:22:57+00:00</time>
      </trkpt>
      <trkpt lat="47.35746" lon="12.44845">
        <ele>1404</ele>
        <time>2026-05-13T00:23:00+00:00</time>
      </trkpt>
      <trkpt lat="47.35752" lon="12.44832">
        <ele>1406</ele>
        <time>2026-05-13T00:23:03+00:00</time>
      </trkpt>
      <trkpt lat="47.35757" lon="12.44823">
        <ele>1405</ele>
        <time>2026-05-13T00:23:06+00:00</time>
      </trkpt>
      <trkpt lat="47.35763" lon="12.44811">
        <ele>1406</ele>
        <time>2026-05-13T00:23:09+00:00</time>
      </trkpt>
      <trkpt lat="47.35769" lon="12.44803">
        <ele>1406</ele>
        <time>2026-05-13T00:23:12+00:00</time>
      </trkpt>
      <trkpt lat="47.35778" lon="12.44793">
        <ele>1406</ele>
        <time>2026-05-13T00:23:15+00:00</time>
      </trkpt>
      <trkpt lat="47.35784" lon="12.44786">
        <ele>1407</ele>
        <time>2026-05-13T00:23:18+00:00</time>
      </trkpt>
      <trkpt lat="47.35793" lon="12.44776">
        <ele>1408</ele>
        <time>2026-05-13T00:23:21+00:00</time>
      </trkpt>
      <trkpt lat="47.358" lon="12.44773">
        <ele>1411</ele>
        <time>2026-05-13T00:23:24+00:00</time>
      </trkpt>
      <trkpt lat="47.3581" lon="12.44769">
        <ele>1409</ele>
        <time>2026-05-13T00:23:27+00:00</time>
      </trkpt>
      <trkpt lat="47.35819" lon="12.44766">
        <ele>1412</ele>
        <time>2026-05-13T00:23:30+00:00</time>
      </trkpt>
      <trkpt lat="47.35832" lon="12.44757">
        <ele>1416</ele>
        <time>2026-05-13T00:23:33+00:00</time>
      </trkpt>
      <trkpt lat="47.35843" lon="12.4475">
        <ele>1419</ele>
        <time>2026-05-13T00:23:36+00:00</time>
      </trkpt>
      <trkpt lat="47.35851" lon="12.44744">
        <ele>1419</ele>
        <time>2026-05-13T00:23:39+00:00</time>
      </trkpt>
      <trkpt lat="47.35862" lon="12.44737">
        <ele>1420</ele>
        <time>2026-05-13T00:23:42+00:00</time>
      </trkpt>
      <trkpt lat="47.35871" lon="12.44733">
        <ele>1423</ele>
        <time>2026-05-13T00:23:45+00:00</time>
      </trkpt>
      <trkpt lat="47.3588" lon="12.44728">
        <ele>1421</ele>
        <time>2026-05-13T00:23:48+00:00</time>
      </trkpt>
      <trkpt lat="47.35894" lon="12.44718">
        <ele>1425</ele>
        <time>2026-05-13T00:23:51+00:00</time>
      </trkpt>
      <trkpt lat="47.35905" lon="12.44713">
        <ele>1428</ele>
        <time>2026-05-13T00:23:54+00:00</time>
      </trkpt>
      <trkpt lat="47.35907" lon="12.44711">
        <ele>1428</ele>
        <time>2026-05-13T00:23:57+00:00</time>
      </trkpt>
      <trkpt lat="47.35924" lon="12.44705">
        <ele>1432</ele>
        <time>2026-05-13T00:24:00+00:00</time>
      </trkpt>
      <trkpt lat="47.35937" lon="12.44704">
        <ele>1435</ele>
        <time>2026-05-13T00:24:03+00:00</time>
      </trkpt>
      <trkpt lat="47.35943" lon="12.44699">
        <ele>1432</ele>
        <time>2026-05-13T00:24:06+00:00</time>
      </trkpt>
      <trkpt lat="47.35947" lon="12.44697">
        <ele>1436</ele>
        <time>2026-05-13T00:24:09+00:00</time>
      </trkpt>
      <trkpt lat="47.35948" lon="12.44682">
        <ele>1435</ele>
        <time>2026-05-13T00:24:12+00:00</time>
      </trkpt>
      <trkpt lat="47.35944" lon="12.44671">
        <ele>1430</ele>
        <time>2026-05-13T00:24:15+00:00</time>
      </trkpt>
      <trkpt lat="47.35942" lon="12.44653">
        <ele>1429</ele>
        <time>2026-05-13T00:24:18+00:00</time>
      </trkpt>
      <trkpt lat="47.35945" lon="12.44645">
        <ele>1432</ele>
        <time>2026-05-13T00:24:21+00:00</time>
      </trkpt>
      <trkpt lat="47.35958" lon="12.44635">
        <ele>1429</ele>
        <time>2026-05-13T00:24:24+00:00</time>
      </trkpt>
      <trkpt lat="47.35974" lon="12.44629">
        <ele>1434</ele>
        <time>2026-05-13T00:24:27+00:00</time>
      </trkpt>
      <trkpt lat="47.35989" lon="12.44622">
        <ele>1437</ele>
        <time>2026-05-13T00:24:30+00:00</time>
      </trkpt>
      <trkpt lat="47.36006" lon="12.44614">
        <ele>1442</ele>
        <time>2026-05-13T00:24:33+00:00</time>
      </trkpt>
      <trkpt lat="47.36013" lon="12.44614">
        <ele>1444</ele>
        <time>2026-05-13T00:24:36+00:00</time>
      </trkpt>
      <trkpt lat="47.36015" lon="12.44609">
        <ele>1442</ele>
        <time>2026-05-13T00:24:39+00:00</time>
      </trkpt>
      <trkpt lat="47.36028" lon="12.44607">
        <ele>1444</ele>
        <time>2026-05-13T00:24:42+00:00</time>
      </trkpt>
      <trkpt lat="47.36042" lon="12.44603">
        <ele>1448</ele>
        <time>2026-05-13T00:24:45+00:00</time>
      </trkpt>
      <trkpt lat="47.3605" lon="12.44596">
        <ele>1448</ele>
        <time>2026-05-13T00:24:48+00:00</time>
      </trkpt>
      <trkpt lat="47.36061" lon="12.44589">
        <ele>1449</ele>
        <time>2026-05-13T00:24:51+00:00</time>
      </trkpt>
      <trkpt lat="47.36071" lon="12.4458">
        <ele>1451</ele>
        <time>2026-05-13T00:24:54+00:00</time>
      </trkpt>
      <trkpt lat="47.36075" lon="12.44571">
        <ele>1449</ele>
        <time>2026-05-13T00:24:57+00:00</time>
      </trkpt>
      <trkpt lat="47.36078" lon="12.44538">
        <ele>1443</ele>
        <time>2026-05-13T00:25:00+00:00</time>
      </trkpt>
      <trkpt lat="47.36084" lon="12.44503">
        <ele>1440</ele>
        <time>2026-05-13T00:25:03+00:00</time>
      </trkpt>
      <trkpt lat="47.36076" lon="12.44456">
        <ele>1427</ele>
        <time>2026-05-13T00:25:06+00:00</time>
      </trkpt>
      <trkpt lat="47.36055" lon="12.44415">
        <ele>1412</ele>
        <time>2026-05-13T00:25:09+00:00</time>
      </trkpt>
      <trkpt lat="47.36053" lon="12.44406">
        <ele>1409</ele>
        <time>2026-05-13T00:25:12+00:00</time>
      </trkpt>
      <trkpt lat="47.36052" lon="12.44398">
        <ele>1406</ele>
        <time>2026-05-13T00:25:15+00:00</time>
      </trkpt>
      <trkpt lat="47.36044" lon="12.44386">
        <ele>1400</ele>
        <time>2026-05-13T00:25:18+00:00</time>
      </trkpt>
      <trkpt lat="47.36033" lon="12.44379">
        <ele>1394</ele>
        <time>2026-05-13T00:25:21+00:00</time>
      </trkpt>
      <trkpt lat="47.36016" lon="12.44375">
        <ele>1389</ele>
        <time>2026-05-13T00:25:24+00:00</time>
      </trkpt>
      <trkpt lat="47.36011" lon="12.44376">
        <ele>1389</ele>
        <time>2026-05-13T00:25:27+00:00</time>
      </trkpt>
      <trkpt lat="47.36005" lon="12.44373">
        <ele>1386</ele>
        <time>2026-05-13T00:25:30+00:00</time>
      </trkpt>
      <trkpt lat="47.36024" lon="12.44341">
        <ele>1383</ele>
        <time>2026-05-13T00:25:33+00:00</time>
      </trkpt>
      <trkpt lat="47.36053" lon="12.44313">
        <ele>1383</ele>
        <time>2026-05-13T00:25:36+00:00</time>
      </trkpt>
      <trkpt lat="47.36056" lon="12.44309">
        <ele>1380</ele>
        <time>2026-05-13T00:25:39+00:00</time>
      </trkpt>
      <trkpt lat="47.36058" lon="12.44266">
        <ele>1376</ele>
        <time>2026-05-13T00:25:42+00:00</time>
      </trkpt>
      <trkpt lat="47.36078" lon="12.44242">
        <ele>1373</ele>
        <time>2026-05-13T00:25:45+00:00</time>
      </trkpt>
      <trkpt lat="47.36104" lon="12.44211">
        <ele>1371</ele>
        <time>2026-05-13T00:25:48+00:00</time>
      </trkpt>
      <trkpt lat="47.36117" lon="12.44191">
        <ele>1370</ele>
        <time>2026-05-13T00:25:51+00:00</time>
      </trkpt>
      <trkpt lat="47.36126" lon="12.44185">
        <ele>1370</ele>
        <time>2026-05-13T00:25:54+00:00</time>
      </trkpt>
      <trkpt lat="47.36142" lon="12.4416">
        <ele>1370</ele>
        <time>2026-05-13T00:25:57+00:00</time>
      </trkpt>
      <trkpt lat="47.36163" lon="12.44123">
        <ele>1366</ele>
        <time>2026-05-13T00:26:00+00:00</time>
      </trkpt>
      <trkpt lat="47.36166" lon="12.441">
        <ele>1365</ele>
        <time>2026-05-13T00:26:03+00:00</time>
      </trkpt>
      <trkpt lat="47.36164" lon="12.44076">
        <ele>1362</ele>
        <time>2026-05-13T00:26:06+00:00</time>
      </trkpt>
      <trkpt lat="47.36179" lon="12.44018">
        <ele>1354</ele>
        <time>2026-05-13T00:26:09+00:00</time>
      </trkpt>
      <trkpt lat="47.36186" lon="12.43981">
        <ele>1353</ele>
        <time>2026-05-13T00:26:12+00:00</time>
      </trkpt>
      <trkpt lat="47.36193" lon="12.4396">
        <ele>1353</ele>
        <time>2026-05-13T00:26:15+00:00</time>
      </trkpt>
      <trkpt lat="47.36198" lon="12.43951">
        <ele>1353</ele>
        <time>2026-05-13T00:26:18+00:00</time>
      </trkpt>
      <trkpt lat="47.36221" lon="12.43918">
        <ele>1354</ele>
        <time>2026-05-13T00:26:21+00:00</time>
      </trkpt>
      <trkpt lat="47.36219" lon="12.43909">
        <ele>1354</ele>
        <time>2026-05-13T00:26:24+00:00</time>
      </trkpt>
      <trkpt lat="47.36224" lon="12.4389">
        <ele>1353</ele>
        <time>2026-05-13T00:26:27+00:00</time>
      </trkpt>
      <trkpt lat="47.36229" lon="12.43881">
        <ele>1355</ele>
        <time>2026-05-13T00:26:30+00:00</time>
      </trkpt>
      <trkpt lat="47.36231" lon="12.43875">
        <ele>1357</ele>
        <time>2026-05-13T00:26:33+00:00</time>
      </trkpt>
      <trkpt lat="47.36228" lon="12.43864">
        <ele>1352</ele>
        <time>2026-05-13T00:26:36+00:00</time>
      </trkpt>
      <trkpt lat="47.36228" lon="12.4385">
        <ele>1351</ele>
        <time>2026-05-13T00:26:39+00:00</time>
      </trkpt>
      <trkpt lat="47.36228" lon="12.43841">
        <ele>1351</ele>
        <time>2026-05-13T00:26:42+00:00</time>
      </trkpt>
      <trkpt lat="47.3622" lon="12.43821">
        <ele>1346</ele>
        <time>2026-05-13T00:26:45+00:00</time>
      </trkpt>
      <trkpt lat="47.36216" lon="12.43811">
        <ele>1345</ele>
        <time>2026-05-13T00:26:48+00:00</time>
      </trkpt>
      <trkpt lat="47.36216" lon="12.43801">
        <ele>1344</ele>
        <time>2026-05-13T00:26:51+00:00</time>
      </trkpt>
      <trkpt lat="47.36217" lon="12.43791">
        <ele>1343</ele>
        <time>2026-05-13T00:26:54+00:00</time>
      </trkpt>
      <trkpt lat="47.36227" lon="12.43759">
        <ele>1343</ele>
        <time>2026-05-13T00:26:57+00:00</time>
      </trkpt>
      <trkpt lat="47.36225" lon="12.43734">
        <ele>1341</ele>
        <time>2026-05-13T00:27:00+00:00</time>
      </trkpt>
      <trkpt lat="47.36223" lon="12.43728">
        <ele>1340</ele>
        <time>2026-05-13T00:27:03+00:00</time>
      </trkpt>
      <trkpt lat="47.36221" lon="12.43715">
        <ele>1339</ele>
        <time>2026-05-13T00:27:06+00:00</time>
      </trkpt>
      <trkpt lat="47.3621" lon="12.43695">
        <ele>1329</ele>
        <time>2026-05-13T00:27:09+00:00</time>
      </trkpt>
      <trkpt lat="47.36204" lon="12.43675">
        <ele>1327</ele>
        <time>2026-05-13T00:27:12+00:00</time>
      </trkpt>
      <trkpt lat="47.36203" lon="12.43661">
        <ele>1326</ele>
        <time>2026-05-13T00:27:15+00:00</time>
      </trkpt>
      <trkpt lat="47.36201" lon="12.43628">
        <ele>1320</ele>
        <time>2026-05-13T00:27:18+00:00</time>
      </trkpt>
      <trkpt lat="47.36198" lon="12.4359">
        <ele>1315</ele>
        <time>2026-05-13T00:27:21+00:00</time>
      </trkpt>
      <trkpt lat="47.36201" lon="12.43563">
        <ele>1311</ele>
        <time>2026-05-13T00:27:24+00:00</time>
      </trkpt>
      <trkpt lat="47.36207" lon="12.43551">
        <ele>1308</ele>
        <time>2026-05-13T00:27:27+00:00</time>
      </trkpt>
      <trkpt lat="47.36214" lon="12.4353">
        <ele>1308</ele>
        <time>2026-05-13T00:27:30+00:00</time>
      </trkpt>
      <trkpt lat="47.36226" lon="12.43512">
        <ele>1306</ele>
        <time>2026-05-13T00:27:33+00:00</time>
      </trkpt>
      <trkpt lat="47.3624" lon="12.43484">
        <ele>1304</ele>
        <time>2026-05-13T00:27:36+00:00</time>
      </trkpt>
      <trkpt lat="47.36255" lon="12.43451">
        <ele>1299</ele>
        <time>2026-05-13T00:27:39+00:00</time>
      </trkpt>
      <trkpt lat="47.36269" lon="12.43431">
        <ele>1297</ele>
        <time>2026-05-13T00:27:42+00:00</time>
      </trkpt>
      <trkpt lat="47.36274" lon="12.43395">
        <ele>1290</ele>
        <time>2026-05-13T00:27:45+00:00</time>
      </trkpt>
      <trkpt lat="47.36275" lon="12.43388">
        <ele>1288</ele>
        <time>2026-05-13T00:27:48+00:00</time>
      </trkpt>
      <trkpt lat="47.36271" lon="12.43378">
        <ele>1286</ele>
        <time>2026-05-13T00:27:51+00:00</time>
      </trkpt>
      <trkpt lat="47.36264" lon="12.43373">
        <ele>1284</ele>
        <time>2026-05-13T00:27:54+00:00</time>
      </trkpt>
      <trkpt lat="47.36258" lon="12.43374">
        <ele>1282</ele>
        <time>2026-05-13T00:27:57+00:00</time>
      </trkpt>
      <trkpt lat="47.3625" lon="12.43361">
        <ele>1280</ele>
        <time>2026-05-13T00:28:00+00:00</time>
      </trkpt>
      <trkpt lat="47.36237" lon="12.43329">
        <ele>1267</ele>
        <time>2026-05-13T00:28:03+00:00</time>
      </trkpt>
      <trkpt lat="47.36223" lon="12.43293">
        <ele>1257</ele>
        <time>2026-05-13T00:28:06+00:00</time>
      </trkpt>
      <trkpt lat="47.36222" lon="12.43268">
        <ele>1249</ele>
        <time>2026-05-13T00:28:09+00:00</time>
      </trkpt>
      <trkpt lat="47.36221" lon="12.43251">
        <ele>1247</ele>
        <time>2026-05-13T00:28:12+00:00</time>
      </trkpt>
      <trkpt lat="47.36223" lon="12.43231">
        <ele>1241</ele>
        <time>2026-05-13T00:28:15+00:00</time>
      </trkpt>
      <trkpt lat="47.36225" lon="12.43217">
        <ele>1234</ele>
        <time>2026-05-13T00:28:18+00:00</time>
      </trkpt>
      <trkpt lat="47.36224" lon="12.43202">
        <ele>1231</ele>
        <time>2026-05-13T00:28:21+00:00</time>
      </trkpt>
      <trkpt lat="47.36232" lon="12.43198">
        <ele>1230</ele>
        <time>2026-05-13T00:28:24+00:00</time>
      </trkpt>
      <trkpt lat="47.36239" lon="12.43194">
        <ele>1230</ele>
        <time>2026-05-13T00:28:27+00:00</time>
      </trkpt>
      <trkpt lat="47.36244" lon="12.43191">
        <ele>1231</ele>
        <time>2026-05-13T00:28:30+00:00</time>
      </trkpt>
      <trkpt lat="47.36268" lon="12.43186">
        <ele>1230</ele>
        <time>2026-05-13T00:28:33+00:00</time>
      </trkpt>
      <trkpt lat="47.36301" lon="12.43182">
        <ele>1229</ele>
        <time>2026-05-13T00:28:36+00:00</time>
      </trkpt>
      <trkpt lat="47.3633" lon="12.43172">
        <ele>1229</ele>
        <time>2026-05-13T00:28:39+00:00</time>
      </trkpt>
      <trkpt lat="47.36357" lon="12.43167">
        <ele>1228</ele>
        <time>2026-05-13T00:28:42+00:00</time>
      </trkpt>
      <trkpt lat="47.36387" lon="12.43163">
        <ele>1227</ele>
        <time>2026-05-13T00:28:45+00:00</time>
      </trkpt>
      <trkpt lat="47.36387" lon="12.4316">
        <ele>1227</ele>
        <time>2026-05-13T00:28:48+00:00</time>
      </trkpt>
      <trkpt lat="47.3638" lon="12.43156">
        <ele>1223</ele>
        <time>2026-05-13T00:28:51+00:00</time>
      </trkpt>
      <trkpt lat="47.36377" lon="12.43154">
        <ele>1223</ele>
        <time>2026-05-13T00:28:54+00:00</time>
      </trkpt>
      <trkpt lat="47.36363" lon="12.43146">
        <ele>1219</ele>
        <time>2026-05-13T00:28:57+00:00</time>
      </trkpt>
      <trkpt lat="47.36352" lon="12.43144">
        <ele>1218</ele>
        <time>2026-05-13T00:29:00+00:00</time>
      </trkpt>
      <trkpt lat="47.36343" lon="12.43139">
        <ele>1217</ele>
        <time>2026-05-13T00:29:03+00:00</time>
      </trkpt>
      <trkpt lat="47.36342" lon="12.43135">
        <ele>1214</ele>
        <time>2026-05-13T00:29:06+00:00</time>
      </trkpt>
      <trkpt lat="47.36344" lon="12.43131">
        <ele>1214</ele>
        <time>2026-05-13T00:29:09+00:00</time>
      </trkpt>
      <trkpt lat="47.36369" lon="12.43133">
        <ele>1215</ele>
        <time>2026-05-13T00:29:12+00:00</time>
      </trkpt>
      <trkpt lat="47.36384" lon="12.43127">
        <ele>1213</ele>
        <time>2026-05-13T00:29:15+00:00</time>
      </trkpt>
      <trkpt lat="47.36392" lon="12.43117">
        <ele>1210</ele>
        <time>2026-05-13T00:29:18+00:00</time>
      </trkpt>
      <trkpt lat="47.36401" lon="12.43103">
        <ele>1208</ele>
        <time>2026-05-13T00:29:21+00:00</time>
      </trkpt>
      <trkpt lat="47.36423" lon="12.43096">
        <ele>1209</ele>
        <time>2026-05-13T00:29:24+00:00</time>
      </trkpt>
      <trkpt lat="47.36456" lon="12.43086">
        <ele>1208</ele>
        <time>2026-05-13T00:29:27+00:00</time>
      </trkpt>
      <trkpt lat="47.36472" lon="12.43077">
        <ele>1208</ele>
        <time>2026-05-13T00:29:30+00:00</time>
      </trkpt>
      <trkpt lat="47.36486" lon="12.43066">
        <ele>1206</ele>
        <time>2026-05-13T00:29:33+00:00</time>
      </trkpt>
      <trkpt lat="47.36502" lon="12.43053">
        <ele>1204</ele>
        <time>2026-05-13T00:29:36+00:00</time>
      </trkpt>
      <trkpt lat="47.36506" lon="12.43045">
        <ele>1201</ele>
        <time>2026-05-13T00:29:39+00:00</time>
      </trkpt>
      <trkpt lat="47.36511" lon="12.43029">
        <ele>1195</ele>
        <time>2026-05-13T00:29:42+00:00</time>
      </trkpt>
      <trkpt lat="47.36519" lon="12.43012">
        <ele>1192</ele>
        <time>2026-05-13T00:29:45+00:00</time>
      </trkpt>
      <trkpt lat="47.36527" lon="12.43001">
        <ele>1190</ele>
        <time>2026-05-13T00:29:48+00:00</time>
      </trkpt>
      <trkpt lat="47.36537" lon="12.42991">
        <ele>1187</ele>
        <time>2026-05-13T00:29:51+00:00</time>
      </trkpt>
      <trkpt lat="47.36562" lon="12.42983">
        <ele>1184</ele>
        <time>2026-05-13T00:29:54+00:00</time>
      </trkpt>
      <trkpt lat="47.36575" lon="12.42975">
        <ele>1181</ele>
        <time>2026-05-13T00:29:57+00:00</time>
      </trkpt>
      <trkpt lat="47.36587" lon="12.42968">
        <ele>1178</ele>
        <time>2026-05-13T00:30:00+00:00</time>
      </trkpt>
      <trkpt lat="47.36596" lon="12.42966">
        <ele>1177</ele>
        <time>2026-05-13T00:30:03+00:00</time>
      </trkpt>
      <trkpt lat="47.36616" lon="12.42963">
        <ele>1176</ele>
        <time>2026-05-13T00:30:06+00:00</time>
      </trkpt>
      <trkpt lat="47.36627" lon="12.42957">
        <ele>1173</ele>
        <time>2026-05-13T00:30:09+00:00</time>
      </trkpt>
      <trkpt lat="47.36637" lon="12.42955">
        <ele>1173</ele>
        <time>2026-05-13T00:30:12+00:00</time>
      </trkpt>
      <trkpt lat="47.36637" lon="12.42952">
        <ele>1173</ele>
        <time>2026-05-13T00:30:15+00:00</time>
      </trkpt>
      <trkpt lat="47.36634" lon="12.42951">
        <ele>1173</ele>
        <time>2026-05-13T00:30:18+00:00</time>
      </trkpt>
      <trkpt lat="47.36631" lon="12.4295">
        <ele>1170</ele>
        <time>2026-05-13T00:30:21+00:00</time>
      </trkpt>
      <trkpt lat="47.36625" lon="12.42947">
        <ele>1171</ele>
        <time>2026-05-13T00:30:24+00:00</time>
      </trkpt>
      <trkpt lat="47.36613" lon="12.42945">
        <ele>1171</ele>
        <time>2026-05-13T00:30:27+00:00</time>
      </trkpt>
      <trkpt lat="47.36604" lon="12.4294">
        <ele>1169</ele>
        <time>2026-05-13T00:30:30+00:00</time>
      </trkpt>
      <trkpt lat="47.36594" lon="12.42934">
        <ele>1170</ele>
        <time>2026-05-13T00:30:33+00:00</time>
      </trkpt>
      <trkpt lat="47.36582" lon="12.42926">
        <ele>1168</ele>
        <time>2026-05-13T00:30:36+00:00</time>
      </trkpt>
      <trkpt lat="47.36573" lon="12.42923">
        <ele>1169</ele>
        <time>2026-05-13T00:30:39+00:00</time>
      </trkpt>
      <trkpt lat="47.36563" lon="12.4292">
        <ele>1167</ele>
        <time>2026-05-13T00:30:42+00:00</time>
      </trkpt>
      <trkpt lat="47.36553" lon="12.42917">
        <ele>1169</ele>
        <time>2026-05-13T00:30:45+00:00</time>
      </trkpt>
      <trkpt lat="47.36544" lon="12.42914">
        <ele>1168</ele>
        <time>2026-05-13T00:30:48+00:00</time>
      </trkpt>
      <trkpt lat="47.36537" lon="12.42911">
        <ele>1169</ele>
        <time>2026-05-13T00:30:51+00:00</time>
      </trkpt>
      <trkpt lat="47.36532" lon="12.4291">
        <ele>1169</ele>
        <time>2026-05-13T00:30:54+00:00</time>
      </trkpt>
      <trkpt lat="47.36533" lon="12.42905">
        <ele>1166</ele>
        <time>2026-05-13T00:30:57+00:00</time>
      </trkpt>
      <trkpt lat="47.36539" lon="12.42904">
        <ele>1166</ele>
        <time>2026-05-13T00:31:00+00:00</time>
      </trkpt>
      <trkpt lat="47.3655" lon="12.42896">
        <ele>1164</ele>
        <time>2026-05-13T00:31:03+00:00</time>
      </trkpt>
      <trkpt lat="47.36554" lon="12.42894">
        <ele>1164</ele>
        <time>2026-05-13T00:31:06+00:00</time>
      </trkpt>
      <trkpt lat="47.36564" lon="12.42889">
        <ele>1160</ele>
        <time>2026-05-13T00:31:09+00:00</time>
      </trkpt>
      <trkpt lat="47.3657" lon="12.42887">
        <ele>1159</ele>
        <time>2026-05-13T00:31:12+00:00</time>
      </trkpt>
      <trkpt lat="47.36577" lon="12.42889">
        <ele>1159</ele>
        <time>2026-05-13T00:31:15+00:00</time>
      </trkpt>
      <trkpt lat="47.36606" lon="12.42884">
        <ele>1156</ele>
        <time>2026-05-13T00:31:18+00:00</time>
      </trkpt>
      <trkpt lat="47.36617" lon="12.42882">
        <ele>1155</ele>
        <time>2026-05-13T00:31:21+00:00</time>
      </trkpt>
      <trkpt lat="47.36621" lon="12.42878">
        <ele>1151</ele>
        <time>2026-05-13T00:31:24+00:00</time>
      </trkpt>
      <trkpt lat="47.36631" lon="12.4288">
        <ele>1150</ele>
        <time>2026-05-13T00:31:27+00:00</time>
      </trkpt>
      <trkpt lat="47.36641" lon="12.42871">
        <ele>1149</ele>
        <time>2026-05-13T00:31:30+00:00</time>
      </trkpt>
      <trkpt lat="47.36656" lon="12.42866">
        <ele>1144</ele>
        <time>2026-05-13T00:31:33+00:00</time>
      </trkpt>
      <trkpt lat="47.36667" lon="12.42867">
        <ele>1143</ele>
        <time>2026-05-13T00:31:36+00:00</time>
      </trkpt>
      <trkpt lat="47.36681" lon="12.42872">
        <ele>1144</ele>
        <time>2026-05-13T00:31:39+00:00</time>
      </trkpt>
      <trkpt lat="47.367" lon="12.4288">
        <ele>1143</ele>
        <time>2026-05-13T00:31:42+00:00</time>
      </trkpt>
      <trkpt lat="47.36709" lon="12.42876">
        <ele>1141</ele>
        <time>2026-05-13T00:31:45+00:00</time>
      </trkpt>
      <trkpt lat="47.36714" lon="12.4287">
        <ele>1136</ele>
        <time>2026-05-13T00:31:48+00:00</time>
      </trkpt>
      <trkpt lat="47.36716" lon="12.42864">
        <ele>1136</ele>
        <time>2026-05-13T00:31:51+00:00</time>
      </trkpt>
      <trkpt lat="47.36715" lon="12.42853">
        <ele>1133</ele>
        <time>2026-05-13T00:31:54+00:00</time>
      </trkpt>
      <trkpt lat="47.36714" lon="12.42834">
        <ele>1125</ele>
        <time>2026-05-13T00:31:57+00:00</time>
      </trkpt>
      <trkpt lat="47.36715" lon="12.42823">
        <ele>1121</ele>
        <time>2026-05-13T00:32:00+00:00</time>
      </trkpt>
      <trkpt lat="47.36724" lon="12.42816">
        <ele>1115</ele>
        <time>2026-05-13T00:32:03+00:00</time>
      </trkpt>
      <trkpt lat="47.3673" lon="12.42811">
        <ele>1115</ele>
        <time>2026-05-13T00:32:06+00:00</time>
      </trkpt>
      <trkpt lat="47.36746" lon="12.42811">
        <ele>1112</ele>
        <time>2026-05-13T00:32:09+00:00</time>
      </trkpt>
      <trkpt lat="47.36758" lon="12.42808">
        <ele>1106</ele>
        <time>2026-05-13T00:32:12+00:00</time>
      </trkpt>
      <trkpt lat="47.36774" lon="12.42807">
        <ele>1103</ele>
        <time>2026-05-13T00:32:15+00:00</time>
      </trkpt>
      <trkpt lat="47.36799" lon="12.42815">
        <ele>1104</ele>
        <time>2026-05-13T00:32:18+00:00</time>
      </trkpt>
      <trkpt lat="47.36821" lon="12.42812">
        <ele>1099</ele>
        <time>2026-05-13T00:32:21+00:00</time>
      </trkpt>
      <trkpt lat="47.36832" lon="12.42811">
        <ele>1097</ele>
        <time>2026-05-13T00:32:24+00:00</time>
      </trkpt>
      <trkpt lat="47.36851" lon="12.42804">
        <ele>1091</ele>
        <time>2026-05-13T00:32:27+00:00</time>
      </trkpt>
      <trkpt lat="47.36861" lon="12.42789">
        <ele>1083</ele>
        <time>2026-05-13T00:32:30+00:00</time>
      </trkpt>
      <trkpt lat="47.36888" lon="12.42774">
        <ele>1084</ele>
        <time>2026-05-13T00:32:33+00:00</time>
      </trkpt>
      <trkpt lat="47.36896" lon="12.42777">
        <ele>1076</ele>
        <time>2026-05-13T00:32:36+00:00</time>
      </trkpt>
      <trkpt lat="47.36906" lon="12.42784">
        <ele>1078</ele>
        <time>2026-05-13T00:32:39+00:00</time>
      </trkpt>
      <trkpt lat="47.36916" lon="12.42784">
        <ele>1077</ele>
        <time>2026-05-13T00:32:42+00:00</time>
      </trkpt>
      <trkpt lat="47.36935" lon="12.42781">
        <ele>1075</ele>
        <time>2026-05-13T00:32:45+00:00</time>
      </trkpt>
      <trkpt lat="47.36954" lon="12.42778">
        <ele>1070</ele>
        <time>2026-05-13T00:32:48+00:00</time>
      </trkpt>
      <trkpt lat="47.36985" lon="12.4276">
        <ele>1061</ele>
        <time>2026-05-13T00:32:51+00:00</time>
      </trkpt>
      <trkpt lat="47.37011" lon="12.42754">
        <ele>1058</ele>
        <time>2026-05-13T00:32:54+00:00</time>
      </trkpt>
      <trkpt lat="47.37043" lon="12.42747">
        <ele>1052</ele>
        <time>2026-05-13T00:32:57+00:00</time>
      </trkpt>
      <trkpt lat="47.37055" lon="12.4274">
        <ele>1051</ele>
        <time>2026-05-13T00:33:00+00:00</time>
      </trkpt>
      <trkpt lat="47.37065" lon="12.42736">
        <ele>1047</ele>
        <time>2026-05-13T00:33:03+00:00</time>
      </trkpt>
      <trkpt lat="47.37085" lon="12.42716">
        <ele>1040</ele>
        <time>2026-05-13T00:33:06+00:00</time>
      </trkpt>
      <trkpt lat="47.37099" lon="12.42701">
        <ele>1036</ele>
        <time>2026-05-13T00:33:09+00:00</time>
      </trkpt>
      <trkpt lat="47.37111" lon="12.42692">
        <ele>1031</ele>
        <time>2026-05-13T00:33:12+00:00</time>
      </trkpt>
      <trkpt lat="47.37122" lon="12.42682">
        <ele>1028</ele>
        <time>2026-05-13T00:33:15+00:00</time>
      </trkpt>
      <trkpt lat="47.37135" lon="12.42672">
        <ele>1024</ele>
        <time>2026-05-13T00:33:18+00:00</time>
      </trkpt>
      <trkpt lat="47.37146" lon="12.42663">
        <ele>1021</ele>
        <time>2026-05-13T00:33:21+00:00</time>
      </trkpt>
      <trkpt lat="47.37153" lon="12.42653">
        <ele>1018</ele>
        <time>2026-05-13T00:33:24+00:00</time>
      </trkpt>
      <trkpt lat="47.37181" lon="12.42642">
        <ele>1011</ele>
        <time>2026-05-13T00:33:27+00:00</time>
      </trkpt>
      <trkpt lat="47.37208" lon="12.42633">
        <ele>1004</ele>
        <time>2026-05-13T00:33:30+00:00</time>
      </trkpt>
      <trkpt lat="47.37226" lon="12.42627">
        <ele>997</ele>
        <time>2026-05-13T00:33:33+00:00</time>
      </trkpt>
      <trkpt lat="47.37247" lon="12.42627">
        <ele>993</ele>
        <time>2026-05-13T00:33:36+00:00</time>
      </trkpt>
      <trkpt lat="47.37271" lon="12.42636">
        <ele>989</ele>
        <time>2026-05-13T00:33:39+00:00</time>
      </trkpt>
      <trkpt lat="47.37284" lon="12.42636">
        <ele>987</ele>
        <time>2026-05-13T00:33:42+00:00</time>
      </trkpt>
      <trkpt lat="47.37296" lon="12.42641">
        <ele>988</ele>
        <time>2026-05-13T00:33:45+00:00</time>
      </trkpt>
      <trkpt lat="47.37311" lon="12.42638">
        <ele>981</ele>
        <time>2026-05-13T00:33:48+00:00</time>
      </trkpt>
      <trkpt lat="47.37337" lon="12.42628">
        <ele>975</ele>
        <time>2026-05-13T00:33:51+00:00</time>
      </trkpt>
      <trkpt lat="47.3735" lon="12.42632">
        <ele>975</ele>
        <time>2026-05-13T00:33:54+00:00</time>
      </trkpt>
      <trkpt lat="47.37367" lon="12.42629">
        <ele>974</ele>
        <time>2026-05-13T00:33:57+00:00</time>
      </trkpt>
      <trkpt lat="47.37379" lon="12.42643">
        <ele>974</ele>
        <time>2026-05-13T00:34:00+00:00</time>
      </trkpt>
      <trkpt lat="47.37383" lon="12.42646">
        <ele>973</ele>
        <time>2026-05-13T00:34:03+00:00</time>
      </trkpt>
      <trkpt lat="47.37391" lon="12.42639">
        <ele>969</ele>
        <time>2026-05-13T00:34:06+00:00</time>
      </trkpt>
      <trkpt lat="47.37389" lon="12.42633">
        <ele>971</ele>
        <time>2026-05-13T00:34:09+00:00</time>
      </trkpt>
      <trkpt lat="47.37387" lon="12.42628">
        <ele>968</ele>
        <time>2026-05-13T00:34:12+00:00</time>
      </trkpt>
      <trkpt lat="47.37385" lon="12.4262">
        <ele>967</ele>
        <time>2026-05-13T00:34:15+00:00</time>
      </trkpt>
      <trkpt lat="47.37389" lon="12.42615">
        <ele>967</ele>
        <time>2026-05-13T00:34:18+00:00</time>
      </trkpt>
      <trkpt lat="47.37396" lon="12.42608">
        <ele>964</ele>
        <time>2026-05-13T00:34:21+00:00</time>
      </trkpt>
      <trkpt lat="47.37404" lon="12.42602">
        <ele>963</ele>
        <time>2026-05-13T00:34:24+00:00</time>
      </trkpt>
      <trkpt lat="47.37409" lon="12.42597">
        <ele>962</ele>
        <time>2026-05-13T00:34:27+00:00</time>
      </trkpt>
      <trkpt lat="47.37421" lon="12.42587">
        <ele>959</ele>
        <time>2026-05-13T00:34:30+00:00</time>
      </trkpt>
      <trkpt lat="47.37427" lon="12.42575">
        <ele>957</ele>
        <time>2026-05-13T00:34:33+00:00</time>
      </trkpt>
      <trkpt lat="47.37424" lon="12.4257">
        <ele>957</ele>
        <time>2026-05-13T00:34:36+00:00</time>
      </trkpt>
      <trkpt lat="47.37421" lon="12.42562">
        <ele>956</ele>
        <time>2026-05-13T00:34:39+00:00</time>
      </trkpt>
      <trkpt lat="47.37413" lon="12.42551">
        <ele>956</ele>
        <time>2026-05-13T00:34:42+00:00</time>
      </trkpt>
      <trkpt lat="47.37405" lon="12.42539">
        <ele>955</ele>
        <time>2026-05-13T00:34:45+00:00</time>
      </trkpt>
      <trkpt lat="47.3741" lon="12.42541">
        <ele>955</ele>
        <time>2026-05-13T00:34:48+00:00</time>
      </trkpt>
      <trkpt lat="47.3742" lon="12.42543">
        <ele>955</ele>
        <time>2026-05-13T00:34:51+00:00</time>
      </trkpt>
      <trkpt lat="47.37426" lon="12.42547">
        <ele>954</ele>
        <time>2026-05-13T00:34:54+00:00</time>
      </trkpt>
      <trkpt lat="47.37437" lon="12.42549">
        <ele>953</ele>
        <time>2026-05-13T00:34:57+00:00</time>
      </trkpt>
      <trkpt lat="47.37447" lon="12.42553">
        <ele>953</ele>
        <time>2026-05-13T00:35:00+00:00</time>
      </trkpt>
      <trkpt lat="47.37479" lon="12.4256">
        <ele>952</ele>
        <time>2026-05-13T00:35:03+00:00</time>
      </trkpt>
      <trkpt lat="47.375" lon="12.42565">
        <ele>951</ele>
        <time>2026-05-13T00:35:06+00:00</time>
      </trkpt>
      <trkpt lat="47.3751" lon="12.42571">
        <ele>951</ele>
        <time>2026-05-13T00:35:09+00:00</time>
      </trkpt>
      <trkpt lat="47.37525" lon="12.42588">
        <ele>951</ele>
        <time>2026-05-13T00:35:12+00:00</time>
      </trkpt>
      <trkpt lat="47.37537" lon="12.42603">
        <ele>952</ele>
        <time>2026-05-13T00:35:15+00:00</time>
      </trkpt>
      <trkpt lat="47.37542" lon="12.42606">
        <ele>952</ele>
        <time>2026-05-13T00:35:18+00:00</time>
      </trkpt>
      <trkpt lat="47.37549" lon="12.42611">
        <ele>953</ele>
        <time>2026-05-13T00:35:21+00:00</time>
      </trkpt>
      <trkpt lat="47.37569" lon="12.42621">
        <ele>952</ele>
        <time>2026-05-13T00:35:24+00:00</time>
      </trkpt>
      <trkpt lat="47.37591" lon="12.42634">
        <ele>952</ele>
        <time>2026-05-13T00:35:27+00:00</time>
      </trkpt>
      <trkpt lat="47.37614" lon="12.42639">
        <ele>950</ele>
        <time>2026-05-13T00:35:30+00:00</time>
      </trkpt>
      <trkpt lat="47.37633" lon="12.42641">
        <ele>949</ele>
        <time>2026-05-13T00:35:33+00:00</time>
      </trkpt>
      <trkpt lat="47.37655" lon="12.42631">
        <ele>946</ele>
        <time>2026-05-13T00:35:36+00:00</time>
      </trkpt>
      <trkpt lat="47.37675" lon="12.42615">
        <ele>943</ele>
        <time>2026-05-13T00:35:39+00:00</time>
      </trkpt>
      <trkpt lat="47.37696" lon="12.42598">
        <ele>940</ele>
        <time>2026-05-13T00:35:42+00:00</time>
      </trkpt>
      <trkpt lat="47.37734" lon="12.42563">
        <ele>934</ele>
        <time>2026-05-13T00:35:45+00:00</time>
      </trkpt>
      <trkpt lat="47.37754" lon="12.42545">
        <ele>931</ele>
        <time>2026-05-13T00:35:48+00:00</time>
      </trkpt>
      <trkpt lat="47.37776" lon="12.42526">
        <ele>928</ele>
        <time>2026-05-13T00:35:51+00:00</time>
      </trkpt>
      <trkpt lat="47.37811" lon="12.42496">
        <ele>923</ele>
        <time>2026-05-13T00:35:54+00:00</time>
      </trkpt>
      <trkpt lat="47.37818" lon="12.42492">
        <ele>923</ele>
        <time>2026-05-13T00:35:57+00:00</time>
      </trkpt>
      <trkpt lat="47.37836" lon="12.42494">
        <ele>922</ele>
        <time>2026-05-13T00:36:00+00:00</time>
      </trkpt>
      <trkpt lat="47.37863" lon="12.42497">
        <ele>921</ele>
        <time>2026-05-13T00:36:03+00:00</time>
      </trkpt>
      <trkpt lat="47.379" lon="12.42501">
        <ele>920</ele>
        <time>2026-05-13T00:36:06+00:00</time>
      </trkpt>
      <trkpt lat="47.37927" lon="12.42505">
        <ele>919</ele>
        <time>2026-05-13T00:36:09+00:00</time>
      </trkpt>
      <trkpt lat="47.37968" lon="12.42511">
        <ele>919</ele>
        <time>2026-05-13T00:36:12+00:00</time>
      </trkpt>
      <trkpt lat="47.37991" lon="12.42514">
        <ele>919</ele>
        <time>2026-05-13T00:36:15+00:00</time>
      </trkpt>
      <trkpt lat="47.38014" lon="12.42518">
        <ele>919</ele>
        <time>2026-05-13T00:36:18+00:00</time>
      </trkpt>
      <trkpt lat="47.3804" lon="12.42519">
        <ele>921</ele>
        <time>2026-05-13T00:36:21+00:00</time>
      </trkpt>
      <trkpt lat="47.38073" lon="12.4252">
        <ele>926</ele>
        <time>2026-05-13T00:36:24+00:00</time>
      </trkpt>
      <trkpt lat="47.38096" lon="12.42522">
        <ele>927</ele>
        <time>2026-05-13T00:36:27+00:00</time>
      </trkpt>
      <trkpt lat="47.38122" lon="12.42523">
        <ele>928</ele>
        <time>2026-05-13T00:36:30+00:00</time>
      </trkpt>
      <trkpt lat="47.38136" lon="12.42526">
        <ele>929</ele>
        <time>2026-05-13T00:36:33+00:00</time>
      </trkpt>
      <trkpt lat="47.38149" lon="12.42531">
        <ele>931</ele>
        <time>2026-05-13T00:36:36+00:00</time>
      </trkpt>
      <trkpt lat="47.38174" lon="12.42554">
        <ele>934</ele>
        <time>2026-05-13T00:36:39+00:00</time>
      </trkpt>
      <trkpt lat="47.38215" lon="12.42584">
        <ele>937</ele>
        <time>2026-05-13T00:36:42+00:00</time>
      </trkpt>
      <trkpt lat="47.38233" lon="12.42604">
        <ele>938</ele>
        <time>2026-05-13T00:36:45+00:00</time>
      </trkpt>
      <trkpt lat="47.38252" lon="12.42626">
        <ele>939</ele>
        <time>2026-05-13T00:36:48+00:00</time>
      </trkpt>
      <trkpt lat="47.38276" lon="12.42665">
        <ele>939</ele>
        <time>2026-05-13T00:36:51+00:00</time>
      </trkpt>
      <trkpt lat="47.38287" lon="12.42687">
        <ele>938</ele>
        <time>2026-05-13T00:36:54+00:00</time>
      </trkpt>
      <trkpt lat="47.38307" lon="12.42704">
        <ele>938</ele>
        <time>2026-05-13T00:36:57+00:00</time>
      </trkpt>
      <trkpt lat="47.38335" lon="12.42711">
        <ele>936</ele>
        <time>2026-05-13T00:37:00+00:00</time>
      </trkpt>
      <trkpt lat="47.38374" lon="12.42722">
        <ele>930</ele>
        <time>2026-05-13T00:37:03+00:00</time>
      </trkpt>
      <trkpt lat="47.38395" lon="12.42723">
        <ele>926</ele>
        <time>2026-05-13T00:37:06+00:00</time>
      </trkpt>
      <trkpt lat="47.38418" lon="12.4273">
        <ele>924</ele>
        <time>2026-05-13T00:37:09+00:00</time>
      </trkpt>
      <trkpt lat="47.38446" lon="12.42738">
        <ele>920</ele>
        <time>2026-05-13T00:37:12+00:00</time>
      </trkpt>
      <trkpt lat="47.38469" lon="12.42746">
        <ele>919</ele>
        <time>2026-05-13T00:37:15+00:00</time>
      </trkpt>
      <trkpt lat="47.38495" lon="12.42755">
        <ele>917</ele>
        <time>2026-05-13T00:37:18+00:00</time>
      </trkpt>
      <trkpt lat="47.38513" lon="12.4277">
        <ele>917</ele>
        <time>2026-05-13T00:37:21+00:00</time>
      </trkpt>
      <trkpt lat="47.38526" lon="12.42785">
        <ele>917</ele>
        <time>2026-05-13T00:37:24+00:00</time>
      </trkpt>
      <trkpt lat="47.3854" lon="12.4279">
        <ele>917</ele>
        <time>2026-05-13T00:37:27+00:00</time>
      </trkpt>
      <trkpt lat="47.38568" lon="12.42794">
        <ele>916</ele>
        <time>2026-05-13T00:37:30+00:00</time>
      </trkpt>
      <trkpt lat="47.38616" lon="12.428">
        <ele>914</ele>
        <time>2026-05-13T00:37:33+00:00</time>
      </trkpt>
      <trkpt lat="47.38655" lon="12.42804">
        <ele>912</ele>
        <time>2026-05-13T00:37:36+00:00</time>
      </trkpt>
      <trkpt lat="47.3868" lon="12.42805">
        <ele>911</ele>
        <time>2026-05-13T00:37:39+00:00</time>
      </trkpt>
      <trkpt lat="47.38709" lon="12.42807">
        <ele>910</ele>
        <time>2026-05-13T00:37:42+00:00</time>
      </trkpt>
      <trkpt lat="47.38747" lon="12.42813">
        <ele>909</ele>
        <time>2026-05-13T00:37:45+00:00</time>
      </trkpt>
      <trkpt lat="47.38769" lon="12.4282">
        <ele>909</ele>
        <time>2026-05-13T00:37:48+00:00</time>
      </trkpt>
      <trkpt lat="47.38797" lon="12.42839">
        <ele>909</ele>
        <time>2026-05-13T00:37:51+00:00</time>
      </trkpt>
      <trkpt lat="47.38816" lon="12.42848">
        <ele>909</ele>
        <time>2026-05-13T00:37:54+00:00</time>
      </trkpt>
      <trkpt lat="47.38831" lon="12.42861">
        <ele>910</ele>
        <time>2026-05-13T00:37:57+00:00</time>
      </trkpt>
      <trkpt lat="47.38842" lon="12.42877">
        <ele>911</ele>
        <time>2026-05-13T00:38:00+00:00</time>
      </trkpt>
      <trkpt lat="47.38854" lon="12.42895">
        <ele>914</ele>
        <time>2026-05-13T00:38:03+00:00</time>
      </trkpt>
      <trkpt lat="47.38865" lon="12.42915">
        <ele>917</ele>
        <time>2026-05-13T00:38:06+00:00</time>
      </trkpt>
      <trkpt lat="47.38884" lon="12.42923">
        <ele>918</ele>
        <time>2026-05-13T00:38:09+00:00</time>
      </trkpt>
      <trkpt lat="47.38927" lon="12.42926">
        <ele>918</ele>
        <time>2026-05-13T00:38:12+00:00</time>
      </trkpt>
      <trkpt lat="47.38955" lon="12.42928">
        <ele>918</ele>
        <time>2026-05-13T00:38:15+00:00</time>
      </trkpt>
      <trkpt lat="47.38976" lon="12.42912">
        <ele>916</ele>
        <time>2026-05-13T00:38:18+00:00</time>
      </trkpt>
      <trkpt lat="47.38992" lon="12.42894">
        <ele>914</ele>
        <time>2026-05-13T00:38:21+00:00</time>
      </trkpt>
      <trkpt lat="47.39019" lon="12.42899">
        <ele>914</ele>
        <time>2026-05-13T00:38:24+00:00</time>
      </trkpt>
      <trkpt lat="47.39047" lon="12.42905">
        <ele>914</ele>
        <time>2026-05-13T00:38:27+00:00</time>
      </trkpt>
      <trkpt lat="47.39072" lon="12.4291">
        <ele>915</ele>
        <time>2026-05-13T00:38:30+00:00</time>
      </trkpt>
      <trkpt lat="47.39088" lon="12.42915">
        <ele>917</ele>
        <time>2026-05-13T00:38:33+00:00</time>
      </trkpt>
      <trkpt lat="47.39102" lon="12.42915">
        <ele>914</ele>
        <time>2026-05-13T00:38:36+00:00</time>
      </trkpt>
      <trkpt lat="47.39123" lon="12.42916">
        <ele>914</ele>
        <time>2026-05-13T00:38:39+00:00</time>
      </trkpt>
      <trkpt lat="47.39146" lon="12.4291">
        <ele>913</ele>
        <time>2026-05-13T00:38:42+00:00</time>
      </trkpt>
      <trkpt lat="47.39164" lon="12.42909">
        <ele>910</ele>
        <time>2026-05-13T00:38:45+00:00</time>
      </trkpt>
      <trkpt lat="47.39185" lon="12.42906">
        <ele>909</ele>
        <time>2026-05-13T00:38:48+00:00</time>
      </trkpt>
      <trkpt lat="47.39199" lon="12.42907">
        <ele>909</ele>
        <time>2026-05-13T00:38:51+00:00</time>
      </trkpt>
      <trkpt lat="47.39217" lon="12.42908">
        <ele>909</ele>
        <time>2026-05-13T00:38:54+00:00</time>
      </trkpt>
      <trkpt lat="47.3924" lon="12.42911">
        <ele>909</ele>
        <time>2026-05-13T00:38:57+00:00</time>
      </trkpt>
      <trkpt lat="47.39265" lon="12.42916">
        <ele>908</ele>
        <time>2026-05-13T00:39:00+00:00</time>
      </trkpt>
      <trkpt lat="47.39284" lon="12.42916">
        <ele>908</ele>
        <time>2026-05-13T00:39:03+00:00</time>
      </trkpt>
      <trkpt lat="47.39303" lon="12.42918">
        <ele>907</ele>
        <time>2026-05-13T00:39:06+00:00</time>
      </trkpt>
      <trkpt lat="47.39323" lon="12.42921">
        <ele>907</ele>
        <time>2026-05-13T00:39:09+00:00</time>
      </trkpt>
      <trkpt lat="47.3934" lon="12.42923">
        <ele>907</ele>
        <time>2026-05-13T00:39:12+00:00</time>
      </trkpt>
      <trkpt lat="47.39357" lon="12.42927">
        <ele>906</ele>
        <time>2026-05-13T00:39:15+00:00</time>
      </trkpt>
      <trkpt lat="47.39374" lon="12.4293">
        <ele>907</ele>
        <time>2026-05-13T00:39:18+00:00</time>
      </trkpt>
      <trkpt lat="47.39389" lon="12.42937">
        <ele>906</ele>
        <time>2026-05-13T00:39:21+00:00</time>
      </trkpt>
      <trkpt lat="47.39402" lon="12.42937">
        <ele>905</ele>
        <time>2026-05-13T00:39:24+00:00</time>
      </trkpt>
      <trkpt lat="47.39414" lon="12.42939">
        <ele>904</ele>
        <time>2026-05-13T00:39:27+00:00</time>
      </trkpt>
      <trkpt lat="47.39427" lon="12.42938">
        <ele>904</ele>
        <time>2026-05-13T00:39:30+00:00</time>
      </trkpt>
      <trkpt lat="47.39443" lon="12.42943">
        <ele>903</ele>
        <time>2026-05-13T00:39:33+00:00</time>
      </trkpt>
      <trkpt lat="47.39456" lon="12.4295">
        <ele>904</ele>
        <time>2026-05-13T00:39:36+00:00</time>
      </trkpt>
      <trkpt lat="47.39473" lon="12.42955">
        <ele>902</ele>
        <time>2026-05-13T00:39:39+00:00</time>
      </trkpt>
      <trkpt lat="47.39485" lon="12.42958">
        <ele>901</ele>
        <time>2026-05-13T00:39:42+00:00</time>
      </trkpt>
      <trkpt lat="47.39498" lon="12.42959">
        <ele>900</ele>
        <time>2026-05-13T00:39:45+00:00</time>
      </trkpt>
      <trkpt lat="47.39511" lon="12.42961">
        <ele>899</ele>
        <time>2026-05-13T00:39:48+00:00</time>
      </trkpt>
      <trkpt lat="47.39526" lon="12.42963">
        <ele>899</ele>
        <time>2026-05-13T00:39:51+00:00</time>
      </trkpt>
      <trkpt lat="47.39539" lon="12.42964">
        <ele>898</ele>
        <time>2026-05-13T00:39:54+00:00</time>
      </trkpt>
      <trkpt lat="47.39551" lon="12.42965">
        <ele>899</ele>
        <time>2026-05-13T00:39:57+00:00</time>
      </trkpt>
      <trkpt lat="47.39566" lon="12.42967">
        <ele>897</ele>
        <time>2026-05-13T00:40:00+00:00</time>
      </trkpt>
      <trkpt lat="47.39579" lon="12.42984">
        <ele>899</ele>
        <time>2026-05-13T00:40:03+00:00</time>
      </trkpt>
      <trkpt lat="47.39589" lon="12.42998">
        <ele>900</ele>
        <time>2026-05-13T00:40:06+00:00</time>
      </trkpt>
      <trkpt lat="47.39606" lon="12.43019">
        <ele>901</ele>
        <time>2026-05-13T00:40:09+00:00</time>
      </trkpt>
      <trkpt lat="47.39619" lon="12.43032">
        <ele>904</ele>
        <time>2026-05-13T00:40:12+00:00</time>
      </trkpt>
      <trkpt lat="47.39638" lon="12.43041">
        <ele>904</ele>
        <time>2026-05-13T00:40:15+00:00</time>
      </trkpt>
      <trkpt lat="47.39649" lon="12.43046">
        <ele>903</ele>
        <time>2026-05-13T00:40:18+00:00</time>
      </trkpt>
      <trkpt lat="47.39663" lon="12.43051">
        <ele>904</ele>
        <time>2026-05-13T00:40:21+00:00</time>
      </trkpt>
      <trkpt lat="47.39672" lon="12.43056">
        <ele>903</ele>
        <time>2026-05-13T00:40:24+00:00</time>
      </trkpt>
      <trkpt lat="47.39679" lon="12.43065">
        <ele>905</ele>
        <time>2026-05-13T00:40:27+00:00</time>
      </trkpt>
      <trkpt lat="47.39685" lon="12.43075">
        <ele>905</ele>
        <time>2026-05-13T00:40:30+00:00</time>
      </trkpt>
      <trkpt lat="47.39691" lon="12.43086">
        <ele>906</ele>
        <time>2026-05-13T00:40:33+00:00</time>
      </trkpt>
      <trkpt lat="47.39694" lon="12.43103">
        <ele>908</ele>
        <time>2026-05-13T00:40:36+00:00</time>
      </trkpt>
      <trkpt lat="47.39699" lon="12.43114">
        <ele>909</ele>
        <time>2026-05-13T00:40:39+00:00</time>
      </trkpt>
      <trkpt lat="47.39704" lon="12.4313">
        <ele>910</ele>
        <time>2026-05-13T00:40:42+00:00</time>
      </trkpt>
      <trkpt lat="47.39705" lon="12.43135">
        <ele>910</ele>
        <time>2026-05-13T00:40:45+00:00</time>
      </trkpt>
      <trkpt lat="47.39704" lon="12.43142">
        <ele>910</ele>
        <time>2026-05-13T00:40:48+00:00</time>
      </trkpt>
      <trkpt lat="47.39698" lon="12.43159">
        <ele>913</ele>
        <time>2026-05-13T00:40:51+00:00</time>
      </trkpt>
      <trkpt lat="47.39698" lon="12.43164">
        <ele>914</ele>
        <time>2026-05-13T00:40:54+00:00</time>
      </trkpt>
      <trkpt lat="47.39698" lon="12.4317">
        <ele>914</ele>
        <time>2026-05-13T00:40:57+00:00</time>
      </trkpt>
      <trkpt lat="47.39698" lon="12.43175">
        <ele>915</ele>
        <time>2026-05-13T00:41:00+00:00</time>
      </trkpt>
      <trkpt lat="47.39697" lon="12.43191">
        <ele>916</ele>
        <time>2026-05-13T00:41:03+00:00</time>
      </trkpt>
      <trkpt lat="47.39694" lon="12.43205">
        <ele>917</ele>
        <time>2026-05-13T00:41:06+00:00</time>
      </trkpt>
      <trkpt lat="47.39692" lon="12.43213">
        <ele>917</ele>
        <time>2026-05-13T00:41:09+00:00</time>
      </trkpt>
      <trkpt lat="47.39689" lon="12.43226">
        <ele>920</ele>
        <time>2026-05-13T00:41:12+00:00</time>
      </trkpt>
      <trkpt lat="47.39689" lon="12.43237">
        <ele>921</ele>
        <time>2026-05-13T00:41:15+00:00</time>
      </trkpt>
      <trkpt lat="47.39687" lon="12.43256">
        <ele>922</ele>
        <time>2026-05-13T00:41:18+00:00</time>
      </trkpt>
      <trkpt lat="47.39686" lon="12.43272">
        <ele>922</ele>
        <time>2026-05-13T00:41:21+00:00</time>
      </trkpt>
      <trkpt lat="47.39684" lon="12.4328">
        <ele>922</ele>
        <time>2026-05-13T00:41:24+00:00</time>
      </trkpt>
      <trkpt lat="47.39679" lon="12.43295">
        <ele>925</ele>
        <time>2026-05-13T00:41:27+00:00</time>
      </trkpt>
      <trkpt lat="47.39677" lon="12.43306">
        <ele>925</ele>
        <time>2026-05-13T00:41:30+00:00</time>
      </trkpt>
      <trkpt lat="47.39676" lon="12.43313">
        <ele>926</ele>
        <time>2026-05-13T00:41:33+00:00</time>
      </trkpt>
      <trkpt lat="47.39676" lon="12.43317">
        <ele>926</ele>
        <time>2026-05-13T00:41:36+00:00</time>
      </trkpt>
      <trkpt lat="47.39677" lon="12.43323">
        <ele>925</ele>
        <time>2026-05-13T00:41:39+00:00</time>
      </trkpt>
      <trkpt lat="47.39678" lon="12.43328">
        <ele>925</ele>
        <time>2026-05-13T00:41:42+00:00</time>
      </trkpt>
      <trkpt lat="47.39678" lon="12.43336">
        <ele>925</ele>
        <time>2026-05-13T00:41:45+00:00</time>
      </trkpt>
      <trkpt lat="47.39677" lon="12.43347">
        <ele>925</ele>
        <time>2026-05-13T00:41:48+00:00</time>
      </trkpt>
      <trkpt lat="47.39674" lon="12.43356">
        <ele>925</ele>
        <time>2026-05-13T00:41:51+00:00</time>
      </trkpt>
      <trkpt lat="47.39674" lon="12.43363">
        <ele>925</ele>
        <time>2026-05-13T00:41:54+00:00</time>
      </trkpt>
      <trkpt lat="47.39677" lon="12.43371">
        <ele>925</ele>
        <time>2026-05-13T00:41:57+00:00</time>
      </trkpt>
      <trkpt lat="47.39682" lon="12.43379">
        <ele>922</ele>
        <time>2026-05-13T00:42:00+00:00</time>
      </trkpt>
      <trkpt lat="47.39685" lon="12.43395">
        <ele>922</ele>
        <time>2026-05-13T00:42:03+00:00</time>
      </trkpt>
      <trkpt lat="47.39688" lon="12.43407">
        <ele>922</ele>
        <time>2026-05-13T00:42:06+00:00</time>
      </trkpt>
      <trkpt lat="47.39693" lon="12.43422">
        <ele>921</ele>
        <time>2026-05-13T00:42:09+00:00</time>
      </trkpt>
      <trkpt lat="47.39697" lon="12.43435">
        <ele>920</ele>
        <time>2026-05-13T00:42:12+00:00</time>
      </trkpt>
      <trkpt lat="47.39698" lon="12.4345">
        <ele>920</ele>
        <time>2026-05-13T00:42:15+00:00</time>
      </trkpt>
      <trkpt lat="47.39701" lon="12.43463">
        <ele>918</ele>
        <time>2026-05-13T00:42:18+00:00</time>
      </trkpt>
      <trkpt lat="47.39705" lon="12.43479">
        <ele>919</ele>
        <time>2026-05-13T00:42:21+00:00</time>
      </trkpt>
      <trkpt lat="47.39714" lon="12.43517">
        <ele>919</ele>
        <time>2026-05-13T00:42:24+00:00</time>
      </trkpt>
      <trkpt lat="47.39717" lon="12.43542">
        <ele>923</ele>
        <time>2026-05-13T00:42:27+00:00</time>
      </trkpt>
      <trkpt lat="47.39716" lon="12.43558">
        <ele>924</ele>
        <time>2026-05-13T00:42:30+00:00</time>
      </trkpt>
      <trkpt lat="47.39715" lon="12.43564">
        <ele>925</ele>
        <time>2026-05-13T00:42:33+00:00</time>
      </trkpt>
      <trkpt lat="47.3971" lon="12.43588">
        <ele>931</ele>
        <time>2026-05-13T00:42:36+00:00</time>
      </trkpt>
      <trkpt lat="47.39706" lon="12.4362">
        <ele>933</ele>
        <time>2026-05-13T00:42:39+00:00</time>
      </trkpt>
      <trkpt lat="47.39705" lon="12.4364">
        <ele>934</ele>
        <time>2026-05-13T00:42:42+00:00</time>
      </trkpt>
      <trkpt lat="47.39704" lon="12.43646">
        <ele>934</ele>
        <time>2026-05-13T00:42:45+00:00</time>
      </trkpt>
      <trkpt lat="47.39703" lon="12.43656">
        <ele>935</ele>
        <time>2026-05-13T00:42:48+00:00</time>
      </trkpt>
      <trkpt lat="47.39702" lon="12.43676">
        <ele>936</ele>
        <time>2026-05-13T00:42:51+00:00</time>
      </trkpt>
      <trkpt lat="47.39701" lon="12.43689">
        <ele>937</ele>
        <time>2026-05-13T00:42:54+00:00</time>
      </trkpt>
      <trkpt lat="47.39695" lon="12.43717">
        <ele>942</ele>
        <time>2026-05-13T00:42:57+00:00</time>
      </trkpt>
      <trkpt lat="47.39694" lon="12.43735">
        <ele>944</ele>
        <time>2026-05-13T00:43:00+00:00</time>
      </trkpt>
      <trkpt lat="47.39695" lon="12.43744">
        <ele>945</ele>
        <time>2026-05-13T00:43:03+00:00</time>
      </trkpt>
      <trkpt lat="47.39701" lon="12.43752">
        <ele>942</ele>
        <time>2026-05-13T00:43:06+00:00</time>
      </trkpt>
      <trkpt lat="47.397" lon="12.43758">
        <ele>946</ele>
        <time>2026-05-13T00:43:09+00:00</time>
      </trkpt>
      <trkpt lat="47.39699" lon="12.43771">
        <ele>946</ele>
        <time>2026-05-13T00:43:12+00:00</time>
      </trkpt>
      <trkpt lat="47.39699" lon="12.43786">
        <ele>949</ele>
        <time>2026-05-13T00:43:15+00:00</time>
      </trkpt>
      <trkpt lat="47.397" lon="12.43797">
        <ele>946</ele>
        <time>2026-05-13T00:43:18+00:00</time>
      </trkpt>
      <trkpt lat="47.39703" lon="12.43805">
        <ele>945</ele>
        <time>2026-05-13T00:43:21+00:00</time>
      </trkpt>
      <trkpt lat="47.39705" lon="12.43808">
        <ele>947</ele>
        <time>2026-05-13T00:43:24+00:00</time>
      </trkpt>
      <trkpt lat="47.39704" lon="12.43805">
        <ele>947</ele>
        <time>2026-05-13T00:43:27+00:00</time>
      </trkpt>
      <trkpt lat="47.39704" lon="12.438">
        <ele>946</ele>
        <time>2026-05-13T00:43:30+00:00</time>
      </trkpt>
      <trkpt lat="47.39704" lon="12.43795">
        <ele>946</ele>
        <time>2026-05-13T00:43:33+00:00</time>
      </trkpt>
      <trkpt lat="47.39703" lon="12.4379">
        <ele>945</ele>
        <time>2026-05-13T00:43:36+00:00</time>
      </trkpt>
      <trkpt lat="47.39705" lon="12.43774">
        <ele>944</ele>
        <time>2026-05-13T00:43:39+00:00</time>
      </trkpt>
      <trkpt lat="47.39709" lon="12.43759">
        <ele>942</ele>
        <time>2026-05-13T00:43:42+00:00</time>
      </trkpt>
      <trkpt lat="47.39718" lon="12.43741">
        <ele>938</ele>
        <time>2026-05-13T00:43:45+00:00</time>
      </trkpt>
      <trkpt lat="47.3972" lon="12.43727">
        <ele>936</ele>
        <time>2026-05-13T00:43:48+00:00</time>
      </trkpt>
      <trkpt lat="47.39724" lon="12.43712">
        <ele>935</ele>
        <time>2026-05-13T00:43:51+00:00</time>
      </trkpt>
      <trkpt lat="47.39729" lon="12.43699">
        <ele>933</ele>
        <time>2026-05-13T00:43:54+00:00</time>
      </trkpt>
      <trkpt lat="47.39736" lon="12.43683">
        <ele>930</ele>
        <time>2026-05-13T00:43:57+00:00</time>
      </trkpt>
      <trkpt lat="47.39746" lon="12.43673">
        <ele>928</ele>
        <time>2026-05-13T00:44:00+00:00</time>
      </trkpt>
      <trkpt lat="47.39752" lon="12.43663">
        <ele>925</ele>
        <time>2026-05-13T00:44:03+00:00</time>
      </trkpt>
      <trkpt lat="47.39765" lon="12.43644">
        <ele>920</ele>
        <time>2026-05-13T00:44:06+00:00</time>
      </trkpt>
      <trkpt lat="47.39783" lon="12.43624">
        <ele>914</ele>
        <time>2026-05-13T00:44:09+00:00</time>
      </trkpt>
      <trkpt lat="47.39792" lon="12.43612">
        <ele>913</ele>
        <time>2026-05-13T00:44:12+00:00</time>
      </trkpt>
      <trkpt lat="47.39798" lon="12.43603">
        <ele>911</ele>
        <time>2026-05-13T00:44:15+00:00</time>
      </trkpt>
      <trkpt lat="47.39804" lon="12.4359">
        <ele>910</ele>
        <time>2026-05-13T00:44:18+00:00</time>
      </trkpt>
      <trkpt lat="47.39809" lon="12.43571">
        <ele>907</ele>
        <time>2026-05-13T00:44:21+00:00</time>
      </trkpt>
      <trkpt lat="47.3981" lon="12.43557">
        <ele>905</ele>
        <time>2026-05-13T00:44:24+00:00</time>
      </trkpt>
      <trkpt lat="47.3981" lon="12.43544">
        <ele>904</ele>
        <time>2026-05-13T00:44:27+00:00</time>
      </trkpt>
      <trkpt lat="47.39811" lon="12.43539">
        <ele>902</ele>
        <time>2026-05-13T00:44:30+00:00</time>
      </trkpt>
      <trkpt lat="47.39814" lon="12.43534">
        <ele>902</ele>
        <time>2026-05-13T00:44:33+00:00</time>
      </trkpt>
      <trkpt lat="47.39817" lon="12.43527">
        <ele>901</ele>
        <time>2026-05-13T00:44:36+00:00</time>
      </trkpt>
      <trkpt lat="47.39818" lon="12.43524">
        <ele>901</ele>
        <time>2026-05-13T00:44:39+00:00</time>
      </trkpt>
      <trkpt lat="47.3982" lon="12.43525">
        <ele>901</ele>
        <time>2026-05-13T00:44:42+00:00</time>
      </trkpt>
      <trkpt lat="47.39839" lon="12.43518">
        <ele>902</ele>
        <time>2026-05-13T00:44:45+00:00</time>
      </trkpt>
      <trkpt lat="47.39848" lon="12.43515">
        <ele>899</ele>
        <time>2026-05-13T00:44:48+00:00</time>
      </trkpt>
      <trkpt lat="47.39857" lon="12.43514">
        <ele>900</ele>
        <time>2026-05-13T00:44:51+00:00</time>
      </trkpt>
      <trkpt lat="47.39874" lon="12.43513">
        <ele>902</ele>
        <time>2026-05-13T00:44:54+00:00</time>
      </trkpt>
      <trkpt lat="47.39884" lon="12.43514">
        <ele>903</ele>
        <time>2026-05-13T00:44:57+00:00</time>
      </trkpt>
      <trkpt lat="47.39898" lon="12.43514">
        <ele>905</ele>
        <time>2026-05-13T00:45:00+00:00</time>
      </trkpt>
      <trkpt lat="47.39908" lon="12.43514">
        <ele>906</ele>
        <time>2026-05-13T00:45:03+00:00</time>
      </trkpt>
      <trkpt lat="47.39924" lon="12.43507">
        <ele>907</ele>
        <time>2026-05-13T00:45:06+00:00</time>
      </trkpt>
      <trkpt lat="47.39928" lon="12.43507">
        <ele>907</ele>
        <time>2026-05-13T00:45:09+00:00</time>
      </trkpt>
      <trkpt lat="47.39936" lon="12.43511">
        <ele>909</ele>
        <time>2026-05-13T00:45:12+00:00</time>
      </trkpt>
      <trkpt lat="47.39942" lon="12.43521">
        <ele>912</ele>
        <time>2026-05-13T00:45:15+00:00</time>
      </trkpt>
      <trkpt lat="47.39947" lon="12.43529">
        <ele>912</ele>
        <time>2026-05-13T00:45:18+00:00</time>
      </trkpt>
      <trkpt lat="47.3995" lon="12.43536">
        <ele>914</ele>
        <time>2026-05-13T00:45:21+00:00</time>
      </trkpt>
      <trkpt lat="47.39958" lon="12.4355">
        <ele>915</ele>
        <time>2026-05-13T00:45:24+00:00</time>
      </trkpt>
      <trkpt lat="47.39964" lon="12.43557">
        <ele>917</ele>
        <time>2026-05-13T00:45:27+00:00</time>
      </trkpt>
      <trkpt lat="47.39969" lon="12.4356">
        <ele>917</ele>
        <time>2026-05-13T00:45:30+00:00</time>
      </trkpt>
      <trkpt lat="47.39974" lon="12.43563">
        <ele>915</ele>
        <time>2026-05-13T00:45:33+00:00</time>
      </trkpt>
      <trkpt lat="47.3998" lon="12.43563">
        <ele>917</ele>
        <time>2026-05-13T00:45:36+00:00</time>
      </trkpt>
      <trkpt lat="47.3999" lon="12.43563">
        <ele>916</ele>
        <time>2026-05-13T00:45:39+00:00</time>
      </trkpt>
      <trkpt lat="47.39999" lon="12.43566">
        <ele>914</ele>
        <time>2026-05-13T00:45:42+00:00</time>
      </trkpt>
      <trkpt lat="47.40017" lon="12.43578">
        <ele>913</ele>
        <time>2026-05-13T00:45:45+00:00</time>
      </trkpt>
      <trkpt lat="47.40027" lon="12.43583">
        <ele>912</ele>
        <time>2026-05-13T00:45:48+00:00</time>
      </trkpt>
      <trkpt lat="47.40049" lon="12.43594">
        <ele>909</ele>
        <time>2026-05-13T00:45:51+00:00</time>
      </trkpt>
      <trkpt lat="47.40062" lon="12.43601">
        <ele>908</ele>
        <time>2026-05-13T00:45:54+00:00</time>
      </trkpt>
      <trkpt lat="47.40083" lon="12.43609">
        <ele>906</ele>
        <time>2026-05-13T00:45:57+00:00</time>
      </trkpt>
      <trkpt lat="47.40113" lon="12.43621">
        <ele>906</ele>
        <time>2026-05-13T00:46:00+00:00</time>
      </trkpt>
      <trkpt lat="47.40119" lon="12.43626">
        <ele>906</ele>
        <time>2026-05-13T00:46:03+00:00</time>
      </trkpt>
      <trkpt lat="47.40124" lon="12.43634">
        <ele>907</ele>
        <time>2026-05-13T00:46:06+00:00</time>
      </trkpt>
      <trkpt lat="47.40132" lon="12.43658">
        <ele>909</ele>
        <time>2026-05-13T00:46:09+00:00</time>
      </trkpt>
      <trkpt lat="47.40136" lon="12.43665">
        <ele>911</ele>
        <time>2026-05-13T00:46:12+00:00</time>
      </trkpt>
      <trkpt lat="47.40152" lon="12.43667">
        <ele>910</ele>
        <time>2026-05-13T00:46:15+00:00</time>
      </trkpt>
      <trkpt lat="47.4017" lon="12.43666">
        <ele>909</ele>
        <time>2026-05-13T00:46:18+00:00</time>
      </trkpt>
      <trkpt lat="47.40186" lon="12.43673">
        <ele>909</ele>
        <time>2026-05-13T00:46:21+00:00</time>
      </trkpt>
      <trkpt lat="47.40195" lon="12.43676">
        <ele>911</ele>
        <time>2026-05-13T00:46:24+00:00</time>
      </trkpt>
      <trkpt lat="47.40202" lon="12.43676">
        <ele>910</ele>
        <time>2026-05-13T00:46:27+00:00</time>
      </trkpt>
      <trkpt lat="47.4022" lon="12.4367">
        <ele>908</ele>
        <time>2026-05-13T00:46:30+00:00</time>
      </trkpt>
      <trkpt lat="47.4024" lon="12.43665">
        <ele>908</ele>
        <time>2026-05-13T00:46:33+00:00</time>
      </trkpt>
      <trkpt lat="47.40272" lon="12.43669">
        <ele>909</ele>
        <time>2026-05-13T00:46:36+00:00</time>
      </trkpt>
      <trkpt lat="47.40282" lon="12.43673">
        <ele>909</ele>
        <time>2026-05-13T00:46:39+00:00</time>
      </trkpt>
      <trkpt lat="47.40289" lon="12.4368">
        <ele>910</ele>
        <time>2026-05-13T00:46:42+00:00</time>
      </trkpt>
      <trkpt lat="47.40314" lon="12.43704">
        <ele>912</ele>
        <time>2026-05-13T00:46:45+00:00</time>
      </trkpt>
      <trkpt lat="47.40324" lon="12.4371">
        <ele>913</ele>
        <time>2026-05-13T00:46:48+00:00</time>
      </trkpt>
      <trkpt lat="47.40332" lon="12.43715">
        <ele>913</ele>
        <time>2026-05-13T00:46:51+00:00</time>
      </trkpt>
      <trkpt lat="47.4035" lon="12.4372">
        <ele>913</ele>
        <time>2026-05-13T00:46:54+00:00</time>
      </trkpt>
      <trkpt lat="47.4036" lon="12.43725">
        <ele>914</ele>
        <time>2026-05-13T00:46:57+00:00</time>
      </trkpt>
      <trkpt lat="47.40378" lon="12.43732">
        <ele>916</ele>
        <time>2026-05-13T00:47:00+00:00</time>
      </trkpt>
      <trkpt lat="47.40393" lon="12.43738">
        <ele>916</ele>
        <time>2026-05-13T00:47:03+00:00</time>
      </trkpt>
      <trkpt lat="47.40402" lon="12.43741">
        <ele>918</ele>
        <time>2026-05-13T00:47:06+00:00</time>
      </trkpt>
      <trkpt lat="47.4042" lon="12.43749">
        <ele>918</ele>
        <time>2026-05-13T00:47:09+00:00</time>
      </trkpt>
      <trkpt lat="47.40429" lon="12.43753">
        <ele>920</ele>
        <time>2026-05-13T00:47:12+00:00</time>
      </trkpt>
      <trkpt lat="47.40442" lon="12.43765">
        <ele>922</ele>
        <time>2026-05-13T00:47:15+00:00</time>
      </trkpt>
      <trkpt lat="47.40452" lon="12.43775">
        <ele>923</ele>
        <time>2026-05-13T00:47:18+00:00</time>
      </trkpt>
      <trkpt lat="47.4046" lon="12.43783">
        <ele>925</ele>
        <time>2026-05-13T00:47:21+00:00</time>
      </trkpt>
      <trkpt lat="47.40475" lon="12.4379">
        <ele>925</ele>
        <time>2026-05-13T00:47:24+00:00</time>
      </trkpt>
      <trkpt lat="47.40483" lon="12.43794">
        <ele>926</ele>
        <time>2026-05-13T00:47:27+00:00</time>
      </trkpt>
      <trkpt lat="47.40496" lon="12.43799">
        <ele>926</ele>
        <time>2026-05-13T00:47:30+00:00</time>
      </trkpt>
      <trkpt lat="47.40509" lon="12.43804">
        <ele>928</ele>
        <time>2026-05-13T00:47:33+00:00</time>
      </trkpt>
      <trkpt lat="47.40518" lon="12.43808">
        <ele>928</ele>
        <time>2026-05-13T00:47:36+00:00</time>
      </trkpt>
      <trkpt lat="47.40541" lon="12.4382">
        <ele>929</ele>
        <time>2026-05-13T00:47:39+00:00</time>
      </trkpt>
      <trkpt lat="47.40553" lon="12.43823">
        <ele>931</ele>
        <time>2026-05-13T00:47:42+00:00</time>
      </trkpt>
      <trkpt lat="47.40576" lon="12.43831">
        <ele>929</ele>
        <time>2026-05-13T00:47:45+00:00</time>
      </trkpt>
      <trkpt lat="47.40588" lon="12.43828">
        <ele>930</ele>
        <time>2026-05-13T00:47:48+00:00</time>
      </trkpt>
      <trkpt lat="47.40595" lon="12.43822">
        <ele>928</ele>
        <time>2026-05-13T00:47:51+00:00</time>
      </trkpt>
      <trkpt lat="47.40602" lon="12.43818">
        <ele>927</ele>
        <time>2026-05-13T00:47:54+00:00</time>
      </trkpt>
      <trkpt lat="47.40608" lon="12.43815">
        <ele>927</ele>
        <time>2026-05-13T00:47:57+00:00</time>
      </trkpt>
      <trkpt lat="47.40617" lon="12.43812">
        <ele>927</ele>
        <time>2026-05-13T00:48:00+00:00</time>
      </trkpt>
      <trkpt lat="47.40632" lon="12.43801">
        <ele>923</ele>
        <time>2026-05-13T00:48:03+00:00</time>
      </trkpt>
      <trkpt lat="47.40647" lon="12.43792">
        <ele>921</ele>
        <time>2026-05-13T00:48:06+00:00</time>
      </trkpt>
      <trkpt lat="47.40664" lon="12.4378">
        <ele>918</ele>
        <time>2026-05-13T00:48:09+00:00</time>
      </trkpt>
      <trkpt lat="47.40678" lon="12.43775">
        <ele>916</ele>
        <time>2026-05-13T00:48:12+00:00</time>
      </trkpt>
      <trkpt lat="47.40693" lon="12.43778">
        <ele>915</ele>
        <time>2026-05-13T00:48:15+00:00</time>
      </trkpt>
      <trkpt lat="47.40702" lon="12.4378">
        <ele>914</ele>
        <time>2026-05-13T00:48:18+00:00</time>
      </trkpt>
      <trkpt lat="47.40706" lon="12.4378">
        <ele>916</ele>
        <time>2026-05-13T00:48:21+00:00</time>
      </trkpt>
      <trkpt lat="47.40716" lon="12.43781">
        <ele>915</ele>
        <time>2026-05-13T00:48:24+00:00</time>
      </trkpt>
      <trkpt lat="47.40733" lon="12.43786">
        <ele>914</ele>
        <time>2026-05-13T00:48:27+00:00</time>
      </trkpt>
      <trkpt lat="47.40746" lon="12.43785">
        <ele>913</ele>
        <time>2026-05-13T00:48:30+00:00</time>
      </trkpt>
      <trkpt lat="47.40765" lon="12.4378">
        <ele>909</ele>
        <time>2026-05-13T00:48:33+00:00</time>
      </trkpt>
      <trkpt lat="47.40786" lon="12.4377">
        <ele>906</ele>
        <time>2026-05-13T00:48:36+00:00</time>
      </trkpt>
      <trkpt lat="47.40798" lon="12.43766">
        <ele>905</ele>
        <time>2026-05-13T00:48:39+00:00</time>
      </trkpt>
      <trkpt lat="47.40821" lon="12.43754">
        <ele>902</ele>
        <time>2026-05-13T00:48:42+00:00</time>
      </trkpt>
      <trkpt lat="47.40846" lon="12.43745">
        <ele>900</ele>
        <time>2026-05-13T00:48:45+00:00</time>
      </trkpt>
      <trkpt lat="47.40857" lon="12.4374">
        <ele>900</ele>
        <time>2026-05-13T00:48:48+00:00</time>
      </trkpt>
      <trkpt lat="47.40869" lon="12.43736">
        <ele>898</ele>
        <time>2026-05-13T00:48:51+00:00</time>
      </trkpt>
      <trkpt lat="47.40886" lon="12.43735">
        <ele>898</ele>
        <time>2026-05-13T00:48:54+00:00</time>
      </trkpt>
      <trkpt lat="47.40904" lon="12.43734">
        <ele>898</ele>
        <time>2026-05-13T00:48:57+00:00</time>
      </trkpt>
      <trkpt lat="47.40924" lon="12.43732">
        <ele>898</ele>
        <time>2026-05-13T00:49:00+00:00</time>
      </trkpt>
      <trkpt lat="47.40935" lon="12.43732">
        <ele>898</ele>
        <time>2026-05-13T00:49:03+00:00</time>
      </trkpt>
      <trkpt lat="47.40945" lon="12.43732">
        <ele>898</ele>
        <time>2026-05-13T00:49:06+00:00</time>
      </trkpt>
      <trkpt lat="47.40953" lon="12.43731">
        <ele>899</ele>
        <time>2026-05-13T00:49:09+00:00</time>
      </trkpt>
      <trkpt lat="47.40981" lon="12.43731">
        <ele>900</ele>
        <time>2026-05-13T00:49:12+00:00</time>
      </trkpt>
      <trkpt lat="47.40991" lon="12.43729">
        <ele>899</ele>
        <time>2026-05-13T00:49:15+00:00</time>
      </trkpt>
      <trkpt lat="47.41002" lon="12.4373">
        <ele>900</ele>
        <time>2026-05-13T00:49:18+00:00</time>
      </trkpt>
      <trkpt lat="47.41015" lon="12.43726">
        <ele>899</ele>
        <time>2026-05-13T00:49:21+00:00</time>
      </trkpt>
      <trkpt lat="47.41029" lon="12.43723">
        <ele>900</ele>
        <time>2026-05-13T00:49:24+00:00</time>
      </trkpt>
      <trkpt lat="47.4104" lon="12.43721">
        <ele>900</ele>
        <time>2026-05-13T00:49:27+00:00</time>
      </trkpt>
      <trkpt lat="47.41049" lon="12.43719">
        <ele>900</ele>
        <time>2026-05-13T00:49:30+00:00</time>
      </trkpt>
      <trkpt lat="47.4106" lon="12.43718">
        <ele>900</ele>
        <time>2026-05-13T00:49:33+00:00</time>
      </trkpt>
      <trkpt lat="47.41076" lon="12.43717">
        <ele>900</ele>
        <time>2026-05-13T00:49:36+00:00</time>
      </trkpt>
      <trkpt lat="47.41082" lon="12.43717">
        <ele>900</ele>
        <time>2026-05-13T00:49:39+00:00</time>
      </trkpt>
      <trkpt lat="47.41087" lon="12.43717">
        <ele>900</ele>
        <time>2026-05-13T00:49:42+00:00</time>
      </trkpt>
      <trkpt lat="47.41097" lon="12.43717">
        <ele>900</ele>
        <time>2026-05-13T00:49:45+00:00</time>
      </trkpt>
      <trkpt lat="47.41107" lon="12.43718">
        <ele>901</ele>
        <time>2026-05-13T00:49:48+00:00</time>
      </trkpt>
      <trkpt lat="47.41127" lon="12.43719">
        <ele>901</ele>
        <time>2026-05-13T00:49:51+00:00</time>
      </trkpt>
      <trkpt lat="47.41148" lon="12.43721">
        <ele>902</ele>
        <time>2026-05-13T00:49:54+00:00</time>
      </trkpt>
      <trkpt lat="47.41163" lon="12.4372">
        <ele>903</ele>
        <time>2026-05-13T00:49:57+00:00</time>
      </trkpt>
      <trkpt lat="47.41175" lon="12.4372">
        <ele>903</ele>
        <time>2026-05-13T00:50:00+00:00</time>
      </trkpt>
      <trkpt lat="47.41191" lon="12.43717">
        <ele>904</ele>
        <time>2026-05-13T00:50:03+00:00</time>
      </trkpt>
      <trkpt lat="47.41203" lon="12.43712">
        <ele>903</ele>
        <time>2026-05-13T00:50:06+00:00</time>
      </trkpt>
      <trkpt lat="47.41215" lon="12.43708">
        <ele>904</ele>
        <time>2026-05-13T00:50:09+00:00</time>
      </trkpt>
      <trkpt lat="47.41229" lon="12.43703">
        <ele>902</ele>
        <time>2026-05-13T00:50:12+00:00</time>
      </trkpt>
      <trkpt lat="47.41243" lon="12.43694">
        <ele>904</ele>
        <time>2026-05-13T00:50:15+00:00</time>
      </trkpt>
      <trkpt lat="47.41253" lon="12.4369">
        <ele>902</ele>
        <time>2026-05-13T00:50:18+00:00</time>
      </trkpt>
      <trkpt lat="47.41267" lon="12.4369">
        <ele>902</ele>
        <time>2026-05-13T00:50:21+00:00</time>
      </trkpt>
      <trkpt lat="47.41293" lon="12.43702">
        <ele>904</ele>
        <time>2026-05-13T00:50:24+00:00</time>
      </trkpt>
      <trkpt lat="47.41306" lon="12.43701">
        <ele>907</ele>
        <time>2026-05-13T00:50:27+00:00</time>
      </trkpt>
      <trkpt lat="47.41319" lon="12.43697">
        <ele>903</ele>
        <time>2026-05-13T00:50:30+00:00</time>
      </trkpt>
      <trkpt lat="47.41325" lon="12.4369">
        <ele>906</ele>
        <time>2026-05-13T00:50:33+00:00</time>
      </trkpt>
      <trkpt lat="47.41342" lon="12.43675">
        <ele>902</ele>
        <time>2026-05-13T00:50:36+00:00</time>
      </trkpt>
      <trkpt lat="47.41347" lon="12.43667">
        <ele>901</ele>
        <time>2026-05-13T00:50:39+00:00</time>
      </trkpt>
      <trkpt lat="47.41371" lon="12.43631">
        <ele>897</ele>
        <time>2026-05-13T00:50:42+00:00</time>
      </trkpt>
      <trkpt lat="47.41386" lon="12.43612">
        <ele>895</ele>
        <time>2026-05-13T00:50:45+00:00</time>
      </trkpt>
      <trkpt lat="47.41395" lon="12.43602">
        <ele>894</ele>
        <time>2026-05-13T00:50:48+00:00</time>
      </trkpt>
      <trkpt lat="47.41404" lon="12.43595">
        <ele>894</ele>
        <time>2026-05-13T00:50:51+00:00</time>
      </trkpt>
      <trkpt lat="47.41421" lon="12.43577">
        <ele>894</ele>
        <time>2026-05-13T00:50:54+00:00</time>
      </trkpt>
      <trkpt lat="47.41428" lon="12.43571">
        <ele>894</ele>
        <time>2026-05-13T00:50:57+00:00</time>
      </trkpt>
      <trkpt lat="47.41445" lon="12.43552">
        <ele>892</ele>
        <time>2026-05-13T00:51:00+00:00</time>
      </trkpt>
      <trkpt lat="47.41449" lon="12.43548">
        <ele>892</ele>
        <time>2026-05-13T00:51:03+00:00</time>
      </trkpt>
      <trkpt lat="47.41453" lon="12.43543">
        <ele>891</ele>
        <time>2026-05-13T00:51:06+00:00</time>
      </trkpt>
      <trkpt lat="47.41454" lon="12.43541">
        <ele>891</ele>
        <time>2026-05-13T00:51:09+00:00</time>
      </trkpt>
      <trkpt lat="47.41458" lon="12.43537">
        <ele>891</ele>
        <time>2026-05-13T00:51:12+00:00</time>
      </trkpt>
      <trkpt lat="47.41464" lon="12.43521">
        <ele>891</ele>
        <time>2026-05-13T00:51:15+00:00</time>
      </trkpt>
      <trkpt lat="47.41477" lon="12.43496">
        <ele>891</ele>
        <time>2026-05-13T00:51:18+00:00</time>
      </trkpt>
      <trkpt lat="47.41488" lon="12.43489">
        <ele>892</ele>
        <time>2026-05-13T00:51:21+00:00</time>
      </trkpt>
      <trkpt lat="47.41494" lon="12.43487">
        <ele>891</ele>
        <time>2026-05-13T00:51:24+00:00</time>
      </trkpt>
      <trkpt lat="47.41497" lon="12.43489">
        <ele>891</ele>
        <time>2026-05-13T00:51:27+00:00</time>
      </trkpt>
      <trkpt lat="47.41501" lon="12.43494">
        <ele>889</ele>
        <time>2026-05-13T00:51:30+00:00</time>
      </trkpt>
      <trkpt lat="47.41505" lon="12.43496">
        <ele>889</ele>
        <time>2026-05-13T00:51:33+00:00</time>
      </trkpt>
      <trkpt lat="47.41513" lon="12.435">
        <ele>885</ele>
        <time>2026-05-13T00:51:36+00:00</time>
      </trkpt>
      <trkpt lat="47.41528" lon="12.43505">
        <ele>882</ele>
        <time>2026-05-13T00:51:39+00:00</time>
      </trkpt>
      <trkpt lat="47.41536" lon="12.43511">
        <ele>879</ele>
        <time>2026-05-13T00:51:42+00:00</time>
      </trkpt>
      <trkpt lat="47.41543" lon="12.43516">
        <ele>877</ele>
        <time>2026-05-13T00:51:45+00:00</time>
      </trkpt>
      <trkpt lat="47.41551" lon="12.43521">
        <ele>873</ele>
        <time>2026-05-13T00:51:48+00:00</time>
      </trkpt>
      <trkpt lat="47.41566" lon="12.4352">
        <ele>871</ele>
        <time>2026-05-13T00:51:51+00:00</time>
      </trkpt>
      <trkpt lat="47.41577" lon="12.4352">
        <ele>869</ele>
        <time>2026-05-13T00:51:54+00:00</time>
      </trkpt>
      <trkpt lat="47.4159" lon="12.43522">
        <ele>868</ele>
        <time>2026-05-13T00:51:57+00:00</time>
      </trkpt>
      <trkpt lat="47.41592" lon="12.43519">
        <ele>866</ele>
        <time>2026-05-13T00:52:00+00:00</time>
      </trkpt>
      <trkpt lat="47.41595" lon="12.43509">
        <ele>867</ele>
        <time>2026-05-13T00:52:03+00:00</time>
      </trkpt>
      <trkpt lat="47.41598" lon="12.43516">
        <ele>866</ele>
        <time>2026-05-13T00:52:06+00:00</time>
      </trkpt>
      <trkpt lat="47.416" lon="12.43521">
        <ele>865</ele>
        <time>2026-05-13T00:52:09+00:00</time>
      </trkpt>
      <trkpt lat="47.41603" lon="12.4353">
        <ele>865</ele>
        <time>2026-05-13T00:52:12+00:00</time>
      </trkpt>
      <trkpt lat="47.41606" lon="12.43527">
        <ele>865</ele>
        <time>2026-05-13T00:52:15+00:00</time>
      </trkpt>
      <trkpt lat="47.41611" lon="12.43513">
        <ele>863</ele>
        <time>2026-05-13T00:52:18+00:00</time>
      </trkpt>
      <trkpt lat="47.41612" lon="12.43509">
        <ele>863</ele>
        <time>2026-05-13T00:52:21+00:00</time>
      </trkpt>
      <trkpt lat="47.41611" lon="12.43501">
        <ele>863</ele>
        <time>2026-05-13T00:52:24+00:00</time>
      </trkpt>
      <trkpt lat="47.41614" lon="12.43494">
        <ele>863</ele>
        <time>2026-05-13T00:52:27+00:00</time>
      </trkpt>
      <trkpt lat="47.41619" lon="12.43491">
        <ele>863</ele>
        <time>2026-05-13T00:52:30+00:00</time>
      </trkpt>
      <trkpt lat="47.41627" lon="12.4349">
        <ele>861</ele>
        <time>2026-05-13T00:52:33+00:00</time>
      </trkpt>
      <trkpt lat="47.41635" lon="12.43482">
        <ele>859</ele>
        <time>2026-05-13T00:52:36+00:00</time>
      </trkpt>
      <trkpt lat="47.4164" lon="12.43482">
        <ele>858</ele>
        <time>2026-05-13T00:52:39+00:00</time>
      </trkpt>
      <trkpt lat="47.41646" lon="12.43491">
        <ele>859</ele>
        <time>2026-05-13T00:52:42+00:00</time>
      </trkpt>
      <trkpt lat="47.41652" lon="12.4349">
        <ele>859</ele>
        <time>2026-05-13T00:52:45+00:00</time>
      </trkpt>
      <trkpt lat="47.41661" lon="12.43487">
        <ele>857</ele>
        <time>2026-05-13T00:52:48+00:00</time>
      </trkpt>
      <trkpt lat="47.41666" lon="12.43485">
        <ele>857</ele>
        <time>2026-05-13T00:52:51+00:00</time>
      </trkpt>
      <trkpt lat="47.41673" lon="12.43475">
        <ele>856</ele>
        <time>2026-05-13T00:52:54+00:00</time>
      </trkpt>
      <trkpt lat="47.41679" lon="12.43451">
        <ele>854</ele>
        <time>2026-05-13T00:52:57+00:00</time>
      </trkpt>
      <trkpt lat="47.4168" lon="12.4343">
        <ele>853</ele>
        <time>2026-05-13T00:53:00+00:00</time>
      </trkpt>
      <trkpt lat="47.41674" lon="12.43407">
        <ele>851</ele>
        <time>2026-05-13T00:53:03+00:00</time>
      </trkpt>
      <trkpt lat="47.41672" lon="12.43387">
        <ele>849</ele>
        <time>2026-05-13T00:53:06+00:00</time>
      </trkpt>
      <trkpt lat="47.41675" lon="12.43371">
        <ele>849</ele>
        <time>2026-05-13T00:53:09+00:00</time>
      </trkpt>
      <trkpt lat="47.4168" lon="12.43357">
        <ele>848</ele>
        <time>2026-05-13T00:53:12+00:00</time>
      </trkpt>
      <trkpt lat="47.41686" lon="12.43347">
        <ele>846</ele>
        <time>2026-05-13T00:53:15+00:00</time>
      </trkpt>
      <trkpt lat="47.41694" lon="12.43338">
        <ele>844</ele>
        <time>2026-05-13T00:53:18+00:00</time>
      </trkpt>
      <trkpt lat="47.41701" lon="12.43332">
        <ele>843</ele>
        <time>2026-05-13T00:53:21+00:00</time>
      </trkpt>
      <trkpt lat="47.41707" lon="12.4333">
        <ele>842</ele>
        <time>2026-05-13T00:53:24+00:00</time>
      </trkpt>
      <trkpt lat="47.41721" lon="12.43327">
        <ele>843</ele>
        <time>2026-05-13T00:53:27+00:00</time>
      </trkpt>
      <trkpt lat="47.41745" lon="12.43328">
        <ele>843</ele>
        <time>2026-05-13T00:53:30+00:00</time>
      </trkpt>
      <trkpt lat="47.41756" lon="12.43329">
        <ele>843</ele>
        <time>2026-05-13T00:53:33+00:00</time>
      </trkpt>
      <trkpt lat="47.41772" lon="12.43334">
        <ele>844</ele>
        <time>2026-05-13T00:53:36+00:00</time>
      </trkpt>
      <trkpt lat="47.41769" lon="12.4337">
        <ele>847</ele>
        <time>2026-05-13T00:53:39+00:00</time>
      </trkpt>
      <trkpt lat="47.41766" lon="12.43412">
        <ele>851</ele>
        <time>2026-05-13T00:53:42+00:00</time>
      </trkpt>
      <trkpt lat="47.41759" lon="12.43428">
        <ele>852</ele>
        <time>2026-05-13T00:53:45+00:00</time>
      </trkpt>
      <trkpt lat="47.41753" lon="12.43443">
        <ele>854</ele>
        <time>2026-05-13T00:53:48+00:00</time>
      </trkpt>
      <trkpt lat="47.41757" lon="12.43466">
        <ele>856</ele>
        <time>2026-05-13T00:53:51+00:00</time>
      </trkpt>
      <trkpt lat="47.4176" lon="12.43487">
        <ele>858</ele>
        <time>2026-05-13T00:53:54+00:00</time>
      </trkpt>
      <trkpt lat="47.41765" lon="12.43509">
        <ele>860</ele>
        <time>2026-05-13T00:53:57+00:00</time>
      </trkpt>
      <trkpt lat="47.41767" lon="12.43531">
        <ele>863</ele>
        <time>2026-05-13T00:54:00+00:00</time>
      </trkpt>
      <trkpt lat="47.41767" lon="12.43542">
        <ele>864</ele>
        <time>2026-05-13T00:54:03+00:00</time>
      </trkpt>
      <trkpt lat="47.41764" lon="12.4355">
        <ele>864</ele>
        <time>2026-05-13T00:54:06+00:00</time>
      </trkpt>
      <trkpt lat="47.4176" lon="12.43555">
        <ele>863</ele>
        <time>2026-05-13T00:54:09+00:00</time>
      </trkpt>
      <trkpt lat="47.41757" lon="12.43557">
        <ele>865</ele>
        <time>2026-05-13T00:54:12+00:00</time>
      </trkpt>
      <trkpt lat="47.41753" lon="12.43556">
        <ele>865</ele>
        <time>2026-05-13T00:54:15+00:00</time>
      </trkpt>
      <trkpt lat="47.41739" lon="12.43542">
        <ele>863</ele>
        <time>2026-05-13T00:54:18+00:00</time>
      </trkpt>
      <trkpt lat="47.41736" lon="12.43541">
        <ele>863</ele>
        <time>2026-05-13T00:54:21+00:00</time>
      </trkpt>
      <trkpt lat="47.41732" lon="12.43541">
        <ele>863</ele>
        <time>2026-05-13T00:54:24+00:00</time>
      </trkpt>
      <trkpt lat="47.41722" lon="12.43545">
        <ele>863</ele>
        <time>2026-05-13T00:54:27+00:00</time>
      </trkpt>
      <trkpt lat="47.4171" lon="12.43554">
        <ele>864</ele>
        <time>2026-05-13T00:54:30+00:00</time>
      </trkpt>
      <trkpt lat="47.41698" lon="12.4357">
        <ele>866</ele>
        <time>2026-05-13T00:54:33+00:00</time>
      </trkpt>
      <trkpt lat="47.41693" lon="12.43588">
        <ele>867</ele>
        <time>2026-05-13T00:54:36+00:00</time>
      </trkpt>
      <trkpt lat="47.41688" lon="12.43616">
        <ele>871</ele>
        <time>2026-05-13T00:54:39+00:00</time>
      </trkpt>
      <trkpt lat="47.41685" lon="12.43639">
        <ele>873</ele>
        <time>2026-05-13T00:54:42+00:00</time>
      </trkpt>
      <trkpt lat="47.41682" lon="12.43649">
        <ele>875</ele>
        <time>2026-05-13T00:54:45+00:00</time>
      </trkpt>
      <trkpt lat="47.41666" lon="12.43679">
        <ele>878</ele>
        <time>2026-05-13T00:54:48+00:00</time>
      </trkpt>
      <trkpt lat="47.41657" lon="12.43692">
        <ele>880</ele>
        <time>2026-05-13T00:54:51+00:00</time>
      </trkpt>
      <trkpt lat="47.41641" lon="12.43721">
        <ele>884</ele>
        <time>2026-05-13T00:54:54+00:00</time>
      </trkpt>
      <trkpt lat="47.41636" lon="12.43734">
        <ele>885</ele>
        <time>2026-05-13T00:54:57+00:00</time>
      </trkpt>
      <trkpt lat="47.41633" lon="12.43747">
        <ele>886</ele>
        <time>2026-05-13T00:55:00+00:00</time>
      </trkpt>
      <trkpt lat="47.41629" lon="12.43794">
        <ele>893</ele>
        <time>2026-05-13T00:55:03+00:00</time>
      </trkpt>
      <trkpt lat="47.41627" lon="12.43832">
        <ele>898</ele>
        <time>2026-05-13T00:55:06+00:00</time>
      </trkpt>
      <trkpt lat="47.41625" lon="12.43878">
        <ele>902</ele>
        <time>2026-05-13T00:55:09+00:00</time>
      </trkpt>
      <trkpt lat="47.4162" lon="12.43909">
        <ele>902</ele>
        <time>2026-05-13T00:55:12+00:00</time>
      </trkpt>
      <trkpt lat="47.41614" lon="12.43918">
        <ele>904</ele>
        <time>2026-05-13T00:55:15+00:00</time>
      </trkpt>
      <trkpt lat="47.41607" lon="12.43926">
        <ele>903</ele>
        <time>2026-05-13T00:55:18+00:00</time>
      </trkpt>
      <trkpt lat="47.41597" lon="12.43934">
        <ele>902</ele>
        <time>2026-05-13T00:55:21+00:00</time>
      </trkpt>
      <trkpt lat="47.41591" lon="12.43948">
        <ele>904</ele>
        <time>2026-05-13T00:55:24+00:00</time>
      </trkpt>
      <trkpt lat="47.41587" lon="12.43968">
        <ele>905</ele>
        <time>2026-05-13T00:55:27+00:00</time>
      </trkpt>
      <trkpt lat="47.41582" lon="12.43986">
        <ele>908</ele>
        <time>2026-05-13T00:55:30+00:00</time>
      </trkpt>
      <trkpt lat="47.41574" lon="12.44006">
        <ele>906</ele>
        <time>2026-05-13T00:55:33+00:00</time>
      </trkpt>
      <trkpt lat="47.41555" lon="12.44028">
        <ele>908</ele>
        <time>2026-05-13T00:55:36+00:00</time>
      </trkpt>
      <trkpt lat="47.41534" lon="12.44053">
        <ele>908</ele>
        <time>2026-05-13T00:55:39+00:00</time>
      </trkpt>
      <trkpt lat="47.41526" lon="12.44069">
        <ele>907</ele>
        <time>2026-05-13T00:55:42+00:00</time>
      </trkpt>
      <trkpt lat="47.41517" lon="12.44093">
        <ele>913</ele>
        <time>2026-05-13T00:55:45+00:00</time>
      </trkpt>
      <trkpt lat="47.41508" lon="12.44121">
        <ele>919</ele>
        <time>2026-05-13T00:55:48+00:00</time>
      </trkpt>
      <trkpt lat="47.41503" lon="12.44129">
        <ele>919</ele>
        <time>2026-05-13T00:55:51+00:00</time>
      </trkpt>
      <trkpt lat="47.41487" lon="12.4415">
        <ele>921</ele>
        <time>2026-05-13T00:55:54+00:00</time>
      </trkpt>
      <trkpt lat="47.41478" lon="12.4416">
        <ele>926</ele>
        <time>2026-05-13T00:55:57+00:00</time>
      </trkpt>
      <trkpt lat="47.41461" lon="12.44182">
        <ele>925</ele>
        <time>2026-05-13T00:56:00+00:00</time>
      </trkpt>
      <trkpt lat="47.41451" lon="12.44194">
        <ele>931</ele>
        <time>2026-05-13T00:56:03+00:00</time>
      </trkpt>
      <trkpt lat="47.41435" lon="12.44208">
        <ele>929</ele>
        <time>2026-05-13T00:56:06+00:00</time>
      </trkpt>
      <trkpt lat="47.41416" lon="12.44224">
        <ele>931</ele>
        <time>2026-05-13T00:56:09+00:00</time>
      </trkpt>
      <trkpt lat="47.41398" lon="12.44241">
        <ele>932</ele>
        <time>2026-05-13T00:56:12+00:00</time>
      </trkpt>
      <trkpt lat="47.41393" lon="12.44248">
        <ele>932</ele>
        <time>2026-05-13T00:56:15+00:00</time>
      </trkpt>
      <trkpt lat="47.41386" lon="12.44263">
        <ele>934</ele>
        <time>2026-05-13T00:56:18+00:00</time>
      </trkpt>
      <trkpt lat="47.41379" lon="12.44273">
        <ele>933</ele>
        <time>2026-05-13T00:56:21+00:00</time>
      </trkpt>
      <trkpt lat="47.41366" lon="12.443">
        <ele>934</ele>
        <time>2026-05-13T00:56:24+00:00</time>
      </trkpt>
      <trkpt lat="47.4136" lon="12.44318">
        <ele>938</ele>
        <time>2026-05-13T00:56:27+00:00</time>
      </trkpt>
      <trkpt lat="47.41354" lon="12.44335">
        <ele>940</ele>
        <time>2026-05-13T00:56:30+00:00</time>
      </trkpt>
      <trkpt lat="47.4135" lon="12.4435">
        <ele>939</ele>
        <time>2026-05-13T00:56:33+00:00</time>
      </trkpt>
      <trkpt lat="47.41343" lon="12.44369">
        <ele>942</ele>
        <time>2026-05-13T00:56:36+00:00</time>
      </trkpt>
      <trkpt lat="47.41326" lon="12.44429">
        <ele>943</ele>
        <time>2026-05-13T00:56:39+00:00</time>
      </trkpt>
      <trkpt lat="47.41323" lon="12.44442">
        <ele>945</ele>
        <time>2026-05-13T00:56:42+00:00</time>
      </trkpt>
      <trkpt lat="47.41319" lon="12.44455">
        <ele>943</ele>
        <time>2026-05-13T00:56:45+00:00</time>
      </trkpt>
      <trkpt lat="47.41311" lon="12.44482">
        <ele>945</ele>
        <time>2026-05-13T00:56:48+00:00</time>
      </trkpt>
      <trkpt lat="47.41303" lon="12.44519">
        <ele>945</ele>
        <time>2026-05-13T00:56:51+00:00</time>
      </trkpt>
      <trkpt lat="47.41297" lon="12.44552">
        <ele>946</ele>
        <time>2026-05-13T00:56:54+00:00</time>
      </trkpt>
      <trkpt lat="47.41292" lon="12.44573">
        <ele>948</ele>
        <time>2026-05-13T00:56:57+00:00</time>
      </trkpt>
      <trkpt lat="47.4128" lon="12.44595">
        <ele>949</ele>
        <time>2026-05-13T00:57:00+00:00</time>
      </trkpt>
      <trkpt lat="47.41272" lon="12.44612">
        <ele>951</ele>
        <time>2026-05-13T00:57:03+00:00</time>
      </trkpt>
      <trkpt lat="47.41266" lon="12.44618">
        <ele>951</ele>
        <time>2026-05-13T00:57:06+00:00</time>
      </trkpt>
      <trkpt lat="47.41263" lon="12.44618">
        <ele>951</ele>
        <time>2026-05-13T00:57:09+00:00</time>
      </trkpt>
      <trkpt lat="47.41241" lon="12.44636">
        <ele>951</ele>
        <time>2026-05-13T00:57:12+00:00</time>
      </trkpt>
      <trkpt lat="47.41234" lon="12.44644">
        <ele>951</ele>
        <time>2026-05-13T00:57:15+00:00</time>
      </trkpt>
      <trkpt lat="47.41229" lon="12.44654">
        <ele>951</ele>
        <time>2026-05-13T00:57:18+00:00</time>
      </trkpt>
      <trkpt lat="47.41221" lon="12.44665">
        <ele>951</ele>
        <time>2026-05-13T00:57:21+00:00</time>
      </trkpt>
      <trkpt lat="47.41218" lon="12.4467">
        <ele>953</ele>
        <time>2026-05-13T00:57:24+00:00</time>
      </trkpt>
      <trkpt lat="47.41217" lon="12.44674">
        <ele>953</ele>
        <time>2026-05-13T00:57:27+00:00</time>
      </trkpt>
      <trkpt lat="47.41212" lon="12.44692">
        <ele>954</ele>
        <time>2026-05-13T00:57:30+00:00</time>
      </trkpt>
      <trkpt lat="47.41203" lon="12.44717">
        <ele>957</ele>
        <time>2026-05-13T00:57:33+00:00</time>
      </trkpt>
      <trkpt lat="47.41197" lon="12.44725">
        <ele>958</ele>
        <time>2026-05-13T00:57:36+00:00</time>
      </trkpt>
      <trkpt lat="47.41191" lon="12.44732">
        <ele>959</ele>
        <time>2026-05-13T00:57:39+00:00</time>
      </trkpt>
      <trkpt lat="47.41172" lon="12.44738">
        <ele>960</ele>
        <time>2026-05-13T00:57:42+00:00</time>
      </trkpt>
      <trkpt lat="47.4116" lon="12.4474">
        <ele>960</ele>
        <time>2026-05-13T00:57:45+00:00</time>
      </trkpt>
      <trkpt lat="47.41155" lon="12.44742">
        <ele>960</ele>
        <time>2026-05-13T00:57:48+00:00</time>
      </trkpt>
      <trkpt lat="47.4115" lon="12.44745">
        <ele>963</ele>
        <time>2026-05-13T00:57:51+00:00</time>
      </trkpt>
      <trkpt lat="47.41142" lon="12.44754">
        <ele>962</ele>
        <time>2026-05-13T00:57:54+00:00</time>
      </trkpt>
      <trkpt lat="47.41135" lon="12.44765">
        <ele>965</ele>
        <time>2026-05-13T00:57:57+00:00</time>
      </trkpt>
      <trkpt lat="47.41126" lon="12.44784">
        <ele>966</ele>
        <time>2026-05-13T00:58:00+00:00</time>
      </trkpt>
      <trkpt lat="47.4112" lon="12.44797">
        <ele>966</ele>
        <time>2026-05-13T00:58:03+00:00</time>
      </trkpt>
      <trkpt lat="47.41114" lon="12.44808">
        <ele>967</ele>
        <time>2026-05-13T00:58:06+00:00</time>
      </trkpt>
      <trkpt lat="47.4111" lon="12.44816">
        <ele>968</ele>
        <time>2026-05-13T00:58:09+00:00</time>
      </trkpt>
      <trkpt lat="47.41104" lon="12.44827">
        <ele>967</ele>
        <time>2026-05-13T00:58:12+00:00</time>
      </trkpt>
      <trkpt lat="47.41094" lon="12.44853">
        <ele>968</ele>
        <time>2026-05-13T00:58:15+00:00</time>
      </trkpt>
      <trkpt lat="47.4109" lon="12.44868">
        <ele>969</ele>
        <time>2026-05-13T00:58:18+00:00</time>
      </trkpt>
      <trkpt lat="47.41086" lon="12.44883">
        <ele>969</ele>
        <time>2026-05-13T00:58:21+00:00</time>
      </trkpt>
      <trkpt lat="47.41084" lon="12.44913">
        <ele>970</ele>
        <time>2026-05-13T00:58:24+00:00</time>
      </trkpt>
      <trkpt lat="47.41084" lon="12.44928">
        <ele>970</ele>
        <time>2026-05-13T00:58:27+00:00</time>
      </trkpt>
      <trkpt lat="47.41086" lon="12.44945">
        <ele>970</ele>
        <time>2026-05-13T00:58:30+00:00</time>
      </trkpt>
      <trkpt lat="47.41086" lon="12.4497">
        <ele>971</ele>
        <time>2026-05-13T00:58:33+00:00</time>
      </trkpt>
      <trkpt lat="47.41087" lon="12.44991">
        <ele>972</ele>
        <time>2026-05-13T00:58:36+00:00</time>
      </trkpt>
      <trkpt lat="47.4109" lon="12.45012">
        <ele>972</ele>
        <time>2026-05-13T00:58:39+00:00</time>
      </trkpt>
      <trkpt lat="47.41092" lon="12.45034">
        <ele>973</ele>
        <time>2026-05-13T00:58:42+00:00</time>
      </trkpt>
      <trkpt lat="47.41093" lon="12.45053">
        <ele>974</ele>
        <time>2026-05-13T00:58:45+00:00</time>
      </trkpt>
      <trkpt lat="47.41091" lon="12.45066">
        <ele>974</ele>
        <time>2026-05-13T00:58:48+00:00</time>
      </trkpt>
      <trkpt lat="47.41088" lon="12.45081">
        <ele>974</ele>
        <time>2026-05-13T00:58:51+00:00</time>
      </trkpt>
      <trkpt lat="47.41081" lon="12.45099">
        <ele>975</ele>
        <time>2026-05-13T00:58:54+00:00</time>
      </trkpt>
      <trkpt lat="47.41074" lon="12.45118">
        <ele>978</ele>
        <time>2026-05-13T00:58:57+00:00</time>
      </trkpt>
      <trkpt lat="47.41067" lon="12.45139">
        <ele>981</ele>
        <time>2026-05-13T00:59:00+00:00</time>
      </trkpt>
      <trkpt lat="47.4106" lon="12.45158">
        <ele>981</ele>
        <time>2026-05-13T00:59:03+00:00</time>
      </trkpt>
      <trkpt lat="47.41057" lon="12.45176">
        <ele>983</ele>
        <time>2026-05-13T00:59:06+00:00</time>
      </trkpt>
      <trkpt lat="47.41054" lon="12.45194">
        <ele>984</ele>
        <time>2026-05-13T00:59:09+00:00</time>
      </trkpt>
      <trkpt lat="47.41053" lon="12.45213">
        <ele>984</ele>
        <time>2026-05-13T00:59:12+00:00</time>
      </trkpt>
      <trkpt lat="47.41049" lon="12.45229">
        <ele>985</ele>
        <time>2026-05-13T00:59:15+00:00</time>
      </trkpt>
      <trkpt lat="47.41037" lon="12.45256">
        <ele>987</ele>
        <time>2026-05-13T00:59:18+00:00</time>
      </trkpt>
      <trkpt lat="47.4103" lon="12.45267">
        <ele>988</ele>
        <time>2026-05-13T00:59:21+00:00</time>
      </trkpt>
      <trkpt lat="47.41026" lon="12.45281">
        <ele>989</ele>
        <time>2026-05-13T00:59:24+00:00</time>
      </trkpt>
      <trkpt lat="47.4102" lon="12.45294">
        <ele>989</ele>
        <time>2026-05-13T00:59:27+00:00</time>
      </trkpt>
      <trkpt lat="47.41015" lon="12.45306">
        <ele>990</ele>
        <time>2026-05-13T00:59:30+00:00</time>
      </trkpt>
      <trkpt lat="47.41006" lon="12.45327">
        <ele>995</ele>
        <time>2026-05-13T00:59:33+00:00</time>
      </trkpt>
      <trkpt lat="47.40998" lon="12.45349">
        <ele>999</ele>
        <time>2026-05-13T00:59:36+00:00</time>
      </trkpt>
      <trkpt lat="47.4099" lon="12.45369">
        <ele>1000</ele>
        <time>2026-05-13T00:59:39+00:00</time>
      </trkpt>
      <trkpt lat="47.40983" lon="12.45388">
        <ele>1004</ele>
        <time>2026-05-13T00:59:42+00:00</time>
      </trkpt>
      <trkpt lat="47.40978" lon="12.45411">
        <ele>1007</ele>
        <time>2026-05-13T00:59:45+00:00</time>
      </trkpt>
      <trkpt lat="47.40973" lon="12.45436">
        <ele>1008</ele>
        <time>2026-05-13T00:59:48+00:00</time>
      </trkpt>
      <trkpt lat="47.40967" lon="12.45467">
        <ele>1011</ele>
        <time>2026-05-13T00:59:51+00:00</time>
      </trkpt>
      <trkpt lat="47.40963" lon="12.45484">
        <ele>1013</ele>
        <time>2026-05-13T00:59:54+00:00</time>
      </trkpt>
      <trkpt lat="47.40958" lon="12.455">
        <ele>1014</ele>
        <time>2026-05-13T00:59:57+00:00</time>
      </trkpt>
      <trkpt lat="47.40952" lon="12.45514">
        <ele>1015</ele>
        <time>2026-05-13T01:00:00+00:00</time>
      </trkpt>
      <trkpt lat="47.40946" lon="12.4553">
        <ele>1017</ele>
        <time>2026-05-13T01:00:03+00:00</time>
      </trkpt>
      <trkpt lat="47.40941" lon="12.45546">
        <ele>1018</ele>
        <time>2026-05-13T01:00:06+00:00</time>
      </trkpt>
      <trkpt lat="47.40935" lon="12.45563">
        <ele>1022</ele>
        <time>2026-05-13T01:00:09+00:00</time>
      </trkpt>
      <trkpt lat="47.40924" lon="12.45611">
        <ele>1027</ele>
        <time>2026-05-13T01:00:12+00:00</time>
      </trkpt>
      <trkpt lat="47.40919" lon="12.45644">
        <ele>1031</ele>
        <time>2026-05-13T01:00:15+00:00</time>
      </trkpt>
      <trkpt lat="47.40917" lon="12.4566">
        <ele>1031</ele>
        <time>2026-05-13T01:00:18+00:00</time>
      </trkpt>
      <trkpt lat="47.40918" lon="12.45687">
        <ele>1031</ele>
        <time>2026-05-13T01:00:21+00:00</time>
      </trkpt>
      <trkpt lat="47.4092" lon="12.45715">
        <ele>1030</ele>
        <time>2026-05-13T01:00:24+00:00</time>
      </trkpt>
      <trkpt lat="47.40922" lon="12.45731">
        <ele>1030</ele>
        <time>2026-05-13T01:00:27+00:00</time>
      </trkpt>
      <trkpt lat="47.40922" lon="12.45752">
        <ele>1030</ele>
        <time>2026-05-13T01:00:30+00:00</time>
      </trkpt>
      <trkpt lat="47.40922" lon="12.45771">
        <ele>1030</ele>
        <time>2026-05-13T01:00:33+00:00</time>
      </trkpt>
      <trkpt lat="47.4092" lon="12.45789">
        <ele>1031</ele>
        <time>2026-05-13T01:00:36+00:00</time>
      </trkpt>
      <trkpt lat="47.40915" lon="12.45807">
        <ele>1032</ele>
        <time>2026-05-13T01:00:39+00:00</time>
      </trkpt>
      <trkpt lat="47.40911" lon="12.45829">
        <ele>1032</ele>
        <time>2026-05-13T01:00:42+00:00</time>
      </trkpt>
      <trkpt lat="47.40905" lon="12.45848">
        <ele>1032</ele>
        <time>2026-05-13T01:00:45+00:00</time>
      </trkpt>
      <trkpt lat="47.40902" lon="12.45867">
        <ele>1032</ele>
        <time>2026-05-13T01:00:48+00:00</time>
      </trkpt>
      <trkpt lat="47.40897" lon="12.45886">
        <ele>1033</ele>
        <time>2026-05-13T01:00:51+00:00</time>
      </trkpt>
      <trkpt lat="47.40895" lon="12.45916">
        <ele>1033</ele>
        <time>2026-05-13T01:00:54+00:00</time>
      </trkpt>
      <trkpt lat="47.40896" lon="12.45945">
        <ele>1034</ele>
        <time>2026-05-13T01:00:57+00:00</time>
      </trkpt>
      <trkpt lat="47.40894" lon="12.45977">
        <ele>1035</ele>
        <time>2026-05-13T01:01:00+00:00</time>
      </trkpt>
      <trkpt lat="47.40892" lon="12.46004">
        <ele>1037</ele>
        <time>2026-05-13T01:01:03+00:00</time>
      </trkpt>
      <trkpt lat="47.40889" lon="12.46023">
        <ele>1038</ele>
        <time>2026-05-13T01:01:06+00:00</time>
      </trkpt>
      <trkpt lat="47.40883" lon="12.46049">
        <ele>1040</ele>
        <time>2026-05-13T01:01:09+00:00</time>
      </trkpt>
      <trkpt lat="47.40879" lon="12.4607">
        <ele>1042</ele>
        <time>2026-05-13T01:01:12+00:00</time>
      </trkpt>
      <trkpt lat="47.4088" lon="12.46075">
        <ele>1042</ele>
        <time>2026-05-13T01:01:15+00:00</time>
      </trkpt>
      <trkpt lat="47.40879" lon="12.46079">
        <ele>1043</ele>
        <time>2026-05-13T01:01:18+00:00</time>
      </trkpt>
      <trkpt lat="47.40878" lon="12.46087">
        <ele>1044</ele>
        <time>2026-05-13T01:01:21+00:00</time>
      </trkpt>
      <trkpt lat="47.40875" lon="12.46096">
        <ele>1045</ele>
        <time>2026-05-13T01:01:24+00:00</time>
      </trkpt>
      <trkpt lat="47.40874" lon="12.46108">
        <ele>1046</ele>
        <time>2026-05-13T01:01:27+00:00</time>
      </trkpt>
      <trkpt lat="47.40873" lon="12.46116">
        <ele>1047</ele>
        <time>2026-05-13T01:01:30+00:00</time>
      </trkpt>
      <trkpt lat="47.40873" lon="12.46125">
        <ele>1048</ele>
        <time>2026-05-13T01:01:33+00:00</time>
      </trkpt>
      <trkpt lat="47.40873" lon="12.46131">
        <ele>1049</ele>
        <time>2026-05-13T01:01:36+00:00</time>
      </trkpt>
      <trkpt lat="47.40873" lon="12.46142">
        <ele>1050</ele>
        <time>2026-05-13T01:01:39+00:00</time>
      </trkpt>
      <trkpt lat="47.40873" lon="12.46155">
        <ele>1051</ele>
        <time>2026-05-13T01:01:42+00:00</time>
      </trkpt>
      <trkpt lat="47.40872" lon="12.46169">
        <ele>1052</ele>
        <time>2026-05-13T01:01:45+00:00</time>
      </trkpt>
      <trkpt lat="47.40874" lon="12.46179">
        <ele>1053</ele>
        <time>2026-05-13T01:01:48+00:00</time>
      </trkpt>
      <trkpt lat="47.40879" lon="12.46192">
        <ele>1054</ele>
        <time>2026-05-13T01:01:51+00:00</time>
      </trkpt>
      <trkpt lat="47.40882" lon="12.46199">
        <ele>1054</ele>
        <time>2026-05-13T01:01:54+00:00</time>
      </trkpt>
      <trkpt lat="47.40891" lon="12.46207">
        <ele>1056</ele>
        <time>2026-05-13T01:01:57+00:00</time>
      </trkpt>
      <trkpt lat="47.409" lon="12.46214">
        <ele>1057</ele>
        <time>2026-05-13T01:02:00+00:00</time>
      </trkpt>
      <trkpt lat="47.40906" lon="12.46224">
        <ele>1059</ele>
        <time>2026-05-13T01:02:03+00:00</time>
      </trkpt>
      <trkpt lat="47.40909" lon="12.46237">
        <ele>1059</ele>
        <time>2026-05-13T01:02:06+00:00</time>
      </trkpt>
      <trkpt lat="47.40908" lon="12.4625">
        <ele>1061</ele>
        <time>2026-05-13T01:02:09+00:00</time>
      </trkpt>
      <trkpt lat="47.40907" lon="12.46263">
        <ele>1062</ele>
        <time>2026-05-13T01:02:12+00:00</time>
      </trkpt>
      <trkpt lat="47.40903" lon="12.46279">
        <ele>1063</ele>
        <time>2026-05-13T01:02:15+00:00</time>
      </trkpt>
      <trkpt lat="47.409" lon="12.46291">
        <ele>1063</ele>
        <time>2026-05-13T01:02:18+00:00</time>
      </trkpt>
      <trkpt lat="47.40898" lon="12.46297">
        <ele>1063</ele>
        <time>2026-05-13T01:02:21+00:00</time>
      </trkpt>
      <trkpt lat="47.40894" lon="12.46313">
        <ele>1065</ele>
        <time>2026-05-13T01:02:24+00:00</time>
      </trkpt>
      <trkpt lat="47.40891" lon="12.46323">
        <ele>1065</ele>
        <time>2026-05-13T01:02:27+00:00</time>
      </trkpt>
      <trkpt lat="47.40889" lon="12.46336">
        <ele>1064</ele>
        <time>2026-05-13T01:02:30+00:00</time>
      </trkpt>
      <trkpt lat="47.40888" lon="12.46343">
        <ele>1065</ele>
        <time>2026-05-13T01:02:33+00:00</time>
      </trkpt>
      <trkpt lat="47.40885" lon="12.46364">
        <ele>1068</ele>
        <time>2026-05-13T01:02:36+00:00</time>
      </trkpt>
      <trkpt lat="47.40882" lon="12.46381">
        <ele>1070</ele>
        <time>2026-05-13T01:02:39+00:00</time>
      </trkpt>
      <trkpt lat="47.40883" lon="12.46386">
        <ele>1070</ele>
        <time>2026-05-13T01:02:42+00:00</time>
      </trkpt>
      <trkpt lat="47.40884" lon="12.46388">
        <ele>1070</ele>
        <time>2026-05-13T01:02:45+00:00</time>
      </trkpt>
      <trkpt lat="47.40889" lon="12.4639">
        <ele>1071</ele>
        <time>2026-05-13T01:02:48+00:00</time>
      </trkpt>
      <trkpt lat="47.40888" lon="12.46394">
        <ele>1071</ele>
        <time>2026-05-13T01:02:51+00:00</time>
      </trkpt>
      <trkpt lat="47.40887" lon="12.46408">
        <ele>1072</ele>
        <time>2026-05-13T01:02:54+00:00</time>
      </trkpt>
      <trkpt lat="47.40886" lon="12.46419">
        <ele>1073</ele>
        <time>2026-05-13T01:02:57+00:00</time>
      </trkpt>
      <trkpt lat="47.40883" lon="12.46432">
        <ele>1075</ele>
        <time>2026-05-13T01:03:00+00:00</time>
      </trkpt>
      <trkpt lat="47.40878" lon="12.46447">
        <ele>1076</ele>
        <time>2026-05-13T01:03:03+00:00</time>
      </trkpt>
      <trkpt lat="47.40876" lon="12.46456">
        <ele>1077</ele>
        <time>2026-05-13T01:03:06+00:00</time>
      </trkpt>
      <trkpt lat="47.40874" lon="12.46465">
        <ele>1078</ele>
        <time>2026-05-13T01:03:09+00:00</time>
      </trkpt>
      <trkpt lat="47.40868" lon="12.46474">
        <ele>1079</ele>
        <time>2026-05-13T01:03:12+00:00</time>
      </trkpt>
      <trkpt lat="47.40865" lon="12.4648">
        <ele>1079</ele>
        <time>2026-05-13T01:03:15+00:00</time>
      </trkpt>
      <trkpt lat="47.40858" lon="12.4649">
        <ele>1081</ele>
        <time>2026-05-13T01:03:18+00:00</time>
      </trkpt>
      <trkpt lat="47.40851" lon="12.46506">
        <ele>1083</ele>
        <time>2026-05-13T01:03:21+00:00</time>
      </trkpt>
      <trkpt lat="47.40845" lon="12.46518">
        <ele>1084</ele>
        <time>2026-05-13T01:03:24+00:00</time>
      </trkpt>
      <trkpt lat="47.40838" lon="12.46528">
        <ele>1084</ele>
        <time>2026-05-13T01:03:27+00:00</time>
      </trkpt>
      <trkpt lat="47.40833" lon="12.46534">
        <ele>1085</ele>
        <time>2026-05-13T01:03:30+00:00</time>
      </trkpt>
      <trkpt lat="47.40827" lon="12.46541">
        <ele>1085</ele>
        <time>2026-05-13T01:03:33+00:00</time>
      </trkpt>
      <trkpt lat="47.40823" lon="12.46546">
        <ele>1085</ele>
        <time>2026-05-13T01:03:36+00:00</time>
      </trkpt>
      <trkpt lat="47.40818" lon="12.46551">
        <ele>1085</ele>
        <time>2026-05-13T01:03:39+00:00</time>
      </trkpt>
      <trkpt lat="47.40814" lon="12.46554">
        <ele>1085</ele>
        <time>2026-05-13T01:03:42+00:00</time>
      </trkpt>
      <trkpt lat="47.4081" lon="12.46558">
        <ele>1087</ele>
        <time>2026-05-13T01:03:45+00:00</time>
      </trkpt>
      <trkpt lat="47.40807" lon="12.4656">
        <ele>1087</ele>
        <time>2026-05-13T01:03:48+00:00</time>
      </trkpt>
      <trkpt lat="47.40803" lon="12.46565">
        <ele>1087</ele>
        <time>2026-05-13T01:03:51+00:00</time>
      </trkpt>
      <trkpt lat="47.40798" lon="12.4657">
        <ele>1091</ele>
        <time>2026-05-13T01:03:54+00:00</time>
      </trkpt>
      <trkpt lat="47.40793" lon="12.46576">
        <ele>1091</ele>
        <time>2026-05-13T01:03:57+00:00</time>
      </trkpt>
      <trkpt lat="47.40788" lon="12.46587">
        <ele>1094</ele>
        <time>2026-05-13T01:04:00+00:00</time>
      </trkpt>
      <trkpt lat="47.40782" lon="12.46601">
        <ele>1094</ele>
        <time>2026-05-13T01:04:03+00:00</time>
      </trkpt>
      <trkpt lat="47.40776" lon="12.46613">
        <ele>1097</ele>
        <time>2026-05-13T01:04:06+00:00</time>
      </trkpt>
      <trkpt lat="47.40774" lon="12.4662">
        <ele>1097</ele>
        <time>2026-05-13T01:04:09+00:00</time>
      </trkpt>
      <trkpt lat="47.40772" lon="12.46629">
        <ele>1097</ele>
        <time>2026-05-13T01:04:12+00:00</time>
      </trkpt>
      <trkpt lat="47.4077" lon="12.46641">
        <ele>1098</ele>
        <time>2026-05-13T01:04:15+00:00</time>
      </trkpt>
      <trkpt lat="47.40768" lon="12.46652">
        <ele>1100</ele>
        <time>2026-05-13T01:04:18+00:00</time>
      </trkpt>
      <trkpt lat="47.40766" lon="12.46663">
        <ele>1100</ele>
        <time>2026-05-13T01:04:21+00:00</time>
      </trkpt>
      <trkpt lat="47.40764" lon="12.46674">
        <ele>1100</ele>
        <time>2026-05-13T01:04:24+00:00</time>
      </trkpt>
      <trkpt lat="47.40762" lon="12.46686">
        <ele>1100</ele>
        <time>2026-05-13T01:04:27+00:00</time>
      </trkpt>
      <trkpt lat="47.40763" lon="12.46703">
        <ele>1101</ele>
        <time>2026-05-13T01:04:30+00:00</time>
      </trkpt>
      <trkpt lat="47.40764" lon="12.46712">
        <ele>1101</ele>
        <time>2026-05-13T01:04:33+00:00</time>
      </trkpt>
      <trkpt lat="47.40767" lon="12.46728">
        <ele>1102</ele>
        <time>2026-05-13T01:04:36+00:00</time>
      </trkpt>
      <trkpt lat="47.40768" lon="12.46735">
        <ele>1102</ele>
        <time>2026-05-13T01:04:39+00:00</time>
      </trkpt>
      <trkpt lat="47.4077" lon="12.46744">
        <ele>1102</ele>
        <time>2026-05-13T01:04:42+00:00</time>
      </trkpt>
      <trkpt lat="47.40772" lon="12.46756">
        <ele>1102</ele>
        <time>2026-05-13T01:04:45+00:00</time>
      </trkpt>
      <trkpt lat="47.40774" lon="12.46766">
        <ele>1103</ele>
        <time>2026-05-13T01:04:48+00:00</time>
      </trkpt>
      <trkpt lat="47.40776" lon="12.46775">
        <ele>1103</ele>
        <time>2026-05-13T01:04:51+00:00</time>
      </trkpt>
      <trkpt lat="47.4078" lon="12.46787">
        <ele>1104</ele>
        <time>2026-05-13T01:04:54+00:00</time>
      </trkpt>
      <trkpt lat="47.40782" lon="12.46793">
        <ele>1104</ele>
        <time>2026-05-13T01:04:57+00:00</time>
      </trkpt>
      <trkpt lat="47.40785" lon="12.46801">
        <ele>1105</ele>
        <time>2026-05-13T01:05:00+00:00</time>
      </trkpt>
      <trkpt lat="47.40787" lon="12.46813">
        <ele>1105</ele>
        <time>2026-05-13T01:05:03+00:00</time>
      </trkpt>
      <trkpt lat="47.40789" lon="12.46822">
        <ele>1106</ele>
        <time>2026-05-13T01:05:06+00:00</time>
      </trkpt>
      <trkpt lat="47.40791" lon="12.46832">
        <ele>1107</ele>
        <time>2026-05-13T01:05:09+00:00</time>
      </trkpt>
      <trkpt lat="47.40789" lon="12.46846">
        <ele>1108</ele>
        <time>2026-05-13T01:05:12+00:00</time>
      </trkpt>
      <trkpt lat="47.40789" lon="12.46857">
        <ele>1109</ele>
        <time>2026-05-13T01:05:15+00:00</time>
      </trkpt>
      <trkpt lat="47.40787" lon="12.46872">
        <ele>1111</ele>
        <time>2026-05-13T01:05:18+00:00</time>
      </trkpt>
      <trkpt lat="47.40787" lon="12.46882">
        <ele>1112</ele>
        <time>2026-05-13T01:05:21+00:00</time>
      </trkpt>
      <trkpt lat="47.40786" lon="12.46895">
        <ele>1113</ele>
        <time>2026-05-13T01:05:24+00:00</time>
      </trkpt>
      <trkpt lat="47.40785" lon="12.4691">
        <ele>1114</ele>
        <time>2026-05-13T01:05:27+00:00</time>
      </trkpt>
      <trkpt lat="47.4078" lon="12.46924">
        <ele>1116</ele>
        <time>2026-05-13T01:05:30+00:00</time>
      </trkpt>
      <trkpt lat="47.40777" lon="12.46936">
        <ele>1116</ele>
        <time>2026-05-13T01:05:33+00:00</time>
      </trkpt>
      <trkpt lat="47.40771" lon="12.46948">
        <ele>1117</ele>
        <time>2026-05-13T01:05:36+00:00</time>
      </trkpt>
      <trkpt lat="47.40765" lon="12.46961">
        <ele>1119</ele>
        <time>2026-05-13T01:05:39+00:00</time>
      </trkpt>
      <trkpt lat="47.40761" lon="12.46972">
        <ele>1120</ele>
        <time>2026-05-13T01:05:42+00:00</time>
      </trkpt>
      <trkpt lat="47.40758" lon="12.4698">
        <ele>1120</ele>
        <time>2026-05-13T01:05:45+00:00</time>
      </trkpt>
      <trkpt lat="47.40754" lon="12.46991">
        <ele>1121</ele>
        <time>2026-05-13T01:05:48+00:00</time>
      </trkpt>
      <trkpt lat="47.4075" lon="12.47002">
        <ele>1121</ele>
        <time>2026-05-13T01:05:51+00:00</time>
      </trkpt>
      <trkpt lat="47.40744" lon="12.47013">
        <ele>1122</ele>
        <time>2026-05-13T01:05:54+00:00</time>
      </trkpt>
      <trkpt lat="47.4074" lon="12.4702">
        <ele>1125</ele>
        <time>2026-05-13T01:05:57+00:00</time>
      </trkpt>
      <trkpt lat="47.40734" lon="12.4703">
        <ele>1125</ele>
        <time>2026-05-13T01:06:00+00:00</time>
      </trkpt>
      <trkpt lat="47.40729" lon="12.47039">
        <ele>1128</ele>
        <time>2026-05-13T01:06:03+00:00</time>
      </trkpt>
      <trkpt lat="47.40724" lon="12.47051">
        <ele>1130</ele>
        <time>2026-05-13T01:06:06+00:00</time>
      </trkpt>
      <trkpt lat="47.40716" lon="12.47067">
        <ele>1132</ele>
        <time>2026-05-13T01:06:09+00:00</time>
      </trkpt>
      <trkpt lat="47.40707" lon="12.47082">
        <ele>1134</ele>
        <time>2026-05-13T01:06:12+00:00</time>
      </trkpt>
      <trkpt lat="47.407" lon="12.47097">
        <ele>1135</ele>
        <time>2026-05-13T01:06:15+00:00</time>
      </trkpt>
      <trkpt lat="47.40689" lon="12.47116">
        <ele>1137</ele>
        <time>2026-05-13T01:06:18+00:00</time>
      </trkpt>
      <trkpt lat="47.40678" lon="12.47138">
        <ele>1138</ele>
        <time>2026-05-13T01:06:21+00:00</time>
      </trkpt>
      <trkpt lat="47.4067" lon="12.47152">
        <ele>1138</ele>
        <time>2026-05-13T01:06:24+00:00</time>
      </trkpt>
      <trkpt lat="47.40667" lon="12.47158">
        <ele>1141</ele>
        <time>2026-05-13T01:06:27+00:00</time>
      </trkpt>
      <trkpt lat="47.40661" lon="12.47165">
        <ele>1141</ele>
        <time>2026-05-13T01:06:30+00:00</time>
      </trkpt>
      <trkpt lat="47.40658" lon="12.4717">
        <ele>1144</ele>
        <time>2026-05-13T01:06:33+00:00</time>
      </trkpt>
      <trkpt lat="47.40654" lon="12.47174">
        <ele>1144</ele>
        <time>2026-05-13T01:06:36+00:00</time>
      </trkpt>
      <trkpt lat="47.40651" lon="12.47179">
        <ele>1144</ele>
        <time>2026-05-13T01:06:39+00:00</time>
      </trkpt>
      <trkpt lat="47.40647" lon="12.47185">
        <ele>1147</ele>
        <time>2026-05-13T01:06:42+00:00</time>
      </trkpt>
      <trkpt lat="47.40643" lon="12.47191">
        <ele>1148</ele>
        <time>2026-05-13T01:06:45+00:00</time>
      </trkpt>
      <trkpt lat="47.4064" lon="12.47197">
        <ele>1150</ele>
        <time>2026-05-13T01:06:48+00:00</time>
      </trkpt>
      <trkpt lat="47.40637" lon="12.47202">
        <ele>1150</ele>
        <time>2026-05-13T01:06:51+00:00</time>
      </trkpt>
      <trkpt lat="47.40635" lon="12.47207">
        <ele>1150</ele>
        <time>2026-05-13T01:06:54+00:00</time>
      </trkpt>
      <trkpt lat="47.40633" lon="12.47214">
        <ele>1151</ele>
        <time>2026-05-13T01:06:57+00:00</time>
      </trkpt>
      <trkpt lat="47.40631" lon="12.47219">
        <ele>1151</ele>
        <time>2026-05-13T01:07:00+00:00</time>
      </trkpt>
      <trkpt lat="47.40631" lon="12.47225">
        <ele>1151</ele>
        <time>2026-05-13T01:07:03+00:00</time>
      </trkpt>
      <trkpt lat="47.40629" lon="12.47231">
        <ele>1153</ele>
        <time>2026-05-13T01:07:06+00:00</time>
      </trkpt>
      <trkpt lat="47.40628" lon="12.47235">
        <ele>1153</ele>
        <time>2026-05-13T01:07:09+00:00</time>
      </trkpt>
      <trkpt lat="47.40626" lon="12.47241">
        <ele>1154</ele>
        <time>2026-05-13T01:07:12+00:00</time>
      </trkpt>
      <trkpt lat="47.40624" lon="12.47247">
        <ele>1154</ele>
        <time>2026-05-13T01:07:15+00:00</time>
      </trkpt>
      <trkpt lat="47.40623" lon="12.47253">
        <ele>1154</ele>
        <time>2026-05-13T01:07:18+00:00</time>
      </trkpt>
      <trkpt lat="47.40621" lon="12.47259">
        <ele>1154</ele>
        <time>2026-05-13T01:07:21+00:00</time>
      </trkpt>
      <trkpt lat="47.40619" lon="12.47265">
        <ele>1156</ele>
        <time>2026-05-13T01:07:24+00:00</time>
      </trkpt>
      <trkpt lat="47.40619" lon="12.47269">
        <ele>1156</ele>
        <time>2026-05-13T01:07:27+00:00</time>
      </trkpt>
      <trkpt lat="47.4062" lon="12.47276">
        <ele>1156</ele>
        <time>2026-05-13T01:07:30+00:00</time>
      </trkpt>
      <trkpt lat="47.4062" lon="12.47281">
        <ele>1157</ele>
        <time>2026-05-13T01:07:33+00:00</time>
      </trkpt>
      <trkpt lat="47.4062" lon="12.47286">
        <ele>1156</ele>
        <time>2026-05-13T01:07:36+00:00</time>
      </trkpt>
      <trkpt lat="47.40619" lon="12.47292">
        <ele>1157</ele>
        <time>2026-05-13T01:07:39+00:00</time>
      </trkpt>
      <trkpt lat="47.4062" lon="12.473">
        <ele>1157</ele>
        <time>2026-05-13T01:07:42+00:00</time>
      </trkpt>
      <trkpt lat="47.40619" lon="12.47308">
        <ele>1158</ele>
        <time>2026-05-13T01:07:45+00:00</time>
      </trkpt>
      <trkpt lat="47.40619" lon="12.47317">
        <ele>1159</ele>
        <time>2026-05-13T01:07:48+00:00</time>
      </trkpt>
      <trkpt lat="47.40618" lon="12.47325">
        <ele>1160</ele>
        <time>2026-05-13T01:07:51+00:00</time>
      </trkpt>
      <trkpt lat="47.40616" lon="12.47334">
        <ele>1161</ele>
        <time>2026-05-13T01:07:54+00:00</time>
      </trkpt>
      <trkpt lat="47.40612" lon="12.47344">
        <ele>1161</ele>
        <time>2026-05-13T01:07:57+00:00</time>
      </trkpt>
      <trkpt lat="47.40609" lon="12.47354">
        <ele>1162</ele>
        <time>2026-05-13T01:08:00+00:00</time>
      </trkpt>
      <trkpt lat="47.40606" lon="12.47363">
        <ele>1163</ele>
        <time>2026-05-13T01:08:03+00:00</time>
      </trkpt>
      <trkpt lat="47.40605" lon="12.4737">
        <ele>1163</ele>
        <time>2026-05-13T01:08:06+00:00</time>
      </trkpt>
      <trkpt lat="47.40601" lon="12.47378">
        <ele>1164</ele>
        <time>2026-05-13T01:08:09+00:00</time>
      </trkpt>
      <trkpt lat="47.40598" lon="12.47385">
        <ele>1168</ele>
        <time>2026-05-13T01:08:12+00:00</time>
      </trkpt>
      <trkpt lat="47.4059" lon="12.4739">
        <ele>1169</ele>
        <time>2026-05-13T01:08:15+00:00</time>
      </trkpt>
      <trkpt lat="47.40589" lon="12.47401">
        <ele>1172</ele>
        <time>2026-05-13T01:08:18+00:00</time>
      </trkpt>
      <trkpt lat="47.4059" lon="12.47411">
        <ele>1172</ele>
        <time>2026-05-13T01:08:21+00:00</time>
      </trkpt>
      <trkpt lat="47.40591" lon="12.47416">
        <ele>1172</ele>
        <time>2026-05-13T01:08:24+00:00</time>
      </trkpt>
      <trkpt lat="47.40588" lon="12.4742">
        <ele>1175</ele>
        <time>2026-05-13T01:08:27+00:00</time>
      </trkpt>
      <trkpt lat="47.40583" lon="12.47422">
        <ele>1175</ele>
        <time>2026-05-13T01:08:30+00:00</time>
      </trkpt>
      <trkpt lat="47.4058" lon="12.47425">
        <ele>1175</ele>
        <time>2026-05-13T01:08:33+00:00</time>
      </trkpt>
      <trkpt lat="47.40577" lon="12.47426">
        <ele>1175</ele>
        <time>2026-05-13T01:08:36+00:00</time>
      </trkpt>
      <trkpt lat="47.40573" lon="12.47429">
        <ele>1175</ele>
        <time>2026-05-13T01:08:39+00:00</time>
      </trkpt>
      <trkpt lat="47.40569" lon="12.47431">
        <ele>1177</ele>
        <time>2026-05-13T01:08:42+00:00</time>
      </trkpt>
      <trkpt lat="47.40566" lon="12.47433">
        <ele>1177</ele>
        <time>2026-05-13T01:08:45+00:00</time>
      </trkpt>
      <trkpt lat="47.40565" lon="12.47433">
        <ele>1177</ele>
        <time>2026-05-13T01:08:48+00:00</time>
      </trkpt>
      <trkpt lat="47.40563" lon="12.47434">
        <ele>1177</ele>
        <time>2026-05-13T01:08:51+00:00</time>
      </trkpt>
      <trkpt lat="47.40564" lon="12.47438">
        <ele>1177</ele>
        <time>2026-05-13T01:08:54+00:00</time>
      </trkpt>
      <trkpt lat="47.40565" lon="12.47441">
        <ele>1179</ele>
        <time>2026-05-13T01:08:57+00:00</time>
      </trkpt>
      <trkpt lat="47.40566" lon="12.47445">
        <ele>1179</ele>
        <time>2026-05-13T01:09:00+00:00</time>
      </trkpt>
      <trkpt lat="47.40567" lon="12.47449">
        <ele>1179</ele>
        <time>2026-05-13T01:09:03+00:00</time>
      </trkpt>
      <trkpt lat="47.40567" lon="12.47455">
        <ele>1181</ele>
        <time>2026-05-13T01:09:06+00:00</time>
      </trkpt>
      <trkpt lat="47.40568" lon="12.4746">
        <ele>1181</ele>
        <time>2026-05-13T01:09:09+00:00</time>
      </trkpt>
      <trkpt lat="47.4057" lon="12.47463">
        <ele>1183</ele>
        <time>2026-05-13T01:09:12+00:00</time>
      </trkpt>
      <trkpt lat="47.40573" lon="12.47466">
        <ele>1183</ele>
        <time>2026-05-13T01:09:15+00:00</time>
      </trkpt>
      <trkpt lat="47.40575" lon="12.47469">
        <ele>1183</ele>
        <time>2026-05-13T01:09:18+00:00</time>
      </trkpt>
      <trkpt lat="47.40579" lon="12.47467">
        <ele>1183</ele>
        <time>2026-05-13T01:09:21+00:00</time>
      </trkpt>
      <trkpt lat="47.40582" lon="12.47466">
        <ele>1183</ele>
        <time>2026-05-13T01:09:24+00:00</time>
      </trkpt>
      <trkpt lat="47.40584" lon="12.47467">
        <ele>1183</ele>
        <time>2026-05-13T01:09:27+00:00</time>
      </trkpt>
      <trkpt lat="47.40586" lon="12.47466">
        <ele>1183</ele>
        <time>2026-05-13T01:09:30+00:00</time>
      </trkpt>
      <trkpt lat="47.40588" lon="12.47465">
        <ele>1183</ele>
        <time>2026-05-13T01:09:33+00:00</time>
      </trkpt>
      <trkpt lat="47.4059" lon="12.47469">
        <ele>1183</ele>
        <time>2026-05-13T01:09:36+00:00</time>
      </trkpt>
      <trkpt lat="47.40591" lon="12.4747">
        <ele>1183</ele>
        <time>2026-05-13T01:09:39+00:00</time>
      </trkpt>
      <trkpt lat="47.40593" lon="12.47472">
        <ele>1186</ele>
        <time>2026-05-13T01:09:42+00:00</time>
      </trkpt>
      <trkpt lat="47.40595" lon="12.47476">
        <ele>1186</ele>
        <time>2026-05-13T01:09:45+00:00</time>
      </trkpt>
      <trkpt lat="47.40597" lon="12.47479">
        <ele>1186</ele>
        <time>2026-05-13T01:09:48+00:00</time>
      </trkpt>
      <trkpt lat="47.40596" lon="12.47483">
        <ele>1189</ele>
        <time>2026-05-13T01:09:51+00:00</time>
      </trkpt>
      <trkpt lat="47.40595" lon="12.47485">
        <ele>1189</ele>
        <time>2026-05-13T01:09:54+00:00</time>
      </trkpt>
      <trkpt lat="47.40595" lon="12.47487">
        <ele>1189</ele>
        <time>2026-05-13T01:09:57+00:00</time>
      </trkpt>
      <trkpt lat="47.40594" lon="12.4749">
        <ele>1191</ele>
        <time>2026-05-13T01:10:00+00:00</time>
      </trkpt>
      <trkpt lat="47.40595" lon="12.47495">
        <ele>1191</ele>
        <time>2026-05-13T01:10:03+00:00</time>
      </trkpt>
      <trkpt lat="47.40595" lon="12.47499">
        <ele>1191</ele>
        <time>2026-05-13T01:10:06+00:00</time>
      </trkpt>
      <trkpt lat="47.40596" lon="12.47503">
        <ele>1194</ele>
        <time>2026-05-13T01:10:09+00:00</time>
      </trkpt>
      <trkpt lat="47.40597" lon="12.47507">
        <ele>1194</ele>
        <time>2026-05-13T01:10:12+00:00</time>
      </trkpt>
      <trkpt lat="47.40597" lon="12.4751">
        <ele>1197</ele>
        <time>2026-05-13T01:10:15+00:00</time>
      </trkpt>
      <trkpt lat="47.40597" lon="12.47515">
        <ele>1197</ele>
        <time>2026-05-13T01:10:18+00:00</time>
      </trkpt>
      <trkpt lat="47.40597" lon="12.47519">
        <ele>1197</ele>
        <time>2026-05-13T01:10:21+00:00</time>
      </trkpt>
      <trkpt lat="47.40597" lon="12.47524">
        <ele>1199</ele>
        <time>2026-05-13T01:10:24+00:00</time>
      </trkpt>
      <trkpt lat="47.406" lon="12.47528">
        <ele>1199</ele>
        <time>2026-05-13T01:10:27+00:00</time>
      </trkpt>
      <trkpt lat="47.40601" lon="12.4753">
        <ele>1204</ele>
        <time>2026-05-13T01:10:30+00:00</time>
      </trkpt>
      <trkpt lat="47.40603" lon="12.47533">
        <ele>1204</ele>
        <time>2026-05-13T01:10:33+00:00</time>
      </trkpt>
      <trkpt lat="47.40605" lon="12.47536">
        <ele>1204</ele>
        <time>2026-05-13T01:10:36+00:00</time>
      </trkpt>
      <trkpt lat="47.40602" lon="12.47539">
        <ele>1204</ele>
        <time>2026-05-13T01:10:39+00:00</time>
      </trkpt>
      <trkpt lat="47.40598" lon="12.47545">
        <ele>1205</ele>
        <time>2026-05-13T01:10:42+00:00</time>
      </trkpt>
      <trkpt lat="47.40596" lon="12.47549">
        <ele>1205</ele>
        <time>2026-05-13T01:10:45+00:00</time>
      </trkpt>
      <trkpt lat="47.40592" lon="12.47554">
        <ele>1208</ele>
        <time>2026-05-13T01:10:48+00:00</time>
      </trkpt>
      <trkpt lat="47.40589" lon="12.47557">
        <ele>1206</ele>
        <time>2026-05-13T01:10:51+00:00</time>
      </trkpt>
      <trkpt lat="47.40585" lon="12.47561">
        <ele>1208</ele>
        <time>2026-05-13T01:10:54+00:00</time>
      </trkpt>
      <trkpt lat="47.40583" lon="12.47566">
        <ele>1208</ele>
        <time>2026-05-13T01:10:57+00:00</time>
      </trkpt>
      <trkpt lat="47.40577" lon="12.47571">
        <ele>1209</ele>
        <time>2026-05-13T01:11:00+00:00</time>
      </trkpt>
      <trkpt lat="47.40574" lon="12.47575">
        <ele>1209</ele>
        <time>2026-05-13T01:11:03+00:00</time>
      </trkpt>
      <trkpt lat="47.4057" lon="12.47579">
        <ele>1209</ele>
        <time>2026-05-13T01:11:06+00:00</time>
      </trkpt>
      <trkpt lat="47.40568" lon="12.47584">
        <ele>1209</ele>
        <time>2026-05-13T01:11:09+00:00</time>
      </trkpt>
      <trkpt lat="47.40564" lon="12.47588">
        <ele>1209</ele>
        <time>2026-05-13T01:11:12+00:00</time>
      </trkpt>
      <trkpt lat="47.4056" lon="12.47592">
        <ele>1209</ele>
        <time>2026-05-13T01:11:15+00:00</time>
      </trkpt>
      <trkpt lat="47.40557" lon="12.47597">
        <ele>1209</ele>
        <time>2026-05-13T01:11:18+00:00</time>
      </trkpt>
      <trkpt lat="47.40552" lon="12.47603">
        <ele>1211</ele>
        <time>2026-05-13T01:11:21+00:00</time>
      </trkpt>
      <trkpt lat="47.40548" lon="12.47609">
        <ele>1209</ele>
        <time>2026-05-13T01:11:24+00:00</time>
      </trkpt>
      <trkpt lat="47.40546" lon="12.47613">
        <ele>1211</ele>
        <time>2026-05-13T01:11:27+00:00</time>
      </trkpt>
      <trkpt lat="47.40543" lon="12.47618">
        <ele>1211</ele>
        <time>2026-05-13T01:11:30+00:00</time>
      </trkpt>
      <trkpt lat="47.40539" lon="12.47624">
        <ele>1211</ele>
        <time>2026-05-13T01:11:33+00:00</time>
      </trkpt>
      <trkpt lat="47.40535" lon="12.47632">
        <ele>1213</ele>
        <time>2026-05-13T01:11:36+00:00</time>
      </trkpt>
      <trkpt lat="47.40534" lon="12.47637">
        <ele>1213</ele>
        <time>2026-05-13T01:11:39+00:00</time>
      </trkpt>
      <trkpt lat="47.40532" lon="12.47644">
        <ele>1216</ele>
        <time>2026-05-13T01:11:42+00:00</time>
      </trkpt>
      <trkpt lat="47.4053" lon="12.47651">
        <ele>1217</ele>
        <time>2026-05-13T01:11:45+00:00</time>
      </trkpt>
      <trkpt lat="47.40528" lon="12.47656">
        <ele>1217</ele>
        <time>2026-05-13T01:11:48+00:00</time>
      </trkpt>
      <trkpt lat="47.40526" lon="12.47663">
        <ele>1220</ele>
        <time>2026-05-13T01:11:51+00:00</time>
      </trkpt>
      <trkpt lat="47.40526" lon="12.47669">
        <ele>1220</ele>
        <time>2026-05-13T01:11:54+00:00</time>
      </trkpt>
      <trkpt lat="47.40525" lon="12.47675">
        <ele>1223</ele>
        <time>2026-05-13T01:11:57+00:00</time>
      </trkpt>
      <trkpt lat="47.40524" lon="12.47684">
        <ele>1225</ele>
        <time>2026-05-13T01:12:00+00:00</time>
      </trkpt>
      <trkpt lat="47.40522" lon="12.47687">
        <ele>1225</ele>
        <time>2026-05-13T01:12:03+00:00</time>
      </trkpt>
      <trkpt lat="47.40519" lon="12.4769">
        <ele>1224</ele>
        <time>2026-05-13T01:12:06+00:00</time>
      </trkpt>
      <trkpt lat="47.40517" lon="12.47692">
        <ele>1227</ele>
        <time>2026-05-13T01:12:09+00:00</time>
      </trkpt>
      <trkpt lat="47.40512" lon="12.47692">
        <ele>1227</ele>
        <time>2026-05-13T01:12:12+00:00</time>
      </trkpt>
      <trkpt lat="47.40508" lon="12.47693">
        <ele>1225</ele>
        <time>2026-05-13T01:12:15+00:00</time>
      </trkpt>
      <trkpt lat="47.40505" lon="12.47695">
        <ele>1225</ele>
        <time>2026-05-13T01:12:18+00:00</time>
      </trkpt>
      <trkpt lat="47.40501" lon="12.47697">
        <ele>1225</ele>
        <time>2026-05-13T01:12:21+00:00</time>
      </trkpt>
      <trkpt lat="47.40497" lon="12.47698">
        <ele>1224</ele>
        <time>2026-05-13T01:12:24+00:00</time>
      </trkpt>
      <trkpt lat="47.40493" lon="12.47699">
        <ele>1224</ele>
        <time>2026-05-13T01:12:27+00:00</time>
      </trkpt>
      <trkpt lat="47.4049" lon="12.47701">
        <ele>1226</ele>
        <time>2026-05-13T01:12:30+00:00</time>
      </trkpt>
      <trkpt lat="47.40488" lon="12.47702">
        <ele>1225</ele>
        <time>2026-05-13T01:12:33+00:00</time>
      </trkpt>
      <trkpt lat="47.40485" lon="12.47703">
        <ele>1225</ele>
        <time>2026-05-13T01:12:36+00:00</time>
      </trkpt>
      <trkpt lat="47.40482" lon="12.47704">
        <ele>1225</ele>
        <time>2026-05-13T01:12:39+00:00</time>
      </trkpt>
      <trkpt lat="47.40479" lon="12.47705">
        <ele>1224</ele>
        <time>2026-05-13T01:12:42+00:00</time>
      </trkpt>
      <trkpt lat="47.40475" lon="12.47707">
        <ele>1224</ele>
        <time>2026-05-13T01:12:45+00:00</time>
      </trkpt>
      <trkpt lat="47.40471" lon="12.47709">
        <ele>1224</ele>
        <time>2026-05-13T01:12:48+00:00</time>
      </trkpt>
      <trkpt lat="47.40468" lon="12.4771">
        <ele>1223</ele>
        <time>2026-05-13T01:12:51+00:00</time>
      </trkpt>
      <trkpt lat="47.40462" lon="12.47712">
        <ele>1226</ele>
        <time>2026-05-13T01:12:54+00:00</time>
      </trkpt>
      <trkpt lat="47.40458" lon="12.47714">
        <ele>1226</ele>
        <time>2026-05-13T01:12:57+00:00</time>
      </trkpt>
      <trkpt lat="47.40454" lon="12.47717">
        <ele>1226</ele>
        <time>2026-05-13T01:13:00+00:00</time>
      </trkpt>
      <trkpt lat="47.4045" lon="12.47719">
        <ele>1226</ele>
        <time>2026-05-13T01:13:03+00:00</time>
      </trkpt>
      <trkpt lat="47.40447" lon="12.47721">
        <ele>1229</ele>
        <time>2026-05-13T01:13:06+00:00</time>
      </trkpt>
      <trkpt lat="47.40443" lon="12.47723">
        <ele>1229</ele>
        <time>2026-05-13T01:13:09+00:00</time>
      </trkpt>
      <trkpt lat="47.4044" lon="12.47725">
        <ele>1229</ele>
        <time>2026-05-13T01:13:12+00:00</time>
      </trkpt>
      <trkpt lat="47.40435" lon="12.47728">
        <ele>1229</ele>
        <time>2026-05-13T01:13:15+00:00</time>
      </trkpt>
      <trkpt lat="47.40432" lon="12.47729">
        <ele>1229</ele>
        <time>2026-05-13T01:13:18+00:00</time>
      </trkpt>
      <trkpt lat="47.40428" lon="12.4773">
        <ele>1232</ele>
        <time>2026-05-13T01:13:21+00:00</time>
      </trkpt>
      <trkpt lat="47.40425" lon="12.47731">
        <ele>1230</ele>
        <time>2026-05-13T01:13:24+00:00</time>
      </trkpt>
      <trkpt lat="47.40421" lon="12.47733">
        <ele>1232</ele>
        <time>2026-05-13T01:13:27+00:00</time>
      </trkpt>
      <trkpt lat="47.40418" lon="12.47734">
        <ele>1232</ele>
        <time>2026-05-13T01:13:30+00:00</time>
      </trkpt>
      <trkpt lat="47.40414" lon="12.47734">
        <ele>1232</ele>
        <time>2026-05-13T01:13:33+00:00</time>
      </trkpt>
      <trkpt lat="47.4041" lon="12.47734">
        <ele>1231</ele>
        <time>2026-05-13T01:13:36+00:00</time>
      </trkpt>
      <trkpt lat="47.40406" lon="12.47735">
        <ele>1231</ele>
        <time>2026-05-13T01:13:39+00:00</time>
      </trkpt>
      <trkpt lat="47.40403" lon="12.47735">
        <ele>1231</ele>
        <time>2026-05-13T01:13:42+00:00</time>
      </trkpt>
      <trkpt lat="47.404" lon="12.47735">
        <ele>1231</ele>
        <time>2026-05-13T01:13:45+00:00</time>
      </trkpt>
      <trkpt lat="47.40398" lon="12.47735">
        <ele>1231</ele>
        <time>2026-05-13T01:13:48+00:00</time>
      </trkpt>
      <trkpt lat="47.40394" lon="12.47735">
        <ele>1231</ele>
        <time>2026-05-13T01:13:51+00:00</time>
      </trkpt>
      <trkpt lat="47.40392" lon="12.47736">
        <ele>1231</ele>
        <time>2026-05-13T01:13:54+00:00</time>
      </trkpt>
      <trkpt lat="47.40389" lon="12.47736">
        <ele>1231</ele>
        <time>2026-05-13T01:13:57+00:00</time>
      </trkpt>
      <trkpt lat="47.40387" lon="12.47736">
        <ele>1231</ele>
        <time>2026-05-13T01:14:00+00:00</time>
      </trkpt>
      <trkpt lat="47.40385" lon="12.47736">
        <ele>1231</ele>
        <time>2026-05-13T01:14:03+00:00</time>
      </trkpt>
      <trkpt lat="47.40382" lon="12.47736">
        <ele>1231</ele>
        <time>2026-05-13T01:14:06+00:00</time>
      </trkpt>
      <trkpt lat="47.40379" lon="12.47737">
        <ele>1230</ele>
        <time>2026-05-13T01:14:09+00:00</time>
      </trkpt>
      <trkpt lat="47.40375" lon="12.47737">
        <ele>1230</ele>
        <time>2026-05-13T01:14:12+00:00</time>
      </trkpt>
      <trkpt lat="47.40371" lon="12.47737">
        <ele>1230</ele>
        <time>2026-05-13T01:14:15+00:00</time>
      </trkpt>
      <trkpt lat="47.40368" lon="12.47741">
        <ele>1232</ele>
        <time>2026-05-13T01:14:18+00:00</time>
      </trkpt>
      <trkpt lat="47.40362" lon="12.47747">
        <ele>1232</ele>
        <time>2026-05-13T01:14:21+00:00</time>
      </trkpt>
      <trkpt lat="47.40359" lon="12.4775">
        <ele>1232</ele>
        <time>2026-05-13T01:14:24+00:00</time>
      </trkpt>
      <trkpt lat="47.40357" lon="12.47753">
        <ele>1234</ele>
        <time>2026-05-13T01:14:27+00:00</time>
      </trkpt>
      <trkpt lat="47.40355" lon="12.47755">
        <ele>1234</ele>
        <time>2026-05-13T01:14:30+00:00</time>
      </trkpt>
      <trkpt lat="47.40353" lon="12.47757">
        <ele>1234</ele>
        <time>2026-05-13T01:14:33+00:00</time>
      </trkpt>
      <trkpt lat="47.4035" lon="12.47761">
        <ele>1236</ele>
        <time>2026-05-13T01:14:36+00:00</time>
      </trkpt>
      <trkpt lat="47.40346" lon="12.47767">
        <ele>1235</ele>
        <time>2026-05-13T01:14:39+00:00</time>
      </trkpt>
      <trkpt lat="47.40342" lon="12.47774">
        <ele>1236</ele>
        <time>2026-05-13T01:14:42+00:00</time>
      </trkpt>
      <trkpt lat="47.40338" lon="12.47779">
        <ele>1235</ele>
        <time>2026-05-13T01:14:45+00:00</time>
      </trkpt>
      <trkpt lat="47.4034" lon="12.47782">
        <ele>1238</ele>
        <time>2026-05-13T01:14:48+00:00</time>
      </trkpt>
      <trkpt lat="47.40341" lon="12.47785">
        <ele>1240</ele>
        <time>2026-05-13T01:14:51+00:00</time>
      </trkpt>
      <trkpt lat="47.40345" lon="12.47783">
        <ele>1240</ele>
        <time>2026-05-13T01:14:54+00:00</time>
      </trkpt>
      <trkpt lat="47.40347" lon="12.47782">
        <ele>1240</ele>
        <time>2026-05-13T01:14:57+00:00</time>
      </trkpt>
      <trkpt lat="47.4035" lon="12.47779">
        <ele>1238</ele>
        <time>2026-05-13T01:15:00+00:00</time>
      </trkpt>
      <trkpt lat="47.40353" lon="12.47777">
        <ele>1238</ele>
        <time>2026-05-13T01:15:03+00:00</time>
      </trkpt>
      <trkpt lat="47.40356" lon="12.47774">
        <ele>1238</ele>
        <time>2026-05-13T01:15:06+00:00</time>
      </trkpt>
      <trkpt lat="47.40358" lon="12.47772">
        <ele>1238</ele>
        <time>2026-05-13T01:15:09+00:00</time>
      </trkpt>
      <trkpt lat="47.40361" lon="12.47769">
        <ele>1237</ele>
        <time>2026-05-13T01:15:12+00:00</time>
      </trkpt>
      <trkpt lat="47.40364" lon="12.47767">
        <ele>1237</ele>
        <time>2026-05-13T01:15:15+00:00</time>
      </trkpt>
      <trkpt lat="47.40368" lon="12.47766">
        <ele>1237</ele>
        <time>2026-05-13T01:15:18+00:00</time>
      </trkpt>
      <trkpt lat="47.40371" lon="12.47765">
        <ele>1238</ele>
        <time>2026-05-13T01:15:21+00:00</time>
      </trkpt>
      <trkpt lat="47.40373" lon="12.47764">
        <ele>1238</ele>
        <time>2026-05-13T01:15:24+00:00</time>
      </trkpt>
      <trkpt lat="47.40376" lon="12.47763">
        <ele>1238</ele>
        <time>2026-05-13T01:15:27+00:00</time>
      </trkpt>
      <trkpt lat="47.40381" lon="12.47763">
        <ele>1240</ele>
        <time>2026-05-13T01:15:30+00:00</time>
      </trkpt>
      <trkpt lat="47.40383" lon="12.47763">
        <ele>1240</ele>
        <time>2026-05-13T01:15:33+00:00</time>
      </trkpt>
      <trkpt lat="47.40386" lon="12.47763">
        <ele>1240</ele>
        <time>2026-05-13T01:15:36+00:00</time>
      </trkpt>
      <trkpt lat="47.40391" lon="12.47763">
        <ele>1241</ele>
        <time>2026-05-13T01:15:39+00:00</time>
      </trkpt>
      <trkpt lat="47.40395" lon="12.47764">
        <ele>1241</ele>
        <time>2026-05-13T01:15:42+00:00</time>
      </trkpt>
      <trkpt lat="47.40397" lon="12.47767">
        <ele>1241</ele>
        <time>2026-05-13T01:15:45+00:00</time>
      </trkpt>
      <trkpt lat="47.40399" lon="12.47769">
        <ele>1241</ele>
        <time>2026-05-13T01:15:48+00:00</time>
      </trkpt>
      <trkpt lat="47.40399" lon="12.47775">
        <ele>1244</ele>
        <time>2026-05-13T01:15:51+00:00</time>
      </trkpt>
      <trkpt lat="47.40399" lon="12.47778">
        <ele>1244</ele>
        <time>2026-05-13T01:15:54+00:00</time>
      </trkpt>
      <trkpt lat="47.40396" lon="12.4778">
        <ele>1244</ele>
        <time>2026-05-13T01:15:57+00:00</time>
      </trkpt>
      <trkpt lat="47.40394" lon="12.47781">
        <ele>1248</ele>
        <time>2026-05-13T01:16:00+00:00</time>
      </trkpt>
      <trkpt lat="47.4039" lon="12.47783">
        <ele>1246</ele>
        <time>2026-05-13T01:16:03+00:00</time>
      </trkpt>
      <trkpt lat="47.40393" lon="12.47785">
        <ele>1248</ele>
        <time>2026-05-13T01:16:06+00:00</time>
      </trkpt>
      <trkpt lat="47.40396" lon="12.47786">
        <ele>1248</ele>
        <time>2026-05-13T01:16:09+00:00</time>
      </trkpt>
      <trkpt lat="47.404" lon="12.47788">
        <ele>1248</ele>
        <time>2026-05-13T01:16:12+00:00</time>
      </trkpt>
      <trkpt lat="47.40403" lon="12.4779">
        <ele>1249</ele>
        <time>2026-05-13T01:16:15+00:00</time>
      </trkpt>
      <trkpt lat="47.40407" lon="12.47792">
        <ele>1253</ele>
        <time>2026-05-13T01:16:18+00:00</time>
      </trkpt>
      <trkpt lat="47.4041" lon="12.47794">
        <ele>1253</ele>
        <time>2026-05-13T01:16:21+00:00</time>
      </trkpt>
      <trkpt lat="47.40414" lon="12.47796">
        <ele>1253</ele>
        <time>2026-05-13T01:16:24+00:00</time>
      </trkpt>
      <trkpt lat="47.40418" lon="12.47798">
        <ele>1253</ele>
        <time>2026-05-13T01:16:27+00:00</time>
      </trkpt>
      <trkpt lat="47.40421" lon="12.478">
        <ele>1258</ele>
        <time>2026-05-13T01:16:30+00:00</time>
      </trkpt>
      <trkpt lat="47.40425" lon="12.47803">
        <ele>1258</ele>
        <time>2026-05-13T01:16:33+00:00</time>
      </trkpt>
      <trkpt lat="47.40428" lon="12.47805">
        <ele>1258</ele>
        <time>2026-05-13T01:16:36+00:00</time>
      </trkpt>
      <trkpt lat="47.40432" lon="12.47807">
        <ele>1258</ele>
        <time>2026-05-13T01:16:39+00:00</time>
      </trkpt>
      <trkpt lat="47.40437" lon="12.47809">
        <ele>1258</ele>
        <time>2026-05-13T01:16:42+00:00</time>
      </trkpt>
      <trkpt lat="47.40441" lon="12.47812">
        <ele>1263</ele>
        <time>2026-05-13T01:16:45+00:00</time>
      </trkpt>
      <trkpt lat="47.40445" lon="12.47814">
        <ele>1263</ele>
        <time>2026-05-13T01:16:48+00:00</time>
      </trkpt>
      <trkpt lat="47.40449" lon="12.47817">
        <ele>1263</ele>
        <time>2026-05-13T01:16:51+00:00</time>
      </trkpt>
      <trkpt lat="47.40453" lon="12.47819">
        <ele>1263</ele>
        <time>2026-05-13T01:16:54+00:00</time>
      </trkpt>
      <trkpt lat="47.40458" lon="12.47822">
        <ele>1267</ele>
        <time>2026-05-13T01:16:57+00:00</time>
      </trkpt>
      <trkpt lat="47.4046" lon="12.47826">
        <ele>1267</ele>
        <time>2026-05-13T01:17:00+00:00</time>
      </trkpt>
      <trkpt lat="47.40461" lon="12.47829">
        <ele>1268</ele>
        <time>2026-05-13T01:17:03+00:00</time>
      </trkpt>
      <trkpt lat="47.40458" lon="12.47831">
        <ele>1271</ele>
        <time>2026-05-13T01:17:06+00:00</time>
      </trkpt>
      <trkpt lat="47.40455" lon="12.47832">
        <ele>1271</ele>
        <time>2026-05-13T01:17:09+00:00</time>
      </trkpt>
      <trkpt lat="47.40452" lon="12.47834">
        <ele>1271</ele>
        <time>2026-05-13T01:17:12+00:00</time>
      </trkpt>
      <trkpt lat="47.40448" lon="12.47837">
        <ele>1271</ele>
        <time>2026-05-13T01:17:15+00:00</time>
      </trkpt>
      <trkpt lat="47.40445" lon="12.47838">
        <ele>1271</ele>
        <time>2026-05-13T01:17:18+00:00</time>
      </trkpt>
      <trkpt lat="47.40442" lon="12.4784">
        <ele>1271</ele>
        <time>2026-05-13T01:17:21+00:00</time>
      </trkpt>
      <trkpt lat="47.40438" lon="12.47842">
        <ele>1275</ele>
        <time>2026-05-13T01:17:24+00:00</time>
      </trkpt>
      <trkpt lat="47.40435" lon="12.47844">
        <ele>1275</ele>
        <time>2026-05-13T01:17:27+00:00</time>
      </trkpt>
      <trkpt lat="47.40433" lon="12.47848">
        <ele>1275</ele>
        <time>2026-05-13T01:17:30+00:00</time>
      </trkpt>
      <trkpt lat="47.40432" lon="12.47852">
        <ele>1279</ele>
        <time>2026-05-13T01:17:33+00:00</time>
      </trkpt>
      <trkpt lat="47.4043" lon="12.47855">
        <ele>1278</ele>
        <time>2026-05-13T01:17:36+00:00</time>
      </trkpt>
      <trkpt lat="47.40428" lon="12.47858">
        <ele>1278</ele>
        <time>2026-05-13T01:17:39+00:00</time>
      </trkpt>
      <trkpt lat="47.40425" lon="12.47861">
        <ele>1283</ele>
        <time>2026-05-13T01:17:42+00:00</time>
      </trkpt>
      <trkpt lat="47.40422" lon="12.47865">
        <ele>1283</ele>
        <time>2026-05-13T01:17:45+00:00</time>
      </trkpt>
      <trkpt lat="47.40423" lon="12.47869">
        <ele>1283</ele>
        <time>2026-05-13T01:17:48+00:00</time>
      </trkpt>
      <trkpt lat="47.40424" lon="12.47873">
        <ele>1287</ele>
        <time>2026-05-13T01:17:51+00:00</time>
      </trkpt>
      <trkpt lat="47.40426" lon="12.47878">
        <ele>1287</ele>
        <time>2026-05-13T01:17:54+00:00</time>
      </trkpt>
      <trkpt lat="47.40429" lon="12.47879">
        <ele>1287</ele>
        <time>2026-05-13T01:17:57+00:00</time>
      </trkpt>
      <trkpt lat="47.4043" lon="12.47882">
        <ele>1292</ele>
        <time>2026-05-13T01:18:00+00:00</time>
      </trkpt>
      <trkpt lat="47.40432" lon="12.47885">
        <ele>1292</ele>
        <time>2026-05-13T01:18:03+00:00</time>
      </trkpt>
      <trkpt lat="47.40434" lon="12.47889">
        <ele>1292</ele>
        <time>2026-05-13T01:18:06+00:00</time>
      </trkpt>
      <trkpt lat="47.40439" lon="12.4789">
        <ele>1296</ele>
        <time>2026-05-13T01:18:09+00:00</time>
      </trkpt>
      <trkpt lat="47.40442" lon="12.47892">
        <ele>1296</ele>
        <time>2026-05-13T01:18:12+00:00</time>
      </trkpt>
      <trkpt lat="47.40445" lon="12.47893">
        <ele>1296</ele>
        <time>2026-05-13T01:18:15+00:00</time>
      </trkpt>
      <trkpt lat="47.40447" lon="12.47894">
        <ele>1296</ele>
        <time>2026-05-13T01:18:18+00:00</time>
      </trkpt>
      <trkpt lat="47.4045" lon="12.47898">
        <ele>1297</ele>
        <time>2026-05-13T01:18:21+00:00</time>
      </trkpt>
      <trkpt lat="47.40447" lon="12.47905">
        <ele>1301</ele>
        <time>2026-05-13T01:18:24+00:00</time>
      </trkpt>
      <trkpt lat="47.40449" lon="12.47912">
        <ele>1305</ele>
        <time>2026-05-13T01:18:27+00:00</time>
      </trkpt>
      <trkpt lat="47.40452" lon="12.47919">
        <ele>1306</ele>
        <time>2026-05-13T01:18:30+00:00</time>
      </trkpt>
      <trkpt lat="47.40454" lon="12.47923">
        <ele>1309</ele>
        <time>2026-05-13T01:18:33+00:00</time>
      </trkpt>
      <trkpt lat="47.40456" lon="12.47927">
        <ele>1309</ele>
        <time>2026-05-13T01:18:36+00:00</time>
      </trkpt>
      <trkpt lat="47.40458" lon="12.47931">
        <ele>1313</ele>
        <time>2026-05-13T01:18:39+00:00</time>
      </trkpt>
      <trkpt lat="47.40457" lon="12.47938">
        <ele>1313</ele>
        <time>2026-05-13T01:18:42+00:00</time>
      </trkpt>
      <trkpt lat="47.40458" lon="12.47942">
        <ele>1316</ele>
        <time>2026-05-13T01:18:45+00:00</time>
      </trkpt>
      <trkpt lat="47.40457" lon="12.47947">
        <ele>1316</ele>
        <time>2026-05-13T01:18:48+00:00</time>
      </trkpt>
      <trkpt lat="47.40456" lon="12.47951">
        <ele>1319</ele>
        <time>2026-05-13T01:18:51+00:00</time>
      </trkpt>
      <trkpt lat="47.40454" lon="12.47955">
        <ele>1319</ele>
        <time>2026-05-13T01:18:54+00:00</time>
      </trkpt>
      <trkpt lat="47.40451" lon="12.47957">
        <ele>1319</ele>
        <time>2026-05-13T01:18:57+00:00</time>
      </trkpt>
      <trkpt lat="47.40449" lon="12.47957">
        <ele>1319</ele>
        <time>2026-05-13T01:19:00+00:00</time>
      </trkpt>
      <trkpt lat="47.40447" lon="12.47958">
        <ele>1319</ele>
        <time>2026-05-13T01:19:03+00:00</time>
      </trkpt>
      <trkpt lat="47.40447" lon="12.47961">
        <ele>1322</ele>
        <time>2026-05-13T01:19:06+00:00</time>
      </trkpt>
      <trkpt lat="47.40449" lon="12.47964">
        <ele>1322</ele>
        <time>2026-05-13T01:19:09+00:00</time>
      </trkpt>
      <trkpt lat="47.40451" lon="12.47968">
        <ele>1323</ele>
        <time>2026-05-13T01:19:12+00:00</time>
      </trkpt>
      <trkpt lat="47.40454" lon="12.47971">
        <ele>1326</ele>
        <time>2026-05-13T01:19:15+00:00</time>
      </trkpt>
      <trkpt lat="47.40457" lon="12.47973">
        <ele>1326</ele>
        <time>2026-05-13T01:19:18+00:00</time>
      </trkpt>
      <trkpt lat="47.40461" lon="12.47974">
        <ele>1327</ele>
        <time>2026-05-13T01:19:21+00:00</time>
      </trkpt>
      <trkpt lat="47.40463" lon="12.47975">
        <ele>1327</ele>
        <time>2026-05-13T01:19:24+00:00</time>
      </trkpt>
      <trkpt lat="47.40467" lon="12.47976">
        <ele>1327</ele>
        <time>2026-05-13T01:19:27+00:00</time>
      </trkpt>
      <trkpt lat="47.40469" lon="12.47977">
        <ele>1327</ele>
        <time>2026-05-13T01:19:30+00:00</time>
      </trkpt>
      <trkpt lat="47.40471" lon="12.47979">
        <ele>1328</ele>
        <time>2026-05-13T01:19:33+00:00</time>
      </trkpt>
      <trkpt lat="47.40473" lon="12.4798">
        <ele>1332</ele>
        <time>2026-05-13T01:19:36+00:00</time>
      </trkpt>
      <trkpt lat="47.40475" lon="12.47982">
        <ele>1332</ele>
        <time>2026-05-13T01:19:39+00:00</time>
      </trkpt>
      <trkpt lat="47.40476" lon="12.47985">
        <ele>1332</ele>
        <time>2026-05-13T01:19:42+00:00</time>
      </trkpt>
      <trkpt lat="47.40477" lon="12.47988">
        <ele>1332</ele>
        <time>2026-05-13T01:19:45+00:00</time>
      </trkpt>
      <trkpt lat="47.40478" lon="12.47991">
        <ele>1334</ele>
        <time>2026-05-13T01:19:48+00:00</time>
      </trkpt>
      <trkpt lat="47.40481" lon="12.47991">
        <ele>1335</ele>
        <time>2026-05-13T01:19:51+00:00</time>
      </trkpt>
      <trkpt lat="47.40483" lon="12.47996">
        <ele>1335</ele>
        <time>2026-05-13T01:19:54+00:00</time>
      </trkpt>
      <trkpt lat="47.40481" lon="12.48003">
        <ele>1338</ele>
        <time>2026-05-13T01:19:57+00:00</time>
      </trkpt>
      <trkpt lat="47.40478" lon="12.48009">
        <ele>1337</ele>
        <time>2026-05-13T01:20:00+00:00</time>
      </trkpt>
      <trkpt lat="47.40478" lon="12.48014">
        <ele>1339</ele>
        <time>2026-05-13T01:20:03+00:00</time>
      </trkpt>
      <trkpt lat="47.40477" lon="12.48019">
        <ele>1339</ele>
        <time>2026-05-13T01:20:06+00:00</time>
      </trkpt>
      <trkpt lat="47.40478" lon="12.48022">
        <ele>1342</ele>
        <time>2026-05-13T01:20:09+00:00</time>
      </trkpt>
      <trkpt lat="47.40476" lon="12.48025">
        <ele>1342</ele>
        <time>2026-05-13T01:20:12+00:00</time>
      </trkpt>
      <trkpt lat="47.40473" lon="12.4803">
        <ele>1342</ele>
        <time>2026-05-13T01:20:15+00:00</time>
      </trkpt>
      <trkpt lat="47.4047" lon="12.48033">
        <ele>1343</ele>
        <time>2026-05-13T01:20:18+00:00</time>
      </trkpt>
      <trkpt lat="47.40467" lon="12.48035">
        <ele>1343</ele>
        <time>2026-05-13T01:20:21+00:00</time>
      </trkpt>
      <trkpt lat="47.40465" lon="12.48036">
        <ele>1343</ele>
        <time>2026-05-13T01:20:24+00:00</time>
      </trkpt>
      <trkpt lat="47.40462" lon="12.48038">
        <ele>1343</ele>
        <time>2026-05-13T01:20:27+00:00</time>
      </trkpt>
      <trkpt lat="47.40461" lon="12.48042">
        <ele>1345</ele>
        <time>2026-05-13T01:20:30+00:00</time>
      </trkpt>
      <trkpt lat="47.4046" lon="12.48045">
        <ele>1345</ele>
        <time>2026-05-13T01:20:33+00:00</time>
      </trkpt>
      <trkpt lat="47.4046" lon="12.48049">
        <ele>1344</ele>
        <time>2026-05-13T01:20:36+00:00</time>
      </trkpt>
      <trkpt lat="47.40458" lon="12.48052">
        <ele>1346</ele>
        <time>2026-05-13T01:20:39+00:00</time>
      </trkpt>
      <trkpt lat="47.40456" lon="12.48059">
        <ele>1346</ele>
        <time>2026-05-13T01:20:42+00:00</time>
      </trkpt>
      <trkpt lat="47.40454" lon="12.48062">
        <ele>1347</ele>
        <time>2026-05-13T01:20:45+00:00</time>
      </trkpt>
      <trkpt lat="47.40453" lon="12.48067">
        <ele>1347</ele>
        <time>2026-05-13T01:20:48+00:00</time>
      </trkpt>
      <trkpt lat="47.4045" lon="12.4807">
        <ele>1346</ele>
        <time>2026-05-13T01:20:51+00:00</time>
      </trkpt>
      <trkpt lat="47.40447" lon="12.48073">
        <ele>1347</ele>
        <time>2026-05-13T01:20:54+00:00</time>
      </trkpt>
      <trkpt lat="47.40443" lon="12.48077">
        <ele>1347</ele>
        <time>2026-05-13T01:20:57+00:00</time>
      </trkpt>
      <trkpt lat="47.40439" lon="12.4808">
        <ele>1347</ele>
        <time>2026-05-13T01:21:00+00:00</time>
      </trkpt>
      <trkpt lat="47.40437" lon="12.48084">
        <ele>1347</ele>
        <time>2026-05-13T01:21:03+00:00</time>
      </trkpt>
      <trkpt lat="47.40436" lon="12.48087">
        <ele>1347</ele>
        <time>2026-05-13T01:21:06+00:00</time>
      </trkpt>
      <trkpt lat="47.40436" lon="12.48091">
        <ele>1348</ele>
        <time>2026-05-13T01:21:09+00:00</time>
      </trkpt>
      <trkpt lat="47.40434" lon="12.48093">
        <ele>1348</ele>
        <time>2026-05-13T01:21:12+00:00</time>
      </trkpt>
      <trkpt lat="47.40433" lon="12.481">
        <ele>1350</ele>
        <time>2026-05-13T01:21:15+00:00</time>
      </trkpt>
      <trkpt lat="47.40433" lon="12.48103">
        <ele>1350</ele>
        <time>2026-05-13T01:21:18+00:00</time>
      </trkpt>
      <trkpt lat="47.40433" lon="12.48108">
        <ele>1350</ele>
        <time>2026-05-13T01:21:21+00:00</time>
      </trkpt>
      <trkpt lat="47.40435" lon="12.48111">
        <ele>1351</ele>
        <time>2026-05-13T01:21:24+00:00</time>
      </trkpt>
      <trkpt lat="47.40436" lon="12.48115">
        <ele>1351</ele>
        <time>2026-05-13T01:21:27+00:00</time>
      </trkpt>
      <trkpt lat="47.40439" lon="12.48116">
        <ele>1351</ele>
        <time>2026-05-13T01:21:30+00:00</time>
      </trkpt>
      <trkpt lat="47.40442" lon="12.48117">
        <ele>1353</ele>
        <time>2026-05-13T01:21:33+00:00</time>
      </trkpt>
      <trkpt lat="47.40443" lon="12.48124">
        <ele>1355</ele>
        <time>2026-05-13T01:21:36+00:00</time>
      </trkpt>
      <trkpt lat="47.40445" lon="12.48127">
        <ele>1355</ele>
        <time>2026-05-13T01:21:39+00:00</time>
      </trkpt>
      <trkpt lat="47.40448" lon="12.48131">
        <ele>1356</ele>
        <time>2026-05-13T01:21:42+00:00</time>
      </trkpt>
      <trkpt lat="47.40449" lon="12.48137">
        <ele>1356</ele>
        <time>2026-05-13T01:21:45+00:00</time>
      </trkpt>
      <trkpt lat="47.40448" lon="12.48141">
        <ele>1357</ele>
        <time>2026-05-13T01:21:48+00:00</time>
      </trkpt>
      <trkpt lat="47.40447" lon="12.48148">
        <ele>1357</ele>
        <time>2026-05-13T01:21:51+00:00</time>
      </trkpt>
      <trkpt lat="47.40446" lon="12.48152">
        <ele>1359</ele>
        <time>2026-05-13T01:21:54+00:00</time>
      </trkpt>
      <trkpt lat="47.40445" lon="12.48156">
        <ele>1359</ele>
        <time>2026-05-13T01:21:57+00:00</time>
      </trkpt>
      <trkpt lat="47.40446" lon="12.48161">
        <ele>1360</ele>
        <time>2026-05-13T01:22:00+00:00</time>
      </trkpt>
      <trkpt lat="47.40447" lon="12.48165">
        <ele>1360</ele>
        <time>2026-05-13T01:22:03+00:00</time>
      </trkpt>
      <trkpt lat="47.40448" lon="12.48169">
        <ele>1360</ele>
        <time>2026-05-13T01:22:06+00:00</time>
      </trkpt>
      <trkpt lat="47.40448" lon="12.48176">
        <ele>1361</ele>
        <time>2026-05-13T01:22:09+00:00</time>
      </trkpt>
      <trkpt lat="47.40454" lon="12.48179">
        <ele>1364</ele>
        <time>2026-05-13T01:22:12+00:00</time>
      </trkpt>
      <trkpt lat="47.40456" lon="12.48183">
        <ele>1365</ele>
        <time>2026-05-13T01:22:15+00:00</time>
      </trkpt>
      <trkpt lat="47.40459" lon="12.48187">
        <ele>1365</ele>
        <time>2026-05-13T01:22:18+00:00</time>
      </trkpt>
      <trkpt lat="47.40462" lon="12.48192">
        <ele>1369</ele>
        <time>2026-05-13T01:22:21+00:00</time>
      </trkpt>
      <trkpt lat="47.40465" lon="12.48196">
        <ele>1369</ele>
        <time>2026-05-13T01:22:24+00:00</time>
      </trkpt>
      <trkpt lat="47.40468" lon="12.482">
        <ele>1370</ele>
        <time>2026-05-13T01:22:27+00:00</time>
      </trkpt>
      <trkpt lat="47.40469" lon="12.48207">
        <ele>1370</ele>
        <time>2026-05-13T01:22:30+00:00</time>
      </trkpt>
      <trkpt lat="47.40471" lon="12.48211">
        <ele>1374</ele>
        <time>2026-05-13T01:22:33+00:00</time>
      </trkpt>
      <trkpt lat="47.40473" lon="12.48219">
        <ele>1374</ele>
        <time>2026-05-13T01:22:36+00:00</time>
      </trkpt>
      <trkpt lat="47.40473" lon="12.48228">
        <ele>1376</ele>
        <time>2026-05-13T01:22:39+00:00</time>
      </trkpt>
      <trkpt lat="47.40473" lon="12.48238">
        <ele>1378</ele>
        <time>2026-05-13T01:22:42+00:00</time>
      </trkpt>
      <trkpt lat="47.40474" lon="12.48246">
        <ele>1379</ele>
        <time>2026-05-13T01:22:45+00:00</time>
      </trkpt>
      <trkpt lat="47.40474" lon="12.48253">
        <ele>1381</ele>
        <time>2026-05-13T01:22:48+00:00</time>
      </trkpt>
      <trkpt lat="47.40474" lon="12.48261">
        <ele>1383</ele>
        <time>2026-05-13T01:22:51+00:00</time>
      </trkpt>
      <trkpt lat="47.40474" lon="12.4827">
        <ele>1383</ele>
        <time>2026-05-13T01:22:54+00:00</time>
      </trkpt>
      <trkpt lat="47.40474" lon="12.48279">
        <ele>1385</ele>
        <time>2026-05-13T01:22:57+00:00</time>
      </trkpt>
      <trkpt lat="47.40474" lon="12.48288">
        <ele>1387</ele>
        <time>2026-05-13T01:23:00+00:00</time>
      </trkpt>
      <trkpt lat="47.40474" lon="12.48294">
        <ele>1388</ele>
        <time>2026-05-13T01:23:03+00:00</time>
      </trkpt>
      <trkpt lat="47.40474" lon="12.48303">
        <ele>1390</ele>
        <time>2026-05-13T01:23:06+00:00</time>
      </trkpt>
      <trkpt lat="47.40474" lon="12.48312">
        <ele>1392</ele>
        <time>2026-05-13T01:23:09+00:00</time>
      </trkpt>
      <trkpt lat="47.40473" lon="12.48319">
        <ele>1392</ele>
        <time>2026-05-13T01:23:12+00:00</time>
      </trkpt>
      <trkpt lat="47.40472" lon="12.48326">
        <ele>1394</ele>
        <time>2026-05-13T01:23:15+00:00</time>
      </trkpt>
      <trkpt lat="47.40472" lon="12.48332">
        <ele>1396</ele>
        <time>2026-05-13T01:23:18+00:00</time>
      </trkpt>
      <trkpt lat="47.4047" lon="12.48338">
        <ele>1396</ele>
        <time>2026-05-13T01:23:21+00:00</time>
      </trkpt>
      <trkpt lat="47.40469" lon="12.48345">
        <ele>1396</ele>
        <time>2026-05-13T01:23:24+00:00</time>
      </trkpt>
      <trkpt lat="47.40468" lon="12.48351">
        <ele>1398</ele>
        <time>2026-05-13T01:23:27+00:00</time>
      </trkpt>
      <trkpt lat="47.40467" lon="12.48358">
        <ele>1398</ele>
        <time>2026-05-13T01:23:30+00:00</time>
      </trkpt>
      <trkpt lat="47.40469" lon="12.48362">
        <ele>1400</ele>
        <time>2026-05-13T01:23:33+00:00</time>
      </trkpt>
      <trkpt lat="47.40465" lon="12.48376">
        <ele>1402</ele>
        <time>2026-05-13T01:23:36+00:00</time>
      </trkpt>
      <trkpt lat="47.40461" lon="12.48388">
        <ele>1405</ele>
        <time>2026-05-13T01:23:39+00:00</time>
      </trkpt>
      <trkpt lat="47.40458" lon="12.48399">
        <ele>1405</ele>
        <time>2026-05-13T01:23:42+00:00</time>
      </trkpt>
      <trkpt lat="47.40454" lon="12.48412">
        <ele>1409</ele>
        <time>2026-05-13T01:23:45+00:00</time>
      </trkpt>
      <trkpt lat="47.4045" lon="12.48424">
        <ele>1409</ele>
        <time>2026-05-13T01:23:48+00:00</time>
      </trkpt>
      <trkpt lat="47.40443" lon="12.48432">
        <ele>1412</ele>
        <time>2026-05-13T01:23:51+00:00</time>
      </trkpt>
      <trkpt lat="47.40436" lon="12.4844">
        <ele>1410</ele>
        <time>2026-05-13T01:23:54+00:00</time>
      </trkpt>
      <trkpt lat="47.40432" lon="12.48445">
        <ele>1412</ele>
        <time>2026-05-13T01:23:57+00:00</time>
      </trkpt>
      <trkpt lat="47.40431" lon="12.48461">
        <ele>1417</ele>
        <time>2026-05-13T01:24:00+00:00</time>
      </trkpt>
      <trkpt lat="47.40426" lon="12.48471">
        <ele>1417</ele>
        <time>2026-05-13T01:24:03+00:00</time>
      </trkpt>
      <trkpt lat="47.40421" lon="12.4848">
        <ele>1417</ele>
        <time>2026-05-13T01:24:06+00:00</time>
      </trkpt>
      <trkpt lat="47.40417" lon="12.48489">
        <ele>1417</ele>
        <time>2026-05-13T01:24:09+00:00</time>
      </trkpt>
      <trkpt lat="47.40413" lon="12.48496">
        <ele>1419</ele>
        <time>2026-05-13T01:24:12+00:00</time>
      </trkpt>
      <trkpt lat="47.40408" lon="12.48509">
        <ele>1419</ele>
        <time>2026-05-13T01:24:15+00:00</time>
      </trkpt>
      <trkpt lat="47.40407" lon="12.48517">
        <ele>1422</ele>
        <time>2026-05-13T01:24:18+00:00</time>
      </trkpt>
      <trkpt lat="47.40404" lon="12.48527">
        <ele>1424</ele>
        <time>2026-05-13T01:24:21+00:00</time>
      </trkpt>
      <trkpt lat="47.40403" lon="12.48535">
        <ele>1426</ele>
        <time>2026-05-13T01:24:24+00:00</time>
      </trkpt>
      <trkpt lat="47.40402" lon="12.48546">
        <ele>1428</ele>
        <time>2026-05-13T01:24:27+00:00</time>
      </trkpt>
      <trkpt lat="47.40403" lon="12.48553">
        <ele>1430</ele>
        <time>2026-05-13T01:24:30+00:00</time>
      </trkpt>
      <trkpt lat="47.40404" lon="12.48564">
        <ele>1432</ele>
        <time>2026-05-13T01:24:33+00:00</time>
      </trkpt>
      <trkpt lat="47.40407" lon="12.48576">
        <ele>1433</ele>
        <time>2026-05-13T01:24:36+00:00</time>
      </trkpt>
      <trkpt lat="47.40406" lon="12.48589">
        <ele>1435</ele>
        <time>2026-05-13T01:24:39+00:00</time>
      </trkpt>
      <trkpt lat="47.40404" lon="12.48602">
        <ele>1439</ele>
        <time>2026-05-13T01:24:42+00:00</time>
      </trkpt>
      <trkpt lat="47.40405" lon="12.48612">
        <ele>1440</ele>
        <time>2026-05-13T01:24:45+00:00</time>
      </trkpt>
      <trkpt lat="47.40405" lon="12.48622">
        <ele>1442</ele>
        <time>2026-05-13T01:24:48+00:00</time>
      </trkpt>
      <trkpt lat="47.40405" lon="12.48635">
        <ele>1444</ele>
        <time>2026-05-13T01:24:51+00:00</time>
      </trkpt>
      <trkpt lat="47.40404" lon="12.48646">
        <ele>1445</ele>
        <time>2026-05-13T01:24:54+00:00</time>
      </trkpt>
      <trkpt lat="47.40404" lon="12.4866">
        <ele>1447</ele>
        <time>2026-05-13T01:24:57+00:00</time>
      </trkpt>
      <trkpt lat="47.40403" lon="12.4867">
        <ele>1450</ele>
        <time>2026-05-13T01:25:00+00:00</time>
      </trkpt>
      <trkpt lat="47.40403" lon="12.48689">
        <ele>1451</ele>
        <time>2026-05-13T01:25:03+00:00</time>
      </trkpt>
      <trkpt lat="47.40402" lon="12.48705">
        <ele>1454</ele>
        <time>2026-05-13T01:25:06+00:00</time>
      </trkpt>
      <trkpt lat="47.40403" lon="12.48717">
        <ele>1456</ele>
        <time>2026-05-13T01:25:09+00:00</time>
      </trkpt>
      <trkpt lat="47.40405" lon="12.48731">
        <ele>1458</ele>
        <time>2026-05-13T01:25:12+00:00</time>
      </trkpt>
      <trkpt lat="47.40407" lon="12.48742">
        <ele>1460</ele>
        <time>2026-05-13T01:25:15+00:00</time>
      </trkpt>
      <trkpt lat="47.40407" lon="12.48757">
        <ele>1461</ele>
        <time>2026-05-13T01:25:18+00:00</time>
      </trkpt>
      <trkpt lat="47.40407" lon="12.48769">
        <ele>1462</ele>
        <time>2026-05-13T01:25:21+00:00</time>
      </trkpt>
      <trkpt lat="47.40407" lon="12.48779">
        <ele>1464</ele>
        <time>2026-05-13T01:25:24+00:00</time>
      </trkpt>
      <trkpt lat="47.40404" lon="12.48787">
        <ele>1465</ele>
        <time>2026-05-13T01:25:27+00:00</time>
      </trkpt>
      <trkpt lat="47.404" lon="12.48796">
        <ele>1466</ele>
        <time>2026-05-13T01:25:30+00:00</time>
      </trkpt>
      <trkpt lat="47.404" lon="12.48805">
        <ele>1467</ele>
        <time>2026-05-13T01:25:33+00:00</time>
      </trkpt>
      <trkpt lat="47.40403" lon="12.48812">
        <ele>1469</ele>
        <time>2026-05-13T01:25:36+00:00</time>
      </trkpt>
      <trkpt lat="47.40401" lon="12.4882">
        <ele>1470</ele>
        <time>2026-05-13T01:25:39+00:00</time>
      </trkpt>
      <trkpt lat="47.40398" lon="12.48831">
        <ele>1468</ele>
        <time>2026-05-13T01:25:42+00:00</time>
      </trkpt>
      <trkpt lat="47.40397" lon="12.4884">
        <ele>1468</ele>
        <time>2026-05-13T01:25:45+00:00</time>
      </trkpt>
      <trkpt lat="47.40395" lon="12.4885">
        <ele>1469</ele>
        <time>2026-05-13T01:25:48+00:00</time>
      </trkpt>
      <trkpt lat="47.40391" lon="12.4886">
        <ele>1471</ele>
        <time>2026-05-13T01:25:51+00:00</time>
      </trkpt>
      <trkpt lat="47.40388" lon="12.48869">
        <ele>1468</ele>
        <time>2026-05-13T01:25:54+00:00</time>
      </trkpt>
      <trkpt lat="47.40388" lon="12.48874">
        <ele>1470</ele>
        <time>2026-05-13T01:25:57+00:00</time>
      </trkpt>
      <trkpt lat="47.40388" lon="12.48881">
        <ele>1472</ele>
        <time>2026-05-13T01:26:00+00:00</time>
      </trkpt>
      <trkpt lat="47.40388" lon="12.48889">
        <ele>1472</ele>
        <time>2026-05-13T01:26:03+00:00</time>
      </trkpt>
      <trkpt lat="47.40391" lon="12.48901">
        <ele>1479</ele>
        <time>2026-05-13T01:26:06+00:00</time>
      </trkpt>
      <trkpt lat="47.40393" lon="12.48911">
        <ele>1481</ele>
        <time>2026-05-13T01:26:09+00:00</time>
      </trkpt>
      <trkpt lat="47.40394" lon="12.4892">
        <ele>1481</ele>
        <time>2026-05-13T01:26:12+00:00</time>
      </trkpt>
      <trkpt lat="47.40392" lon="12.48926">
        <ele>1482</ele>
        <time>2026-05-13T01:26:15+00:00</time>
      </trkpt>
      <trkpt lat="47.40393" lon="12.48935">
        <ele>1484</ele>
        <time>2026-05-13T01:26:18+00:00</time>
      </trkpt>
      <trkpt lat="47.40394" lon="12.48943">
        <ele>1486</ele>
        <time>2026-05-13T01:26:21+00:00</time>
      </trkpt>
      <trkpt lat="47.40397" lon="12.48955">
        <ele>1487</ele>
        <time>2026-05-13T01:26:24+00:00</time>
      </trkpt>
      <trkpt lat="47.40399" lon="12.48967">
        <ele>1489</ele>
        <time>2026-05-13T01:26:27+00:00</time>
      </trkpt>
      <trkpt lat="47.40402" lon="12.48979">
        <ele>1494</ele>
        <time>2026-05-13T01:26:30+00:00</time>
      </trkpt>
      <trkpt lat="47.40405" lon="12.48986">
        <ele>1496</ele>
        <time>2026-05-13T01:26:33+00:00</time>
      </trkpt>
      <trkpt lat="47.40408" lon="12.48993">
        <ele>1498</ele>
        <time>2026-05-13T01:26:36+00:00</time>
      </trkpt>
      <trkpt lat="47.4041" lon="12.48998">
        <ele>1501</ele>
        <time>2026-05-13T01:26:39+00:00</time>
      </trkpt>
      <trkpt lat="47.40416" lon="12.49001">
        <ele>1503</ele>
        <time>2026-05-13T01:26:42+00:00</time>
      </trkpt>
      <trkpt lat="47.4042" lon="12.49009">
        <ele>1506</ele>
        <time>2026-05-13T01:26:45+00:00</time>
      </trkpt>
      <trkpt lat="47.40425" lon="12.49013">
        <ele>1508</ele>
        <time>2026-05-13T01:26:48+00:00</time>
      </trkpt>
      <trkpt lat="47.40431" lon="12.49018">
        <ele>1511</ele>
        <time>2026-05-13T01:26:51+00:00</time>
      </trkpt>
      <trkpt lat="47.40435" lon="12.49029">
        <ele>1512</ele>
        <time>2026-05-13T01:26:54+00:00</time>
      </trkpt>
      <trkpt lat="47.40444" lon="12.49033">
        <ele>1517</ele>
        <time>2026-05-13T01:26:57+00:00</time>
      </trkpt>
      <trkpt lat="47.40449" lon="12.49035">
        <ele>1517</ele>
        <time>2026-05-13T01:27:00+00:00</time>
      </trkpt>
      <trkpt lat="47.40451" lon="12.49047">
        <ele>1522</ele>
        <time>2026-05-13T01:27:03+00:00</time>
      </trkpt>
      <trkpt lat="47.40452" lon="12.49053">
        <ele>1523</ele>
        <time>2026-05-13T01:27:06+00:00</time>
      </trkpt>
      <trkpt lat="47.40454" lon="12.49062">
        <ele>1524</ele>
        <time>2026-05-13T01:27:09+00:00</time>
      </trkpt>
      <trkpt lat="47.4046" lon="12.49071">
        <ele>1529</ele>
        <time>2026-05-13T01:27:12+00:00</time>
      </trkpt>
      <trkpt lat="47.40464" lon="12.49077">
        <ele>1529</ele>
        <time>2026-05-13T01:27:15+00:00</time>
      </trkpt>
      <trkpt lat="47.40469" lon="12.49083">
        <ele>1530</ele>
        <time>2026-05-13T01:27:18+00:00</time>
      </trkpt>
      <trkpt lat="47.40472" lon="12.49088">
        <ele>1533</ele>
        <time>2026-05-13T01:27:21+00:00</time>
      </trkpt>
      <trkpt lat="47.40477" lon="12.49097">
        <ele>1534</ele>
        <time>2026-05-13T01:27:24+00:00</time>
      </trkpt>
      <trkpt lat="47.40482" lon="12.49107">
        <ele>1538</ele>
        <time>2026-05-13T01:27:27+00:00</time>
      </trkpt>
      <trkpt lat="47.40485" lon="12.49113">
        <ele>1538</ele>
        <time>2026-05-13T01:27:30+00:00</time>
      </trkpt>
      <trkpt lat="47.40493" lon="12.49115">
        <ele>1541</ele>
        <time>2026-05-13T01:27:33+00:00</time>
      </trkpt>
      <trkpt lat="47.40495" lon="12.49126">
        <ele>1542</ele>
        <time>2026-05-13T01:27:36+00:00</time>
      </trkpt>
      <trkpt lat="47.40497" lon="12.49134">
        <ele>1543</ele>
        <time>2026-05-13T01:27:39+00:00</time>
      </trkpt>
      <trkpt lat="47.40503" lon="12.49141">
        <ele>1546</ele>
        <time>2026-05-13T01:27:42+00:00</time>
      </trkpt>
      <trkpt lat="47.40508" lon="12.49146">
        <ele>1546</ele>
        <time>2026-05-13T01:27:45+00:00</time>
      </trkpt>
      <trkpt lat="47.40509" lon="12.49155">
        <ele>1547</ele>
        <time>2026-05-13T01:27:48+00:00</time>
      </trkpt>
      <trkpt lat="47.40514" lon="12.4916">
        <ele>1550</ele>
        <time>2026-05-13T01:27:51+00:00</time>
      </trkpt>
      <trkpt lat="47.4051" lon="12.4917">
        <ele>1550</ele>
        <time>2026-05-13T01:27:54+00:00</time>
      </trkpt>
      <trkpt lat="47.40509" lon="12.49181">
        <ele>1549</ele>
        <time>2026-05-13T01:27:57+00:00</time>
      </trkpt>
      <trkpt lat="47.40516" lon="12.49183">
        <ele>1552</ele>
        <time>2026-05-13T01:28:00+00:00</time>
      </trkpt>
      <trkpt lat="47.40524" lon="12.49184">
        <ele>1554</ele>
        <time>2026-05-13T01:28:03+00:00</time>
      </trkpt>
      <trkpt lat="47.40529" lon="12.4918">
        <ele>1554</ele>
        <time>2026-05-13T01:28:06+00:00</time>
      </trkpt>
      <trkpt lat="47.40532" lon="12.49177">
        <ele>1556</ele>
        <time>2026-05-13T01:28:09+00:00</time>
      </trkpt>
      <trkpt lat="47.40537" lon="12.49173">
        <ele>1556</ele>
        <time>2026-05-13T01:28:12+00:00</time>
      </trkpt>
      <trkpt lat="47.40541" lon="12.49179">
        <ele>1559</ele>
        <time>2026-05-13T01:28:15+00:00</time>
      </trkpt>
      <trkpt lat="47.40545" lon="12.49187">
        <ele>1560</ele>
        <time>2026-05-13T01:28:18+00:00</time>
      </trkpt>
      <trkpt lat="47.4055" lon="12.4919">
        <ele>1563</ele>
        <time>2026-05-13T01:28:21+00:00</time>
      </trkpt>
      <trkpt lat="47.40555" lon="12.49201">
        <ele>1564</ele>
        <time>2026-05-13T01:28:24+00:00</time>
      </trkpt>
      <trkpt lat="47.40559" lon="12.49212">
        <ele>1564</ele>
        <time>2026-05-13T01:28:27+00:00</time>
      </trkpt>
      <trkpt lat="47.40563" lon="12.49223">
        <ele>1567</ele>
        <time>2026-05-13T01:28:30+00:00</time>
      </trkpt>
      <trkpt lat="47.40567" lon="12.49231">
        <ele>1568</ele>
        <time>2026-05-13T01:28:33+00:00</time>
      </trkpt>
      <trkpt lat="47.4057" lon="12.49239">
        <ele>1568</ele>
        <time>2026-05-13T01:28:36+00:00</time>
      </trkpt>
      <trkpt lat="47.40577" lon="12.49247">
        <ele>1572</ele>
        <time>2026-05-13T01:28:39+00:00</time>
      </trkpt>
      <trkpt lat="47.40584" lon="12.49254">
        <ele>1575</ele>
        <time>2026-05-13T01:28:42+00:00</time>
      </trkpt>
      <trkpt lat="47.4059" lon="12.49257">
        <ele>1575</ele>
        <time>2026-05-13T01:28:45+00:00</time>
      </trkpt>
      <trkpt lat="47.40599" lon="12.49267">
        <ele>1579</ele>
        <time>2026-05-13T01:28:48+00:00</time>
      </trkpt>
      <trkpt lat="47.4061" lon="12.49271">
        <ele>1585</ele>
        <time>2026-05-13T01:28:51+00:00</time>
      </trkpt>
      <trkpt lat="47.40614" lon="12.49278">
        <ele>1585</ele>
        <time>2026-05-13T01:28:54+00:00</time>
      </trkpt>
      <trkpt lat="47.40626" lon="12.49279">
        <ele>1588</ele>
        <time>2026-05-13T01:28:57+00:00</time>
      </trkpt>
      <trkpt lat="47.40634" lon="12.49279">
        <ele>1591</ele>
        <time>2026-05-13T01:29:00+00:00</time>
      </trkpt>
      <trkpt lat="47.4064" lon="12.49282">
        <ele>1592</ele>
        <time>2026-05-13T01:29:03+00:00</time>
      </trkpt>
      <trkpt lat="47.40655" lon="12.49285">
        <ele>1598</ele>
        <time>2026-05-13T01:29:06+00:00</time>
      </trkpt>
      <trkpt lat="47.40662" lon="12.49282">
        <ele>1601</ele>
        <time>2026-05-13T01:29:09+00:00</time>
      </trkpt>
      <trkpt lat="47.40669" lon="12.49281">
        <ele>1601</ele>
        <time>2026-05-13T01:29:12+00:00</time>
      </trkpt>
      <trkpt lat="47.40676" lon="12.4929">
        <ele>1605</ele>
        <time>2026-05-13T01:29:15+00:00</time>
      </trkpt>
      <trkpt lat="47.40673" lon="12.49304">
        <ele>1607</ele>
        <time>2026-05-13T01:29:18+00:00</time>
      </trkpt>
      <trkpt lat="47.40665" lon="12.49316">
        <ele>1606</ele>
        <time>2026-05-13T01:29:21+00:00</time>
      </trkpt>
      <trkpt lat="47.40661" lon="12.49332">
        <ele>1608</ele>
        <time>2026-05-13T01:29:24+00:00</time>
      </trkpt>
      <trkpt lat="47.40657" lon="12.49345">
        <ele>1607</ele>
        <time>2026-05-13T01:29:27+00:00</time>
      </trkpt>
      <trkpt lat="47.40654" lon="12.49358">
        <ele>1608</ele>
        <time>2026-05-13T01:29:30+00:00</time>
      </trkpt>
      <trkpt lat="47.40653" lon="12.49368">
        <ele>1609</ele>
        <time>2026-05-13T01:29:33+00:00</time>
      </trkpt>
      <trkpt lat="47.40655" lon="12.49372">
        <ele>1611</ele>
        <time>2026-05-13T01:29:36+00:00</time>
      </trkpt>
      <trkpt lat="47.40654" lon="12.49375">
        <ele>1611</ele>
        <time>2026-05-13T01:29:39+00:00</time>
      </trkpt>
      <trkpt lat="47.40654" lon="12.4939">
        <ele>1613</ele>
        <time>2026-05-13T01:29:42+00:00</time>
      </trkpt>
      <trkpt lat="47.40654" lon="12.49408">
        <ele>1614</ele>
        <time>2026-05-13T01:29:45+00:00</time>
      </trkpt>
      <trkpt lat="47.40656" lon="12.49429">
        <ele>1616</ele>
        <time>2026-05-13T01:29:48+00:00</time>
      </trkpt>
      <trkpt lat="47.40662" lon="12.49447">
        <ele>1622</ele>
        <time>2026-05-13T01:29:51+00:00</time>
      </trkpt>
      <trkpt lat="47.40673" lon="12.4947">
        <ele>1627</ele>
        <time>2026-05-13T01:29:54+00:00</time>
      </trkpt>
      <trkpt lat="47.40681" lon="12.49481">
        <ele>1632</ele>
        <time>2026-05-13T01:29:57+00:00</time>
      </trkpt>
      <trkpt lat="47.40689" lon="12.49492">
        <ele>1633</ele>
        <time>2026-05-13T01:30:00+00:00</time>
      </trkpt>
      <trkpt lat="47.40692" lon="12.49507">
        <ele>1637</ele>
        <time>2026-05-13T01:30:03+00:00</time>
      </trkpt>
      <trkpt lat="47.40697" lon="12.49523">
        <ele>1638</ele>
        <time>2026-05-13T01:30:06+00:00</time>
      </trkpt>
      <trkpt lat="47.40712" lon="12.49549">
        <ele>1647</ele>
        <time>2026-05-13T01:30:09+00:00</time>
      </trkpt>
      <trkpt lat="47.40719" lon="12.49565">
        <ele>1648</ele>
        <time>2026-05-13T01:30:12+00:00</time>
      </trkpt>
      <trkpt lat="47.40724" lon="12.49578">
        <ele>1653</ele>
        <time>2026-05-13T01:30:15+00:00</time>
      </trkpt>
      <trkpt lat="47.40742" lon="12.49606">
        <ele>1662</ele>
        <time>2026-05-13T01:30:18+00:00</time>
      </trkpt>
      <trkpt lat="47.40756" lon="12.4962">
        <ele>1666</ele>
        <time>2026-05-13T01:30:21+00:00</time>
      </trkpt>
      <trkpt lat="47.40768" lon="12.49629">
        <ele>1670</ele>
        <time>2026-05-13T01:30:24+00:00</time>
      </trkpt>
      <trkpt lat="47.40792" lon="12.4965">
        <ele>1681</ele>
        <time>2026-05-13T01:30:27+00:00</time>
      </trkpt>
      <trkpt lat="47.40801" lon="12.49645">
        <ele>1685</ele>
        <time>2026-05-13T01:30:30+00:00</time>
      </trkpt>
      <trkpt lat="47.40812" lon="12.4964">
        <ele>1689</ele>
        <time>2026-05-13T01:30:33+00:00</time>
      </trkpt>
      <trkpt lat="47.40825" lon="12.4964">
        <ele>1692</ele>
        <time>2026-05-13T01:30:36+00:00</time>
      </trkpt>
      <trkpt lat="47.40832" lon="12.49648">
        <ele>1695</ele>
        <time>2026-05-13T01:30:39+00:00</time>
      </trkpt>
      <trkpt lat="47.40843" lon="12.49645">
        <ele>1698</ele>
        <time>2026-05-13T01:30:42+00:00</time>
      </trkpt>
      <trkpt lat="47.40854" lon="12.49651">
        <ele>1701</ele>
        <time>2026-05-13T01:30:45+00:00</time>
      </trkpt>
      <trkpt lat="47.40861" lon="12.49655">
        <ele>1705</ele>
        <time>2026-05-13T01:30:48+00:00</time>
      </trkpt>
      <trkpt lat="47.40872" lon="12.49661">
        <ele>1708</ele>
        <time>2026-05-13T01:30:51+00:00</time>
      </trkpt>
      <trkpt lat="47.40877" lon="12.49662">
        <ele>1708</ele>
        <time>2026-05-13T01:30:54+00:00</time>
      </trkpt>
      <trkpt lat="47.4088" lon="12.49667">
        <ele>1711</ele>
        <time>2026-05-13T01:30:57+00:00</time>
      </trkpt>
      <trkpt lat="47.40885" lon="12.49667">
        <ele>1711</ele>
        <time>2026-05-13T01:31:00+00:00</time>
      </trkpt>
      <trkpt lat="47.40889" lon="12.49671">
        <ele>1711</ele>
        <time>2026-05-13T01:31:03+00:00</time>
      </trkpt>
      <trkpt lat="47.40893" lon="12.4969">
        <ele>1715</ele>
        <time>2026-05-13T01:31:06+00:00</time>
      </trkpt>
      <trkpt lat="47.40898" lon="12.49694">
        <ele>1715</ele>
        <time>2026-05-13T01:31:09+00:00</time>
      </trkpt>
      <trkpt lat="47.40903" lon="12.49697">
        <ele>1718</ele>
        <time>2026-05-13T01:31:12+00:00</time>
      </trkpt>
      <trkpt lat="47.40911" lon="12.49707">
        <ele>1722</ele>
        <time>2026-05-13T01:31:15+00:00</time>
      </trkpt>
      <trkpt lat="47.40912" lon="12.49712">
        <ele>1722</ele>
        <time>2026-05-13T01:31:18+00:00</time>
      </trkpt>
      <trkpt lat="47.40915" lon="12.49717">
        <ele>1722</ele>
        <time>2026-05-13T01:31:21+00:00</time>
      </trkpt>
      <trkpt lat="47.40918" lon="12.49724">
        <ele>1722</ele>
        <time>2026-05-13T01:31:24+00:00</time>
      </trkpt>
      <trkpt lat="47.40921" lon="12.49728">
        <ele>1726</ele>
        <time>2026-05-13T01:31:27+00:00</time>
      </trkpt>
      <trkpt lat="47.40924" lon="12.49731">
        <ele>1726</ele>
        <time>2026-05-13T01:31:30+00:00</time>
      </trkpt>
      <trkpt lat="47.40925" lon="12.49737">
        <ele>1726</ele>
        <time>2026-05-13T01:31:33+00:00</time>
      </trkpt>
      <trkpt lat="47.40928" lon="12.4974">
        <ele>1726</ele>
        <time>2026-05-13T01:31:36+00:00</time>
      </trkpt>
      <trkpt lat="47.40928" lon="12.49744">
        <ele>1726</ele>
        <time>2026-05-13T01:31:39+00:00</time>
      </trkpt>
      <trkpt lat="47.4093" lon="12.49747">
        <ele>1730</ele>
        <time>2026-05-13T01:31:42+00:00</time>
      </trkpt>
      <trkpt lat="47.40931" lon="12.49753">
        <ele>1730</ele>
        <time>2026-05-13T01:31:45+00:00</time>
      </trkpt>
      <trkpt lat="47.40933" lon="12.49759">
        <ele>1730</ele>
        <time>2026-05-13T01:31:48+00:00</time>
      </trkpt>
      <trkpt lat="47.40934" lon="12.49765">
        <ele>1730</ele>
        <time>2026-05-13T01:31:51+00:00</time>
      </trkpt>
      <trkpt lat="47.40943" lon="12.49773">
        <ele>1734</ele>
        <time>2026-05-13T01:31:54+00:00</time>
      </trkpt>
      <trkpt lat="47.40947" lon="12.4978">
        <ele>1734</ele>
        <time>2026-05-13T01:31:57+00:00</time>
      </trkpt>
      <trkpt lat="47.40955" lon="12.49788">
        <ele>1738</ele>
        <time>2026-05-13T01:32:00+00:00</time>
      </trkpt>
      <trkpt lat="47.40959" lon="12.49798">
        <ele>1738</ele>
        <time>2026-05-13T01:32:03+00:00</time>
      </trkpt>
      <trkpt lat="47.40963" lon="12.4981">
        <ele>1742</ele>
        <time>2026-05-13T01:32:06+00:00</time>
      </trkpt>
      <trkpt lat="47.40967" lon="12.49815">
        <ele>1742</ele>
        <time>2026-05-13T01:32:09+00:00</time>
      </trkpt>
      <trkpt lat="47.40968" lon="12.49823">
        <ele>1742</ele>
        <time>2026-05-13T01:32:12+00:00</time>
      </trkpt>
      <trkpt lat="47.4097" lon="12.49831">
        <ele>1742</ele>
        <time>2026-05-13T01:32:15+00:00</time>
      </trkpt>
      <trkpt lat="47.40973" lon="12.49846">
        <ele>1746</ele>
        <time>2026-05-13T01:32:18+00:00</time>
      </trkpt>
      <trkpt lat="47.40986" lon="12.49862">
        <ele>1751</ele>
        <time>2026-05-13T01:32:21+00:00</time>
      </trkpt>
      <trkpt lat="47.40998" lon="12.49879">
        <ele>1755</ele>
        <time>2026-05-13T01:32:24+00:00</time>
      </trkpt>
      <trkpt lat="47.41004" lon="12.49882">
        <ele>1759</ele>
        <time>2026-05-13T01:32:27+00:00</time>
      </trkpt>
      <trkpt lat="47.4101" lon="12.49895">
        <ele>1760</ele>
        <time>2026-05-13T01:32:30+00:00</time>
      </trkpt>
      <trkpt lat="47.41015" lon="12.49902">
        <ele>1764</ele>
        <time>2026-05-13T01:32:33+00:00</time>
      </trkpt>
      <trkpt lat="47.41022" lon="12.49911">
        <ele>1767</ele>
        <time>2026-05-13T01:32:36+00:00</time>
      </trkpt>
      <trkpt lat="47.41027" lon="12.4991">
        <ele>1767</ele>
        <time>2026-05-13T01:32:39+00:00</time>
      </trkpt>
      <trkpt lat="47.41033" lon="12.49918">
        <ele>1770</ele>
        <time>2026-05-13T01:32:42+00:00</time>
      </trkpt>
      <trkpt lat="47.41038" lon="12.49931">
        <ele>1772</ele>
        <time>2026-05-13T01:32:45+00:00</time>
      </trkpt>
      <trkpt lat="47.41044" lon="12.49939">
        <ele>1775</ele>
        <time>2026-05-13T01:32:48+00:00</time>
      </trkpt>
      <trkpt lat="47.41046" lon="12.49947">
        <ele>1776</ele>
        <time>2026-05-13T01:32:51+00:00</time>
      </trkpt>
      <trkpt lat="47.41046" lon="12.49959">
        <ele>1777</ele>
        <time>2026-05-13T01:32:54+00:00</time>
      </trkpt>
      <trkpt lat="47.41047" lon="12.49979">
        <ele>1779</ele>
        <time>2026-05-13T01:32:57+00:00</time>
      </trkpt>
      <trkpt lat="47.41057" lon="12.50001">
        <ele>1786</ele>
        <time>2026-05-13T01:33:00+00:00</time>
      </trkpt>
      <trkpt lat="47.41069" lon="12.50012">
        <ele>1790</ele>
        <time>2026-05-13T01:33:03+00:00</time>
      </trkpt>
      <trkpt lat="47.41071" lon="12.50015">
        <ele>1792</ele>
        <time>2026-05-13T01:33:06+00:00</time>
      </trkpt>
      <trkpt lat="47.4108" lon="12.50018">
        <ele>1795</ele>
        <time>2026-05-13T01:33:09+00:00</time>
      </trkpt>
      <trkpt lat="47.41082" lon="12.50021">
        <ele>1797</ele>
        <time>2026-05-13T01:33:12+00:00</time>
      </trkpt>
      <trkpt lat="47.41087" lon="12.5002">
        <ele>1795</ele>
        <time>2026-05-13T01:33:15+00:00</time>
      </trkpt>
      <trkpt lat="47.41092" lon="12.50034">
        <ele>1802</ele>
        <time>2026-05-13T01:33:18+00:00</time>
      </trkpt>
      <trkpt lat="47.41103" lon="12.5004">
        <ele>1806</ele>
        <time>2026-05-13T01:33:21+00:00</time>
      </trkpt>
      <trkpt lat="47.41105" lon="12.50045">
        <ele>1807</ele>
        <time>2026-05-13T01:33:24+00:00</time>
      </trkpt>
      <trkpt lat="47.4111" lon="12.50049">
        <ele>1807</ele>
        <time>2026-05-13T01:33:27+00:00</time>
      </trkpt>
      <trkpt lat="47.41111" lon="12.50061">
        <ele>1815</ele>
        <time>2026-05-13T01:33:30+00:00</time>
      </trkpt>
      <trkpt lat="47.41113" lon="12.50064">
        <ele>1815</ele>
        <time>2026-05-13T01:33:33+00:00</time>
      </trkpt>
      <trkpt lat="47.41115" lon="12.50075">
        <ele>1817</ele>
        <time>2026-05-13T01:33:36+00:00</time>
      </trkpt>
      <trkpt lat="47.4111" lon="12.50087">
        <ele>1819</ele>
        <time>2026-05-13T01:33:39+00:00</time>
      </trkpt>
      <trkpt lat="47.41106" lon="12.50097">
        <ele>1817</ele>
        <time>2026-05-13T01:33:42+00:00</time>
      </trkpt>
      <trkpt lat="47.41106" lon="12.50102">
        <ele>1819</ele>
        <time>2026-05-13T01:33:45+00:00</time>
      </trkpt>
      <trkpt lat="47.4111" lon="12.50103">
        <ele>1823</ele>
        <time>2026-05-13T01:33:48+00:00</time>
      </trkpt>
      <trkpt lat="47.41112" lon="12.50108">
        <ele>1823</ele>
        <time>2026-05-13T01:33:51+00:00</time>
      </trkpt>
      <trkpt lat="47.41117" lon="12.50109">
        <ele>1823</ele>
        <time>2026-05-13T01:33:54+00:00</time>
      </trkpt>
      <trkpt lat="47.41118" lon="12.50117">
        <ele>1825</ele>
        <time>2026-05-13T01:33:57+00:00</time>
      </trkpt>
      <trkpt lat="47.4112" lon="12.50121">
        <ele>1831</ele>
        <time>2026-05-13T01:34:00+00:00</time>
      </trkpt>
      <trkpt lat="47.4112" lon="12.50124">
        <ele>1828</ele>
        <time>2026-05-13T01:34:03+00:00</time>
      </trkpt>
      <trkpt lat="47.41124" lon="12.50126">
        <ele>1831</ele>
        <time>2026-05-13T01:34:06+00:00</time>
      </trkpt>
      <trkpt lat="47.41123" lon="12.5013">
        <ele>1831</ele>
        <time>2026-05-13T01:34:09+00:00</time>
      </trkpt>
      <trkpt lat="47.41117" lon="12.50134">
        <ele>1831</ele>
        <time>2026-05-13T01:34:12+00:00</time>
      </trkpt>
      <trkpt lat="47.41115" lon="12.50141">
        <ele>1834</ele>
        <time>2026-05-13T01:34:15+00:00</time>
      </trkpt>
      <trkpt lat="47.41104" lon="12.50145">
        <ele>1830</ele>
        <time>2026-05-13T01:34:18+00:00</time>
      </trkpt>
      <trkpt lat="47.41103" lon="12.5015">
        <ele>1833</ele>
        <time>2026-05-13T01:34:21+00:00</time>
      </trkpt>
      <trkpt lat="47.41107" lon="12.5015">
        <ele>1833</ele>
        <time>2026-05-13T01:34:24+00:00</time>
      </trkpt>
      <trkpt lat="47.41115" lon="12.50155">
        <ele>1835</ele>
        <time>2026-05-13T01:34:27+00:00</time>
      </trkpt>
      <trkpt lat="47.41114" lon="12.50158">
        <ele>1837</ele>
        <time>2026-05-13T01:34:30+00:00</time>
      </trkpt>
      <trkpt lat="47.41107" lon="12.50159">
        <ele>1833</ele>
        <time>2026-05-13T01:34:33+00:00</time>
      </trkpt>
      <trkpt lat="47.41098" lon="12.50171">
        <ele>1836</ele>
        <time>2026-05-13T01:34:36+00:00</time>
      </trkpt>
      <trkpt lat="47.41093" lon="12.50184">
        <ele>1839</ele>
        <time>2026-05-13T01:34:39+00:00</time>
      </trkpt>
      <trkpt lat="47.41087" lon="12.502">
        <ele>1842</ele>
        <time>2026-05-13T01:34:42+00:00</time>
      </trkpt>
      <trkpt lat="47.41082" lon="12.50207">
        <ele>1842</ele>
        <time>2026-05-13T01:34:45+00:00</time>
      </trkpt>
      <trkpt lat="47.4108" lon="12.50218">
        <ele>1845</ele>
        <time>2026-05-13T01:34:48+00:00</time>
      </trkpt>
      <trkpt lat="47.41082" lon="12.50221">
        <ele>1849</ele>
        <time>2026-05-13T01:34:51+00:00</time>
      </trkpt>
      <trkpt lat="47.41087" lon="12.50218">
        <ele>1845</ele>
        <time>2026-05-13T01:34:54+00:00</time>
      </trkpt>
      <trkpt lat="47.41094" lon="12.50217">
        <ele>1849</ele>
        <time>2026-05-13T01:34:57+00:00</time>
      </trkpt>
      <trkpt lat="47.41096" lon="12.50216">
        <ele>1849</ele>
        <time>2026-05-13T01:35:00+00:00</time>
      </trkpt>
      <trkpt lat="47.41096" lon="12.50213">
        <ele>1849</ele>
        <time>2026-05-13T01:35:03+00:00</time>
      </trkpt>
      <trkpt lat="47.411" lon="12.50214">
        <ele>1852</ele>
        <time>2026-05-13T01:35:06+00:00</time>
      </trkpt>
      <trkpt lat="47.41103" lon="12.50208">
        <ele>1849</ele>
        <time>2026-05-13T01:35:09+00:00</time>
      </trkpt>
      <trkpt lat="47.41106" lon="12.50209">
        <ele>1849</ele>
        <time>2026-05-13T01:35:12+00:00</time>
      </trkpt>
      <trkpt lat="47.41102" lon="12.50221">
        <ele>1856</ele>
        <time>2026-05-13T01:35:15+00:00</time>
      </trkpt>
      <trkpt lat="47.41098" lon="12.50226">
        <ele>1852</ele>
        <time>2026-05-13T01:35:18+00:00</time>
      </trkpt>
      <trkpt lat="47.411" lon="12.5023">
        <ele>1856</ele>
        <time>2026-05-13T01:35:21+00:00</time>
      </trkpt>
      <trkpt lat="47.41107" lon="12.50227">
        <ele>1856</ele>
        <time>2026-05-13T01:35:24+00:00</time>
      </trkpt>
      <trkpt lat="47.41116" lon="12.50226">
        <ele>1859</ele>
        <time>2026-05-13T01:35:27+00:00</time>
      </trkpt>
      <trkpt lat="47.41118" lon="12.50233">
        <ele>1862</ele>
        <time>2026-05-13T01:35:30+00:00</time>
      </trkpt>
      <trkpt lat="47.41122" lon="12.50235">
        <ele>1866</ele>
        <time>2026-05-13T01:35:33+00:00</time>
      </trkpt>
      <trkpt lat="47.41128" lon="12.50234">
        <ele>1866</ele>
        <time>2026-05-13T01:35:36+00:00</time>
      </trkpt>
      <trkpt lat="47.41135" lon="12.50231">
        <ele>1869</ele>
        <time>2026-05-13T01:35:39+00:00</time>
      </trkpt>
      <trkpt lat="47.41142" lon="12.50232">
        <ele>1872</ele>
        <time>2026-05-13T01:35:42+00:00</time>
      </trkpt>
      <trkpt lat="47.4115" lon="12.50231">
        <ele>1876</ele>
        <time>2026-05-13T01:35:45+00:00</time>
      </trkpt>
      <trkpt lat="47.41158" lon="12.50229">
        <ele>1872</ele>
        <time>2026-05-13T01:35:48+00:00</time>
      </trkpt>
      <trkpt lat="47.41161" lon="12.50228">
        <ele>1876</ele>
        <time>2026-05-13T01:35:51+00:00</time>
      </trkpt>
      <trkpt lat="47.41165" lon="12.50227">
        <ele>1876</ele>
        <time>2026-05-13T01:35:54+00:00</time>
      </trkpt>
      <trkpt lat="47.41167" lon="12.5023">
        <ele>1876</ele>
        <time>2026-05-13T01:35:57+00:00</time>
      </trkpt>
      <trkpt lat="47.4117" lon="12.50233">
        <ele>1879</ele>
        <time>2026-05-13T01:36:00+00:00</time>
      </trkpt>
      <trkpt lat="47.41167" lon="12.50242">
        <ele>1882</ele>
        <time>2026-05-13T01:36:03+00:00</time>
      </trkpt>
      <trkpt lat="47.41162" lon="12.50249">
        <ele>1878</ele>
        <time>2026-05-13T01:36:06+00:00</time>
      </trkpt>
      <trkpt lat="47.41157" lon="12.50253">
        <ele>1881</ele>
        <time>2026-05-13T01:36:09+00:00</time>
      </trkpt>
      <trkpt lat="47.4115" lon="12.5026">
        <ele>1883</ele>
        <time>2026-05-13T01:36:12+00:00</time>
      </trkpt>
      <trkpt lat="47.41147" lon="12.50269">
        <ele>1880</ele>
        <time>2026-05-13T01:36:15+00:00</time>
      </trkpt>
      <trkpt lat="47.41142" lon="12.50279">
        <ele>1881</ele>
        <time>2026-05-13T01:36:18+00:00</time>
      </trkpt>
      <trkpt lat="47.41138" lon="12.503">
        <ele>1882</ele>
        <time>2026-05-13T01:36:21+00:00</time>
      </trkpt>
      <trkpt lat="47.41136" lon="12.50308">
        <ele>1883</ele>
        <time>2026-05-13T01:36:24+00:00</time>
      </trkpt>
      <trkpt lat="47.41134" lon="12.50317">
        <ele>1885</ele>
        <time>2026-05-13T01:36:27+00:00</time>
      </trkpt>
      <trkpt lat="47.41131" lon="12.50338">
        <ele>1885</ele>
        <time>2026-05-13T01:36:30+00:00</time>
      </trkpt>
      <trkpt lat="47.41127" lon="12.50357">
        <ele>1885</ele>
        <time>2026-05-13T01:36:33+00:00</time>
      </trkpt>
      <trkpt lat="47.41123" lon="12.50374">
        <ele>1885</ele>
        <time>2026-05-13T01:36:36+00:00</time>
      </trkpt>
      <trkpt lat="47.41117" lon="12.50397">
        <ele>1888</ele>
        <time>2026-05-13T01:36:39+00:00</time>
      </trkpt>
      <trkpt lat="47.41114" lon="12.50418">
        <ele>1889</ele>
        <time>2026-05-13T01:36:42+00:00</time>
      </trkpt>
      <trkpt lat="47.4111" lon="12.50439">
        <ele>1890</ele>
        <time>2026-05-13T01:36:45+00:00</time>
      </trkpt>
      <trkpt lat="47.41116" lon="12.50451">
        <ele>1891</ele>
        <time>2026-05-13T01:36:48+00:00</time>
      </trkpt>
      <trkpt lat="47.41119" lon="12.50461">
        <ele>1892</ele>
        <time>2026-05-13T01:36:51+00:00</time>
      </trkpt>
      <trkpt lat="47.41117" lon="12.50482">
        <ele>1893</ele>
        <time>2026-05-13T01:36:54+00:00</time>
      </trkpt>
      <trkpt lat="47.41117" lon="12.50502">
        <ele>1894</ele>
        <time>2026-05-13T01:36:57+00:00</time>
      </trkpt>
      <trkpt lat="47.41119" lon="12.50527">
        <ele>1890</ele>
        <time>2026-05-13T01:37:00+00:00</time>
      </trkpt>
      <trkpt lat="47.41121" lon="12.50546">
        <ele>1888</ele>
        <time>2026-05-13T01:37:03+00:00</time>
      </trkpt>
      <trkpt lat="47.41122" lon="12.50566">
        <ele>1889</ele>
        <time>2026-05-13T01:37:06+00:00</time>
      </trkpt>
      <trkpt lat="47.41124" lon="12.50587">
        <ele>1887</ele>
        <time>2026-05-13T01:37:09+00:00</time>
      </trkpt>
      <trkpt lat="47.41127" lon="12.50613">
        <ele>1889</ele>
        <time>2026-05-13T01:37:12+00:00</time>
      </trkpt>
      <trkpt lat="47.41126" lon="12.50639">
        <ele>1891</ele>
        <time>2026-05-13T01:37:15+00:00</time>
      </trkpt>
      <trkpt lat="47.41125" lon="12.50666">
        <ele>1890</ele>
        <time>2026-05-13T01:37:18+00:00</time>
      </trkpt>
      <trkpt lat="47.41131" lon="12.50719">
        <ele>1891</ele>
        <time>2026-05-13T01:37:21+00:00</time>
      </trkpt>
      <trkpt lat="47.41127" lon="12.50749">
        <ele>1891</ele>
        <time>2026-05-13T01:37:24+00:00</time>
      </trkpt>
      <trkpt lat="47.41123" lon="12.50777">
        <ele>1890</ele>
        <time>2026-05-13T01:37:27+00:00</time>
      </trkpt>
      <trkpt lat="47.41132" lon="12.50791">
        <ele>1890</ele>
        <time>2026-05-13T01:37:30+00:00</time>
      </trkpt>
      <trkpt lat="47.41131" lon="12.50802">
        <ele>1891</ele>
        <time>2026-05-13T01:37:33+00:00</time>
      </trkpt>
      <trkpt lat="47.41103" lon="12.50798">
        <ele>1893</ele>
        <time>2026-05-13T01:37:36+00:00</time>
      </trkpt>
      <trkpt lat="47.41055" lon="12.50791">
        <ele>1894</ele>
        <time>2026-05-13T01:37:39+00:00</time>
      </trkpt>
      <trkpt lat="47.4104" lon="12.50792">
        <ele>1895</ele>
        <time>2026-05-13T01:37:42+00:00</time>
      </trkpt>
      <trkpt lat="47.41023" lon="12.50795">
        <ele>1892</ele>
        <time>2026-05-13T01:37:45+00:00</time>
      </trkpt>
      <trkpt lat="47.41017" lon="12.50801">
        <ele>1892</ele>
        <time>2026-05-13T01:37:48+00:00</time>
      </trkpt>
      <trkpt lat="47.41009" lon="12.50808">
        <ele>1893</ele>
        <time>2026-05-13T01:37:51+00:00</time>
      </trkpt>
      <trkpt lat="47.41001" lon="12.50814">
        <ele>1890</ele>
        <time>2026-05-13T01:37:54+00:00</time>
      </trkpt>
      <trkpt lat="47.40992" lon="12.50823">
        <ele>1888</ele>
        <time>2026-05-13T01:37:57+00:00</time>
      </trkpt>
      <trkpt lat="47.40984" lon="12.5084">
        <ele>1883</ele>
        <time>2026-05-13T01:38:00+00:00</time>
      </trkpt>
      <trkpt lat="47.40976" lon="12.50859">
        <ele>1881</ele>
        <time>2026-05-13T01:38:03+00:00</time>
      </trkpt>
      <trkpt lat="47.40959" lon="12.50893">
        <ele>1873</ele>
        <time>2026-05-13T01:38:06+00:00</time>
      </trkpt>
      <trkpt lat="47.40952" lon="12.50901">
        <ele>1871</ele>
        <time>2026-05-13T01:38:09+00:00</time>
      </trkpt>
      <trkpt lat="47.40945" lon="12.50914">
        <ele>1870</ele>
        <time>2026-05-13T01:38:12+00:00</time>
      </trkpt>
      <trkpt lat="47.40939" lon="12.50921">
        <ele>1868</ele>
        <time>2026-05-13T01:38:15+00:00</time>
      </trkpt>
      <trkpt lat="47.40928" lon="12.50933">
        <ele>1867</ele>
        <time>2026-05-13T01:38:18+00:00</time>
      </trkpt>
      <trkpt lat="47.4092" lon="12.50947">
        <ele>1865</ele>
        <time>2026-05-13T01:38:21+00:00</time>
      </trkpt>
      <trkpt lat="47.40916" lon="12.50954">
        <ele>1864</ele>
        <time>2026-05-13T01:38:24+00:00</time>
      </trkpt>
      <trkpt lat="47.40914" lon="12.50958">
        <ele>1864</ele>
        <time>2026-05-13T01:38:27+00:00</time>
      </trkpt>
      <trkpt lat="47.40911" lon="12.50961">
        <ele>1862</ele>
        <time>2026-05-13T01:38:30+00:00</time>
      </trkpt>
      <trkpt lat="47.40909" lon="12.50966">
        <ele>1863</ele>
        <time>2026-05-13T01:38:33+00:00</time>
      </trkpt>
      <trkpt lat="47.40908" lon="12.5097">
        <ele>1863</ele>
        <time>2026-05-13T01:38:36+00:00</time>
      </trkpt>
      <trkpt lat="47.40904" lon="12.50981">
        <ele>1858</ele>
        <time>2026-05-13T01:38:39+00:00</time>
      </trkpt>
      <trkpt lat="47.40898" lon="12.51">
        <ele>1857</ele>
        <time>2026-05-13T01:38:42+00:00</time>
      </trkpt>
      <trkpt lat="47.40889" lon="12.51019">
        <ele>1854</ele>
        <time>2026-05-13T01:38:45+00:00</time>
      </trkpt>
      <trkpt lat="47.4088" lon="12.51038">
        <ele>1851</ele>
        <time>2026-05-13T01:38:48+00:00</time>
      </trkpt>
      <trkpt lat="47.40871" lon="12.51072">
        <ele>1846</ele>
        <time>2026-05-13T01:38:51+00:00</time>
      </trkpt>
      <trkpt lat="47.40865" lon="12.51092">
        <ele>1843</ele>
        <time>2026-05-13T01:38:54+00:00</time>
      </trkpt>
      <trkpt lat="47.40858" lon="12.51117">
        <ele>1840</ele>
        <time>2026-05-13T01:38:57+00:00</time>
      </trkpt>
      <trkpt lat="47.40858" lon="12.51141">
        <ele>1835</ele>
        <time>2026-05-13T01:39:00+00:00</time>
      </trkpt>
      <trkpt lat="47.40853" lon="12.51165">
        <ele>1830</ele>
        <time>2026-05-13T01:39:03+00:00</time>
      </trkpt>
      <trkpt lat="47.40843" lon="12.51181">
        <ele>1827</ele>
        <time>2026-05-13T01:39:06+00:00</time>
      </trkpt>
      <trkpt lat="47.40837" lon="12.51212">
        <ele>1822</ele>
        <time>2026-05-13T01:39:09+00:00</time>
      </trkpt>
      <trkpt lat="47.40834" lon="12.5123">
        <ele>1817</ele>
        <time>2026-05-13T01:39:12+00:00</time>
      </trkpt>
      <trkpt lat="47.4083" lon="12.51245">
        <ele>1815</ele>
        <time>2026-05-13T01:39:15+00:00</time>
      </trkpt>
      <trkpt lat="47.40825" lon="12.51263">
        <ele>1812</ele>
        <time>2026-05-13T01:39:18+00:00</time>
      </trkpt>
      <trkpt lat="47.40822" lon="12.51274">
        <ele>1810</ele>
        <time>2026-05-13T01:39:21+00:00</time>
      </trkpt>
      <trkpt lat="47.40817" lon="12.51278">
        <ele>1812</ele>
        <time>2026-05-13T01:39:24+00:00</time>
      </trkpt>
      <trkpt lat="47.40815" lon="12.51297">
        <ele>1807</ele>
        <time>2026-05-13T01:39:27+00:00</time>
      </trkpt>
      <trkpt lat="47.40813" lon="12.51307">
        <ele>1805</ele>
        <time>2026-05-13T01:39:30+00:00</time>
      </trkpt>
      <trkpt lat="47.40816" lon="12.51334">
        <ele>1799</ele>
        <time>2026-05-13T01:39:33+00:00</time>
      </trkpt>
      <trkpt lat="47.40815" lon="12.51351">
        <ele>1796</ele>
        <time>2026-05-13T01:39:36+00:00</time>
      </trkpt>
      <trkpt lat="47.40812" lon="12.51361">
        <ele>1795</ele>
        <time>2026-05-13T01:39:39+00:00</time>
      </trkpt>
      <trkpt lat="47.40817" lon="12.51379">
        <ele>1794</ele>
        <time>2026-05-13T01:39:42+00:00</time>
      </trkpt>
      <trkpt lat="47.40821" lon="12.51396">
        <ele>1789</ele>
        <time>2026-05-13T01:39:45+00:00</time>
      </trkpt>
      <trkpt lat="47.40833" lon="12.51405">
        <ele>1784</ele>
        <time>2026-05-13T01:39:48+00:00</time>
      </trkpt>
      <trkpt lat="47.40837" lon="12.51422">
        <ele>1782</ele>
        <time>2026-05-13T01:39:51+00:00</time>
      </trkpt>
      <trkpt lat="47.4085" lon="12.51437">
        <ele>1778</ele>
        <time>2026-05-13T01:39:54+00:00</time>
      </trkpt>
      <trkpt lat="47.40859" lon="12.51463">
        <ele>1773</ele>
        <time>2026-05-13T01:39:57+00:00</time>
      </trkpt>
      <trkpt lat="47.40862" lon="12.5149">
        <ele>1768</ele>
        <time>2026-05-13T01:40:00+00:00</time>
      </trkpt>
      <trkpt lat="47.40872" lon="12.51508">
        <ele>1764</ele>
        <time>2026-05-13T01:40:03+00:00</time>
      </trkpt>
      <trkpt lat="47.40875" lon="12.51526">
        <ele>1764</ele>
        <time>2026-05-13T01:40:06+00:00</time>
      </trkpt>
      <trkpt lat="47.40883" lon="12.51557">
        <ele>1760</ele>
        <time>2026-05-13T01:40:09+00:00</time>
      </trkpt>
      <trkpt lat="47.40885" lon="12.51567">
        <ele>1760</ele>
        <time>2026-05-13T01:40:12+00:00</time>
      </trkpt>
      <trkpt lat="47.40884" lon="12.51574">
        <ele>1760</ele>
        <time>2026-05-13T01:40:15+00:00</time>
      </trkpt>
      <trkpt lat="47.40884" lon="12.51588">
        <ele>1760</ele>
        <time>2026-05-13T01:40:18+00:00</time>
      </trkpt>
      <trkpt lat="47.40883" lon="12.51602">
        <ele>1759</ele>
        <time>2026-05-13T01:40:21+00:00</time>
      </trkpt>
      <trkpt lat="47.40895" lon="12.51618">
        <ele>1756</ele>
        <time>2026-05-13T01:40:24+00:00</time>
      </trkpt>
      <trkpt lat="47.40898" lon="12.51634">
        <ele>1756</ele>
        <time>2026-05-13T01:40:27+00:00</time>
      </trkpt>
      <trkpt lat="47.40899" lon="12.51645">
        <ele>1756</ele>
        <time>2026-05-13T01:40:30+00:00</time>
      </trkpt>
      <trkpt lat="47.40901" lon="12.51655">
        <ele>1752</ele>
        <time>2026-05-13T01:40:33+00:00</time>
      </trkpt>
      <trkpt lat="47.40905" lon="12.51669">
        <ele>1752</ele>
        <time>2026-05-13T01:40:36+00:00</time>
      </trkpt>
      <trkpt lat="47.40914" lon="12.51681">
        <ele>1749</ele>
        <time>2026-05-13T01:40:39+00:00</time>
      </trkpt>
      <trkpt lat="47.40921" lon="12.51702">
        <ele>1747</ele>
        <time>2026-05-13T01:40:42+00:00</time>
      </trkpt>
      <trkpt lat="47.4093" lon="12.51715">
        <ele>1748</ele>
        <time>2026-05-13T01:40:45+00:00</time>
      </trkpt>
      <trkpt lat="47.40938" lon="12.51727">
        <ele>1746</ele>
        <time>2026-05-13T01:40:48+00:00</time>
      </trkpt>
      <trkpt lat="47.40942" lon="12.51745">
        <ele>1745</ele>
        <time>2026-05-13T01:40:51+00:00</time>
      </trkpt>
      <trkpt lat="47.40951" lon="12.51756">
        <ele>1744</ele>
        <time>2026-05-13T01:40:54+00:00</time>
      </trkpt>
      <trkpt lat="47.40957" lon="12.51765">
        <ele>1745</ele>
        <time>2026-05-13T01:40:57+00:00</time>
      </trkpt>
      <trkpt lat="47.40956" lon="12.5177">
        <ele>1747</ele>
        <time>2026-05-13T01:41:00+00:00</time>
      </trkpt>
      <trkpt lat="47.40956" lon="12.51775">
        <ele>1747</ele>
        <time>2026-05-13T01:41:03+00:00</time>
      </trkpt>
      <trkpt lat="47.40955" lon="12.51778">
        <ele>1747</ele>
        <time>2026-05-13T01:41:06+00:00</time>
      </trkpt>
      <trkpt lat="47.40953" lon="12.5178">
        <ele>1749</ele>
        <time>2026-05-13T01:41:09+00:00</time>
      </trkpt>
      <trkpt lat="47.4095" lon="12.51783">
        <ele>1751</ele>
        <time>2026-05-13T01:41:12+00:00</time>
      </trkpt>
      <trkpt lat="47.40947" lon="12.51785">
        <ele>1751</ele>
        <time>2026-05-13T01:41:15+00:00</time>
      </trkpt>
      <trkpt lat="47.40926" lon="12.51781">
        <ele>1755</ele>
        <time>2026-05-13T01:41:18+00:00</time>
      </trkpt>
      <trkpt lat="47.40921" lon="12.5179">
        <ele>1757</ele>
        <time>2026-05-13T01:41:21+00:00</time>
      </trkpt>
      <trkpt lat="47.40915" lon="12.51798">
        <ele>1759</ele>
        <time>2026-05-13T01:41:24+00:00</time>
      </trkpt>
      <trkpt lat="47.40914" lon="12.51805">
        <ele>1760</ele>
        <time>2026-05-13T01:41:27+00:00</time>
      </trkpt>
      <trkpt lat="47.40914" lon="12.51811">
        <ele>1762</ele>
        <time>2026-05-13T01:41:30+00:00</time>
      </trkpt>
      <trkpt lat="47.40914" lon="12.51815">
        <ele>1762</ele>
        <time>2026-05-13T01:41:33+00:00</time>
      </trkpt>
      <trkpt lat="47.40917" lon="12.5182">
        <ele>1762</ele>
        <time>2026-05-13T01:41:36+00:00</time>
      </trkpt>
      <trkpt lat="47.40919" lon="12.51823">
        <ele>1763</ele>
        <time>2026-05-13T01:41:39+00:00</time>
      </trkpt>
      <trkpt lat="47.40921" lon="12.51826">
        <ele>1761</ele>
        <time>2026-05-13T01:41:42+00:00</time>
      </trkpt>
      <trkpt lat="47.40926" lon="12.51835">
        <ele>1763</ele>
        <time>2026-05-13T01:41:45+00:00</time>
      </trkpt>
      <trkpt lat="47.40929" lon="12.51841">
        <ele>1764</ele>
        <time>2026-05-13T01:41:48+00:00</time>
      </trkpt>
      <trkpt lat="47.40935" lon="12.51855">
        <ele>1764</ele>
        <time>2026-05-13T01:41:51+00:00</time>
      </trkpt>
      <trkpt lat="47.4094" lon="12.51866">
        <ele>1765</ele>
        <time>2026-05-13T01:41:54+00:00</time>
      </trkpt>
      <trkpt lat="47.40944" lon="12.51874">
        <ele>1766</ele>
        <time>2026-05-13T01:41:57+00:00</time>
      </trkpt>
      <trkpt lat="47.40948" lon="12.51884">
        <ele>1767</ele>
        <time>2026-05-13T01:42:00+00:00</time>
      </trkpt>
      <trkpt lat="47.40951" lon="12.51889">
        <ele>1766</ele>
        <time>2026-05-13T01:42:03+00:00</time>
      </trkpt>
      <trkpt lat="47.40953" lon="12.51904">
        <ele>1769</ele>
        <time>2026-05-13T01:42:06+00:00</time>
      </trkpt>
      <trkpt lat="47.40954" lon="12.51914">
        <ele>1771</ele>
        <time>2026-05-13T01:42:09+00:00</time>
      </trkpt>
      <trkpt lat="47.40954" lon="12.51919">
        <ele>1771</ele>
        <time>2026-05-13T01:42:12+00:00</time>
      </trkpt>
      <trkpt lat="47.40955" lon="12.51926">
        <ele>1772</ele>
        <time>2026-05-13T01:42:15+00:00</time>
      </trkpt>
      <trkpt lat="47.40955" lon="12.51935">
        <ele>1774</ele>
        <time>2026-05-13T01:42:18+00:00</time>
      </trkpt>
      <trkpt lat="47.40956" lon="12.51944">
        <ele>1776</ele>
        <time>2026-05-13T01:42:21+00:00</time>
      </trkpt>
      <trkpt lat="47.40945" lon="12.51974">
        <ele>1780</ele>
        <time>2026-05-13T01:42:24+00:00</time>
      </trkpt>
      <trkpt lat="47.40948" lon="12.52007">
        <ele>1782</ele>
        <time>2026-05-13T01:42:27+00:00</time>
      </trkpt>
      <trkpt lat="47.40958" lon="12.52034">
        <ele>1785</ele>
        <time>2026-05-13T01:42:30+00:00</time>
      </trkpt>
      <trkpt lat="47.40967" lon="12.5205">
        <ele>1785</ele>
        <time>2026-05-13T01:42:33+00:00</time>
      </trkpt>
      <trkpt lat="47.40976" lon="12.52058">
        <ele>1786</ele>
        <time>2026-05-13T01:42:36+00:00</time>
      </trkpt>
      <trkpt lat="47.40984" lon="12.52067">
        <ele>1787</ele>
        <time>2026-05-13T01:42:39+00:00</time>
      </trkpt>
      <trkpt lat="47.40989" lon="12.52072">
        <ele>1787</ele>
        <time>2026-05-13T01:42:42+00:00</time>
      </trkpt>
      <trkpt lat="47.40994" lon="12.52085">
        <ele>1789</ele>
        <time>2026-05-13T01:42:45+00:00</time>
      </trkpt>
      <trkpt lat="47.41001" lon="12.52091">
        <ele>1791</ele>
        <time>2026-05-13T01:42:48+00:00</time>
      </trkpt>
      <trkpt lat="47.4101" lon="12.52094">
        <ele>1792</ele>
        <time>2026-05-13T01:42:51+00:00</time>
      </trkpt>
      <trkpt lat="47.41015" lon="12.52095">
        <ele>1792</ele>
        <time>2026-05-13T01:42:54+00:00</time>
      </trkpt>
      <trkpt lat="47.4102" lon="12.52097">
        <ele>1794</ele>
        <time>2026-05-13T01:42:57+00:00</time>
      </trkpt>
      <trkpt lat="47.41023" lon="12.52098">
        <ele>1794</ele>
        <time>2026-05-13T01:43:00+00:00</time>
      </trkpt>
      <trkpt lat="47.41027" lon="12.521">
        <ele>1796</ele>
        <time>2026-05-13T01:43:03+00:00</time>
      </trkpt>
      <trkpt lat="47.4103" lon="12.52104">
        <ele>1796</ele>
        <time>2026-05-13T01:43:06+00:00</time>
      </trkpt>
      <trkpt lat="47.41034" lon="12.52108">
        <ele>1798</ele>
        <time>2026-05-13T01:43:09+00:00</time>
      </trkpt>
      <trkpt lat="47.41054" lon="12.52127">
        <ele>1806</ele>
        <time>2026-05-13T01:43:12+00:00</time>
      </trkpt>
      <trkpt lat="47.4106" lon="12.52125">
        <ele>1809</ele>
        <time>2026-05-13T01:43:15+00:00</time>
      </trkpt>
      <trkpt lat="47.41063" lon="12.52127">
        <ele>1809</ele>
        <time>2026-05-13T01:43:18+00:00</time>
      </trkpt>
      <trkpt lat="47.4107" lon="12.52129">
        <ele>1812</ele>
        <time>2026-05-13T01:43:21+00:00</time>
      </trkpt>
      <trkpt lat="47.41077" lon="12.52126">
        <ele>1812</ele>
        <time>2026-05-13T01:43:24+00:00</time>
      </trkpt>
      <trkpt lat="47.41082" lon="12.52122">
        <ele>1815</ele>
        <time>2026-05-13T01:43:27+00:00</time>
      </trkpt>
      <trkpt lat="47.41084" lon="12.5213">
        <ele>1815</ele>
        <time>2026-05-13T01:43:30+00:00</time>
      </trkpt>
      <trkpt lat="47.4109" lon="12.52134">
        <ele>1817</ele>
        <time>2026-05-13T01:43:33+00:00</time>
      </trkpt>
      <trkpt lat="47.41093" lon="12.52142">
        <ele>1822</ele>
        <time>2026-05-13T01:43:36+00:00</time>
      </trkpt>
      <trkpt lat="47.41097" lon="12.52138">
        <ele>1820</ele>
        <time>2026-05-13T01:43:39+00:00</time>
      </trkpt>
      <trkpt lat="47.41107" lon="12.52139">
        <ele>1824</ele>
        <time>2026-05-13T01:43:42+00:00</time>
      </trkpt>
      <trkpt lat="47.41112" lon="12.52135">
        <ele>1828</ele>
        <time>2026-05-13T01:43:45+00:00</time>
      </trkpt>
      <trkpt lat="47.41117" lon="12.52131">
        <ele>1828</ele>
        <time>2026-05-13T01:43:48+00:00</time>
      </trkpt>
      <trkpt lat="47.41121" lon="12.52128">
        <ele>1830</ele>
        <time>2026-05-13T01:43:51+00:00</time>
      </trkpt>
      <trkpt lat="47.41124" lon="12.52127">
        <ele>1830</ele>
        <time>2026-05-13T01:43:54+00:00</time>
      </trkpt>
      <trkpt lat="47.41134" lon="12.5212">
        <ele>1831</ele>
        <time>2026-05-13T01:43:57+00:00</time>
      </trkpt>
      <trkpt lat="47.41146" lon="12.52119">
        <ele>1834</ele>
        <time>2026-05-13T01:44:00+00:00</time>
      </trkpt>
      <trkpt lat="47.41159" lon="12.52093">
        <ele>1831</ele>
        <time>2026-05-13T01:44:03+00:00</time>
      </trkpt>
      <trkpt lat="47.41166" lon="12.52092">
        <ele>1833</ele>
        <time>2026-05-13T01:44:06+00:00</time>
      </trkpt>
      <trkpt lat="47.41166" lon="12.52103">
        <ele>1837</ele>
        <time>2026-05-13T01:44:09+00:00</time>
      </trkpt>
      <trkpt lat="47.41172" lon="12.52099">
        <ele>1836</ele>
        <time>2026-05-13T01:44:12+00:00</time>
      </trkpt>
      <trkpt lat="47.41175" lon="12.52105">
        <ele>1840</ele>
        <time>2026-05-13T01:44:15+00:00</time>
      </trkpt>
      <trkpt lat="47.41181" lon="12.52104">
        <ele>1842</ele>
        <time>2026-05-13T01:44:18+00:00</time>
      </trkpt>
      <trkpt lat="47.41181" lon="12.5211">
        <ele>1845</ele>
        <time>2026-05-13T01:44:21+00:00</time>
      </trkpt>
      <trkpt lat="47.4119" lon="12.52111">
        <ele>1840</ele>
        <time>2026-05-13T01:44:24+00:00</time>
      </trkpt>
      <trkpt lat="47.41197" lon="12.52108">
        <ele>1844</ele>
        <time>2026-05-13T01:44:27+00:00</time>
      </trkpt>
      <trkpt lat="47.41205" lon="12.52103">
        <ele>1846</ele>
        <time>2026-05-13T01:44:30+00:00</time>
      </trkpt>
      <trkpt lat="47.41214" lon="12.521">
        <ele>1844</ele>
        <time>2026-05-13T01:44:33+00:00</time>
      </trkpt>
      <trkpt lat="47.41226" lon="12.52097">
        <ele>1846</ele>
        <time>2026-05-13T01:44:36+00:00</time>
      </trkpt>
      <trkpt lat="47.41239" lon="12.52101">
        <ele>1851</ele>
        <time>2026-05-13T01:44:39+00:00</time>
      </trkpt>
      <trkpt lat="47.41246" lon="12.52103">
        <ele>1852</ele>
        <time>2026-05-13T01:44:42+00:00</time>
      </trkpt>
      <trkpt lat="47.4125" lon="12.52104">
        <ele>1852</ele>
        <time>2026-05-13T01:44:45+00:00</time>
      </trkpt>
      <trkpt lat="47.41255" lon="12.52105">
        <ele>1852</ele>
        <time>2026-05-13T01:44:48+00:00</time>
      </trkpt>
      <trkpt lat="47.41263" lon="12.52108">
        <ele>1847</ele>
        <time>2026-05-13T01:44:51+00:00</time>
      </trkpt>
      <trkpt lat="47.41267" lon="12.52109">
        <ele>1853</ele>
        <time>2026-05-13T01:44:54+00:00</time>
      </trkpt>
      <trkpt lat="47.41271" lon="12.52102">
        <ele>1853</ele>
        <time>2026-05-13T01:44:57+00:00</time>
      </trkpt>
      <trkpt lat="47.41275" lon="12.52092">
        <ele>1849</ele>
        <time>2026-05-13T01:45:00+00:00</time>
      </trkpt>
      <trkpt lat="47.41282" lon="12.5208">
        <ele>1844</ele>
        <time>2026-05-13T01:45:03+00:00</time>
      </trkpt>
      <trkpt lat="47.41295" lon="12.52077">
        <ele>1839</ele>
        <time>2026-05-13T01:45:06+00:00</time>
      </trkpt>
      <trkpt lat="47.41305" lon="12.5209">
        <ele>1846</ele>
        <time>2026-05-13T01:45:09+00:00</time>
      </trkpt>
      <trkpt lat="47.41313" lon="12.52097">
        <ele>1845</ele>
        <time>2026-05-13T01:45:12+00:00</time>
      </trkpt>
      <trkpt lat="47.41322" lon="12.52106">
        <ele>1849</ele>
        <time>2026-05-13T01:45:15+00:00</time>
      </trkpt>
      <trkpt lat="47.4133" lon="12.52112">
        <ele>1853</ele>
        <time>2026-05-13T01:45:18+00:00</time>
      </trkpt>
      <trkpt lat="47.41336" lon="12.52117">
        <ele>1851</ele>
        <time>2026-05-13T01:45:21+00:00</time>
      </trkpt>
      <trkpt lat="47.41345" lon="12.52123">
        <ele>1853</ele>
        <time>2026-05-13T01:45:24+00:00</time>
      </trkpt>
      <trkpt lat="47.41348" lon="12.52126">
        <ele>1853</ele>
        <time>2026-05-13T01:45:27+00:00</time>
      </trkpt>
      <trkpt lat="47.41352" lon="12.52142">
        <ele>1860</ele>
        <time>2026-05-13T01:45:30+00:00</time>
      </trkpt>
      <trkpt lat="47.41366" lon="12.52151">
        <ele>1861</ele>
        <time>2026-05-13T01:45:33+00:00</time>
      </trkpt>
      <trkpt lat="47.41373" lon="12.52166">
        <ele>1861</ele>
        <time>2026-05-13T01:45:36+00:00</time>
      </trkpt>
      <trkpt lat="47.41387" lon="12.52174">
        <ele>1861</ele>
        <time>2026-05-13T01:45:39+00:00</time>
      </trkpt>
      <trkpt lat="47.41398" lon="12.52178">
        <ele>1857</ele>
        <time>2026-05-13T01:45:42+00:00</time>
      </trkpt>
      <trkpt lat="47.41407" lon="12.52182">
        <ele>1859</ele>
        <time>2026-05-13T01:45:45+00:00</time>
      </trkpt>
      <trkpt lat="47.41411" lon="12.52188">
        <ele>1852</ele>
        <time>2026-05-13T01:45:48+00:00</time>
      </trkpt>
      <trkpt lat="47.41415" lon="12.52196">
        <ele>1854</ele>
        <time>2026-05-13T01:45:51+00:00</time>
      </trkpt>
      <trkpt lat="47.41427" lon="12.52218">
        <ele>1857</ele>
        <time>2026-05-13T01:45:54+00:00</time>
      </trkpt>
      <trkpt lat="47.41444" lon="12.52223">
        <ele>1855</ele>
        <time>2026-05-13T01:45:57+00:00</time>
      </trkpt>
      <trkpt lat="47.41457" lon="12.52228">
        <ele>1857</ele>
        <time>2026-05-13T01:46:00+00:00</time>
      </trkpt>
      <trkpt lat="47.41464" lon="12.5224">
        <ele>1855</ele>
        <time>2026-05-13T01:46:03+00:00</time>
      </trkpt>
      <trkpt lat="47.41468" lon="12.52251">
        <ele>1857</ele>
        <time>2026-05-13T01:46:06+00:00</time>
      </trkpt>
      <trkpt lat="47.41467" lon="12.52256">
        <ele>1857</ele>
        <time>2026-05-13T01:46:09+00:00</time>
      </trkpt>
      <trkpt lat="47.41468" lon="12.52272">
        <ele>1860</ele>
        <time>2026-05-13T01:46:12+00:00</time>
      </trkpt>
      <trkpt lat="47.41474" lon="12.52292">
        <ele>1862</ele>
        <time>2026-05-13T01:46:15+00:00</time>
      </trkpt>
      <trkpt lat="47.41482" lon="12.52307">
        <ele>1863</ele>
        <time>2026-05-13T01:46:18+00:00</time>
      </trkpt>
      <trkpt lat="47.41494" lon="12.52326">
        <ele>1865</ele>
        <time>2026-05-13T01:46:21+00:00</time>
      </trkpt>
      <trkpt lat="47.41509" lon="12.52335">
        <ele>1864</ele>
        <time>2026-05-13T01:46:24+00:00</time>
      </trkpt>
      <trkpt lat="47.41519" lon="12.52353">
        <ele>1865</ele>
        <time>2026-05-13T01:46:27+00:00</time>
      </trkpt>
      <trkpt lat="47.41528" lon="12.5236">
        <ele>1864</ele>
        <time>2026-05-13T01:46:30+00:00</time>
      </trkpt>
      <trkpt lat="47.41541" lon="12.52371">
        <ele>1863</ele>
        <time>2026-05-13T01:46:33+00:00</time>
      </trkpt>
      <trkpt lat="47.41552" lon="12.52377">
        <ele>1861</ele>
        <time>2026-05-13T01:46:36+00:00</time>
      </trkpt>
      <trkpt lat="47.41564" lon="12.52382">
        <ele>1862</ele>
        <time>2026-05-13T01:46:39+00:00</time>
      </trkpt>
      <trkpt lat="47.41585" lon="12.52383">
        <ele>1857</ele>
        <time>2026-05-13T01:46:42+00:00</time>
      </trkpt>
      <trkpt lat="47.41595" lon="12.52381">
        <ele>1855</ele>
        <time>2026-05-13T01:46:45+00:00</time>
      </trkpt>
      <trkpt lat="47.41617" lon="12.52378">
        <ele>1853</ele>
        <time>2026-05-13T01:46:48+00:00</time>
      </trkpt>
      <trkpt lat="47.41636" lon="12.5239">
        <ele>1853</ele>
        <time>2026-05-13T01:46:51+00:00</time>
      </trkpt>
      <trkpt lat="47.41651" lon="12.52411">
        <ele>1853</ele>
        <time>2026-05-13T01:46:54+00:00</time>
      </trkpt>
      <trkpt lat="47.4166" lon="12.52425">
        <ele>1855</ele>
        <time>2026-05-13T01:46:57+00:00</time>
      </trkpt>
      <trkpt lat="47.41681" lon="12.52438">
        <ele>1855</ele>
        <time>2026-05-13T01:47:00+00:00</time>
      </trkpt>
      <trkpt lat="47.41694" lon="12.52459">
        <ele>1857</ele>
        <time>2026-05-13T01:47:03+00:00</time>
      </trkpt>
      <trkpt lat="47.41717" lon="12.52454">
        <ele>1859</ele>
        <time>2026-05-13T01:47:06+00:00</time>
      </trkpt>
      <trkpt lat="47.41735" lon="12.52461">
        <ele>1863</ele>
        <time>2026-05-13T01:47:09+00:00</time>
      </trkpt>
      <trkpt lat="47.41741" lon="12.52469">
        <ele>1863</ele>
        <time>2026-05-13T01:47:12+00:00</time>
      </trkpt>
      <trkpt lat="47.41747" lon="12.52475">
        <ele>1867</ele>
        <time>2026-05-13T01:47:15+00:00</time>
      </trkpt>
      <trkpt lat="47.41759" lon="12.52472">
        <ele>1862</ele>
        <time>2026-05-13T01:47:18+00:00</time>
      </trkpt>
      <trkpt lat="47.4177" lon="12.52471">
        <ele>1866</ele>
        <time>2026-05-13T01:47:21+00:00</time>
      </trkpt>
      <trkpt lat="47.41778" lon="12.52467">
        <ele>1862</ele>
        <time>2026-05-13T01:47:24+00:00</time>
      </trkpt>
      <trkpt lat="47.41791" lon="12.52464">
        <ele>1866</ele>
        <time>2026-05-13T01:47:27+00:00</time>
      </trkpt>
      <trkpt lat="47.41815" lon="12.52465">
        <ele>1870</ele>
        <time>2026-05-13T01:47:30+00:00</time>
      </trkpt>
      <trkpt lat="47.41824" lon="12.52459">
        <ele>1867</ele>
        <time>2026-05-13T01:47:33+00:00</time>
      </trkpt>
      <trkpt lat="47.4183" lon="12.52452">
        <ele>1869</ele>
        <time>2026-05-13T01:47:36+00:00</time>
      </trkpt>
      <trkpt lat="47.41845" lon="12.52451">
        <ele>1871</ele>
        <time>2026-05-13T01:47:39+00:00</time>
      </trkpt>
      <trkpt lat="47.41868" lon="12.5244">
        <ele>1871</ele>
        <time>2026-05-13T01:47:42+00:00</time>
      </trkpt>
      <trkpt lat="47.4189" lon="12.52428">
        <ele>1869</ele>
        <time>2026-05-13T01:47:45+00:00</time>
      </trkpt>
      <trkpt lat="47.419" lon="12.52418">
        <ele>1866</ele>
        <time>2026-05-13T01:47:48+00:00</time>
      </trkpt>
      <trkpt lat="47.41914" lon="12.52405">
        <ele>1862</ele>
        <time>2026-05-13T01:47:51+00:00</time>
      </trkpt>
      <trkpt lat="47.41931" lon="12.52394">
        <ele>1863</ele>
        <time>2026-05-13T01:47:54+00:00</time>
      </trkpt>
      <trkpt lat="47.41947" lon="12.52402">
        <ele>1860</ele>
        <time>2026-05-13T01:47:57+00:00</time>
      </trkpt>
      <trkpt lat="47.41959" lon="12.52414">
        <ele>1862</ele>
        <time>2026-05-13T01:48:00+00:00</time>
      </trkpt>
      <trkpt lat="47.41969" lon="12.52414">
        <ele>1863</ele>
        <time>2026-05-13T01:48:03+00:00</time>
      </trkpt>
      <trkpt lat="47.41986" lon="12.52416">
        <ele>1862</ele>
        <time>2026-05-13T01:48:06+00:00</time>
      </trkpt>
      <trkpt lat="47.42001" lon="12.52417">
        <ele>1859</ele>
        <time>2026-05-13T01:48:09+00:00</time>
      </trkpt>
      <trkpt lat="47.42016" lon="12.52418">
        <ele>1858</ele>
        <time>2026-05-13T01:48:12+00:00</time>
      </trkpt>
      <trkpt lat="47.42032" lon="12.52417">
        <ele>1856</ele>
        <time>2026-05-13T01:48:15+00:00</time>
      </trkpt>
      <trkpt lat="47.42054" lon="12.52412">
        <ele>1857</ele>
        <time>2026-05-13T01:48:18+00:00</time>
      </trkpt>
      <trkpt lat="47.4207" lon="12.52419">
        <ele>1851</ele>
        <time>2026-05-13T01:48:21+00:00</time>
      </trkpt>
      <trkpt lat="47.42081" lon="12.52423">
        <ele>1856</ele>
        <time>2026-05-13T01:48:24+00:00</time>
      </trkpt>
      <trkpt lat="47.42093" lon="12.52428">
        <ele>1855</ele>
        <time>2026-05-13T01:48:27+00:00</time>
      </trkpt>
      <trkpt lat="47.42105" lon="12.52427">
        <ele>1854</ele>
        <time>2026-05-13T01:48:30+00:00</time>
      </trkpt>
      <trkpt lat="47.42125" lon="12.52429">
        <ele>1853</ele>
        <time>2026-05-13T01:48:33+00:00</time>
      </trkpt>
      <trkpt lat="47.42163" lon="12.52421">
        <ele>1851</ele>
        <time>2026-05-13T01:48:36+00:00</time>
      </trkpt>
      <trkpt lat="47.42203" lon="12.52413">
        <ele>1846</ele>
        <time>2026-05-13T01:48:39+00:00</time>
      </trkpt>
      <trkpt lat="47.42221" lon="12.52408">
        <ele>1847</ele>
        <time>2026-05-13T01:48:42+00:00</time>
      </trkpt>
      <trkpt lat="47.42231" lon="12.52409">
        <ele>1843</ele>
        <time>2026-05-13T01:48:45+00:00</time>
      </trkpt>
      <trkpt lat="47.42241" lon="12.5241">
        <ele>1844</ele>
        <time>2026-05-13T01:48:48+00:00</time>
      </trkpt>
      <trkpt lat="47.42255" lon="12.52406">
        <ele>1844</ele>
        <time>2026-05-13T01:48:51+00:00</time>
      </trkpt>
      <trkpt lat="47.42268" lon="12.52396">
        <ele>1841</ele>
        <time>2026-05-13T01:48:54+00:00</time>
      </trkpt>
      <trkpt lat="47.42294" lon="12.52383">
        <ele>1840</ele>
        <time>2026-05-13T01:48:57+00:00</time>
      </trkpt>
      <trkpt lat="47.42307" lon="12.52375">
        <ele>1837</ele>
        <time>2026-05-13T01:49:00+00:00</time>
      </trkpt>
      <trkpt lat="47.4232" lon="12.52376">
        <ele>1839</ele>
        <time>2026-05-13T01:49:03+00:00</time>
      </trkpt>
      <trkpt lat="47.42334" lon="12.52364">
        <ele>1836</ele>
        <time>2026-05-13T01:49:06+00:00</time>
      </trkpt>
      <trkpt lat="47.42345" lon="12.52356">
        <ele>1837</ele>
        <time>2026-05-13T01:49:09+00:00</time>
      </trkpt>
      <trkpt lat="47.42359" lon="12.52358">
        <ele>1833</ele>
        <time>2026-05-13T01:49:12+00:00</time>
      </trkpt>
      <trkpt lat="47.42372" lon="12.52367">
        <ele>1841</ele>
        <time>2026-05-13T01:49:15+00:00</time>
      </trkpt>
      <trkpt lat="47.42377" lon="12.5238">
        <ele>1838</ele>
        <time>2026-05-13T01:49:18+00:00</time>
      </trkpt>
      <trkpt lat="47.4238" lon="12.52402">
        <ele>1845</ele>
        <time>2026-05-13T01:49:21+00:00</time>
      </trkpt>
      <trkpt lat="47.42383" lon="12.52417">
        <ele>1847</ele>
        <time>2026-05-13T01:49:24+00:00</time>
      </trkpt>
      <trkpt lat="47.42388" lon="12.52438">
        <ele>1851</ele>
        <time>2026-05-13T01:49:27+00:00</time>
      </trkpt>
      <trkpt lat="47.42395" lon="12.5245">
        <ele>1853</ele>
        <time>2026-05-13T01:49:30+00:00</time>
      </trkpt>
      <trkpt lat="47.42402" lon="12.52463">
        <ele>1851</ele>
        <time>2026-05-13T01:49:33+00:00</time>
      </trkpt>
      <trkpt lat="47.4241" lon="12.52495">
        <ele>1852</ele>
        <time>2026-05-13T01:49:36+00:00</time>
      </trkpt>
      <trkpt lat="47.42413" lon="12.5255">
        <ele>1863</ele>
        <time>2026-05-13T01:49:39+00:00</time>
      </trkpt>
      <trkpt lat="47.42411" lon="12.52562">
        <ele>1864</ele>
        <time>2026-05-13T01:49:42+00:00</time>
      </trkpt>
      <trkpt lat="47.42408" lon="12.52572">
        <ele>1871</ele>
        <time>2026-05-13T01:49:45+00:00</time>
      </trkpt>
      <trkpt lat="47.42414" lon="12.52587">
        <ele>1868</ele>
        <time>2026-05-13T01:49:48+00:00</time>
      </trkpt>
      <trkpt lat="47.42422" lon="12.52621">
        <ele>1869</ele>
        <time>2026-05-13T01:49:51+00:00</time>
      </trkpt>
      <trkpt lat="47.4244" lon="12.52675">
        <ele>1869</ele>
        <time>2026-05-13T01:49:54+00:00</time>
      </trkpt>
      <trkpt lat="47.42454" lon="12.52727">
        <ele>1870</ele>
        <time>2026-05-13T01:49:57+00:00</time>
      </trkpt>
      <trkpt lat="47.42461" lon="12.52747">
        <ele>1869</ele>
        <time>2026-05-13T01:50:00+00:00</time>
      </trkpt>
      <trkpt lat="47.4247" lon="12.5279">
        <ele>1877</ele>
        <time>2026-05-13T01:50:03+00:00</time>
      </trkpt>
      <trkpt lat="47.42474" lon="12.52807">
        <ele>1875</ele>
        <time>2026-05-13T01:50:06+00:00</time>
      </trkpt>
      <trkpt lat="47.42486" lon="12.52837">
        <ele>1878</ele>
        <time>2026-05-13T01:50:09+00:00</time>
      </trkpt>
      <trkpt lat="47.42495" lon="12.52869">
        <ele>1881</ele>
        <time>2026-05-13T01:50:12+00:00</time>
      </trkpt>
      <trkpt lat="47.42504" lon="12.52892">
        <ele>1883</ele>
        <time>2026-05-13T01:50:15+00:00</time>
      </trkpt>
      <trkpt lat="47.42511" lon="12.52912">
        <ele>1885</ele>
        <time>2026-05-13T01:50:18+00:00</time>
      </trkpt>
      <trkpt lat="47.42519" lon="12.52933">
        <ele>1888</ele>
        <time>2026-05-13T01:50:21+00:00</time>
      </trkpt>
      <trkpt lat="47.42532" lon="12.52991">
        <ele>1895</ele>
        <time>2026-05-13T01:50:24+00:00</time>
      </trkpt>
      <trkpt lat="47.4253" lon="12.53002">
        <ele>1894</ele>
        <time>2026-05-13T01:50:27+00:00</time>
      </trkpt>
      <trkpt lat="47.42531" lon="12.53019">
        <ele>1896</ele>
        <time>2026-05-13T01:50:30+00:00</time>
      </trkpt>
      <trkpt lat="47.4254" lon="12.53029">
        <ele>1900</ele>
        <time>2026-05-13T01:50:33+00:00</time>
      </trkpt>
      <trkpt lat="47.42539" lon="12.53042">
        <ele>1897</ele>
        <time>2026-05-13T01:50:36+00:00</time>
      </trkpt>
      <trkpt lat="47.42538" lon="12.53049">
        <ele>1897</ele>
        <time>2026-05-13T01:50:39+00:00</time>
      </trkpt>
      <trkpt lat="47.42542" lon="12.53061">
        <ele>1902</ele>
        <time>2026-05-13T01:50:42+00:00</time>
      </trkpt>
      <trkpt lat="47.42547" lon="12.53072">
        <ele>1903</ele>
        <time>2026-05-13T01:50:45+00:00</time>
      </trkpt>
      <trkpt lat="47.42552" lon="12.53084">
        <ele>1907</ele>
        <time>2026-05-13T01:50:48+00:00</time>
      </trkpt>
      <trkpt lat="47.42552" lon="12.53092">
        <ele>1907</ele>
        <time>2026-05-13T01:50:51+00:00</time>
      </trkpt>
      <trkpt lat="47.42555" lon="12.53099">
        <ele>1907</ele>
        <time>2026-05-13T01:50:54+00:00</time>
      </trkpt>
      <trkpt lat="47.42558" lon="12.5311">
        <ele>1908</ele>
        <time>2026-05-13T01:50:57+00:00</time>
      </trkpt>
      <trkpt lat="47.4256" lon="12.53115">
        <ele>1908</ele>
        <time>2026-05-13T01:51:00+00:00</time>
      </trkpt>
      <trkpt lat="47.42562" lon="12.53121">
        <ele>1913</ele>
        <time>2026-05-13T01:51:03+00:00</time>
      </trkpt>
      <trkpt lat="47.42568" lon="12.5313">
        <ele>1913</ele>
        <time>2026-05-13T01:51:06+00:00</time>
      </trkpt>
      <trkpt lat="47.42572" lon="12.53136">
        <ele>1919</ele>
        <time>2026-05-13T01:51:09+00:00</time>
      </trkpt>
      <trkpt lat="47.42575" lon="12.53153">
        <ele>1919</ele>
        <time>2026-05-13T01:51:12+00:00</time>
      </trkpt>
      <trkpt lat="47.42577" lon="12.53168">
        <ele>1919</ele>
        <time>2026-05-13T01:51:15+00:00</time>
      </trkpt>
      <trkpt lat="47.42581" lon="12.53175">
        <ele>1925</ele>
        <time>2026-05-13T01:51:18+00:00</time>
      </trkpt>
      <trkpt lat="47.42585" lon="12.53183">
        <ele>1925</ele>
        <time>2026-05-13T01:51:21+00:00</time>
      </trkpt>
      <trkpt lat="47.4259" lon="12.53193">
        <ele>1930</ele>
        <time>2026-05-13T01:51:24+00:00</time>
      </trkpt>
      <trkpt lat="47.42595" lon="12.53205">
        <ele>1930</ele>
        <time>2026-05-13T01:51:27+00:00</time>
      </trkpt>
      <trkpt lat="47.42605" lon="12.53216">
        <ele>1937</ele>
        <time>2026-05-13T01:51:30+00:00</time>
      </trkpt>
      <trkpt lat="47.42609" lon="12.53224">
        <ele>1937</ele>
        <time>2026-05-13T01:51:33+00:00</time>
      </trkpt>
      <trkpt lat="47.42613" lon="12.5323">
        <ele>1944</ele>
        <time>2026-05-13T01:51:36+00:00</time>
      </trkpt>
      <trkpt lat="47.42617" lon="12.53237">
        <ele>1944</ele>
        <time>2026-05-13T01:51:39+00:00</time>
      </trkpt>
      <trkpt lat="47.42623" lon="12.53247">
        <ele>1951</ele>
        <time>2026-05-13T01:51:42+00:00</time>
      </trkpt>
      <trkpt lat="47.42627" lon="12.53256">
        <ele>1951</ele>
        <time>2026-05-13T01:51:45+00:00</time>
      </trkpt>
      <trkpt lat="47.42631" lon="12.53274">
        <ele>1951</ele>
        <time>2026-05-13T01:51:48+00:00</time>
      </trkpt>
      <trkpt lat="47.42636" lon="12.53292">
        <ele>1958</ele>
        <time>2026-05-13T01:51:51+00:00</time>
      </trkpt>
      <trkpt lat="47.4264" lon="12.5331">
        <ele>1958</ele>
        <time>2026-05-13T01:51:54+00:00</time>
      </trkpt>
      <trkpt lat="47.42641" lon="12.5333">
        <ele>1965</ele>
        <time>2026-05-13T01:51:57+00:00</time>
      </trkpt>
      <trkpt lat="47.42644" lon="12.53352">
        <ele>1963</ele>
        <time>2026-05-13T01:52:00+00:00</time>
      </trkpt>
      <trkpt lat="47.42646" lon="12.53369">
        <ele>1962</ele>
        <time>2026-05-13T01:52:03+00:00</time>
      </trkpt>
      <trkpt lat="47.42651" lon="12.53387">
        <ele>1969</ele>
        <time>2026-05-13T01:52:06+00:00</time>
      </trkpt>
      <trkpt lat="47.42652" lon="12.53408">
        <ele>1967</ele>
        <time>2026-05-13T01:52:09+00:00</time>
      </trkpt>
      <trkpt lat="47.42661" lon="12.53418">
        <ele>1973</ele>
        <time>2026-05-13T01:52:12+00:00</time>
      </trkpt>
      <trkpt lat="47.42662" lon="12.53429">
        <ele>1971</ele>
        <time>2026-05-13T01:52:15+00:00</time>
      </trkpt>
      <trkpt lat="47.42666" lon="12.53439">
        <ele>1969</ele>
        <time>2026-05-13T01:52:18+00:00</time>
      </trkpt>
      <trkpt lat="47.42672" lon="12.53439">
        <ele>1972</ele>
        <time>2026-05-13T01:52:21+00:00</time>
      </trkpt>
      <trkpt lat="47.42676" lon="12.53444">
        <ele>1972</ele>
        <time>2026-05-13T01:52:24+00:00</time>
      </trkpt>
      <trkpt lat="47.42679" lon="12.53461">
        <ele>1968</ele>
        <time>2026-05-13T01:52:27+00:00</time>
      </trkpt>
      <trkpt lat="47.42689" lon="12.53466">
        <ele>1972</ele>
        <time>2026-05-13T01:52:30+00:00</time>
      </trkpt>
      <trkpt lat="47.42696" lon="12.53473">
        <ele>1975</ele>
        <time>2026-05-13T01:52:33+00:00</time>
      </trkpt>
      <trkpt lat="47.427" lon="12.53477">
        <ele>1979</ele>
        <time>2026-05-13T01:52:36+00:00</time>
      </trkpt>
      <trkpt lat="47.42706" lon="12.53482">
        <ele>1975</ele>
        <time>2026-05-13T01:52:39+00:00</time>
      </trkpt>
      <trkpt lat="47.42714" lon="12.53493">
        <ele>1976</ele>
        <time>2026-05-13T01:52:42+00:00</time>
      </trkpt>
      <trkpt lat="47.42724" lon="12.53507">
        <ele>1973</ele>
        <time>2026-05-13T01:52:45+00:00</time>
      </trkpt>
      <trkpt lat="47.42731" lon="12.53512">
        <ele>1977</ele>
        <time>2026-05-13T01:52:48+00:00</time>
      </trkpt>
      <trkpt lat="47.42741" lon="12.53525">
        <ele>1971</ele>
        <time>2026-05-13T01:52:51+00:00</time>
      </trkpt>
      <trkpt lat="47.42751" lon="12.53541">
        <ele>1963</ele>
        <time>2026-05-13T01:52:54+00:00</time>
      </trkpt>
      <trkpt lat="47.42757" lon="12.53549">
        <ele>1963</ele>
        <time>2026-05-13T01:52:57+00:00</time>
      </trkpt>
      <trkpt lat="47.42774" lon="12.5357">
        <ele>1954</ele>
        <time>2026-05-13T01:53:00+00:00</time>
      </trkpt>
      <trkpt lat="47.4278" lon="12.53579">
        <ele>1951</ele>
        <time>2026-05-13T01:53:03+00:00</time>
      </trkpt>
      <trkpt lat="47.42785" lon="12.53587">
        <ele>1947</ele>
        <time>2026-05-13T01:53:06+00:00</time>
      </trkpt>
      <trkpt lat="47.42788" lon="12.53593">
        <ele>1944</ele>
        <time>2026-05-13T01:53:09+00:00</time>
      </trkpt>
      <trkpt lat="47.42788" lon="12.53598">
        <ele>1944</ele>
        <time>2026-05-13T01:53:12+00:00</time>
      </trkpt>
      <trkpt lat="47.42792" lon="12.53599">
        <ele>1944</ele>
        <time>2026-05-13T01:53:15+00:00</time>
      </trkpt>
      <trkpt lat="47.42789" lon="12.53603">
        <ele>1941</ele>
        <time>2026-05-13T01:53:18+00:00</time>
      </trkpt>
      <trkpt lat="47.42792" lon="12.53606">
        <ele>1941</ele>
        <time>2026-05-13T01:53:21+00:00</time>
      </trkpt>
      <trkpt lat="47.42791" lon="12.53611">
        <ele>1939</ele>
        <time>2026-05-13T01:53:24+00:00</time>
      </trkpt>
      <trkpt lat="47.42789" lon="12.5362">
        <ele>1936</ele>
        <time>2026-05-13T01:53:27+00:00</time>
      </trkpt>
      <trkpt lat="47.4279" lon="12.53631">
        <ele>1935</ele>
        <time>2026-05-13T01:53:30+00:00</time>
      </trkpt>
      <trkpt lat="47.42792" lon="12.53637">
        <ele>1935</ele>
        <time>2026-05-13T01:53:33+00:00</time>
      </trkpt>
      <trkpt lat="47.42793" lon="12.53643">
        <ele>1932</ele>
        <time>2026-05-13T01:53:36+00:00</time>
      </trkpt>
      <trkpt lat="47.42793" lon="12.53648">
        <ele>1932</ele>
        <time>2026-05-13T01:53:39+00:00</time>
      </trkpt>
      <trkpt lat="47.42795" lon="12.53657">
        <ele>1930</ele>
        <time>2026-05-13T01:53:42+00:00</time>
      </trkpt>
      <trkpt lat="47.42797" lon="12.53663">
        <ele>1928</ele>
        <time>2026-05-13T01:53:45+00:00</time>
      </trkpt>
      <trkpt lat="47.42795" lon="12.53672">
        <ele>1926</ele>
        <time>2026-05-13T01:53:48+00:00</time>
      </trkpt>
      <trkpt lat="47.42801" lon="12.53684">
        <ele>1926</ele>
        <time>2026-05-13T01:53:51+00:00</time>
      </trkpt>
      <trkpt lat="47.42802" lon="12.5369">
        <ele>1926</ele>
        <time>2026-05-13T01:53:54+00:00</time>
      </trkpt>
      <trkpt lat="47.42802" lon="12.53694">
        <ele>1924</ele>
        <time>2026-05-13T01:53:57+00:00</time>
      </trkpt>
      <trkpt lat="47.42804" lon="12.53705">
        <ele>1923</ele>
        <time>2026-05-13T01:54:00+00:00</time>
      </trkpt>
      <trkpt lat="47.42805" lon="12.53718">
        <ele>1922</ele>
        <time>2026-05-13T01:54:03+00:00</time>
      </trkpt>
      <trkpt lat="47.42807" lon="12.53723">
        <ele>1921</ele>
        <time>2026-05-13T01:54:06+00:00</time>
      </trkpt>
      <trkpt lat="47.42808" lon="12.5373">
        <ele>1919</ele>
        <time>2026-05-13T01:54:09+00:00</time>
      </trkpt>
      <trkpt lat="47.42809" lon="12.53736">
        <ele>1919</ele>
        <time>2026-05-13T01:54:12+00:00</time>
      </trkpt>
      <trkpt lat="47.42814" lon="12.53744">
        <ele>1917</ele>
        <time>2026-05-13T01:54:15+00:00</time>
      </trkpt>
      <trkpt lat="47.42817" lon="12.53747">
        <ele>1917</ele>
        <time>2026-05-13T01:54:18+00:00</time>
      </trkpt>
      <trkpt lat="47.42817" lon="12.53751">
        <ele>1916</ele>
        <time>2026-05-13T01:54:21+00:00</time>
      </trkpt>
      <trkpt lat="47.42819" lon="12.53755">
        <ele>1916</ele>
        <time>2026-05-13T01:54:24+00:00</time>
      </trkpt>
      <trkpt lat="47.42818" lon="12.53762">
        <ele>1915</ele>
        <time>2026-05-13T01:54:27+00:00</time>
      </trkpt>
      <trkpt lat="47.42819" lon="12.53767">
        <ele>1915</ele>
        <time>2026-05-13T01:54:30+00:00</time>
      </trkpt>
      <trkpt lat="47.42819" lon="12.5377">
        <ele>1914</ele>
        <time>2026-05-13T01:54:33+00:00</time>
      </trkpt>
      <trkpt lat="47.42821" lon="12.53777">
        <ele>1913</ele>
        <time>2026-05-13T01:54:36+00:00</time>
      </trkpt>
      <trkpt lat="47.4282" lon="12.53788">
        <ele>1913</ele>
        <time>2026-05-13T01:54:39+00:00</time>
      </trkpt>
      <trkpt lat="47.42823" lon="12.53795">
        <ele>1912</ele>
        <time>2026-05-13T01:54:42+00:00</time>
      </trkpt>
      <trkpt lat="47.42828" lon="12.53797">
        <ele>1912</ele>
        <time>2026-05-13T01:54:45+00:00</time>
      </trkpt>
      <trkpt lat="47.42829" lon="12.53799">
        <ele>1912</ele>
        <time>2026-05-13T01:54:48+00:00</time>
      </trkpt>
      <trkpt lat="47.42829" lon="12.53801">
        <ele>1911</ele>
        <time>2026-05-13T01:54:51+00:00</time>
      </trkpt>
      <trkpt lat="47.42831" lon="12.53804">
        <ele>1911</ele>
        <time>2026-05-13T01:54:54+00:00</time>
      </trkpt>
      <trkpt lat="47.42835" lon="12.53805">
        <ele>1911</ele>
        <time>2026-05-13T01:54:57+00:00</time>
      </trkpt>
      <trkpt lat="47.42835" lon="12.5381">
        <ele>1911</ele>
        <time>2026-05-13T01:55:00+00:00</time>
      </trkpt>
      <trkpt lat="47.42836" lon="12.53813">
        <ele>1910</ele>
        <time>2026-05-13T01:55:03+00:00</time>
      </trkpt>
      <trkpt lat="47.42836" lon="12.53817">
        <ele>1910</ele>
        <time>2026-05-13T01:55:06+00:00</time>
      </trkpt>
      <trkpt lat="47.42833" lon="12.53819">
        <ele>1910</ele>
        <time>2026-05-13T01:55:09+00:00</time>
      </trkpt>
      <trkpt lat="47.42833" lon="12.53828">
        <ele>1910</ele>
        <time>2026-05-13T01:55:12+00:00</time>
      </trkpt>
      <trkpt lat="47.42829" lon="12.53839">
        <ele>1910</ele>
        <time>2026-05-13T01:55:15+00:00</time>
      </trkpt>
      <trkpt lat="47.42825" lon="12.5384">
        <ele>1910</ele>
        <time>2026-05-13T01:55:18+00:00</time>
      </trkpt>
      <trkpt lat="47.42825" lon="12.53848">
        <ele>1910</ele>
        <time>2026-05-13T01:55:21+00:00</time>
      </trkpt>
      <trkpt lat="47.42827" lon="12.53855">
        <ele>1910</ele>
        <time>2026-05-13T01:55:24+00:00</time>
      </trkpt>
      <trkpt lat="47.42829" lon="12.53854">
        <ele>1910</ele>
        <time>2026-05-13T01:55:27+00:00</time>
      </trkpt>
      <trkpt lat="47.42832" lon="12.53866">
        <ele>1910</ele>
        <time>2026-05-13T01:55:30+00:00</time>
      </trkpt>
      <trkpt lat="47.42835" lon="12.53875">
        <ele>1910</ele>
        <time>2026-05-13T01:55:33+00:00</time>
      </trkpt>
      <trkpt lat="47.42832" lon="12.53884">
        <ele>1910</ele>
        <time>2026-05-13T01:55:36+00:00</time>
      </trkpt>
      <trkpt lat="47.42838" lon="12.53903">
        <ele>1911</ele>
        <time>2026-05-13T01:55:39+00:00</time>
      </trkpt>
      <trkpt lat="47.42843" lon="12.53908">
        <ele>1910</ele>
        <time>2026-05-13T01:55:42+00:00</time>
      </trkpt>
      <trkpt lat="47.42844" lon="12.53923">
        <ele>1911</ele>
        <time>2026-05-13T01:55:45+00:00</time>
      </trkpt>
      <trkpt lat="47.42848" lon="12.53939">
        <ele>1912</ele>
        <time>2026-05-13T01:55:48+00:00</time>
      </trkpt>
      <trkpt lat="47.42854" lon="12.53958">
        <ele>1913</ele>
        <time>2026-05-13T01:55:51+00:00</time>
      </trkpt>
      <trkpt lat="47.42858" lon="12.53974">
        <ele>1915</ele>
        <time>2026-05-13T01:55:54+00:00</time>
      </trkpt>
      <trkpt lat="47.42861" lon="12.5398">
        <ele>1914</ele>
        <time>2026-05-13T01:55:57+00:00</time>
      </trkpt>
      <trkpt lat="47.42864" lon="12.53996">
        <ele>1917</ele>
        <time>2026-05-13T01:56:00+00:00</time>
      </trkpt>
      <trkpt lat="47.42868" lon="12.54003">
        <ele>1918</ele>
        <time>2026-05-13T01:56:03+00:00</time>
      </trkpt>
      <trkpt lat="47.42873" lon="12.54004">
        <ele>1916</ele>
        <time>2026-05-13T01:56:06+00:00</time>
      </trkpt>
      <trkpt lat="47.42878" lon="12.54012">
        <ele>1918</ele>
        <time>2026-05-13T01:56:09+00:00</time>
      </trkpt>
      <trkpt lat="47.42879" lon="12.54014">
        <ele>1918</ele>
        <time>2026-05-13T01:56:12+00:00</time>
      </trkpt>
      <trkpt lat="47.4288" lon="12.54021">
        <ele>1919</ele>
        <time>2026-05-13T01:56:15+00:00</time>
      </trkpt>
      <trkpt lat="47.42877" lon="12.5403">
        <ele>1921</ele>
        <time>2026-05-13T01:56:18+00:00</time>
      </trkpt>
      <trkpt lat="47.42871" lon="12.54032">
        <ele>1921</ele>
        <time>2026-05-13T01:56:21+00:00</time>
      </trkpt>
      <trkpt lat="47.42868" lon="12.54032">
        <ele>1923</ele>
        <time>2026-05-13T01:56:24+00:00</time>
      </trkpt>
      <trkpt lat="47.42865" lon="12.54038">
        <ele>1923</ele>
        <time>2026-05-13T01:56:27+00:00</time>
      </trkpt>
      <trkpt lat="47.4286" lon="12.54044">
        <ele>1927</ele>
        <time>2026-05-13T01:56:30+00:00</time>
      </trkpt>
      <trkpt lat="47.42856" lon="12.54048">
        <ele>1927</ele>
        <time>2026-05-13T01:56:33+00:00</time>
      </trkpt>
      <trkpt lat="47.42853" lon="12.5405">
        <ele>1927</ele>
        <time>2026-05-13T01:56:36+00:00</time>
      </trkpt>
      <trkpt lat="47.42848" lon="12.54051">
        <ele>1930</ele>
        <time>2026-05-13T01:56:39+00:00</time>
      </trkpt>
      <trkpt lat="47.42843" lon="12.5405">
        <ele>1927</ele>
        <time>2026-05-13T01:56:42+00:00</time>
      </trkpt>
      <trkpt lat="47.42839" lon="12.54049">
        <ele>1928</ele>
        <time>2026-05-13T01:56:45+00:00</time>
      </trkpt>
      <trkpt lat="47.42832" lon="12.54052">
        <ele>1930</ele>
        <time>2026-05-13T01:56:48+00:00</time>
      </trkpt>
      <trkpt lat="47.42824" lon="12.54059">
        <ele>1931</ele>
        <time>2026-05-13T01:56:51+00:00</time>
      </trkpt>
      <trkpt lat="47.4282" lon="12.54062">
        <ele>1934</ele>
        <time>2026-05-13T01:56:54+00:00</time>
      </trkpt>
      <trkpt lat="47.42818" lon="12.54062">
        <ele>1934</ele>
        <time>2026-05-13T01:56:57+00:00</time>
      </trkpt>
      <trkpt lat="47.42809" lon="12.54062">
        <ele>1934</ele>
        <time>2026-05-13T01:57:00+00:00</time>
      </trkpt>
      <trkpt lat="47.42803" lon="12.54063">
        <ele>1934</ele>
        <time>2026-05-13T01:57:03+00:00</time>
      </trkpt>
      <trkpt lat="47.42799" lon="12.54068">
        <ele>1932</ele>
        <time>2026-05-13T01:57:06+00:00</time>
      </trkpt>
      <trkpt lat="47.42792" lon="12.54076">
        <ele>1934</ele>
        <time>2026-05-13T01:57:09+00:00</time>
      </trkpt>
      <trkpt lat="47.4279" lon="12.54079">
        <ele>1934</ele>
        <time>2026-05-13T01:57:12+00:00</time>
      </trkpt>
      <trkpt lat="47.42786" lon="12.54085">
        <ele>1934</ele>
        <time>2026-05-13T01:57:15+00:00</time>
      </trkpt>
      <trkpt lat="47.42785" lon="12.54093">
        <ele>1936</ele>
        <time>2026-05-13T01:57:18+00:00</time>
      </trkpt>
      <trkpt lat="47.42784" lon="12.54099">
        <ele>1936</ele>
        <time>2026-05-13T01:57:21+00:00</time>
      </trkpt>
      <trkpt lat="47.42779" lon="12.54106">
        <ele>1936</ele>
        <time>2026-05-13T01:57:24+00:00</time>
      </trkpt>
      <trkpt lat="47.42772" lon="12.54128">
        <ele>1942</ele>
        <time>2026-05-13T01:57:27+00:00</time>
      </trkpt>
      <trkpt lat="47.42767" lon="12.54137">
        <ele>1942</ele>
        <time>2026-05-13T01:57:30+00:00</time>
      </trkpt>
      <trkpt lat="47.4276" lon="12.54148">
        <ele>1942</ele>
        <time>2026-05-13T01:57:33+00:00</time>
      </trkpt>
      <trkpt lat="47.42746" lon="12.54172">
        <ele>1949</ele>
        <time>2026-05-13T01:57:36+00:00</time>
      </trkpt>
      <trkpt lat="47.4274" lon="12.54181">
        <ele>1952</ele>
        <time>2026-05-13T01:57:39+00:00</time>
      </trkpt>
      <trkpt lat="47.42735" lon="12.54194">
        <ele>1952</ele>
        <time>2026-05-13T01:57:42+00:00</time>
      </trkpt>
      <trkpt lat="47.4273" lon="12.54207">
        <ele>1956</ele>
        <time>2026-05-13T01:57:45+00:00</time>
      </trkpt>
      <trkpt lat="47.42727" lon="12.54222">
        <ele>1957</ele>
        <time>2026-05-13T01:57:48+00:00</time>
      </trkpt>
      <trkpt lat="47.42726" lon="12.54235">
        <ele>1960</ele>
        <time>2026-05-13T01:57:51+00:00</time>
      </trkpt>
      <trkpt lat="47.4272" lon="12.54252">
        <ele>1960</ele>
        <time>2026-05-13T01:57:54+00:00</time>
      </trkpt>
      <trkpt lat="47.42716" lon="12.54264">
        <ele>1963</ele>
        <time>2026-05-13T01:57:57+00:00</time>
      </trkpt>
      <trkpt lat="47.4271" lon="12.54275">
        <ele>1966</ele>
        <time>2026-05-13T01:58:00+00:00</time>
      </trkpt>
      <trkpt lat="47.42702" lon="12.54295">
        <ele>1966</ele>
        <time>2026-05-13T01:58:03+00:00</time>
      </trkpt>
      <trkpt lat="47.42699" lon="12.54313">
        <ele>1966</ele>
        <time>2026-05-13T01:58:06+00:00</time>
      </trkpt>
      <trkpt lat="47.42696" lon="12.54326">
        <ele>1968</ele>
        <time>2026-05-13T01:58:09+00:00</time>
      </trkpt>
      <trkpt lat="47.42691" lon="12.54343">
        <ele>1969</ele>
        <time>2026-05-13T01:58:12+00:00</time>
      </trkpt>
      <trkpt lat="47.42685" lon="12.54349">
        <ele>1968</ele>
        <time>2026-05-13T01:58:15+00:00</time>
      </trkpt>
      <trkpt lat="47.4268" lon="12.54369">
        <ele>1973</ele>
        <time>2026-05-13T01:58:18+00:00</time>
      </trkpt>
      <trkpt lat="47.42676" lon="12.54389">
        <ele>1971</ele>
        <time>2026-05-13T01:58:21+00:00</time>
      </trkpt>
      <trkpt lat="47.42675" lon="12.54393">
        <ele>1974</ele>
        <time>2026-05-13T01:58:24+00:00</time>
      </trkpt>
      <trkpt lat="47.42677" lon="12.54405">
        <ele>1976</ele>
        <time>2026-05-13T01:58:27+00:00</time>
      </trkpt>
      <trkpt lat="47.42674" lon="12.54419">
        <ele>1978</ele>
        <time>2026-05-13T01:58:30+00:00</time>
      </trkpt>
      <trkpt lat="47.42673" lon="12.54441">
        <ele>1977</ele>
        <time>2026-05-13T01:58:33+00:00</time>
      </trkpt>
      <trkpt lat="47.42666" lon="12.54451">
        <ele>1980</ele>
        <time>2026-05-13T01:58:36+00:00</time>
      </trkpt>
      <trkpt lat="47.42661" lon="12.54459">
        <ele>1980</ele>
        <time>2026-05-13T01:58:39+00:00</time>
      </trkpt>
      <trkpt lat="47.42658" lon="12.54463">
        <ele>1975</ele>
        <time>2026-05-13T01:58:42+00:00</time>
      </trkpt>
      <trkpt lat="47.42653" lon="12.54467">
        <ele>1978</ele>
        <time>2026-05-13T01:58:45+00:00</time>
      </trkpt>
      <trkpt lat="47.42649" lon="12.54472">
        <ele>1976</ele>
        <time>2026-05-13T01:58:48+00:00</time>
      </trkpt>
      <trkpt lat="47.42639" lon="12.54478">
        <ele>1978</ele>
        <time>2026-05-13T01:58:51+00:00</time>
      </trkpt>
      <trkpt lat="47.42632" lon="12.54482">
        <ele>1975</ele>
        <time>2026-05-13T01:58:54+00:00</time>
      </trkpt>
      <trkpt lat="47.42629" lon="12.54487">
        <ele>1972</ele>
        <time>2026-05-13T01:58:57+00:00</time>
      </trkpt>
      <trkpt lat="47.42633" lon="12.54491">
        <ele>1978</ele>
        <time>2026-05-13T01:59:00+00:00</time>
      </trkpt>
      <trkpt lat="47.42634" lon="12.54493">
        <ele>1978</ele>
        <time>2026-05-13T01:59:03+00:00</time>
      </trkpt>
      <trkpt lat="47.42644" lon="12.54495">
        <ele>1981</ele>
        <time>2026-05-13T01:59:06+00:00</time>
      </trkpt>
      <trkpt lat="47.42653" lon="12.54506">
        <ele>1986</ele>
        <time>2026-05-13T01:59:09+00:00</time>
      </trkpt>
      <trkpt lat="47.42662" lon="12.54515">
        <ele>1987</ele>
        <time>2026-05-13T01:59:12+00:00</time>
      </trkpt>
      <trkpt lat="47.4267" lon="12.54519">
        <ele>1987</ele>
        <time>2026-05-13T01:59:15+00:00</time>
      </trkpt>
      <trkpt lat="47.42674" lon="12.54525">
        <ele>1988</ele>
        <time>2026-05-13T01:59:18+00:00</time>
      </trkpt>
      <trkpt lat="47.42678" lon="12.54529">
        <ele>1988</ele>
        <time>2026-05-13T01:59:21+00:00</time>
      </trkpt>
      <trkpt lat="47.42681" lon="12.54536">
        <ele>1989</ele>
        <time>2026-05-13T01:59:24+00:00</time>
      </trkpt>
      <trkpt lat="47.42683" lon="12.54536">
        <ele>1989</ele>
        <time>2026-05-13T01:59:27+00:00</time>
      </trkpt>
      <trkpt lat="47.42684" lon="12.54532">
        <ele>1989</ele>
        <time>2026-05-13T01:59:30+00:00</time>
      </trkpt>
      <trkpt lat="47.42692" lon="12.54542">
        <ele>1989</ele>
        <time>2026-05-13T01:59:33+00:00</time>
      </trkpt>
      <trkpt lat="47.427" lon="12.54543">
        <ele>1989</ele>
        <time>2026-05-13T01:59:36+00:00</time>
      </trkpt>
      <trkpt lat="47.42703" lon="12.54543">
        <ele>1991</ele>
        <time>2026-05-13T01:59:39+00:00</time>
      </trkpt>
      <trkpt lat="47.42706" lon="12.54542">
        <ele>1991</ele>
        <time>2026-05-13T01:59:42+00:00</time>
      </trkpt>
      <trkpt lat="47.42712" lon="12.54541">
        <ele>1994</ele>
        <time>2026-05-13T01:59:45+00:00</time>
      </trkpt>
      <trkpt lat="47.42717" lon="12.54548">
        <ele>1994</ele>
        <time>2026-05-13T01:59:48+00:00</time>
      </trkpt>
      <trkpt lat="47.42719" lon="12.54553">
        <ele>1991</ele>
        <time>2026-05-13T01:59:51+00:00</time>
      </trkpt>
      <trkpt lat="47.42724" lon="12.54555">
        <ele>1994</ele>
        <time>2026-05-13T01:59:54+00:00</time>
      </trkpt>
      <trkpt lat="47.42736" lon="12.54557">
        <ele>1994</ele>
        <time>2026-05-13T01:59:57+00:00</time>
      </trkpt>
      <trkpt lat="47.42742" lon="12.54561">
        <ele>1997</ele>
        <time>2026-05-13T02:00:00+00:00</time>
      </trkpt>
      <trkpt lat="47.42746" lon="12.54573">
        <ele>1994</ele>
        <time>2026-05-13T02:00:03+00:00</time>
      </trkpt>
      <trkpt lat="47.42748" lon="12.5458">
        <ele>1994</ele>
        <time>2026-05-13T02:00:06+00:00</time>
      </trkpt>
      <trkpt lat="47.42748" lon="12.54586">
        <ele>1991</ele>
        <time>2026-05-13T02:00:09+00:00</time>
      </trkpt>
      <trkpt lat="47.42751" lon="12.54588">
        <ele>1995</ele>
        <time>2026-05-13T02:00:12+00:00</time>
      </trkpt>
      <trkpt lat="47.42751" lon="12.54588">
        <ele>1995</ele>
        <time>2026-05-13T02:00:15+00:00</time>
      </trkpt>
      <trkpt lat="47.42756" lon="12.54591">
        <ele>1993</ele>
        <time>2026-05-13T02:00:18+00:00</time>
      </trkpt>
      <trkpt lat="47.42759" lon="12.54593">
        <ele>1993</ele>
        <time>2026-05-13T02:00:21+00:00</time>
      </trkpt>
      <trkpt lat="47.42762" lon="12.54601">
        <ele>1989</ele>
        <time>2026-05-13T02:00:24+00:00</time>
      </trkpt>
      <trkpt lat="47.42765" lon="12.54609">
        <ele>1995</ele>
        <time>2026-05-13T02:00:27+00:00</time>
      </trkpt>
      <trkpt lat="47.42768" lon="12.54624">
        <ele>1990</ele>
        <time>2026-05-13T02:00:30+00:00</time>
      </trkpt>
      <trkpt lat="47.42769" lon="12.54642">
        <ele>1985</ele>
        <time>2026-05-13T02:00:33+00:00</time>
      </trkpt>
      <trkpt lat="47.42772" lon="12.54654">
        <ele>1987</ele>
        <time>2026-05-13T02:00:36+00:00</time>
      </trkpt>
      <trkpt lat="47.42774" lon="12.54664">
        <ele>1985</ele>
        <time>2026-05-13T02:00:39+00:00</time>
      </trkpt>
      <trkpt lat="47.42774" lon="12.54672">
        <ele>1983</ele>
        <time>2026-05-13T02:00:42+00:00</time>
      </trkpt>
      <trkpt lat="47.42774" lon="12.54684">
        <ele>1981</ele>
        <time>2026-05-13T02:00:45+00:00</time>
      </trkpt>
      <trkpt lat="47.42773" lon="12.54697">
        <ele>1979</ele>
        <time>2026-05-13T02:00:48+00:00</time>
      </trkpt>
      <trkpt lat="47.4277" lon="12.54713">
        <ele>1974</ele>
        <time>2026-05-13T02:00:51+00:00</time>
      </trkpt>
      <trkpt lat="47.42766" lon="12.5472">
        <ele>1967</ele>
        <time>2026-05-13T02:00:54+00:00</time>
      </trkpt>
      <trkpt lat="47.42761" lon="12.54734">
        <ele>1965</ele>
        <time>2026-05-13T02:00:57+00:00</time>
      </trkpt>
      <trkpt lat="47.42757" lon="12.54745">
        <ele>1958</ele>
        <time>2026-05-13T02:01:00+00:00</time>
      </trkpt>
      <trkpt lat="47.42752" lon="12.54755">
        <ele>1956</ele>
        <time>2026-05-13T02:01:03+00:00</time>
      </trkpt>
      <trkpt lat="47.42749" lon="12.54764">
        <ele>1949</ele>
        <time>2026-05-13T02:01:06+00:00</time>
      </trkpt>
      <trkpt lat="47.4274" lon="12.54761">
        <ele>1945</ele>
        <time>2026-05-13T02:01:09+00:00</time>
      </trkpt>
      <trkpt lat="47.42736" lon="12.54776">
        <ele>1942</ele>
        <time>2026-05-13T02:01:12+00:00</time>
      </trkpt>
      <trkpt lat="47.42732" lon="12.54791">
        <ele>1938</ele>
        <time>2026-05-13T02:01:15+00:00</time>
      </trkpt>
      <trkpt lat="47.42729" lon="12.54807">
        <ele>1931</ele>
        <time>2026-05-13T02:01:18+00:00</time>
      </trkpt>
      <trkpt lat="47.42727" lon="12.54822">
        <ele>1926</ele>
        <time>2026-05-13T02:01:21+00:00</time>
      </trkpt>
      <trkpt lat="47.42725" lon="12.54835">
        <ele>1924</ele>
        <time>2026-05-13T02:01:24+00:00</time>
      </trkpt>
      <trkpt lat="47.42723" lon="12.54842">
        <ele>1922</ele>
        <time>2026-05-13T02:01:27+00:00</time>
      </trkpt>
      <trkpt lat="47.42714" lon="12.54837">
        <ele>1919</ele>
        <time>2026-05-13T02:01:30+00:00</time>
      </trkpt>
      <trkpt lat="47.42712" lon="12.54838">
        <ele>1919</ele>
        <time>2026-05-13T02:01:33+00:00</time>
      </trkpt>
      <trkpt lat="47.42709" lon="12.54843">
        <ele>1912</ele>
        <time>2026-05-13T02:01:36+00:00</time>
      </trkpt>
      <trkpt lat="47.42709" lon="12.54848">
        <ele>1912</ele>
        <time>2026-05-13T02:01:39+00:00</time>
      </trkpt>
      <trkpt lat="47.42704" lon="12.54862">
        <ele>1907</ele>
        <time>2026-05-13T02:01:42+00:00</time>
      </trkpt>
      <trkpt lat="47.42704" lon="12.54867">
        <ele>1907</ele>
        <time>2026-05-13T02:01:45+00:00</time>
      </trkpt>
      <trkpt lat="47.42702" lon="12.54869">
        <ele>1907</ele>
        <time>2026-05-13T02:01:48+00:00</time>
      </trkpt>
      <trkpt lat="47.42711" lon="12.5488">
        <ele>1906</ele>
        <time>2026-05-13T02:01:51+00:00</time>
      </trkpt>
      <trkpt lat="47.42723" lon="12.54897">
        <ele>1908</ele>
        <time>2026-05-13T02:01:54+00:00</time>
      </trkpt>
      <trkpt lat="47.42732" lon="12.54912">
        <ele>1906</ele>
        <time>2026-05-13T02:01:57+00:00</time>
      </trkpt>
      <trkpt lat="47.42738" lon="12.54923">
        <ele>1903</ele>
        <time>2026-05-13T02:02:00+00:00</time>
      </trkpt>
      <trkpt lat="47.42743" lon="12.54951">
        <ele>1899</ele>
        <time>2026-05-13T02:02:03+00:00</time>
      </trkpt>
      <trkpt lat="47.42746" lon="12.54972">
        <ele>1893</ele>
        <time>2026-05-13T02:02:06+00:00</time>
      </trkpt>
      <trkpt lat="47.42757" lon="12.55006">
        <ele>1889</ele>
        <time>2026-05-13T02:02:09+00:00</time>
      </trkpt>
      <trkpt lat="47.42762" lon="12.55027">
        <ele>1887</ele>
        <time>2026-05-13T02:02:12+00:00</time>
      </trkpt>
      <trkpt lat="47.42767" lon="12.55049">
        <ele>1882</ele>
        <time>2026-05-13T02:02:15+00:00</time>
      </trkpt>
      <trkpt lat="47.42769" lon="12.55067">
        <ele>1878</ele>
        <time>2026-05-13T02:02:18+00:00</time>
      </trkpt>
      <trkpt lat="47.42771" lon="12.55084">
        <ele>1875</ele>
        <time>2026-05-13T02:02:21+00:00</time>
      </trkpt>
      <trkpt lat="47.42773" lon="12.55114">
        <ele>1869</ele>
        <time>2026-05-13T02:02:24+00:00</time>
      </trkpt>
      <trkpt lat="47.42775" lon="12.55136">
        <ele>1865</ele>
        <time>2026-05-13T02:02:27+00:00</time>
      </trkpt>
      <trkpt lat="47.42776" lon="12.55151">
        <ele>1862</ele>
        <time>2026-05-13T02:02:30+00:00</time>
      </trkpt>
      <trkpt lat="47.42776" lon="12.55167">
        <ele>1861</ele>
        <time>2026-05-13T02:02:33+00:00</time>
      </trkpt>
      <trkpt lat="47.42776" lon="12.55181">
        <ele>1858</ele>
        <time>2026-05-13T02:02:36+00:00</time>
      </trkpt>
      <trkpt lat="47.42777" lon="12.55209">
        <ele>1856</ele>
        <time>2026-05-13T02:02:39+00:00</time>
      </trkpt>
      <trkpt lat="47.42788" lon="12.55189">
        <ele>1857</ele>
        <time>2026-05-13T02:02:42+00:00</time>
      </trkpt>
      <trkpt lat="47.42795" lon="12.55201">
        <ele>1855</ele>
        <time>2026-05-13T02:02:45+00:00</time>
      </trkpt>
      <trkpt lat="47.42801" lon="12.55211">
        <ele>1853</ele>
        <time>2026-05-13T02:02:48+00:00</time>
      </trkpt>
      <trkpt lat="47.42809" lon="12.55221">
        <ele>1852</ele>
        <time>2026-05-13T02:02:51+00:00</time>
      </trkpt>
      <trkpt lat="47.42814" lon="12.55227">
        <ele>1849</ele>
        <time>2026-05-13T02:02:54+00:00</time>
      </trkpt>
      <trkpt lat="47.42819" lon="12.55235">
        <ele>1848</ele>
        <time>2026-05-13T02:02:57+00:00</time>
      </trkpt>
      <trkpt lat="47.42821" lon="12.55237">
        <ele>1844</ele>
        <time>2026-05-13T02:03:00+00:00</time>
      </trkpt>
      <trkpt lat="47.42824" lon="12.55242">
        <ele>1843</ele>
        <time>2026-05-13T02:03:03+00:00</time>
      </trkpt>
      <trkpt lat="47.42827" lon="12.55244">
        <ele>1843</ele>
        <time>2026-05-13T02:03:06+00:00</time>
      </trkpt>
      <trkpt lat="47.42832" lon="12.55233">
        <ele>1840</ele>
        <time>2026-05-13T02:03:09+00:00</time>
      </trkpt>
      <trkpt lat="47.42837" lon="12.5522">
        <ele>1841</ele>
        <time>2026-05-13T02:03:12+00:00</time>
      </trkpt>
      <trkpt lat="47.42842" lon="12.55206">
        <ele>1839</ele>
        <time>2026-05-13T02:03:15+00:00</time>
      </trkpt>
      <trkpt lat="47.42844" lon="12.55191">
        <ele>1841</ele>
        <time>2026-05-13T02:03:18+00:00</time>
      </trkpt>
      <trkpt lat="47.42848" lon="12.55181">
        <ele>1841</ele>
        <time>2026-05-13T02:03:21+00:00</time>
      </trkpt>
      <trkpt lat="47.42856" lon="12.55166">
        <ele>1842</ele>
        <time>2026-05-13T02:03:24+00:00</time>
      </trkpt>
      <trkpt lat="47.42864" lon="12.55155">
        <ele>1840</ele>
        <time>2026-05-13T02:03:27+00:00</time>
      </trkpt>
      <trkpt lat="47.42869" lon="12.55139">
        <ele>1840</ele>
        <time>2026-05-13T02:03:30+00:00</time>
      </trkpt>
      <trkpt lat="47.42875" lon="12.55129">
        <ele>1843</ele>
        <time>2026-05-13T02:03:33+00:00</time>
      </trkpt>
      <trkpt lat="47.4288" lon="12.55118">
        <ele>1840</ele>
        <time>2026-05-13T02:03:36+00:00</time>
      </trkpt>
      <trkpt lat="47.42892" lon="12.55104">
        <ele>1838</ele>
        <time>2026-05-13T02:03:39+00:00</time>
      </trkpt>
      <trkpt lat="47.42898" lon="12.55099">
        <ele>1841</ele>
        <time>2026-05-13T02:03:42+00:00</time>
      </trkpt>
      <trkpt lat="47.42909" lon="12.55095">
        <ele>1835</ele>
        <time>2026-05-13T02:03:45+00:00</time>
      </trkpt>
      <trkpt lat="47.42919" lon="12.5509">
        <ele>1833</ele>
        <time>2026-05-13T02:03:48+00:00</time>
      </trkpt>
      <trkpt lat="47.42927" lon="12.55091">
        <ele>1825</ele>
        <time>2026-05-13T02:03:51+00:00</time>
      </trkpt>
      <trkpt lat="47.42934" lon="12.5509">
        <ele>1822</ele>
        <time>2026-05-13T02:03:54+00:00</time>
      </trkpt>
      <trkpt lat="47.42943" lon="12.55088">
        <ele>1818</ele>
        <time>2026-05-13T02:03:57+00:00</time>
      </trkpt>
      <trkpt lat="47.42952" lon="12.55087">
        <ele>1815</ele>
        <time>2026-05-13T02:04:00+00:00</time>
      </trkpt>
      <trkpt lat="47.42962" lon="12.5508">
        <ele>1814</ele>
        <time>2026-05-13T02:04:03+00:00</time>
      </trkpt>
      <trkpt lat="47.42971" lon="12.55081">
        <ele>1809</ele>
        <time>2026-05-13T02:04:06+00:00</time>
      </trkpt>
      <trkpt lat="47.42979" lon="12.5508">
        <ele>1811</ele>
        <time>2026-05-13T02:04:09+00:00</time>
      </trkpt>
      <trkpt lat="47.42987" lon="12.55077">
        <ele>1808</ele>
        <time>2026-05-13T02:04:12+00:00</time>
      </trkpt>
      <trkpt lat="47.42997" lon="12.55075">
        <ele>1805</ele>
        <time>2026-05-13T02:04:15+00:00</time>
      </trkpt>
      <trkpt lat="47.43007" lon="12.55073">
        <ele>1802</ele>
        <time>2026-05-13T02:04:18+00:00</time>
      </trkpt>
      <trkpt lat="47.43018" lon="12.55077">
        <ele>1800</ele>
        <time>2026-05-13T02:04:21+00:00</time>
      </trkpt>
      <trkpt lat="47.43025" lon="12.55078">
        <ele>1798</ele>
        <time>2026-05-13T02:04:24+00:00</time>
      </trkpt>
      <trkpt lat="47.43035" lon="12.5508">
        <ele>1797</ele>
        <time>2026-05-13T02:04:27+00:00</time>
      </trkpt>
      <trkpt lat="47.43036" lon="12.55093">
        <ele>1791</ele>
        <time>2026-05-13T02:04:30+00:00</time>
      </trkpt>
      <trkpt lat="47.43037" lon="12.55098">
        <ele>1791</ele>
        <time>2026-05-13T02:04:33+00:00</time>
      </trkpt>
      <trkpt lat="47.43042" lon="12.55105">
        <ele>1787</ele>
        <time>2026-05-13T02:04:36+00:00</time>
      </trkpt>
      <trkpt lat="47.4305" lon="12.55108">
        <ele>1785</ele>
        <time>2026-05-13T02:04:39+00:00</time>
      </trkpt>
      <trkpt lat="47.43058" lon="12.55111">
        <ele>1782</ele>
        <time>2026-05-13T02:04:42+00:00</time>
      </trkpt>
      <trkpt lat="47.43061" lon="12.55116">
        <ele>1781</ele>
        <time>2026-05-13T02:04:45+00:00</time>
      </trkpt>
      <trkpt lat="47.43068" lon="12.55119">
        <ele>1781</ele>
        <time>2026-05-13T02:04:48+00:00</time>
      </trkpt>
      <trkpt lat="47.43073" lon="12.55121">
        <ele>1776</ele>
        <time>2026-05-13T02:04:51+00:00</time>
      </trkpt>
      <trkpt lat="47.43079" lon="12.55123">
        <ele>1776</ele>
        <time>2026-05-13T02:04:54+00:00</time>
      </trkpt>
      <trkpt lat="47.43092" lon="12.55128">
        <ele>1770</ele>
        <time>2026-05-13T02:04:57+00:00</time>
      </trkpt>
      <trkpt lat="47.43098" lon="12.55127">
        <ele>1770</ele>
        <time>2026-05-13T02:05:00+00:00</time>
      </trkpt>
      <trkpt lat="47.43111" lon="12.55126">
        <ele>1763</ele>
        <time>2026-05-13T02:05:03+00:00</time>
      </trkpt>
      <trkpt lat="47.43122" lon="12.55124">
        <ele>1760</ele>
        <time>2026-05-13T02:05:06+00:00</time>
      </trkpt>
      <trkpt lat="47.43131" lon="12.55123">
        <ele>1757</ele>
        <time>2026-05-13T02:05:09+00:00</time>
      </trkpt>
      <trkpt lat="47.4314" lon="12.55134">
        <ele>1750</ele>
        <time>2026-05-13T02:05:12+00:00</time>
      </trkpt>
      <trkpt lat="47.43137" lon="12.55145">
        <ele>1751</ele>
        <time>2026-05-13T02:05:15+00:00</time>
      </trkpt>
      <trkpt lat="47.43145" lon="12.55153">
        <ele>1744</ele>
        <time>2026-05-13T02:05:18+00:00</time>
      </trkpt>
      <trkpt lat="47.43154" lon="12.55159">
        <ele>1740</ele>
        <time>2026-05-13T02:05:21+00:00</time>
      </trkpt>
      <trkpt lat="47.43153" lon="12.55167">
        <ele>1737</ele>
        <time>2026-05-13T02:05:24+00:00</time>
      </trkpt>
      <trkpt lat="47.4315" lon="12.55187">
        <ele>1734</ele>
        <time>2026-05-13T02:05:27+00:00</time>
      </trkpt>
      <trkpt lat="47.43148" lon="12.55201">
        <ele>1729</ele>
        <time>2026-05-13T02:05:30+00:00</time>
      </trkpt>
      <trkpt lat="47.43159" lon="12.55206">
        <ele>1725</ele>
        <time>2026-05-13T02:05:33+00:00</time>
      </trkpt>
      <trkpt lat="47.43168" lon="12.55204">
        <ele>1721</ele>
        <time>2026-05-13T02:05:36+00:00</time>
      </trkpt>
      <trkpt lat="47.43177" lon="12.55201">
        <ele>1717</ele>
        <time>2026-05-13T02:05:39+00:00</time>
      </trkpt>
      <trkpt lat="47.4318" lon="12.55201">
        <ele>1714</ele>
        <time>2026-05-13T02:05:42+00:00</time>
      </trkpt>
      <trkpt lat="47.43189" lon="12.55199">
        <ele>1716</ele>
        <time>2026-05-13T02:05:45+00:00</time>
      </trkpt>
      <trkpt lat="47.43194" lon="12.55196">
        <ele>1712</ele>
        <time>2026-05-13T02:05:48+00:00</time>
      </trkpt>
      <trkpt lat="47.43206" lon="12.55188">
        <ele>1712</ele>
        <time>2026-05-13T02:05:51+00:00</time>
      </trkpt>
      <trkpt lat="47.43216" lon="12.55181">
        <ele>1708</ele>
        <time>2026-05-13T02:05:54+00:00</time>
      </trkpt>
      <trkpt lat="47.43222" lon="12.55183">
        <ele>1704</ele>
        <time>2026-05-13T02:05:57+00:00</time>
      </trkpt>
      <trkpt lat="47.43223" lon="12.55186">
        <ele>1704</ele>
        <time>2026-05-13T02:06:00+00:00</time>
      </trkpt>
      <trkpt lat="47.43228" lon="12.5519">
        <ele>1704</ele>
        <time>2026-05-13T02:06:03+00:00</time>
      </trkpt>
      <trkpt lat="47.4323" lon="12.55196">
        <ele>1696</ele>
        <time>2026-05-13T02:06:06+00:00</time>
      </trkpt>
      <trkpt lat="47.43236" lon="12.55199">
        <ele>1696</ele>
        <time>2026-05-13T02:06:09+00:00</time>
      </trkpt>
      <trkpt lat="47.43239" lon="12.55203">
        <ele>1694</ele>
        <time>2026-05-13T02:06:12+00:00</time>
      </trkpt>
      <trkpt lat="47.43238" lon="12.55211">
        <ele>1691</ele>
        <time>2026-05-13T02:06:15+00:00</time>
      </trkpt>
      <trkpt lat="47.43241" lon="12.55218">
        <ele>1687</ele>
        <time>2026-05-13T02:06:18+00:00</time>
      </trkpt>
      <trkpt lat="47.43243" lon="12.55222">
        <ele>1684</ele>
        <time>2026-05-13T02:06:21+00:00</time>
      </trkpt>
      <trkpt lat="47.43242" lon="12.55229">
        <ele>1684</ele>
        <time>2026-05-13T02:06:24+00:00</time>
      </trkpt>
      <trkpt lat="47.43246" lon="12.55233">
        <ele>1681</ele>
        <time>2026-05-13T02:06:27+00:00</time>
      </trkpt>
      <trkpt lat="47.43249" lon="12.55245">
        <ele>1678</ele>
        <time>2026-05-13T02:06:30+00:00</time>
      </trkpt>
      <trkpt lat="47.43249" lon="12.55247">
        <ele>1678</ele>
        <time>2026-05-13T02:06:33+00:00</time>
      </trkpt>
      <trkpt lat="47.43249" lon="12.55258">
        <ele>1676</ele>
        <time>2026-05-13T02:06:36+00:00</time>
      </trkpt>
      <trkpt lat="47.43251" lon="12.55258">
        <ele>1671</ele>
        <time>2026-05-13T02:06:39+00:00</time>
      </trkpt>
      <trkpt lat="47.43254" lon="12.55265">
        <ele>1669</ele>
        <time>2026-05-13T02:06:42+00:00</time>
      </trkpt>
      <trkpt lat="47.43253" lon="12.55268">
        <ele>1669</ele>
        <time>2026-05-13T02:06:45+00:00</time>
      </trkpt>
      <trkpt lat="47.43256" lon="12.55272">
        <ele>1667</ele>
        <time>2026-05-13T02:06:48+00:00</time>
      </trkpt>
      <trkpt lat="47.43261" lon="12.55272">
        <ele>1662</ele>
        <time>2026-05-13T02:06:51+00:00</time>
      </trkpt>
      <trkpt lat="47.43262" lon="12.55278">
        <ele>1662</ele>
        <time>2026-05-13T02:06:54+00:00</time>
      </trkpt>
      <trkpt lat="47.43268" lon="12.55273">
        <ele>1662</ele>
        <time>2026-05-13T02:06:57+00:00</time>
      </trkpt>
      <trkpt lat="47.43274" lon="12.55269">
        <ele>1660</ele>
        <time>2026-05-13T02:07:00+00:00</time>
      </trkpt>
      <trkpt lat="47.43274" lon="12.55278">
        <ele>1658</ele>
        <time>2026-05-13T02:07:03+00:00</time>
      </trkpt>
      <trkpt lat="47.43276" lon="12.55289">
        <ele>1656</ele>
        <time>2026-05-13T02:07:06+00:00</time>
      </trkpt>
      <trkpt lat="47.4328" lon="12.55301">
        <ele>1652</ele>
        <time>2026-05-13T02:07:09+00:00</time>
      </trkpt>
      <trkpt lat="47.4328" lon="12.55315">
        <ele>1650</ele>
        <time>2026-05-13T02:07:12+00:00</time>
      </trkpt>
      <trkpt lat="47.43281" lon="12.55325">
        <ele>1643</ele>
        <time>2026-05-13T02:07:15+00:00</time>
      </trkpt>
      <trkpt lat="47.43281" lon="12.55336">
        <ele>1641</ele>
        <time>2026-05-13T02:07:18+00:00</time>
      </trkpt>
      <trkpt lat="47.43289" lon="12.55346">
        <ele>1639</ele>
        <time>2026-05-13T02:07:21+00:00</time>
      </trkpt>
      <trkpt lat="47.43294" lon="12.55355">
        <ele>1632</ele>
        <time>2026-05-13T02:07:24+00:00</time>
      </trkpt>
      <trkpt lat="47.43298" lon="12.55365">
        <ele>1631</ele>
        <time>2026-05-13T02:07:27+00:00</time>
      </trkpt>
      <trkpt lat="47.43304" lon="12.55357">
        <ele>1626</ele>
        <time>2026-05-13T02:07:30+00:00</time>
      </trkpt>
      <trkpt lat="47.43308" lon="12.55351">
        <ele>1626</ele>
        <time>2026-05-13T02:07:33+00:00</time>
      </trkpt>
      <trkpt lat="47.43311" lon="12.55369">
        <ele>1619</ele>
        <time>2026-05-13T02:07:36+00:00</time>
      </trkpt>
      <trkpt lat="47.43313" lon="12.55379">
        <ele>1617</ele>
        <time>2026-05-13T02:07:39+00:00</time>
      </trkpt>
      <trkpt lat="47.43317" lon="12.55375">
        <ele>1617</ele>
        <time>2026-05-13T02:07:42+00:00</time>
      </trkpt>
      <trkpt lat="47.43319" lon="12.55384">
        <ele>1616</ele>
        <time>2026-05-13T02:07:45+00:00</time>
      </trkpt>
      <trkpt lat="47.43322" lon="12.55388">
        <ele>1610</ele>
        <time>2026-05-13T02:07:48+00:00</time>
      </trkpt>
      <trkpt lat="47.43325" lon="12.554">
        <ele>1608</ele>
        <time>2026-05-13T02:07:51+00:00</time>
      </trkpt>
      <trkpt lat="47.43323" lon="12.55413">
        <ele>1606</ele>
        <time>2026-05-13T02:07:54+00:00</time>
      </trkpt>
      <trkpt lat="47.43321" lon="12.55431">
        <ele>1604</ele>
        <time>2026-05-13T02:07:57+00:00</time>
      </trkpt>
      <trkpt lat="47.43319" lon="12.55439">
        <ele>1609</ele>
        <time>2026-05-13T02:08:00+00:00</time>
      </trkpt>
      <trkpt lat="47.43314" lon="12.55452">
        <ele>1607</ele>
        <time>2026-05-13T02:08:03+00:00</time>
      </trkpt>
      <trkpt lat="47.4332" lon="12.55449">
        <ele>1602</ele>
        <time>2026-05-13T02:08:06+00:00</time>
      </trkpt>
      <trkpt lat="47.43332" lon="12.55444">
        <ele>1596</ele>
        <time>2026-05-13T02:08:09+00:00</time>
      </trkpt>
      <trkpt lat="47.43345" lon="12.55431">
        <ele>1592</ele>
        <time>2026-05-13T02:08:12+00:00</time>
      </trkpt>
      <trkpt lat="47.43352" lon="12.5541">
        <ele>1590</ele>
        <time>2026-05-13T02:08:15+00:00</time>
      </trkpt>
      <trkpt lat="47.43353" lon="12.55404">
        <ele>1593</ele>
        <time>2026-05-13T02:08:18+00:00</time>
      </trkpt>
      <trkpt lat="47.43352" lon="12.55401">
        <ele>1590</ele>
        <time>2026-05-13T02:08:21+00:00</time>
      </trkpt>
      <trkpt lat="47.43353" lon="12.55397">
        <ele>1591</ele>
        <time>2026-05-13T02:08:24+00:00</time>
      </trkpt>
      <trkpt lat="47.43353" lon="12.55389">
        <ele>1593</ele>
        <time>2026-05-13T02:08:27+00:00</time>
      </trkpt>
      <trkpt lat="47.43354" lon="12.55383">
        <ele>1593</ele>
        <time>2026-05-13T02:08:30+00:00</time>
      </trkpt>
      <trkpt lat="47.43354" lon="12.55377">
        <ele>1594</ele>
        <time>2026-05-13T02:08:33+00:00</time>
      </trkpt>
      <trkpt lat="47.43354" lon="12.55372">
        <ele>1594</ele>
        <time>2026-05-13T02:08:36+00:00</time>
      </trkpt>
      <trkpt lat="47.43354" lon="12.55365">
        <ele>1595</ele>
        <time>2026-05-13T02:08:39+00:00</time>
      </trkpt>
      <trkpt lat="47.43353" lon="12.55346">
        <ele>1594</ele>
        <time>2026-05-13T02:08:42+00:00</time>
      </trkpt>
      <trkpt lat="47.43353" lon="12.5534">
        <ele>1599</ele>
        <time>2026-05-13T02:08:45+00:00</time>
      </trkpt>
      <trkpt lat="47.43356" lon="12.55332">
        <ele>1599</ele>
        <time>2026-05-13T02:08:48+00:00</time>
      </trkpt>
      <trkpt lat="47.43359" lon="12.55326">
        <ele>1601</ele>
        <time>2026-05-13T02:08:51+00:00</time>
      </trkpt>
      <trkpt lat="47.43362" lon="12.55326">
        <ele>1593</ele>
        <time>2026-05-13T02:08:54+00:00</time>
      </trkpt>
      <trkpt lat="47.43366" lon="12.55326">
        <ele>1595</ele>
        <time>2026-05-13T02:08:57+00:00</time>
      </trkpt>
      <trkpt lat="47.4337" lon="12.55335">
        <ele>1587</ele>
        <time>2026-05-13T02:09:00+00:00</time>
      </trkpt>
      <trkpt lat="47.4337" lon="12.55346">
        <ele>1592</ele>
        <time>2026-05-13T02:09:03+00:00</time>
      </trkpt>
      <trkpt lat="47.4337" lon="12.55354">
        <ele>1585</ele>
        <time>2026-05-13T02:09:06+00:00</time>
      </trkpt>
      <trkpt lat="47.43371" lon="12.55357">
        <ele>1585</ele>
        <time>2026-05-13T02:09:09+00:00</time>
      </trkpt>
      <trkpt lat="47.43372" lon="12.55367">
        <ele>1583</ele>
        <time>2026-05-13T02:09:12+00:00</time>
      </trkpt>
      <trkpt lat="47.43374" lon="12.55374">
        <ele>1582</ele>
        <time>2026-05-13T02:09:15+00:00</time>
      </trkpt>
      <trkpt lat="47.43376" lon="12.55382">
        <ele>1581</ele>
        <time>2026-05-13T02:09:18+00:00</time>
      </trkpt>
      <trkpt lat="47.43378" lon="12.55389">
        <ele>1581</ele>
        <time>2026-05-13T02:09:21+00:00</time>
      </trkpt>
      <trkpt lat="47.4338" lon="12.55397">
        <ele>1580</ele>
        <time>2026-05-13T02:09:24+00:00</time>
      </trkpt>
      <trkpt lat="47.43382" lon="12.55404">
        <ele>1573</ele>
        <time>2026-05-13T02:09:27+00:00</time>
      </trkpt>
      <trkpt lat="47.43383" lon="12.55409">
        <ele>1573</ele>
        <time>2026-05-13T02:09:30+00:00</time>
      </trkpt>
      <trkpt lat="47.43386" lon="12.5542">
        <ele>1572</ele>
        <time>2026-05-13T02:09:33+00:00</time>
      </trkpt>
      <trkpt lat="47.43388" lon="12.55426">
        <ele>1571</ele>
        <time>2026-05-13T02:09:36+00:00</time>
      </trkpt>
      <trkpt lat="47.4339" lon="12.55434">
        <ele>1569</ele>
        <time>2026-05-13T02:09:39+00:00</time>
      </trkpt>
      <trkpt lat="47.43391" lon="12.55439">
        <ele>1564</ele>
        <time>2026-05-13T02:09:42+00:00</time>
      </trkpt>
      <trkpt lat="47.43392" lon="12.55448">
        <ele>1563</ele>
        <time>2026-05-13T02:09:45+00:00</time>
      </trkpt>
      <trkpt lat="47.43393" lon="12.55457">
        <ele>1562</ele>
        <time>2026-05-13T02:09:48+00:00</time>
      </trkpt>
      <trkpt lat="47.43395" lon="12.55463">
        <ele>1561</ele>
        <time>2026-05-13T02:09:51+00:00</time>
      </trkpt>
      <trkpt lat="47.43396" lon="12.55473">
        <ele>1560</ele>
        <time>2026-05-13T02:09:54+00:00</time>
      </trkpt>
      <trkpt lat="47.43397" lon="12.55479">
        <ele>1560</ele>
        <time>2026-05-13T02:09:57+00:00</time>
      </trkpt>
      <trkpt lat="47.43396" lon="12.55489">
        <ele>1559</ele>
        <time>2026-05-13T02:10:00+00:00</time>
      </trkpt>
      <trkpt lat="47.43396" lon="12.55497">
        <ele>1558</ele>
        <time>2026-05-13T02:10:03+00:00</time>
      </trkpt>
      <trkpt lat="47.43399" lon="12.55503">
        <ele>1557</ele>
        <time>2026-05-13T02:10:06+00:00</time>
      </trkpt>
      <trkpt lat="47.434" lon="12.55505">
        <ele>1552</ele>
        <time>2026-05-13T02:10:09+00:00</time>
      </trkpt>
      <trkpt lat="47.43405" lon="12.55502">
        <ele>1552</ele>
        <time>2026-05-13T02:10:12+00:00</time>
      </trkpt>
      <trkpt lat="47.43408" lon="12.555">
        <ele>1552</ele>
        <time>2026-05-13T02:10:15+00:00</time>
      </trkpt>
      <trkpt lat="47.43411" lon="12.55495">
        <ele>1554</ele>
        <time>2026-05-13T02:10:18+00:00</time>
      </trkpt>
      <trkpt lat="47.43414" lon="12.55489">
        <ele>1548</ele>
        <time>2026-05-13T02:10:21+00:00</time>
      </trkpt>
      <trkpt lat="47.43416" lon="12.55465">
        <ele>1553</ele>
        <time>2026-05-13T02:10:24+00:00</time>
      </trkpt>
      <trkpt lat="47.43417" lon="12.5545">
        <ele>1551</ele>
        <time>2026-05-13T02:10:27+00:00</time>
      </trkpt>
      <trkpt lat="47.43418" lon="12.55438">
        <ele>1553</ele>
        <time>2026-05-13T02:10:30+00:00</time>
      </trkpt>
      <trkpt lat="47.4342" lon="12.55422">
        <ele>1554</ele>
        <time>2026-05-13T02:10:33+00:00</time>
      </trkpt>
      <trkpt lat="47.43421" lon="12.55414">
        <ele>1550</ele>
        <time>2026-05-13T02:10:36+00:00</time>
      </trkpt>
      <trkpt lat="47.43424" lon="12.55401">
        <ele>1553</ele>
        <time>2026-05-13T02:10:39+00:00</time>
      </trkpt>
      <trkpt lat="47.43426" lon="12.55394">
        <ele>1552</ele>
        <time>2026-05-13T02:10:42+00:00</time>
      </trkpt>
      <trkpt lat="47.43428" lon="12.55385">
        <ele>1553</ele>
        <time>2026-05-13T02:10:45+00:00</time>
      </trkpt>
      <trkpt lat="47.43429" lon="12.55376">
        <ele>1554</ele>
        <time>2026-05-13T02:10:48+00:00</time>
      </trkpt>
      <trkpt lat="47.4343" lon="12.55369">
        <ele>1552</ele>
        <time>2026-05-13T02:10:51+00:00</time>
      </trkpt>
      <trkpt lat="47.43432" lon="12.5536">
        <ele>1552</ele>
        <time>2026-05-13T02:10:54+00:00</time>
      </trkpt>
      <trkpt lat="47.43433" lon="12.55353">
        <ele>1553</ele>
        <time>2026-05-13T02:10:57+00:00</time>
      </trkpt>
      <trkpt lat="47.43437" lon="12.5534">
        <ele>1554</ele>
        <time>2026-05-13T02:11:00+00:00</time>
      </trkpt>
      <trkpt lat="47.4344" lon="12.55331">
        <ele>1553</ele>
        <time>2026-05-13T02:11:03+00:00</time>
      </trkpt>
      <trkpt lat="47.43448" lon="12.55321">
        <ele>1555</ele>
        <time>2026-05-13T02:11:06+00:00</time>
      </trkpt>
      <trkpt lat="47.43457" lon="12.55319">
        <ele>1554</ele>
        <time>2026-05-13T02:11:09+00:00</time>
      </trkpt>
      <trkpt lat="47.43463" lon="12.55319">
        <ele>1552</ele>
        <time>2026-05-13T02:11:12+00:00</time>
      </trkpt>
      <trkpt lat="47.43466" lon="12.55319">
        <ele>1552</ele>
        <time>2026-05-13T02:11:15+00:00</time>
      </trkpt>
      <trkpt lat="47.43475" lon="12.55317">
        <ele>1549</ele>
        <time>2026-05-13T02:11:18+00:00</time>
      </trkpt>
      <trkpt lat="47.43484" lon="12.55316">
        <ele>1547</ele>
        <time>2026-05-13T02:11:21+00:00</time>
      </trkpt>
      <trkpt lat="47.4349" lon="12.55315">
        <ele>1545</ele>
        <time>2026-05-13T02:11:24+00:00</time>
      </trkpt>
      <trkpt lat="47.43496" lon="12.55315">
        <ele>1545</ele>
        <time>2026-05-13T02:11:27+00:00</time>
      </trkpt>
      <trkpt lat="47.43506" lon="12.55313">
        <ele>1543</ele>
        <time>2026-05-13T02:11:30+00:00</time>
      </trkpt>
      <trkpt lat="47.43515" lon="12.55307">
        <ele>1543</ele>
        <time>2026-05-13T02:11:33+00:00</time>
      </trkpt>
      <trkpt lat="47.43521" lon="12.55304">
        <ele>1541</ele>
        <time>2026-05-13T02:11:36+00:00</time>
      </trkpt>
      <trkpt lat="47.43528" lon="12.55301">
        <ele>1541</ele>
        <time>2026-05-13T02:11:39+00:00</time>
      </trkpt>
      <trkpt lat="47.43537" lon="12.55302">
        <ele>1539</ele>
        <time>2026-05-13T02:11:42+00:00</time>
      </trkpt>
      <trkpt lat="47.43543" lon="12.55305">
        <ele>1537</ele>
        <time>2026-05-13T02:11:45+00:00</time>
      </trkpt>
      <trkpt lat="47.43549" lon="12.55307">
        <ele>1537</ele>
        <time>2026-05-13T02:11:48+00:00</time>
      </trkpt>
      <trkpt lat="47.43558" lon="12.55311">
        <ele>1533</ele>
        <time>2026-05-13T02:11:51+00:00</time>
      </trkpt>
      <trkpt lat="47.43563" lon="12.55325">
        <ele>1528</ele>
        <time>2026-05-13T02:11:54+00:00</time>
      </trkpt>
      <trkpt lat="47.43562" lon="12.55341">
        <ele>1525</ele>
        <time>2026-05-13T02:11:57+00:00</time>
      </trkpt>
      <trkpt lat="47.43562" lon="12.55352">
        <ele>1524</ele>
        <time>2026-05-13T02:12:00+00:00</time>
      </trkpt>
      <trkpt lat="47.43562" lon="12.5536">
        <ele>1524</ele>
        <time>2026-05-13T02:12:03+00:00</time>
      </trkpt>
      <trkpt lat="47.43566" lon="12.55361">
        <ele>1523</ele>
        <time>2026-05-13T02:12:06+00:00</time>
      </trkpt>
      <trkpt lat="47.43571" lon="12.55357">
        <ele>1525</ele>
        <time>2026-05-13T02:12:09+00:00</time>
      </trkpt>
      <trkpt lat="47.43575" lon="12.55343">
        <ele>1522</ele>
        <time>2026-05-13T02:12:12+00:00</time>
      </trkpt>
      <trkpt lat="47.43576" lon="12.55338">
        <ele>1524</ele>
        <time>2026-05-13T02:12:15+00:00</time>
      </trkpt>
      <trkpt lat="47.43579" lon="12.55327">
        <ele>1525</ele>
        <time>2026-05-13T02:12:18+00:00</time>
      </trkpt>
      <trkpt lat="47.43596" lon="12.55305">
        <ele>1523</ele>
        <time>2026-05-13T02:12:21+00:00</time>
      </trkpt>
      <trkpt lat="47.43616" lon="12.55281">
        <ele>1520</ele>
        <time>2026-05-13T02:12:24+00:00</time>
      </trkpt>
      <trkpt lat="47.4363" lon="12.55264">
        <ele>1515</ele>
        <time>2026-05-13T02:12:27+00:00</time>
      </trkpt>
      <trkpt lat="47.43646" lon="12.55253">
        <ele>1513</ele>
        <time>2026-05-13T02:12:30+00:00</time>
      </trkpt>
      <trkpt lat="47.43662" lon="12.55238">
        <ele>1508</ele>
        <time>2026-05-13T02:12:33+00:00</time>
      </trkpt>
      <trkpt lat="47.43675" lon="12.55225">
        <ele>1505</ele>
        <time>2026-05-13T02:12:36+00:00</time>
      </trkpt>
      <trkpt lat="47.43694" lon="12.55202">
        <ele>1499</ele>
        <time>2026-05-13T02:12:39+00:00</time>
      </trkpt>
      <trkpt lat="47.43706" lon="12.55181">
        <ele>1499</ele>
        <time>2026-05-13T02:12:42+00:00</time>
      </trkpt>
      <trkpt lat="47.43723" lon="12.55155">
        <ele>1495</ele>
        <time>2026-05-13T02:12:45+00:00</time>
      </trkpt>
      <trkpt lat="47.43734" lon="12.55136">
        <ele>1494</ele>
        <time>2026-05-13T02:12:48+00:00</time>
      </trkpt>
      <trkpt lat="47.43747" lon="12.55114">
        <ele>1493</ele>
        <time>2026-05-13T02:12:51+00:00</time>
      </trkpt>
      <trkpt lat="47.43756" lon="12.55101">
        <ele>1489</ele>
        <time>2026-05-13T02:12:54+00:00</time>
      </trkpt>
      <trkpt lat="47.43779" lon="12.55084">
        <ele>1483</ele>
        <time>2026-05-13T02:12:57+00:00</time>
      </trkpt>
      <trkpt lat="47.43792" lon="12.55073">
        <ele>1476</ele>
        <time>2026-05-13T02:13:00+00:00</time>
      </trkpt>
      <trkpt lat="47.438" lon="12.55063">
        <ele>1474</ele>
        <time>2026-05-13T02:13:03+00:00</time>
      </trkpt>
      <trkpt lat="47.43806" lon="12.55058">
        <ele>1476</ele>
        <time>2026-05-13T02:13:06+00:00</time>
      </trkpt>
      <trkpt lat="47.43817" lon="12.55046">
        <ele>1474</ele>
        <time>2026-05-13T02:13:09+00:00</time>
      </trkpt>
      <trkpt lat="47.43823" lon="12.55039">
        <ele>1472</ele>
        <time>2026-05-13T02:13:12+00:00</time>
      </trkpt>
      <trkpt lat="47.43828" lon="12.55033">
        <ele>1472</ele>
        <time>2026-05-13T02:13:15+00:00</time>
      </trkpt>
      <trkpt lat="47.43838" lon="12.55025">
        <ele>1470</ele>
        <time>2026-05-13T02:13:18+00:00</time>
      </trkpt>
      <trkpt lat="47.43849" lon="12.55017">
        <ele>1471</ele>
        <time>2026-05-13T02:13:21+00:00</time>
      </trkpt>
      <trkpt lat="47.43856" lon="12.55016">
        <ele>1469</ele>
        <time>2026-05-13T02:13:24+00:00</time>
      </trkpt>
      <trkpt lat="47.43862" lon="12.55015">
        <ele>1468</ele>
        <time>2026-05-13T02:13:27+00:00</time>
      </trkpt>
      <trkpt lat="47.4387" lon="12.55017">
        <ele>1467</ele>
        <time>2026-05-13T02:13:30+00:00</time>
      </trkpt>
      <trkpt lat="47.43881" lon="12.55019">
        <ele>1465</ele>
        <time>2026-05-13T02:13:33+00:00</time>
      </trkpt>
      <trkpt lat="47.43886" lon="12.5502">
        <ele>1465</ele>
        <time>2026-05-13T02:13:36+00:00</time>
      </trkpt>
      <trkpt lat="47.43894" lon="12.55014">
        <ele>1464</ele>
        <time>2026-05-13T02:13:39+00:00</time>
      </trkpt>
      <trkpt lat="47.43899" lon="12.55014">
        <ele>1464</ele>
        <time>2026-05-13T02:13:42+00:00</time>
      </trkpt>
      <trkpt lat="47.43904" lon="12.55013">
        <ele>1468</ele>
        <time>2026-05-13T02:13:45+00:00</time>
      </trkpt>
      <trkpt lat="47.43913" lon="12.55015">
        <ele>1468</ele>
        <time>2026-05-13T02:13:48+00:00</time>
      </trkpt>
      <trkpt lat="47.43925" lon="12.55011">
        <ele>1471</ele>
        <time>2026-05-13T02:13:51+00:00</time>
      </trkpt>
      <trkpt lat="47.4393" lon="12.55011">
        <ele>1474</ele>
        <time>2026-05-13T02:13:54+00:00</time>
      </trkpt>
      <trkpt lat="47.43934" lon="12.55016">
        <ele>1474</ele>
        <time>2026-05-13T02:13:57+00:00</time>
      </trkpt>
      <trkpt lat="47.43936" lon="12.5502">
        <ele>1474</ele>
        <time>2026-05-13T02:14:00+00:00</time>
      </trkpt>
      <trkpt lat="47.4394" lon="12.55021">
        <ele>1469</ele>
        <time>2026-05-13T02:14:03+00:00</time>
      </trkpt>
      <trkpt lat="47.43939" lon="12.55027">
        <ele>1472</ele>
        <time>2026-05-13T02:14:06+00:00</time>
      </trkpt>
      <trkpt lat="47.43941" lon="12.55032">
        <ele>1473</ele>
        <time>2026-05-13T02:14:09+00:00</time>
      </trkpt>
      <trkpt lat="47.43944" lon="12.55044">
        <ele>1471</ele>
        <time>2026-05-13T02:14:12+00:00</time>
      </trkpt>
      <trkpt lat="47.43946" lon="12.55061">
        <ele>1467</ele>
        <time>2026-05-13T02:14:15+00:00</time>
      </trkpt>
      <trkpt lat="47.43949" lon="12.55089">
        <ele>1463</ele>
        <time>2026-05-13T02:14:18+00:00</time>
      </trkpt>
      <trkpt lat="47.43951" lon="12.551">
        <ele>1465</ele>
        <time>2026-05-13T02:14:21+00:00</time>
      </trkpt>
      <trkpt lat="47.43956" lon="12.55115">
        <ele>1461</ele>
        <time>2026-05-13T02:14:24+00:00</time>
      </trkpt>
      <trkpt lat="47.43959" lon="12.55122">
        <ele>1459</ele>
        <time>2026-05-13T02:14:27+00:00</time>
      </trkpt>
      <trkpt lat="47.43963" lon="12.55146">
        <ele>1458</ele>
        <time>2026-05-13T02:14:30+00:00</time>
      </trkpt>
      <trkpt lat="47.43966" lon="12.55161">
        <ele>1453</ele>
        <time>2026-05-13T02:14:33+00:00</time>
      </trkpt>
      <trkpt lat="47.43964" lon="12.55183">
        <ele>1449</ele>
        <time>2026-05-13T02:14:36+00:00</time>
      </trkpt>
      <trkpt lat="47.4396" lon="12.55201">
        <ele>1441</ele>
        <time>2026-05-13T02:14:39+00:00</time>
      </trkpt>
      <trkpt lat="47.43959" lon="12.55212">
        <ele>1439</ele>
        <time>2026-05-13T02:14:42+00:00</time>
      </trkpt>
      <trkpt lat="47.4396" lon="12.55226">
        <ele>1437</ele>
        <time>2026-05-13T02:14:45+00:00</time>
      </trkpt>
      <trkpt lat="47.43966" lon="12.55247">
        <ele>1434</ele>
        <time>2026-05-13T02:14:48+00:00</time>
      </trkpt>
      <trkpt lat="47.43971" lon="12.55263">
        <ele>1432</ele>
        <time>2026-05-13T02:14:51+00:00</time>
      </trkpt>
      <trkpt lat="47.43974" lon="12.55268">
        <ele>1432</ele>
        <time>2026-05-13T02:14:54+00:00</time>
      </trkpt>
      <trkpt lat="47.43983" lon="12.55284">
        <ele>1431</ele>
        <time>2026-05-13T02:14:57+00:00</time>
      </trkpt>
      <trkpt lat="47.43995" lon="12.55308">
        <ele>1430</ele>
        <time>2026-05-13T02:15:00+00:00</time>
      </trkpt>
      <trkpt lat="47.44006" lon="12.55331">
        <ele>1430</ele>
        <time>2026-05-13T02:15:03+00:00</time>
      </trkpt>
      <trkpt lat="47.4402" lon="12.55351">
        <ele>1431</ele>
        <time>2026-05-13T02:15:06+00:00</time>
      </trkpt>
      <trkpt lat="47.44034" lon="12.55367">
        <ele>1433</ele>
        <time>2026-05-13T02:15:09+00:00</time>
      </trkpt>
      <trkpt lat="47.44041" lon="12.55374">
        <ele>1431</ele>
        <time>2026-05-13T02:15:12+00:00</time>
      </trkpt>
      <trkpt lat="47.44048" lon="12.55402">
        <ele>1431</ele>
        <time>2026-05-13T02:15:15+00:00</time>
      </trkpt>
      <trkpt lat="47.44049" lon="12.55427">
        <ele>1427</ele>
        <time>2026-05-13T02:15:18+00:00</time>
      </trkpt>
      <trkpt lat="47.44057" lon="12.55456">
        <ele>1426</ele>
        <time>2026-05-13T02:15:21+00:00</time>
      </trkpt>
      <trkpt lat="47.44058" lon="12.55469">
        <ele>1424</ele>
        <time>2026-05-13T02:15:24+00:00</time>
      </trkpt>
      <trkpt lat="47.44062" lon="12.55478">
        <ele>1427</ele>
        <time>2026-05-13T02:15:27+00:00</time>
      </trkpt>
      <trkpt lat="47.44069" lon="12.55491">
        <ele>1423</ele>
        <time>2026-05-13T02:15:30+00:00</time>
      </trkpt>
      <trkpt lat="47.4407" lon="12.55501">
        <ele>1427</ele>
        <time>2026-05-13T02:15:33+00:00</time>
      </trkpt>
      <trkpt lat="47.44076" lon="12.5553">
        <ele>1421</ele>
        <time>2026-05-13T02:15:36+00:00</time>
      </trkpt>
      <trkpt lat="47.44082" lon="12.55556">
        <ele>1422</ele>
        <time>2026-05-13T02:15:39+00:00</time>
      </trkpt>
      <trkpt lat="47.44083" lon="12.55578">
        <ele>1419</ele>
        <time>2026-05-13T02:15:42+00:00</time>
      </trkpt>
      <trkpt lat="47.44083" lon="12.55599">
        <ele>1416</ele>
        <time>2026-05-13T02:15:45+00:00</time>
      </trkpt>
      <trkpt lat="47.44084" lon="12.55625">
        <ele>1412</ele>
        <time>2026-05-13T02:15:48+00:00</time>
      </trkpt>
      <trkpt lat="47.44084" lon="12.55644">
        <ele>1410</ele>
        <time>2026-05-13T02:15:51+00:00</time>
      </trkpt>
      <trkpt lat="47.44085" lon="12.55662">
        <ele>1410</ele>
        <time>2026-05-13T02:15:54+00:00</time>
      </trkpt>
      <trkpt lat="47.44087" lon="12.55668">
        <ele>1407</ele>
        <time>2026-05-13T02:15:57+00:00</time>
      </trkpt>
      <trkpt lat="47.44093" lon="12.55682">
        <ele>1408</ele>
        <time>2026-05-13T02:16:00+00:00</time>
      </trkpt>
      <trkpt lat="47.44104" lon="12.55703">
        <ele>1408</ele>
        <time>2026-05-13T02:16:03+00:00</time>
      </trkpt>
      <trkpt lat="47.44116" lon="12.55731">
        <ele>1408</ele>
        <time>2026-05-13T02:16:06+00:00</time>
      </trkpt>
      <trkpt lat="47.44123" lon="12.5575">
        <ele>1410</ele>
        <time>2026-05-13T02:16:09+00:00</time>
      </trkpt>
      <trkpt lat="47.44138" lon="12.55769">
        <ele>1406</ele>
        <time>2026-05-13T02:16:12+00:00</time>
      </trkpt>
      <trkpt lat="47.44147" lon="12.55785">
        <ele>1408</ele>
        <time>2026-05-13T02:16:15+00:00</time>
      </trkpt>
      <trkpt lat="47.44158" lon="12.55804">
        <ele>1406</ele>
        <time>2026-05-13T02:16:18+00:00</time>
      </trkpt>
      <trkpt lat="47.4417" lon="12.55822">
        <ele>1406</ele>
        <time>2026-05-13T02:16:21+00:00</time>
      </trkpt>
      <trkpt lat="47.44182" lon="12.55838">
        <ele>1406</ele>
        <time>2026-05-13T02:16:24+00:00</time>
      </trkpt>
      <trkpt lat="47.44194" lon="12.55857">
        <ele>1403</ele>
        <time>2026-05-13T02:16:27+00:00</time>
      </trkpt>
      <trkpt lat="47.44209" lon="12.5588">
        <ele>1405</ele>
        <time>2026-05-13T02:16:30+00:00</time>
      </trkpt>
      <trkpt lat="47.44224" lon="12.55896">
        <ele>1404</ele>
        <time>2026-05-13T02:16:33+00:00</time>
      </trkpt>
      <trkpt lat="47.44231" lon="12.55914">
        <ele>1404</ele>
        <time>2026-05-13T02:16:36+00:00</time>
      </trkpt>
      <trkpt lat="47.44238" lon="12.55929">
        <ele>1402</ele>
        <time>2026-05-13T02:16:39+00:00</time>
      </trkpt>
      <trkpt lat="47.4424" lon="12.55937">
        <ele>1400</ele>
        <time>2026-05-13T02:16:42+00:00</time>
      </trkpt>
      <trkpt lat="47.44244" lon="12.55969">
        <ele>1399</ele>
        <time>2026-05-13T02:16:45+00:00</time>
      </trkpt>
      <trkpt lat="47.44248" lon="12.55993">
        <ele>1395</ele>
        <time>2026-05-13T02:16:48+00:00</time>
      </trkpt>
      <trkpt lat="47.44251" lon="12.56022">
        <ele>1391</ele>
        <time>2026-05-13T02:16:51+00:00</time>
      </trkpt>
      <trkpt lat="47.44252" lon="12.56056">
        <ele>1387</ele>
        <time>2026-05-13T02:16:54+00:00</time>
      </trkpt>
      <trkpt lat="47.44252" lon="12.56081">
        <ele>1383</ele>
        <time>2026-05-13T02:16:57+00:00</time>
      </trkpt>
      <trkpt lat="47.44254" lon="12.56118">
        <ele>1382</ele>
        <time>2026-05-13T02:17:00+00:00</time>
      </trkpt>
      <trkpt lat="47.4426" lon="12.56143">
        <ele>1380</ele>
        <time>2026-05-13T02:17:03+00:00</time>
      </trkpt>
      <trkpt lat="47.44269" lon="12.56149">
        <ele>1380</ele>
        <time>2026-05-13T02:17:06+00:00</time>
      </trkpt>
      <trkpt lat="47.44276" lon="12.56153">
        <ele>1380</ele>
        <time>2026-05-13T02:17:09+00:00</time>
      </trkpt>
      <trkpt lat="47.44283" lon="12.56156">
        <ele>1380</ele>
        <time>2026-05-13T02:17:12+00:00</time>
      </trkpt>
      <trkpt lat="47.44299" lon="12.56161">
        <ele>1379</ele>
        <time>2026-05-13T02:17:15+00:00</time>
      </trkpt>
      <trkpt lat="47.44314" lon="12.56168">
        <ele>1379</ele>
        <time>2026-05-13T02:17:18+00:00</time>
      </trkpt>
      <trkpt lat="47.44329" lon="12.56168">
        <ele>1376</ele>
        <time>2026-05-13T02:17:21+00:00</time>
      </trkpt>
      <trkpt lat="47.44339" lon="12.5617">
        <ele>1374</ele>
        <time>2026-05-13T02:17:24+00:00</time>
      </trkpt>
      <trkpt lat="47.44354" lon="12.56165">
        <ele>1369</ele>
        <time>2026-05-13T02:17:27+00:00</time>
      </trkpt>
      <trkpt lat="47.44364" lon="12.56164">
        <ele>1367</ele>
        <time>2026-05-13T02:17:30+00:00</time>
      </trkpt>
      <trkpt lat="47.44379" lon="12.56149">
        <ele>1367</ele>
        <time>2026-05-13T02:17:33+00:00</time>
      </trkpt>
      <trkpt lat="47.44383" lon="12.56146">
        <ele>1365</ele>
        <time>2026-05-13T02:17:36+00:00</time>
      </trkpt>
      <trkpt lat="47.44396" lon="12.56137">
        <ele>1364</ele>
        <time>2026-05-13T02:17:39+00:00</time>
      </trkpt>
      <trkpt lat="47.44406" lon="12.56123">
        <ele>1362</ele>
        <time>2026-05-13T02:17:42+00:00</time>
      </trkpt>
      <trkpt lat="47.44422" lon="12.56106">
        <ele>1358</ele>
        <time>2026-05-13T02:17:45+00:00</time>
      </trkpt>
      <trkpt lat="47.44431" lon="12.56091">
        <ele>1357</ele>
        <time>2026-05-13T02:17:48+00:00</time>
      </trkpt>
      <trkpt lat="47.44447" lon="12.56073">
        <ele>1354</ele>
        <time>2026-05-13T02:17:51+00:00</time>
      </trkpt>
      <trkpt lat="47.44457" lon="12.56063">
        <ele>1351</ele>
        <time>2026-05-13T02:17:54+00:00</time>
      </trkpt>
      <trkpt lat="47.44465" lon="12.56057">
        <ele>1348</ele>
        <time>2026-05-13T02:17:57+00:00</time>
      </trkpt>
      <trkpt lat="47.44474" lon="12.56065">
        <ele>1345</ele>
        <time>2026-05-13T02:18:00+00:00</time>
      </trkpt>
      <trkpt lat="47.44482" lon="12.5607">
        <ele>1342</ele>
        <time>2026-05-13T02:18:03+00:00</time>
      </trkpt>
      <trkpt lat="47.44485" lon="12.56072">
        <ele>1342</ele>
        <time>2026-05-13T02:18:06+00:00</time>
      </trkpt>
      <trkpt lat="47.44489" lon="12.5607">
        <ele>1342</ele>
        <time>2026-05-13T02:18:09+00:00</time>
      </trkpt>
      <trkpt lat="47.44494" lon="12.56064">
        <ele>1340</ele>
        <time>2026-05-13T02:18:12+00:00</time>
      </trkpt>
      <trkpt lat="47.44497" lon="12.56048">
        <ele>1342</ele>
        <time>2026-05-13T02:18:15+00:00</time>
      </trkpt>
      <trkpt lat="47.44494" lon="12.56033">
        <ele>1340</ele>
        <time>2026-05-13T02:18:18+00:00</time>
      </trkpt>
      <trkpt lat="47.44488" lon="12.56022">
        <ele>1343</ele>
        <time>2026-05-13T02:18:21+00:00</time>
      </trkpt>
      <trkpt lat="47.44478" lon="12.56005">
        <ele>1348</ele>
        <time>2026-05-13T02:18:24+00:00</time>
      </trkpt>
      <trkpt lat="47.44478" lon="12.56001">
        <ele>1348</ele>
        <time>2026-05-13T02:18:27+00:00</time>
      </trkpt>
      <trkpt lat="47.44481" lon="12.55995">
        <ele>1343</ele>
        <time>2026-05-13T02:18:30+00:00</time>
      </trkpt>
      <trkpt lat="47.44488" lon="12.55988">
        <ele>1348</ele>
        <time>2026-05-13T02:18:33+00:00</time>
      </trkpt>
      <trkpt lat="47.44502" lon="12.55981">
        <ele>1343</ele>
        <time>2026-05-13T02:18:36+00:00</time>
      </trkpt>
      <trkpt lat="47.44515" lon="12.55979">
        <ele>1342</ele>
        <time>2026-05-13T02:18:39+00:00</time>
      </trkpt>
      <trkpt lat="47.44535" lon="12.55979">
        <ele>1337</ele>
        <time>2026-05-13T02:18:42+00:00</time>
      </trkpt>
      <trkpt lat="47.44551" lon="12.55979">
        <ele>1332</ele>
        <time>2026-05-13T02:18:45+00:00</time>
      </trkpt>
      <trkpt lat="47.44573" lon="12.55976">
        <ele>1327</ele>
        <time>2026-05-13T02:18:48+00:00</time>
      </trkpt>
      <trkpt lat="47.44589" lon="12.55976">
        <ele>1324</ele>
        <time>2026-05-13T02:18:51+00:00</time>
      </trkpt>
      <trkpt lat="47.44594" lon="12.55976">
        <ele>1322</ele>
        <time>2026-05-13T02:18:54+00:00</time>
      </trkpt>
      <trkpt lat="47.44611" lon="12.55974">
        <ele>1318</ele>
        <time>2026-05-13T02:18:57+00:00</time>
      </trkpt>
      <trkpt lat="47.44635" lon="12.55965">
        <ele>1314</ele>
        <time>2026-05-13T02:19:00+00:00</time>
      </trkpt>
      <trkpt lat="47.44645" lon="12.55959">
        <ele>1313</ele>
        <time>2026-05-13T02:19:03+00:00</time>
      </trkpt>
      <trkpt lat="47.44656" lon="12.55946">
        <ele>1311</ele>
        <time>2026-05-13T02:19:06+00:00</time>
      </trkpt>
      <trkpt lat="47.44664" lon="12.55932">
        <ele>1307</ele>
        <time>2026-05-13T02:19:09+00:00</time>
      </trkpt>
      <trkpt lat="47.4467" lon="12.55914">
        <ele>1303</ele>
        <time>2026-05-13T02:19:12+00:00</time>
      </trkpt>
      <trkpt lat="47.44673" lon="12.55897">
        <ele>1302</ele>
        <time>2026-05-13T02:19:15+00:00</time>
      </trkpt>
      <trkpt lat="47.44675" lon="12.55886">
        <ele>1301</ele>
        <time>2026-05-13T02:19:18+00:00</time>
      </trkpt>
      <trkpt lat="47.44677" lon="12.55878">
        <ele>1300</ele>
        <time>2026-05-13T02:19:21+00:00</time>
      </trkpt>
      <trkpt lat="47.4468" lon="12.55873">
        <ele>1300</ele>
        <time>2026-05-13T02:19:24+00:00</time>
      </trkpt>
      <trkpt lat="47.44684" lon="12.5587">
        <ele>1296</ele>
        <time>2026-05-13T02:19:27+00:00</time>
      </trkpt>
      <trkpt lat="47.44693" lon="12.55868">
        <ele>1292</ele>
        <time>2026-05-13T02:19:30+00:00</time>
      </trkpt>
      <trkpt lat="47.44704" lon="12.55875">
        <ele>1289</ele>
        <time>2026-05-13T02:19:33+00:00</time>
      </trkpt>
      <trkpt lat="47.44713" lon="12.5589">
        <ele>1287</ele>
        <time>2026-05-13T02:19:36+00:00</time>
      </trkpt>
      <trkpt lat="47.44724" lon="12.55909">
        <ele>1286</ele>
        <time>2026-05-13T02:19:39+00:00</time>
      </trkpt>
      <trkpt lat="47.44738" lon="12.55917">
        <ele>1283</ele>
        <time>2026-05-13T02:19:42+00:00</time>
      </trkpt>
      <trkpt lat="47.44743" lon="12.55921">
        <ele>1280</ele>
        <time>2026-05-13T02:19:45+00:00</time>
      </trkpt>
      <trkpt lat="47.44751" lon="12.55925">
        <ele>1276</ele>
        <time>2026-05-13T02:19:48+00:00</time>
      </trkpt>
      <trkpt lat="47.44763" lon="12.55927">
        <ele>1271</ele>
        <time>2026-05-13T02:19:51+00:00</time>
      </trkpt>
      <trkpt lat="47.44772" lon="12.55926">
        <ele>1267</ele>
        <time>2026-05-13T02:19:54+00:00</time>
      </trkpt>
      <trkpt lat="47.44781" lon="12.55919">
        <ele>1262</ele>
        <time>2026-05-13T02:19:57+00:00</time>
      </trkpt>
      <trkpt lat="47.44788" lon="12.55912">
        <ele>1262</ele>
        <time>2026-05-13T02:20:00+00:00</time>
      </trkpt>
      <trkpt lat="47.44792" lon="12.55911">
        <ele>1257</ele>
        <time>2026-05-13T02:20:03+00:00</time>
      </trkpt>
      <trkpt lat="47.44802" lon="12.55908">
        <ele>1251</ele>
        <time>2026-05-13T02:20:06+00:00</time>
      </trkpt>
      <trkpt lat="47.44809" lon="12.55909">
        <ele>1251</ele>
        <time>2026-05-13T02:20:09+00:00</time>
      </trkpt>
      <trkpt lat="47.44818" lon="12.55916">
        <ele>1247</ele>
        <time>2026-05-13T02:20:12+00:00</time>
      </trkpt>
      <trkpt lat="47.44823" lon="12.55929">
        <ele>1250</ele>
        <time>2026-05-13T02:20:15+00:00</time>
      </trkpt>
      <trkpt lat="47.44823" lon="12.55941">
        <ele>1248</ele>
        <time>2026-05-13T02:20:18+00:00</time>
      </trkpt>
      <trkpt lat="47.44825" lon="12.55956">
        <ele>1251</ele>
        <time>2026-05-13T02:20:21+00:00</time>
      </trkpt>
      <trkpt lat="47.44828" lon="12.55988">
        <ele>1253</ele>
        <time>2026-05-13T02:20:24+00:00</time>
      </trkpt>
      <trkpt lat="47.44833" lon="12.56016">
        <ele>1253</ele>
        <time>2026-05-13T02:20:27+00:00</time>
      </trkpt>
      <trkpt lat="47.44837" lon="12.56034">
        <ele>1255</ele>
        <time>2026-05-13T02:20:30+00:00</time>
      </trkpt>
      <trkpt lat="47.4484" lon="12.5605">
        <ele>1253</ele>
        <time>2026-05-13T02:20:33+00:00</time>
      </trkpt>
      <trkpt lat="47.4485" lon="12.56065">
        <ele>1253</ele>
        <time>2026-05-13T02:20:36+00:00</time>
      </trkpt>
      <trkpt lat="47.44856" lon="12.56077">
        <ele>1253</ele>
        <time>2026-05-13T02:20:39+00:00</time>
      </trkpt>
      <trkpt lat="47.44856" lon="12.56083">
        <ele>1253</ele>
        <time>2026-05-13T02:20:42+00:00</time>
      </trkpt>
      <trkpt lat="47.44854" lon="12.56088">
        <ele>1253</ele>
        <time>2026-05-13T02:20:45+00:00</time>
      </trkpt>
      <trkpt lat="47.44847" lon="12.56104">
        <ele>1252</ele>
        <time>2026-05-13T02:20:48+00:00</time>
      </trkpt>
      <trkpt lat="47.44843" lon="12.56129">
        <ele>1252</ele>
        <time>2026-05-13T02:20:51+00:00</time>
      </trkpt>
      <trkpt lat="47.44839" lon="12.56144">
        <ele>1252</ele>
        <time>2026-05-13T02:20:54+00:00</time>
      </trkpt>
      <trkpt lat="47.44828" lon="12.56153">
        <ele>1253</ele>
        <time>2026-05-13T02:20:57+00:00</time>
      </trkpt>
      <trkpt lat="47.44824" lon="12.56158">
        <ele>1250</ele>
        <time>2026-05-13T02:21:00+00:00</time>
      </trkpt>
      <trkpt lat="47.44822" lon="12.56162">
        <ele>1251</ele>
        <time>2026-05-13T02:21:03+00:00</time>
      </trkpt>
      <trkpt lat="47.44819" lon="12.5617">
        <ele>1253</ele>
        <time>2026-05-13T02:21:06+00:00</time>
      </trkpt>
      <trkpt lat="47.44818" lon="12.56179">
        <ele>1251</ele>
        <time>2026-05-13T02:21:09+00:00</time>
      </trkpt>
      <trkpt lat="47.44818" lon="12.56187">
        <ele>1249</ele>
        <time>2026-05-13T02:21:12+00:00</time>
      </trkpt>
      <trkpt lat="47.44819" lon="12.5619">
        <ele>1249</ele>
        <time>2026-05-13T02:21:15+00:00</time>
      </trkpt>
      <trkpt lat="47.44821" lon="12.56197">
        <ele>1246</ele>
        <time>2026-05-13T02:21:18+00:00</time>
      </trkpt>
      <trkpt lat="47.44828" lon="12.56208">
        <ele>1244</ele>
        <time>2026-05-13T02:21:21+00:00</time>
      </trkpt>
      <trkpt lat="47.44832" lon="12.56213">
        <ele>1241</ele>
        <time>2026-05-13T02:21:24+00:00</time>
      </trkpt>
      <trkpt lat="47.44838" lon="12.5622">
        <ele>1241</ele>
        <time>2026-05-13T02:21:27+00:00</time>
      </trkpt>
      <trkpt lat="47.44849" lon="12.56226">
        <ele>1238</ele>
        <time>2026-05-13T02:21:30+00:00</time>
      </trkpt>
      <trkpt lat="47.44865" lon="12.56238">
        <ele>1233</ele>
        <time>2026-05-13T02:21:33+00:00</time>
      </trkpt>
      <trkpt lat="47.44875" lon="12.56238">
        <ele>1231</ele>
        <time>2026-05-13T02:21:36+00:00</time>
      </trkpt>
      <trkpt lat="47.44883" lon="12.56234">
        <ele>1229</ele>
        <time>2026-05-13T02:21:39+00:00</time>
      </trkpt>
      <trkpt lat="47.44887" lon="12.5623">
        <ele>1231</ele>
        <time>2026-05-13T02:21:42+00:00</time>
      </trkpt>
      <trkpt lat="47.44901" lon="12.56219">
        <ele>1228</ele>
        <time>2026-05-13T02:21:45+00:00</time>
      </trkpt>
      <trkpt lat="47.4491" lon="12.56215">
        <ele>1226</ele>
        <time>2026-05-13T02:21:48+00:00</time>
      </trkpt>
      <trkpt lat="47.44915" lon="12.56216">
        <ele>1226</ele>
        <time>2026-05-13T02:21:51+00:00</time>
      </trkpt>
      <trkpt lat="47.44925" lon="12.56222">
        <ele>1222</ele>
        <time>2026-05-13T02:21:54+00:00</time>
      </trkpt>
      <trkpt lat="47.44933" lon="12.56239">
        <ele>1218</ele>
        <time>2026-05-13T02:21:57+00:00</time>
      </trkpt>
      <trkpt lat="47.44941" lon="12.56256">
        <ele>1212</ele>
        <time>2026-05-13T02:22:00+00:00</time>
      </trkpt>
      <trkpt lat="47.44949" lon="12.56264">
        <ele>1210</ele>
        <time>2026-05-13T02:22:03+00:00</time>
      </trkpt>
      <trkpt lat="47.44957" lon="12.56269">
        <ele>1208</ele>
        <time>2026-05-13T02:22:06+00:00</time>
      </trkpt>
      <trkpt lat="47.44963" lon="12.5627">
        <ele>1203</ele>
        <time>2026-05-13T02:22:09+00:00</time>
      </trkpt>
      <trkpt lat="47.44971" lon="12.56269">
        <ele>1202</ele>
        <time>2026-05-13T02:22:12+00:00</time>
      </trkpt>
      <trkpt lat="47.44988" lon="12.56265">
        <ele>1199</ele>
        <time>2026-05-13T02:22:15+00:00</time>
      </trkpt>
      <trkpt lat="47.44998" lon="12.56263">
        <ele>1196</ele>
        <time>2026-05-13T02:22:18+00:00</time>
      </trkpt>
      <trkpt lat="47.4501" lon="12.5626">
        <ele>1193</ele>
        <time>2026-05-13T02:22:21+00:00</time>
      </trkpt>
      <trkpt lat="47.45021" lon="12.56257">
        <ele>1191</ele>
        <time>2026-05-13T02:22:24+00:00</time>
      </trkpt>
      <trkpt lat="47.45027" lon="12.56251">
        <ele>1184</ele>
        <time>2026-05-13T02:22:27+00:00</time>
      </trkpt>
      <trkpt lat="47.4503" lon="12.5624">
        <ele>1185</ele>
        <time>2026-05-13T02:22:30+00:00</time>
      </trkpt>
      <trkpt lat="47.45029" lon="12.56227">
        <ele>1187</ele>
        <time>2026-05-13T02:22:33+00:00</time>
      </trkpt>
      <trkpt lat="47.45028" lon="12.56222">
        <ele>1187</ele>
        <time>2026-05-13T02:22:36+00:00</time>
      </trkpt>
      <trkpt lat="47.45025" lon="12.56207">
        <ele>1187</ele>
        <time>2026-05-13T02:22:39+00:00</time>
      </trkpt>
      <trkpt lat="47.45023" lon="12.56193">
        <ele>1187</ele>
        <time>2026-05-13T02:22:42+00:00</time>
      </trkpt>
      <trkpt lat="47.45023" lon="12.56168">
        <ele>1187</ele>
        <time>2026-05-13T02:22:45+00:00</time>
      </trkpt>
      <trkpt lat="47.45025" lon="12.56145">
        <ele>1186</ele>
        <time>2026-05-13T02:22:48+00:00</time>
      </trkpt>
      <trkpt lat="47.45028" lon="12.5613">
        <ele>1185</ele>
        <time>2026-05-13T02:22:51+00:00</time>
      </trkpt>
      <trkpt lat="47.4503" lon="12.5611">
        <ele>1182</ele>
        <time>2026-05-13T02:22:54+00:00</time>
      </trkpt>
      <trkpt lat="47.45028" lon="12.56096">
        <ele>1180</ele>
        <time>2026-05-13T02:22:57+00:00</time>
      </trkpt>
      <trkpt lat="47.45027" lon="12.56082">
        <ele>1178</ele>
        <time>2026-05-13T02:23:00+00:00</time>
      </trkpt>
      <trkpt lat="47.45027" lon="12.56076">
        <ele>1176</ele>
        <time>2026-05-13T02:23:03+00:00</time>
      </trkpt>
      <trkpt lat="47.4503" lon="12.56074">
        <ele>1176</ele>
        <time>2026-05-13T02:23:06+00:00</time>
      </trkpt>
      <trkpt lat="47.45036" lon="12.56072">
        <ele>1171</ele>
        <time>2026-05-13T02:23:09+00:00</time>
      </trkpt>
      <trkpt lat="47.45041" lon="12.56085">
        <ele>1170</ele>
        <time>2026-05-13T02:23:12+00:00</time>
      </trkpt>
      <trkpt lat="47.45044" lon="12.56096">
        <ele>1171</ele>
        <time>2026-05-13T02:23:15+00:00</time>
      </trkpt>
      <trkpt lat="47.45054" lon="12.56111">
        <ele>1169</ele>
        <time>2026-05-13T02:23:18+00:00</time>
      </trkpt>
      <trkpt lat="47.45062" lon="12.56124">
        <ele>1165</ele>
        <time>2026-05-13T02:23:21+00:00</time>
      </trkpt>
      <trkpt lat="47.45071" lon="12.56136">
        <ele>1161</ele>
        <time>2026-05-13T02:23:24+00:00</time>
      </trkpt>
      <trkpt lat="47.4508" lon="12.56146">
        <ele>1157</ele>
        <time>2026-05-13T02:23:27+00:00</time>
      </trkpt>
      <trkpt lat="47.45084" lon="12.5615">
        <ele>1157</ele>
        <time>2026-05-13T02:23:30+00:00</time>
      </trkpt>
      <trkpt lat="47.45088" lon="12.56153">
        <ele>1161</ele>
        <time>2026-05-13T02:23:33+00:00</time>
      </trkpt>
      <trkpt lat="47.45089" lon="12.56153">
        <ele>1158</ele>
        <time>2026-05-13T02:23:36+00:00</time>
      </trkpt>
      <trkpt lat="47.45088" lon="12.56151">
        <ele>1158</ele>
        <time>2026-05-13T02:23:39+00:00</time>
      </trkpt>
      <trkpt lat="47.45087" lon="12.56148">
        <ele>1157</ele>
        <time>2026-05-13T02:23:42+00:00</time>
      </trkpt>
      <trkpt lat="47.45085" lon="12.56144">
        <ele>1157</ele>
        <time>2026-05-13T02:23:45+00:00</time>
      </trkpt>
      <trkpt lat="47.45084" lon="12.56142">
        <ele>1157</ele>
        <time>2026-05-13T02:23:48+00:00</time>
      </trkpt>
      <trkpt lat="47.4508" lon="12.56139">
        <ele>1156</ele>
        <time>2026-05-13T02:23:51+00:00</time>
      </trkpt>
      <trkpt lat="47.45077" lon="12.56131">
        <ele>1161</ele>
        <time>2026-05-13T02:23:54+00:00</time>
      </trkpt>
      <trkpt lat="47.45075" lon="12.56126">
        <ele>1160</ele>
        <time>2026-05-13T02:23:57+00:00</time>
      </trkpt>
      <trkpt lat="47.45072" lon="12.56121">
        <ele>1160</ele>
        <time>2026-05-13T02:24:00+00:00</time>
      </trkpt>
      <trkpt lat="47.4507" lon="12.56112">
        <ele>1159</ele>
        <time>2026-05-13T02:24:03+00:00</time>
      </trkpt>
      <trkpt lat="47.45066" lon="12.56097">
        <ele>1160</ele>
        <time>2026-05-13T02:24:06+00:00</time>
      </trkpt>
      <trkpt lat="47.45061" lon="12.56078">
        <ele>1158</ele>
        <time>2026-05-13T02:24:09+00:00</time>
      </trkpt>
      <trkpt lat="47.45057" lon="12.56064">
        <ele>1160</ele>
        <time>2026-05-13T02:24:12+00:00</time>
      </trkpt>
      <trkpt lat="47.45049" lon="12.56052">
        <ele>1162</ele>
        <time>2026-05-13T02:24:15+00:00</time>
      </trkpt>
      <trkpt lat="47.45045" lon="12.56045">
        <ele>1159</ele>
        <time>2026-05-13T02:24:18+00:00</time>
      </trkpt>
      <trkpt lat="47.45038" lon="12.56039">
        <ele>1159</ele>
        <time>2026-05-13T02:24:21+00:00</time>
      </trkpt>
      <trkpt lat="47.45033" lon="12.56029">
        <ele>1158</ele>
        <time>2026-05-13T02:24:24+00:00</time>
      </trkpt>
      <trkpt lat="47.45029" lon="12.56021">
        <ele>1163</ele>
        <time>2026-05-13T02:24:27+00:00</time>
      </trkpt>
      <trkpt lat="47.45025" lon="12.56007">
        <ele>1159</ele>
        <time>2026-05-13T02:24:30+00:00</time>
      </trkpt>
      <trkpt lat="47.45019" lon="12.55983">
        <ele>1159</ele>
        <time>2026-05-13T02:24:33+00:00</time>
      </trkpt>
      <trkpt lat="47.4501" lon="12.55962">
        <ele>1157</ele>
        <time>2026-05-13T02:24:36+00:00</time>
      </trkpt>
      <trkpt lat="47.45001" lon="12.55939">
        <ele>1159</ele>
        <time>2026-05-13T02:24:39+00:00</time>
      </trkpt>
      <trkpt lat="47.44992" lon="12.55915">
        <ele>1162</ele>
        <time>2026-05-13T02:24:42+00:00</time>
      </trkpt>
      <trkpt lat="47.44986" lon="12.559">
        <ele>1167</ele>
        <time>2026-05-13T02:24:45+00:00</time>
      </trkpt>
      <trkpt lat="47.44973" lon="12.55863">
        <ele>1176</ele>
        <time>2026-05-13T02:24:48+00:00</time>
      </trkpt>
      <trkpt lat="47.44983" lon="12.55834">
        <ele>1176</ele>
        <time>2026-05-13T02:24:51+00:00</time>
      </trkpt>
      <trkpt lat="47.44999" lon="12.55836">
        <ele>1182</ele>
        <time>2026-05-13T02:24:54+00:00</time>
      </trkpt>
      <trkpt lat="47.45012" lon="12.55838">
        <ele>1172</ele>
        <time>2026-05-13T02:24:57+00:00</time>
      </trkpt>
      <trkpt lat="47.45026" lon="12.55842">
        <ele>1171</ele>
        <time>2026-05-13T02:25:00+00:00</time>
      </trkpt>
      <trkpt lat="47.4504" lon="12.55847">
        <ele>1168</ele>
        <time>2026-05-13T02:25:03+00:00</time>
      </trkpt>
      <trkpt lat="47.4505" lon="12.5585">
        <ele>1160</ele>
        <time>2026-05-13T02:25:06+00:00</time>
      </trkpt>
      <trkpt lat="47.45059" lon="12.55853">
        <ele>1160</ele>
        <time>2026-05-13T02:25:09+00:00</time>
      </trkpt>
      <trkpt lat="47.45069" lon="12.55855">
        <ele>1157</ele>
        <time>2026-05-13T02:25:12+00:00</time>
      </trkpt>
      <trkpt lat="47.45077" lon="12.55859">
        <ele>1155</ele>
        <time>2026-05-13T02:25:15+00:00</time>
      </trkpt>
      <trkpt lat="47.45087" lon="12.55862">
        <ele>1149</ele>
        <time>2026-05-13T02:25:18+00:00</time>
      </trkpt>
      <trkpt lat="47.45097" lon="12.55865">
        <ele>1146</ele>
        <time>2026-05-13T02:25:21+00:00</time>
      </trkpt>
      <trkpt lat="47.45111" lon="12.55869">
        <ele>1140</ele>
        <time>2026-05-13T02:25:24+00:00</time>
      </trkpt>
      <trkpt lat="47.4512" lon="12.55865">
        <ele>1140</ele>
        <time>2026-05-13T02:25:27+00:00</time>
      </trkpt>
      <trkpt lat="47.45125" lon="12.55862">
        <ele>1137</ele>
        <time>2026-05-13T02:25:30+00:00</time>
      </trkpt>
      <trkpt lat="47.4513" lon="12.5585">
        <ele>1138</ele>
        <time>2026-05-13T02:25:33+00:00</time>
      </trkpt>
      <trkpt lat="47.45136" lon="12.55837">
        <ele>1140</ele>
        <time>2026-05-13T02:25:36+00:00</time>
      </trkpt>
      <trkpt lat="47.45143" lon="12.55822">
        <ele>1139</ele>
        <time>2026-05-13T02:25:39+00:00</time>
      </trkpt>
      <trkpt lat="47.45148" lon="12.5581">
        <ele>1138</ele>
        <time>2026-05-13T02:25:42+00:00</time>
      </trkpt>
      <trkpt lat="47.4515" lon="12.55806">
        <ele>1142</ele>
        <time>2026-05-13T02:25:45+00:00</time>
      </trkpt>
      <trkpt lat="47.45152" lon="12.55804">
        <ele>1138</ele>
        <time>2026-05-13T02:25:48+00:00</time>
      </trkpt>
      <trkpt lat="47.45157" lon="12.55801">
        <ele>1138</ele>
        <time>2026-05-13T02:25:51+00:00</time>
      </trkpt>
      <trkpt lat="47.45167" lon="12.55796">
        <ele>1136</ele>
        <time>2026-05-13T02:25:54+00:00</time>
      </trkpt>
      <trkpt lat="47.45172" lon="12.55791">
        <ele>1132</ele>
        <time>2026-05-13T02:25:57+00:00</time>
      </trkpt>
      <trkpt lat="47.45182" lon="12.55784">
        <ele>1129</ele>
        <time>2026-05-13T02:26:00+00:00</time>
      </trkpt>
      <trkpt lat="47.45193" lon="12.55778">
        <ele>1125</ele>
        <time>2026-05-13T02:26:03+00:00</time>
      </trkpt>
      <trkpt lat="47.45202" lon="12.55772">
        <ele>1122</ele>
        <time>2026-05-13T02:26:06+00:00</time>
      </trkpt>
      <trkpt lat="47.45209" lon="12.55763">
        <ele>1122</ele>
        <time>2026-05-13T02:26:09+00:00</time>
      </trkpt>
      <trkpt lat="47.45215" lon="12.55758">
        <ele>1120</ele>
        <time>2026-05-13T02:26:12+00:00</time>
      </trkpt>
      <trkpt lat="47.45217" lon="12.55749">
        <ele>1120</ele>
        <time>2026-05-13T02:26:15+00:00</time>
      </trkpt>
      <trkpt lat="47.45221" lon="12.55733">
        <ele>1118</ele>
        <time>2026-05-13T02:26:18+00:00</time>
      </trkpt>
      <trkpt lat="47.4523" lon="12.55717">
        <ele>1119</ele>
        <time>2026-05-13T02:26:21+00:00</time>
      </trkpt>
      <trkpt lat="47.45237" lon="12.557">
        <ele>1117</ele>
        <time>2026-05-13T02:26:24+00:00</time>
      </trkpt>
      <trkpt lat="47.45245" lon="12.55687">
        <ele>1115</ele>
        <time>2026-05-13T02:26:27+00:00</time>
      </trkpt>
      <trkpt lat="47.45254" lon="12.55669">
        <ele>1113</ele>
        <time>2026-05-13T02:26:30+00:00</time>
      </trkpt>
      <trkpt lat="47.45262" lon="12.55654">
        <ele>1110</ele>
        <time>2026-05-13T02:26:33+00:00</time>
      </trkpt>
      <trkpt lat="47.45269" lon="12.55641">
        <ele>1110</ele>
        <time>2026-05-13T02:26:36+00:00</time>
      </trkpt>
      <trkpt lat="47.45275" lon="12.55625">
        <ele>1107</ele>
        <time>2026-05-13T02:26:39+00:00</time>
      </trkpt>
      <trkpt lat="47.45284" lon="12.55605">
        <ele>1104</ele>
        <time>2026-05-13T02:26:42+00:00</time>
      </trkpt>
      <trkpt lat="47.4529" lon="12.55591">
        <ele>1101</ele>
        <time>2026-05-13T02:26:45+00:00</time>
      </trkpt>
      <trkpt lat="47.45297" lon="12.55575">
        <ele>1102</ele>
        <time>2026-05-13T02:26:48+00:00</time>
      </trkpt>
      <trkpt lat="47.45303" lon="12.55555">
        <ele>1099</ele>
        <time>2026-05-13T02:26:51+00:00</time>
      </trkpt>
      <trkpt lat="47.45313" lon="12.55535">
        <ele>1096</ele>
        <time>2026-05-13T02:26:54+00:00</time>
      </trkpt>
      <trkpt lat="47.45319" lon="12.55522">
        <ele>1097</ele>
        <time>2026-05-13T02:26:57+00:00</time>
      </trkpt>
      <trkpt lat="47.45327" lon="12.55498">
        <ele>1095</ele>
        <time>2026-05-13T02:27:00+00:00</time>
      </trkpt>
      <trkpt lat="47.45337" lon="12.55474">
        <ele>1092</ele>
        <time>2026-05-13T02:27:03+00:00</time>
      </trkpt>
      <trkpt lat="47.45342" lon="12.55461">
        <ele>1089</ele>
        <time>2026-05-13T02:27:06+00:00</time>
      </trkpt>
      <trkpt lat="47.45349" lon="12.55442">
        <ele>1090</ele>
        <time>2026-05-13T02:27:09+00:00</time>
      </trkpt>
      <trkpt lat="47.45354" lon="12.55429">
        <ele>1088</ele>
        <time>2026-05-13T02:27:12+00:00</time>
      </trkpt>
      <trkpt lat="47.45363" lon="12.55413">
        <ele>1085</ele>
        <time>2026-05-13T02:27:15+00:00</time>
      </trkpt>
      <trkpt lat="47.45368" lon="12.55401">
        <ele>1085</ele>
        <time>2026-05-13T02:27:18+00:00</time>
      </trkpt>
      <trkpt lat="47.45378" lon="12.55394">
        <ele>1083</ele>
        <time>2026-05-13T02:27:21+00:00</time>
      </trkpt>
      <trkpt lat="47.45387" lon="12.55388">
        <ele>1080</ele>
        <time>2026-05-13T02:27:24+00:00</time>
      </trkpt>
      <trkpt lat="47.45399" lon="12.55381">
        <ele>1077</ele>
        <time>2026-05-13T02:27:27+00:00</time>
      </trkpt>
      <trkpt lat="47.45405" lon="12.55378">
        <ele>1074</ele>
        <time>2026-05-13T02:27:30+00:00</time>
      </trkpt>
      <trkpt lat="47.45416" lon="12.55373">
        <ele>1071</ele>
        <time>2026-05-13T02:27:33+00:00</time>
      </trkpt>
      <trkpt lat="47.45427" lon="12.55369">
        <ele>1070</ele>
        <time>2026-05-13T02:27:36+00:00</time>
      </trkpt>
      <trkpt lat="47.45437" lon="12.55365">
        <ele>1068</ele>
        <time>2026-05-13T02:27:39+00:00</time>
      </trkpt>
      <trkpt lat="47.45448" lon="12.55361">
        <ele>1066</ele>
        <time>2026-05-13T02:27:42+00:00</time>
      </trkpt>
      <trkpt lat="47.45459" lon="12.55356">
        <ele>1064</ele>
        <time>2026-05-13T02:27:45+00:00</time>
      </trkpt>
      <trkpt lat="47.45468" lon="12.55352">
        <ele>1062</ele>
        <time>2026-05-13T02:27:48+00:00</time>
      </trkpt>
      <trkpt lat="47.45477" lon="12.55347">
        <ele>1061</ele>
        <time>2026-05-13T02:27:51+00:00</time>
      </trkpt>
      <trkpt lat="47.45488" lon="12.55341">
        <ele>1059</ele>
        <time>2026-05-13T02:27:54+00:00</time>
      </trkpt>
      <trkpt lat="47.45493" lon="12.55337">
        <ele>1058</ele>
        <time>2026-05-13T02:27:57+00:00</time>
      </trkpt>
      <trkpt lat="47.45494" lon="12.55335">
        <ele>1058</ele>
        <time>2026-05-13T02:28:00+00:00</time>
      </trkpt>
      <trkpt lat="47.45496" lon="12.55334">
        <ele>1058</ele>
        <time>2026-05-13T02:28:03+00:00</time>
      </trkpt>
      <trkpt lat="47.45498" lon="12.55333">
        <ele>1058</ele>
        <time>2026-05-13T02:28:06+00:00</time>
      </trkpt>
      <trkpt lat="47.45505" lon="12.55332">
        <ele>1055</ele>
        <time>2026-05-13T02:28:09+00:00</time>
      </trkpt>
      <trkpt lat="47.45517" lon="12.55329">
        <ele>1053</ele>
        <time>2026-05-13T02:28:12+00:00</time>
      </trkpt>
      <trkpt lat="47.45519" lon="12.5533">
        <ele>1053</ele>
        <time>2026-05-13T02:28:15+00:00</time>
      </trkpt>
      <trkpt lat="47.45521" lon="12.55341">
        <ele>1049</ele>
        <time>2026-05-13T02:28:18+00:00</time>
      </trkpt>
      <trkpt lat="47.45521" lon="12.55346">
        <ele>1049</ele>
        <time>2026-05-13T02:28:21+00:00</time>
      </trkpt>
      <trkpt lat="47.45521" lon="12.55366">
        <ele>1047</ele>
        <time>2026-05-13T02:28:24+00:00</time>
      </trkpt>
      <trkpt lat="47.45529" lon="12.55371">
        <ele>1046</ele>
        <time>2026-05-13T02:28:27+00:00</time>
      </trkpt>
      <trkpt lat="47.45538" lon="12.55365">
        <ele>1045</ele>
        <time>2026-05-13T02:28:30+00:00</time>
      </trkpt>
      <trkpt lat="47.45548" lon="12.55366">
        <ele>1042</ele>
        <time>2026-05-13T02:28:33+00:00</time>
      </trkpt>
      <trkpt lat="47.45556" lon="12.5537">
        <ele>1038</ele>
        <time>2026-05-13T02:28:36+00:00</time>
      </trkpt>
      <trkpt lat="47.45564" lon="12.55375">
        <ele>1035</ele>
        <time>2026-05-13T02:28:39+00:00</time>
      </trkpt>
      <trkpt lat="47.4557" lon="12.5538">
        <ele>1030</ele>
        <time>2026-05-13T02:28:42+00:00</time>
      </trkpt>
      <trkpt lat="47.45577" lon="12.55384">
        <ele>1030</ele>
        <time>2026-05-13T02:28:45+00:00</time>
      </trkpt>
      <trkpt lat="47.45586" lon="12.55379">
        <ele>1028</ele>
        <time>2026-05-13T02:28:48+00:00</time>
      </trkpt>
      <trkpt lat="47.45597" lon="12.55373">
        <ele>1025</ele>
        <time>2026-05-13T02:28:51+00:00</time>
      </trkpt>
      <trkpt lat="47.45605" lon="12.55373">
        <ele>1021</ele>
        <time>2026-05-13T02:28:54+00:00</time>
      </trkpt>
      <trkpt lat="47.45616" lon="12.55377">
        <ele>1018</ele>
        <time>2026-05-13T02:28:57+00:00</time>
      </trkpt>
      <trkpt lat="47.45621" lon="12.55392">
        <ele>1012</ele>
        <time>2026-05-13T02:29:00+00:00</time>
      </trkpt>
      <trkpt lat="47.45632" lon="12.55394">
        <ele>1009</ele>
        <time>2026-05-13T02:29:03+00:00</time>
      </trkpt>
      <trkpt lat="47.45639" lon="12.55371">
        <ele>1011</ele>
        <time>2026-05-13T02:29:06+00:00</time>
      </trkpt>
      <trkpt lat="47.45643" lon="12.55367">
        <ele>1008</ele>
        <time>2026-05-13T02:29:09+00:00</time>
      </trkpt>
      <trkpt lat="47.45649" lon="12.5536">
        <ele>1008</ele>
        <time>2026-05-13T02:29:12+00:00</time>
      </trkpt>
      <trkpt lat="47.45654" lon="12.5534">
        <ele>1008</ele>
        <time>2026-05-13T02:29:15+00:00</time>
      </trkpt>
      <trkpt lat="47.45665" lon="12.55333">
        <ele>1004</ele>
        <time>2026-05-13T02:29:18+00:00</time>
      </trkpt>
      <trkpt lat="47.45681" lon="12.55331">
        <ele>997</ele>
        <time>2026-05-13T02:29:21+00:00</time>
      </trkpt>
      <trkpt lat="47.45688" lon="12.55327">
        <ele>998</ele>
        <time>2026-05-13T02:29:24+00:00</time>
      </trkpt>
      <trkpt lat="47.45698" lon="12.55322">
        <ele>993</ele>
        <time>2026-05-13T02:29:27+00:00</time>
      </trkpt>
      <trkpt lat="47.45707" lon="12.55313">
        <ele>990</ele>
        <time>2026-05-13T02:29:30+00:00</time>
      </trkpt>
      <trkpt lat="47.45714" lon="12.55304">
        <ele>987</ele>
        <time>2026-05-13T02:29:33+00:00</time>
      </trkpt>
      <trkpt lat="47.4572" lon="12.55297">
        <ele>984</ele>
        <time>2026-05-13T02:29:36+00:00</time>
      </trkpt>
      <trkpt lat="47.45726" lon="12.55283">
        <ele>985</ele>
        <time>2026-05-13T02:29:39+00:00</time>
      </trkpt>
      <trkpt lat="47.45729" lon="12.55272">
        <ele>986</ele>
        <time>2026-05-13T02:29:42+00:00</time>
      </trkpt>
      <trkpt lat="47.45733" lon="12.55263">
        <ele>983</ele>
        <time>2026-05-13T02:29:45+00:00</time>
      </trkpt>
      <trkpt lat="47.45736" lon="12.55254">
        <ele>984</ele>
        <time>2026-05-13T02:29:48+00:00</time>
      </trkpt>
      <trkpt lat="47.45744" lon="12.55244">
        <ele>982</ele>
        <time>2026-05-13T02:29:51+00:00</time>
      </trkpt>
      <trkpt lat="47.45755" lon="12.55236">
        <ele>980</ele>
        <time>2026-05-13T02:29:54+00:00</time>
      </trkpt>
      <trkpt lat="47.45764" lon="12.55231">
        <ele>978</ele>
        <time>2026-05-13T02:29:57+00:00</time>
      </trkpt>
      <trkpt lat="47.45774" lon="12.55226">
        <ele>979</ele>
        <time>2026-05-13T02:30:00+00:00</time>
      </trkpt>
      <trkpt lat="47.45779" lon="12.55212">
        <ele>979</ele>
        <time>2026-05-13T02:30:03+00:00</time>
      </trkpt>
      <trkpt lat="47.45782" lon="12.552">
        <ele>978</ele>
        <time>2026-05-13T02:30:06+00:00</time>
      </trkpt>
      <trkpt lat="47.45785" lon="12.5518">
        <ele>979</ele>
        <time>2026-05-13T02:30:09+00:00</time>
      </trkpt>
      <trkpt lat="47.45795" lon="12.55176">
        <ele>977</ele>
        <time>2026-05-13T02:30:12+00:00</time>
      </trkpt>
      <trkpt lat="47.45806" lon="12.55192">
        <ele>975</ele>
        <time>2026-05-13T02:30:15+00:00</time>
      </trkpt>
      <trkpt lat="47.45817" lon="12.55209">
        <ele>971</ele>
        <time>2026-05-13T02:30:18+00:00</time>
      </trkpt>
      <trkpt lat="47.45825" lon="12.55224">
        <ele>966</ele>
        <time>2026-05-13T02:30:21+00:00</time>
      </trkpt>
      <trkpt lat="47.45832" lon="12.55233">
        <ele>962</ele>
        <time>2026-05-13T02:30:24+00:00</time>
      </trkpt>
      <trkpt lat="47.45846" lon="12.55237">
        <ele>958</ele>
        <time>2026-05-13T02:30:27+00:00</time>
      </trkpt>
      <trkpt lat="47.45853" lon="12.55248">
        <ele>954</ele>
        <time>2026-05-13T02:30:30+00:00</time>
      </trkpt>
      <trkpt lat="47.45865" lon="12.55257">
        <ele>950</ele>
        <time>2026-05-13T02:30:33+00:00</time>
      </trkpt>
      <trkpt lat="47.45877" lon="12.55265">
        <ele>945</ele>
        <time>2026-05-13T02:30:36+00:00</time>
      </trkpt>
      <trkpt lat="47.45889" lon="12.55264">
        <ele>942</ele>
        <time>2026-05-13T02:30:39+00:00</time>
      </trkpt>
      <trkpt lat="47.45901" lon="12.55259">
        <ele>937</ele>
        <time>2026-05-13T02:30:42+00:00</time>
      </trkpt>
      <trkpt lat="47.45917" lon="12.55255">
        <ele>933</ele>
        <time>2026-05-13T02:30:45+00:00</time>
      </trkpt>
      <trkpt lat="47.4593" lon="12.55256">
        <ele>930</ele>
        <time>2026-05-13T02:30:48+00:00</time>
      </trkpt>
      <trkpt lat="47.4594" lon="12.55255">
        <ele>923</ele>
        <time>2026-05-13T02:30:51+00:00</time>
      </trkpt>
      <trkpt lat="47.45952" lon="12.55252">
        <ele>920</ele>
        <time>2026-05-13T02:30:54+00:00</time>
      </trkpt>
      <trkpt lat="47.45963" lon="12.55258">
        <ele>917</ele>
        <time>2026-05-13T02:30:57+00:00</time>
      </trkpt>
      <trkpt lat="47.45968" lon="12.55273">
        <ele>916</ele>
        <time>2026-05-13T02:31:00+00:00</time>
      </trkpt>
      <trkpt lat="47.45974" lon="12.55284">
        <ele>914</ele>
        <time>2026-05-13T02:31:03+00:00</time>
      </trkpt>
      <trkpt lat="47.45988" lon="12.55285">
        <ele>913</ele>
        <time>2026-05-13T02:31:06+00:00</time>
      </trkpt>
      <trkpt lat="47.45998" lon="12.55286">
        <ele>911</ele>
        <time>2026-05-13T02:31:09+00:00</time>
      </trkpt>
      <trkpt lat="47.45999" lon="12.55297">
        <ele>911</ele>
        <time>2026-05-13T02:31:12+00:00</time>
      </trkpt>
      <trkpt lat="47.45998" lon="12.5531">
        <ele>911</ele>
        <time>2026-05-13T02:31:15+00:00</time>
      </trkpt>
      <trkpt lat="47.45986" lon="12.55326">
        <ele>912</ele>
        <time>2026-05-13T02:31:18+00:00</time>
      </trkpt>
      <trkpt lat="47.45986" lon="12.55328">
        <ele>912</ele>
        <time>2026-05-13T02:31:21+00:00</time>
      </trkpt>
      <trkpt lat="47.45991" lon="12.55328">
        <ele>911</ele>
        <time>2026-05-13T02:31:24+00:00</time>
      </trkpt>
      <trkpt lat="47.45993" lon="12.55329">
        <ele>911</ele>
        <time>2026-05-13T02:31:27+00:00</time>
      </trkpt>
      <trkpt lat="47.46003" lon="12.55324">
        <ele>910</ele>
        <time>2026-05-13T02:31:30+00:00</time>
      </trkpt>
      <trkpt lat="47.46012" lon="12.55312">
        <ele>908</ele>
        <time>2026-05-13T02:31:33+00:00</time>
      </trkpt>
      <trkpt lat="47.4602" lon="12.55303">
        <ele>906</ele>
        <time>2026-05-13T02:31:36+00:00</time>
      </trkpt>
      <trkpt lat="47.46029" lon="12.55296">
        <ele>906</ele>
        <time>2026-05-13T02:31:39+00:00</time>
      </trkpt>
      <trkpt lat="47.46039" lon="12.55294">
        <ele>905</ele>
        <time>2026-05-13T02:31:42+00:00</time>
      </trkpt>
      <trkpt lat="47.46049" lon="12.55294">
        <ele>904</ele>
        <time>2026-05-13T02:31:45+00:00</time>
      </trkpt>
      <trkpt lat="47.4606" lon="12.55294">
        <ele>902</ele>
        <time>2026-05-13T02:31:48+00:00</time>
      </trkpt>
      <trkpt lat="47.4607" lon="12.55296">
        <ele>902</ele>
        <time>2026-05-13T02:31:51+00:00</time>
      </trkpt>
      <trkpt lat="47.46074" lon="12.55298">
        <ele>902</ele>
        <time>2026-05-13T02:31:54+00:00</time>
      </trkpt>
      <trkpt lat="47.46079" lon="12.55296">
        <ele>902</ele>
        <time>2026-05-13T02:31:57+00:00</time>
      </trkpt>
      <trkpt lat="47.46083" lon="12.55299">
        <ele>901</ele>
        <time>2026-05-13T02:32:00+00:00</time>
      </trkpt>
      <trkpt lat="47.46087" lon="12.55301">
        <ele>901</ele>
        <time>2026-05-13T02:32:03+00:00</time>
      </trkpt>
      <trkpt lat="47.46094" lon="12.55301">
        <ele>900</ele>
        <time>2026-05-13T02:32:06+00:00</time>
      </trkpt>
      <trkpt lat="47.46098" lon="12.55301">
        <ele>900</ele>
        <time>2026-05-13T02:32:09+00:00</time>
      </trkpt>
      <trkpt lat="47.46104" lon="12.55304">
        <ele>899</ele>
        <time>2026-05-13T02:32:12+00:00</time>
      </trkpt>
      <trkpt lat="47.46111" lon="12.55307">
        <ele>899</ele>
        <time>2026-05-13T02:32:15+00:00</time>
      </trkpt>
      <trkpt lat="47.46116" lon="12.55315">
        <ele>897</ele>
        <time>2026-05-13T02:32:18+00:00</time>
      </trkpt>
      <trkpt lat="47.46122" lon="12.55319">
        <ele>897</ele>
        <time>2026-05-13T02:32:21+00:00</time>
      </trkpt>
      <trkpt lat="47.46129" lon="12.55324">
        <ele>896</ele>
        <time>2026-05-13T02:32:24+00:00</time>
      </trkpt>
      <trkpt lat="47.46136" lon="12.55327">
        <ele>895</ele>
        <time>2026-05-13T02:32:27+00:00</time>
      </trkpt>
      <trkpt lat="47.46142" lon="12.55329">
        <ele>894</ele>
        <time>2026-05-13T02:32:30+00:00</time>
      </trkpt>
      <trkpt lat="47.46151" lon="12.55328">
        <ele>893</ele>
        <time>2026-05-13T02:32:33+00:00</time>
      </trkpt>
      <trkpt lat="47.4616" lon="12.55326">
        <ele>892</ele>
        <time>2026-05-13T02:32:36+00:00</time>
      </trkpt>
      <trkpt lat="47.46168" lon="12.55323">
        <ele>892</ele>
        <time>2026-05-13T02:32:39+00:00</time>
      </trkpt>
      <trkpt lat="47.46175" lon="12.55322">
        <ele>891</ele>
        <time>2026-05-13T02:32:42+00:00</time>
      </trkpt>
      <trkpt lat="47.46182" lon="12.55321">
        <ele>891</ele>
        <time>2026-05-13T02:32:45+00:00</time>
      </trkpt>
      <trkpt lat="47.46188" lon="12.55323">
        <ele>891</ele>
        <time>2026-05-13T02:32:48+00:00</time>
      </trkpt>
      <trkpt lat="47.46194" lon="12.55324">
        <ele>890</ele>
        <time>2026-05-13T02:32:51+00:00</time>
      </trkpt>
      <trkpt lat="47.46202" lon="12.55329">
        <ele>889</ele>
        <time>2026-05-13T02:32:54+00:00</time>
      </trkpt>
      <trkpt lat="47.46205" lon="12.55334">
        <ele>888</ele>
        <time>2026-05-13T02:32:57+00:00</time>
      </trkpt>
      <trkpt lat="47.46212" lon="12.5534">
        <ele>886</ele>
        <time>2026-05-13T02:33:00+00:00</time>
      </trkpt>
      <trkpt lat="47.46217" lon="12.55344">
        <ele>886</ele>
        <time>2026-05-13T02:33:03+00:00</time>
      </trkpt>
      <trkpt lat="47.46222" lon="12.55346">
        <ele>885</ele>
        <time>2026-05-13T02:33:06+00:00</time>
      </trkpt>
      <trkpt lat="47.46228" lon="12.55345">
        <ele>885</ele>
        <time>2026-05-13T02:33:09+00:00</time>
      </trkpt>
      <trkpt lat="47.46235" lon="12.55342">
        <ele>885</ele>
        <time>2026-05-13T02:33:12+00:00</time>
      </trkpt>
      <trkpt lat="47.4624" lon="12.55341">
        <ele>884</ele>
        <time>2026-05-13T02:33:15+00:00</time>
      </trkpt>
      <trkpt lat="47.46247" lon="12.5534">
        <ele>884</ele>
        <time>2026-05-13T02:33:18+00:00</time>
      </trkpt>
      <trkpt lat="47.46252" lon="12.5534">
        <ele>885</ele>
        <time>2026-05-13T02:33:21+00:00</time>
      </trkpt>
      <trkpt lat="47.46257" lon="12.55341">
        <ele>884</ele>
        <time>2026-05-13T02:33:24+00:00</time>
      </trkpt>
      <trkpt lat="47.46263" lon="12.5534">
        <ele>883</ele>
        <time>2026-05-13T02:33:27+00:00</time>
      </trkpt>
      <trkpt lat="47.46268" lon="12.55339">
        <ele>885</ele>
        <time>2026-05-13T02:33:30+00:00</time>
      </trkpt>
      <trkpt lat="47.46274" lon="12.5534">
        <ele>884</ele>
        <time>2026-05-13T02:33:33+00:00</time>
      </trkpt>
      <trkpt lat="47.46279" lon="12.5534">
        <ele>883</ele>
        <time>2026-05-13T02:33:36+00:00</time>
      </trkpt>
      <trkpt lat="47.46285" lon="12.55343">
        <ele>883</ele>
        <time>2026-05-13T02:33:39+00:00</time>
      </trkpt>
      <trkpt lat="47.46291" lon="12.55344">
        <ele>882</ele>
        <time>2026-05-13T02:33:42+00:00</time>
      </trkpt>
      <trkpt lat="47.46296" lon="12.55348">
        <ele>882</ele>
        <time>2026-05-13T02:33:45+00:00</time>
      </trkpt>
      <trkpt lat="47.46302" lon="12.55352">
        <ele>881</ele>
        <time>2026-05-13T02:33:48+00:00</time>
      </trkpt>
      <trkpt lat="47.46308" lon="12.55355">
        <ele>881</ele>
        <time>2026-05-13T02:33:51+00:00</time>
      </trkpt>
      <trkpt lat="47.46313" lon="12.5536">
        <ele>880</ele>
        <time>2026-05-13T02:33:54+00:00</time>
      </trkpt>
      <trkpt lat="47.46318" lon="12.55364">
        <ele>878</ele>
        <time>2026-05-13T02:33:57+00:00</time>
      </trkpt>
      <trkpt lat="47.46323" lon="12.55369">
        <ele>877</ele>
        <time>2026-05-13T02:34:00+00:00</time>
      </trkpt>
      <trkpt lat="47.46327" lon="12.55373">
        <ele>875</ele>
        <time>2026-05-13T02:34:03+00:00</time>
      </trkpt>
      <trkpt lat="47.46332" lon="12.55376">
        <ele>874</ele>
        <time>2026-05-13T02:34:06+00:00</time>
      </trkpt>
      <trkpt lat="47.46338" lon="12.55378">
        <ele>874</ele>
        <time>2026-05-13T02:34:09+00:00</time>
      </trkpt>
      <trkpt lat="47.46346" lon="12.55376">
        <ele>873</ele>
        <time>2026-05-13T02:34:12+00:00</time>
      </trkpt>
      <trkpt lat="47.46351" lon="12.55376">
        <ele>872</ele>
        <time>2026-05-13T02:34:15+00:00</time>
      </trkpt>
      <trkpt lat="47.46358" lon="12.55373">
        <ele>872</ele>
        <time>2026-05-13T02:34:18+00:00</time>
      </trkpt>
      <trkpt lat="47.46365" lon="12.55372">
        <ele>871</ele>
        <time>2026-05-13T02:34:21+00:00</time>
      </trkpt>
      <trkpt lat="47.46368" lon="12.55371">
        <ele>871</ele>
        <time>2026-05-13T02:34:24+00:00</time>
      </trkpt>
      <trkpt lat="47.46374" lon="12.55374">
        <ele>870</ele>
        <time>2026-05-13T02:34:27+00:00</time>
      </trkpt>
      <trkpt lat="47.46381" lon="12.55373">
        <ele>869</ele>
        <time>2026-05-13T02:34:30+00:00</time>
      </trkpt>
      <trkpt lat="47.46387" lon="12.55375">
        <ele>869</ele>
        <time>2026-05-13T02:34:33+00:00</time>
      </trkpt>
      <trkpt lat="47.46393" lon="12.55373">
        <ele>867</ele>
        <time>2026-05-13T02:34:36+00:00</time>
      </trkpt>
      <trkpt lat="47.46399" lon="12.55371">
        <ele>867</ele>
        <time>2026-05-13T02:34:39+00:00</time>
      </trkpt>
      <trkpt lat="47.46404" lon="12.55369">
        <ele>867</ele>
        <time>2026-05-13T02:34:42+00:00</time>
      </trkpt>
      <trkpt lat="47.4641" lon="12.55362">
        <ele>867</ele>
        <time>2026-05-13T02:34:45+00:00</time>
      </trkpt>
      <trkpt lat="47.46415" lon="12.55356">
        <ele>866</ele>
        <time>2026-05-13T02:34:48+00:00</time>
      </trkpt>
      <trkpt lat="47.4642" lon="12.5535">
        <ele>866</ele>
        <time>2026-05-13T02:34:51+00:00</time>
      </trkpt>
      <trkpt lat="47.46426" lon="12.55345">
        <ele>866</ele>
        <time>2026-05-13T02:34:54+00:00</time>
      </trkpt>
      <trkpt lat="47.46433" lon="12.55341">
        <ele>864</ele>
        <time>2026-05-13T02:34:57+00:00</time>
      </trkpt>
      <trkpt lat="47.46441" lon="12.5534">
        <ele>863</ele>
        <time>2026-05-13T02:35:00+00:00</time>
      </trkpt>
      <trkpt lat="47.4645" lon="12.55337">
        <ele>863</ele>
        <time>2026-05-13T02:35:03+00:00</time>
      </trkpt>
      <trkpt lat="47.46457" lon="12.55335">
        <ele>862</ele>
        <time>2026-05-13T02:35:06+00:00</time>
      </trkpt>
      <trkpt lat="47.46465" lon="12.55333">
        <ele>860</ele>
        <time>2026-05-13T02:35:09+00:00</time>
      </trkpt>
      <trkpt lat="47.46471" lon="12.55331">
        <ele>861</ele>
        <time>2026-05-13T02:35:12+00:00</time>
      </trkpt>
      <trkpt lat="47.4648" lon="12.55324">
        <ele>859</ele>
        <time>2026-05-13T02:35:15+00:00</time>
      </trkpt>
      <trkpt lat="47.46488" lon="12.55316">
        <ele>860</ele>
        <time>2026-05-13T02:35:18+00:00</time>
      </trkpt>
      <trkpt lat="47.46495" lon="12.55309">
        <ele>859</ele>
        <time>2026-05-13T02:35:21+00:00</time>
      </trkpt>
      <trkpt lat="47.46499" lon="12.55301">
        <ele>859</ele>
        <time>2026-05-13T02:35:24+00:00</time>
      </trkpt>
      <trkpt lat="47.46503" lon="12.55294">
        <ele>858</ele>
        <time>2026-05-13T02:35:27+00:00</time>
      </trkpt>
      <trkpt lat="47.46508" lon="12.55286">
        <ele>859</ele>
        <time>2026-05-13T02:35:30+00:00</time>
      </trkpt>
      <trkpt lat="47.46512" lon="12.55278">
        <ele>858</ele>
        <time>2026-05-13T02:35:33+00:00</time>
      </trkpt>
      <trkpt lat="47.46519" lon="12.55273">
        <ele>858</ele>
        <time>2026-05-13T02:35:36+00:00</time>
      </trkpt>
      <trkpt lat="47.46526" lon="12.55271">
        <ele>856</ele>
        <time>2026-05-13T02:35:39+00:00</time>
      </trkpt>
      <trkpt lat="47.46533" lon="12.55267">
        <ele>855</ele>
        <time>2026-05-13T02:35:42+00:00</time>
      </trkpt>
      <trkpt lat="47.46539" lon="12.55262">
        <ele>855</ele>
        <time>2026-05-13T02:35:45+00:00</time>
      </trkpt>
      <trkpt lat="47.46547" lon="12.5526">
        <ele>855</ele>
        <time>2026-05-13T02:35:48+00:00</time>
      </trkpt>
      <trkpt lat="47.46553" lon="12.55256">
        <ele>853</ele>
        <time>2026-05-13T02:35:51+00:00</time>
      </trkpt>
      <trkpt lat="47.46557" lon="12.55248">
        <ele>854</ele>
        <time>2026-05-13T02:35:54+00:00</time>
      </trkpt>
      <trkpt lat="47.46564" lon="12.55242">
        <ele>852</ele>
        <time>2026-05-13T02:35:57+00:00</time>
      </trkpt>
      <trkpt lat="47.4657" lon="12.55235">
        <ele>853</ele>
        <time>2026-05-13T02:36:00+00:00</time>
      </trkpt>
      <trkpt lat="47.46576" lon="12.55226">
        <ele>852</ele>
        <time>2026-05-13T02:36:03+00:00</time>
      </trkpt>
      <trkpt lat="47.46583" lon="12.5522">
        <ele>850</ele>
        <time>2026-05-13T02:36:06+00:00</time>
      </trkpt>
      <trkpt lat="47.46592" lon="12.55218">
        <ele>849</ele>
        <time>2026-05-13T02:36:09+00:00</time>
      </trkpt>
      <trkpt lat="47.46598" lon="12.55218">
        <ele>849</ele>
        <time>2026-05-13T02:36:12+00:00</time>
      </trkpt>
      <trkpt lat="47.46602" lon="12.55218">
        <ele>848</ele>
        <time>2026-05-13T02:36:15+00:00</time>
      </trkpt>
      <trkpt lat="47.46608" lon="12.55216">
        <ele>848</ele>
        <time>2026-05-13T02:36:18+00:00</time>
      </trkpt>
      <trkpt lat="47.46615" lon="12.55215">
        <ele>846</ele>
        <time>2026-05-13T02:36:21+00:00</time>
      </trkpt>
      <trkpt lat="47.46624" lon="12.55213">
        <ele>845</ele>
        <time>2026-05-13T02:36:24+00:00</time>
      </trkpt>
      <trkpt lat="47.46632" lon="12.5521">
        <ele>843</ele>
        <time>2026-05-13T02:36:27+00:00</time>
      </trkpt>
      <trkpt lat="47.46638" lon="12.55209">
        <ele>843</ele>
        <time>2026-05-13T02:36:30+00:00</time>
      </trkpt>
      <trkpt lat="47.46644" lon="12.55206">
        <ele>842</ele>
        <time>2026-05-13T02:36:33+00:00</time>
      </trkpt>
      <trkpt lat="47.46651" lon="12.55205">
        <ele>840</ele>
        <time>2026-05-13T02:36:36+00:00</time>
      </trkpt>
      <trkpt lat="47.46656" lon="12.55202">
        <ele>840</ele>
        <time>2026-05-13T02:36:39+00:00</time>
      </trkpt>
      <trkpt lat="47.46664" lon="12.55198">
        <ele>839</ele>
        <time>2026-05-13T02:36:42+00:00</time>
      </trkpt>
      <trkpt lat="47.46673" lon="12.55197">
        <ele>838</ele>
        <time>2026-05-13T02:36:45+00:00</time>
      </trkpt>
      <trkpt lat="47.46682" lon="12.55194">
        <ele>837</ele>
        <time>2026-05-13T02:36:48+00:00</time>
      </trkpt>
      <trkpt lat="47.46691" lon="12.55192">
        <ele>835</ele>
        <time>2026-05-13T02:36:51+00:00</time>
      </trkpt>
      <trkpt lat="47.46697" lon="12.55191">
        <ele>835</ele>
        <time>2026-05-13T02:36:54+00:00</time>
      </trkpt>
      <trkpt lat="47.46703" lon="12.55191">
        <ele>834</ele>
        <time>2026-05-13T02:36:57+00:00</time>
      </trkpt>
      <trkpt lat="47.46712" lon="12.55192">
        <ele>834</ele>
        <time>2026-05-13T02:37:00+00:00</time>
      </trkpt>
      <trkpt lat="47.46717" lon="12.55184">
        <ele>833</ele>
        <time>2026-05-13T02:37:03+00:00</time>
      </trkpt>
      <trkpt lat="47.46722" lon="12.55177">
        <ele>834</ele>
        <time>2026-05-13T02:37:06+00:00</time>
      </trkpt>
      <trkpt lat="47.46725" lon="12.55173">
        <ele>834</ele>
        <time>2026-05-13T02:37:09+00:00</time>
      </trkpt>
      <trkpt lat="47.46729" lon="12.5517">
        <ele>834</ele>
        <time>2026-05-13T02:37:12+00:00</time>
      </trkpt>
      <trkpt lat="47.46731" lon="12.5517">
        <ele>833</ele>
        <time>2026-05-13T02:37:15+00:00</time>
      </trkpt>
      <trkpt lat="47.46734" lon="12.55168">
        <ele>834</ele>
        <time>2026-05-13T02:37:18+00:00</time>
      </trkpt>
      <trkpt lat="47.46741" lon="12.55165">
        <ele>833</ele>
        <time>2026-05-13T02:37:21+00:00</time>
      </trkpt>
      <trkpt lat="47.46744" lon="12.55164">
        <ele>833</ele>
        <time>2026-05-13T02:37:24+00:00</time>
      </trkpt>
      <trkpt lat="47.46744" lon="12.55157">
        <ele>834</ele>
        <time>2026-05-13T02:37:27+00:00</time>
      </trkpt>
      <trkpt lat="47.46749" lon="12.55149">
        <ele>835</ele>
        <time>2026-05-13T02:37:30+00:00</time>
      </trkpt>
      <trkpt lat="47.46764" lon="12.55127">
        <ele>836</ele>
        <time>2026-05-13T02:37:33+00:00</time>
      </trkpt>
      <trkpt lat="47.46766" lon="12.5512">
        <ele>837</ele>
        <time>2026-05-13T02:37:36+00:00</time>
      </trkpt>
      <trkpt lat="47.46768" lon="12.55111">
        <ele>837</ele>
        <time>2026-05-13T02:37:39+00:00</time>
      </trkpt>
      <trkpt lat="47.46778" lon="12.55103">
        <ele>837</ele>
        <time>2026-05-13T02:37:42+00:00</time>
      </trkpt>
      <trkpt lat="47.46798" lon="12.55099">
        <ele>837</ele>
        <time>2026-05-13T02:37:45+00:00</time>
      </trkpt>
      <trkpt lat="47.46831" lon="12.55092">
        <ele>836</ele>
        <time>2026-05-13T02:37:48+00:00</time>
      </trkpt>
      <trkpt lat="47.46852" lon="12.55088">
        <ele>836</ele>
        <time>2026-05-13T02:37:51+00:00</time>
      </trkpt>
      <trkpt lat="47.46863" lon="12.55082">
        <ele>836</ele>
        <time>2026-05-13T02:37:54+00:00</time>
      </trkpt>
      <trkpt lat="47.46874" lon="12.55065">
        <ele>837</ele>
        <time>2026-05-13T02:37:57+00:00</time>
      </trkpt>
      <trkpt lat="47.46881" lon="12.55049">
        <ele>838</ele>
        <time>2026-05-13T02:38:00+00:00</time>
      </trkpt>
      <trkpt lat="47.46888" lon="12.55023">
        <ele>839</ele>
        <time>2026-05-13T02:38:03+00:00</time>
      </trkpt>
      <trkpt lat="47.4689" lon="12.55009">
        <ele>839</ele>
        <time>2026-05-13T02:38:06+00:00</time>
      </trkpt>
      <trkpt lat="47.46892" lon="12.55008">
        <ele>839</ele>
        <time>2026-05-13T02:38:09+00:00</time>
      </trkpt>
      <trkpt lat="47.46888" lon="12.5499">
        <ele>840</ele>
        <time>2026-05-13T02:38:12+00:00</time>
      </trkpt>
      <trkpt lat="47.46887" lon="12.54976">
        <ele>840</ele>
        <time>2026-05-13T02:38:15+00:00</time>
      </trkpt>
      <trkpt lat="47.46886" lon="12.54961">
        <ele>840</ele>
        <time>2026-05-13T02:38:18+00:00</time>
      </trkpt>
      <trkpt lat="47.46885" lon="12.54911">
        <ele>840</ele>
        <time>2026-05-13T02:38:21+00:00</time>
      </trkpt>
      <trkpt lat="47.46886" lon="12.54906">
        <ele>840</ele>
        <time>2026-05-13T02:38:24+00:00</time>
      </trkpt>
      <trkpt lat="47.46884" lon="12.54894">
        <ele>840</ele>
        <time>2026-05-13T02:38:27+00:00</time>
      </trkpt>
      <trkpt lat="47.46883" lon="12.54887">
        <ele>839</ele>
        <time>2026-05-13T02:38:30+00:00</time>
      </trkpt>
      <trkpt lat="47.4688" lon="12.54885">
        <ele>840</ele>
        <time>2026-05-13T02:38:33+00:00</time>
      </trkpt>
      <trkpt lat="47.46868" lon="12.54873">
        <ele>841</ele>
        <time>2026-05-13T02:38:36+00:00</time>
      </trkpt>
      <trkpt lat="47.4686" lon="12.54866">
        <ele>842</ele>
        <time>2026-05-13T02:38:39+00:00</time>
      </trkpt>
      <trkpt lat="47.4685" lon="12.54861">
        <ele>843</ele>
        <time>2026-05-13T02:38:42+00:00</time>
      </trkpt>
      <trkpt lat="47.4684" lon="12.54855">
        <ele>843</ele>
        <time>2026-05-13T02:38:45+00:00</time>
      </trkpt>
      <trkpt lat="47.46832" lon="12.54851">
        <ele>844</ele>
        <time>2026-05-13T02:38:48+00:00</time>
      </trkpt>
      <trkpt lat="47.46823" lon="12.54851">
        <ele>845</ele>
        <time>2026-05-13T02:38:51+00:00</time>
      </trkpt>
      <trkpt lat="47.46823" lon="12.54844">
        <ele>845</ele>
        <time>2026-05-13T02:38:54+00:00</time>
      </trkpt>
      <trkpt lat="47.46823" lon="12.54837">
        <ele>845</ele>
        <time>2026-05-13T02:38:57+00:00</time>
      </trkpt>
      <trkpt lat="47.46824" lon="12.54828">
        <ele>845</ele>
        <time>2026-05-13T02:39:00+00:00</time>
      </trkpt>
      <trkpt lat="47.46825" lon="12.54822">
        <ele>845</ele>
        <time>2026-05-13T02:39:03+00:00</time>
      </trkpt>
      <trkpt lat="47.46826" lon="12.54818">
        <ele>845</ele>
        <time>2026-05-13T02:39:06+00:00</time>
      </trkpt>
      <trkpt lat="47.46828" lon="12.54801">
        <ele>845</ele>
        <time>2026-05-13T02:39:09+00:00</time>
      </trkpt>
      <trkpt lat="47.4683" lon="12.5478">
        <ele>844</ele>
        <time>2026-05-13T02:39:12+00:00</time>
      </trkpt>
      <trkpt lat="47.46831" lon="12.54764">
        <ele>844</ele>
        <time>2026-05-13T02:39:15+00:00</time>
      </trkpt>
      <trkpt lat="47.46834" lon="12.54729">
        <ele>844</ele>
        <time>2026-05-13T02:39:18+00:00</time>
      </trkpt>
      <trkpt lat="47.46834" lon="12.54712">
        <ele>844</ele>
        <time>2026-05-13T02:39:21+00:00</time>
      </trkpt>
      <trkpt lat="47.46834" lon="12.54695">
        <ele>844</ele>
        <time>2026-05-13T02:39:24+00:00</time>
      </trkpt>
      <trkpt lat="47.46833" lon="12.54682">
        <ele>844</ele>
        <time>2026-05-13T02:39:27+00:00</time>
      </trkpt>
      <trkpt lat="47.46832" lon="12.54668">
        <ele>845</ele>
        <time>2026-05-13T02:39:30+00:00</time>
      </trkpt>
      <trkpt lat="47.46832" lon="12.54655">
        <ele>845</ele>
        <time>2026-05-13T02:39:33+00:00</time>
      </trkpt>
      <trkpt lat="47.46838" lon="12.54607">
        <ele>845</ele>
        <time>2026-05-13T02:39:36+00:00</time>
      </trkpt>
      <trkpt lat="47.46844" lon="12.54595">
        <ele>846</ele>
        <time>2026-05-13T02:39:39+00:00</time>
      </trkpt>
      <trkpt lat="47.46848" lon="12.54586">
        <ele>847</ele>
        <time>2026-05-13T02:39:42+00:00</time>
      </trkpt>
      <trkpt lat="47.46851" lon="12.54573">
        <ele>846</ele>
        <time>2026-05-13T02:39:45+00:00</time>
      </trkpt>
      <trkpt lat="47.46854" lon="12.54561">
        <ele>847</ele>
        <time>2026-05-13T02:39:48+00:00</time>
      </trkpt>
      <trkpt lat="47.46855" lon="12.54552">
        <ele>847</ele>
        <time>2026-05-13T02:39:51+00:00</time>
      </trkpt>
      <trkpt lat="47.46859" lon="12.54534">
        <ele>848</ele>
        <time>2026-05-13T02:39:54+00:00</time>
      </trkpt>
      <trkpt lat="47.46861" lon="12.54533">
        <ele>847</ele>
        <time>2026-05-13T02:39:57+00:00</time>
      </trkpt>
      <trkpt lat="47.46863" lon="12.54531">
        <ele>847</ele>
        <time>2026-05-13T02:40:00+00:00</time>
      </trkpt>
      <trkpt lat="47.46873" lon="12.54499">
        <ele>848</ele>
        <time>2026-05-13T02:40:03+00:00</time>
      </trkpt>
      <trkpt lat="47.46877" lon="12.54482">
        <ele>848</ele>
        <time>2026-05-13T02:40:06+00:00</time>
      </trkpt>
      <trkpt lat="47.46882" lon="12.54466">
        <ele>849</ele>
        <time>2026-05-13T02:40:09+00:00</time>
      </trkpt>
      <trkpt lat="47.46887" lon="12.54447">
        <ele>850</ele>
        <time>2026-05-13T02:40:12+00:00</time>
      </trkpt>
      <trkpt lat="47.4689" lon="12.5443">
        <ele>851</ele>
        <time>2026-05-13T02:40:15+00:00</time>
      </trkpt>
      <trkpt lat="47.46892" lon="12.54407">
        <ele>852</ele>
        <time>2026-05-13T02:40:18+00:00</time>
      </trkpt>
      <trkpt lat="47.46894" lon="12.54379">
        <ele>854</ele>
        <time>2026-05-13T02:40:21+00:00</time>
      </trkpt>
      <trkpt lat="47.46894" lon="12.54366">
        <ele>854</ele>
        <time>2026-05-13T02:40:24+00:00</time>
      </trkpt>
      <trkpt lat="47.46893" lon="12.54358">
        <ele>855</ele>
        <time>2026-05-13T02:40:27+00:00</time>
      </trkpt>
      <trkpt lat="47.46891" lon="12.54342">
        <ele>855</ele>
        <time>2026-05-13T02:40:30+00:00</time>
      </trkpt>
      <trkpt lat="47.46888" lon="12.54327">
        <ele>857</ele>
        <time>2026-05-13T02:40:33+00:00</time>
      </trkpt>
      <trkpt lat="47.46884" lon="12.54308">
        <ele>859</ele>
        <time>2026-05-13T02:40:36+00:00</time>
      </trkpt>
      <trkpt lat="47.46879" lon="12.54282">
        <ele>861</ele>
        <time>2026-05-13T02:40:39+00:00</time>
      </trkpt>
      <trkpt lat="47.46873" lon="12.54258">
        <ele>862</ele>
        <time>2026-05-13T02:40:42+00:00</time>
      </trkpt>
      <trkpt lat="47.46869" lon="12.54243">
        <ele>864</ele>
        <time>2026-05-13T02:40:45+00:00</time>
      </trkpt>
      <trkpt lat="47.46864" lon="12.54227">
        <ele>865</ele>
        <time>2026-05-13T02:40:48+00:00</time>
      </trkpt>
      <trkpt lat="47.46861" lon="12.54205">
        <ele>866</ele>
        <time>2026-05-13T02:40:51+00:00</time>
      </trkpt>
      <trkpt lat="47.46859" lon="12.54183">
        <ele>867</ele>
        <time>2026-05-13T02:40:54+00:00</time>
      </trkpt>
      <trkpt lat="47.46858" lon="12.54162">
        <ele>868</ele>
        <time>2026-05-13T02:40:57+00:00</time>
      </trkpt>
      <trkpt lat="47.46859" lon="12.54154">
        <ele>869</ele>
        <time>2026-05-13T02:41:00+00:00</time>
      </trkpt>
      <trkpt lat="47.46863" lon="12.54126">
        <ele>870</ele>
        <time>2026-05-13T02:41:03+00:00</time>
      </trkpt>
      <trkpt lat="47.46865" lon="12.54106">
        <ele>871</ele>
        <time>2026-05-13T02:41:06+00:00</time>
      </trkpt>
      <trkpt lat="47.46864" lon="12.54092">
        <ele>871</ele>
        <time>2026-05-13T02:41:09+00:00</time>
      </trkpt>
      <trkpt lat="47.46862" lon="12.54083">
        <ele>872</ele>
        <time>2026-05-13T02:41:12+00:00</time>
      </trkpt>
      <trkpt lat="47.46861" lon="12.54072">
        <ele>872</ele>
        <time>2026-05-13T02:41:15+00:00</time>
      </trkpt>
      <trkpt lat="47.46862" lon="12.54063">
        <ele>873</ele>
        <time>2026-05-13T02:41:18+00:00</time>
      </trkpt>
      <trkpt lat="47.46867" lon="12.54027">
        <ele>875</ele>
        <time>2026-05-13T02:41:21+00:00</time>
      </trkpt>
      <trkpt lat="47.46869" lon="12.54009">
        <ele>876</ele>
        <time>2026-05-13T02:41:24+00:00</time>
      </trkpt>
      <trkpt lat="47.46873" lon="12.53992">
        <ele>875</ele>
        <time>2026-05-13T02:41:27+00:00</time>
      </trkpt>
      <trkpt lat="47.46875" lon="12.53975">
        <ele>876</ele>
        <time>2026-05-13T02:41:30+00:00</time>
      </trkpt>
      <trkpt lat="47.46879" lon="12.53958">
        <ele>876</ele>
        <time>2026-05-13T02:41:33+00:00</time>
      </trkpt>
      <trkpt lat="47.46883" lon="12.5394">
        <ele>875</ele>
        <time>2026-05-13T02:41:36+00:00</time>
      </trkpt>
      <trkpt lat="47.46885" lon="12.53922">
        <ele>876</ele>
        <time>2026-05-13T02:41:39+00:00</time>
      </trkpt>
      <trkpt lat="47.46889" lon="12.53893">
        <ele>876</ele>
        <time>2026-05-13T02:41:42+00:00</time>
      </trkpt>
      <trkpt lat="47.46888" lon="12.53868">
        <ele>877</ele>
        <time>2026-05-13T02:41:45+00:00</time>
      </trkpt>
      <trkpt lat="47.46892" lon="12.53839">
        <ele>876</ele>
        <time>2026-05-13T02:41:48+00:00</time>
      </trkpt>
      <trkpt lat="47.46894" lon="12.53821">
        <ele>875</ele>
        <time>2026-05-13T02:41:51+00:00</time>
      </trkpt>
      <trkpt lat="47.46893" lon="12.53808">
        <ele>876</ele>
        <time>2026-05-13T02:41:54+00:00</time>
      </trkpt>
      <trkpt lat="47.46895" lon="12.53796">
        <ele>876</ele>
        <time>2026-05-13T02:41:57+00:00</time>
      </trkpt>
      <trkpt lat="47.46904" lon="12.53775">
        <ele>873</ele>
        <time>2026-05-13T02:42:00+00:00</time>
      </trkpt>
      <trkpt lat="47.46918" lon="12.53759">
        <ele>871</ele>
        <time>2026-05-13T02:42:03+00:00</time>
      </trkpt>
      <trkpt lat="47.46919" lon="12.53734">
        <ele>871</ele>
        <time>2026-05-13T02:42:06+00:00</time>
      </trkpt>
      <trkpt lat="47.46926" lon="12.53714">
        <ele>870</ele>
        <time>2026-05-13T02:42:09+00:00</time>
      </trkpt>
      <trkpt lat="47.4693" lon="12.53704">
        <ele>870</ele>
        <time>2026-05-13T02:42:12+00:00</time>
      </trkpt>
      <trkpt lat="47.46935" lon="12.53691">
        <ele>870</ele>
        <time>2026-05-13T02:42:15+00:00</time>
      </trkpt>
      <trkpt lat="47.46945" lon="12.5367">
        <ele>870</ele>
        <time>2026-05-13T02:42:18+00:00</time>
      </trkpt>
      <trkpt lat="47.46952" lon="12.53652">
        <ele>869</ele>
        <time>2026-05-13T02:42:21+00:00</time>
      </trkpt>
      <trkpt lat="47.46959" lon="12.53632">
        <ele>870</ele>
        <time>2026-05-13T02:42:24+00:00</time>
      </trkpt>
      <trkpt lat="47.46964" lon="12.53622">
        <ele>869</ele>
        <time>2026-05-13T02:42:27+00:00</time>
      </trkpt>
      <trkpt lat="47.46967" lon="12.53633">
        <ele>868</ele>
        <time>2026-05-13T02:42:30+00:00</time>
      </trkpt>
      <trkpt lat="47.46971" lon="12.53642">
        <ele>866</ele>
        <time>2026-05-13T02:42:33+00:00</time>
      </trkpt>
      <trkpt lat="47.46975" lon="12.53649">
        <ele>866</ele>
        <time>2026-05-13T02:42:36+00:00</time>
      </trkpt>
      <trkpt lat="47.46979" lon="12.53656">
        <ele>866</ele>
        <time>2026-05-13T02:42:39+00:00</time>
      </trkpt>
      <trkpt lat="47.46987" lon="12.53664">
        <ele>864</ele>
        <time>2026-05-13T02:42:42+00:00</time>
      </trkpt>
      <trkpt lat="47.46995" lon="12.53671">
        <ele>863</ele>
        <time>2026-05-13T02:42:45+00:00</time>
      </trkpt>
      <trkpt lat="47.47006" lon="12.53675">
        <ele>863</ele>
        <time>2026-05-13T02:42:48+00:00</time>
      </trkpt>
      <trkpt lat="47.47015" lon="12.53682">
        <ele>863</ele>
        <time>2026-05-13T02:42:51+00:00</time>
      </trkpt>
      <trkpt lat="47.47029" lon="12.53696">
        <ele>863</ele>
        <time>2026-05-13T02:42:54+00:00</time>
      </trkpt>
      <trkpt lat="47.47033" lon="12.53699">
        <ele>864</ele>
        <time>2026-05-13T02:42:57+00:00</time>
      </trkpt>
      <trkpt lat="47.47049" lon="12.53724">
        <ele>865</ele>
        <time>2026-05-13T02:43:00+00:00</time>
      </trkpt>
      <trkpt lat="47.4706" lon="12.5374">
        <ele>866</ele>
        <time>2026-05-13T02:43:03+00:00</time>
      </trkpt>
      <trkpt lat="47.47072" lon="12.53761">
        <ele>869</ele>
        <time>2026-05-13T02:43:06+00:00</time>
      </trkpt>
      <trkpt lat="47.47079" lon="12.53775">
        <ele>869</ele>
        <time>2026-05-13T02:43:09+00:00</time>
      </trkpt>
      <trkpt lat="47.47085" lon="12.53786">
        <ele>871</ele>
        <time>2026-05-13T02:43:12+00:00</time>
      </trkpt>
      <trkpt lat="47.47096" lon="12.53796">
        <ele>872</ele>
        <time>2026-05-13T02:43:15+00:00</time>
      </trkpt>
      <trkpt lat="47.47105" lon="12.53801">
        <ele>873</ele>
        <time>2026-05-13T02:43:18+00:00</time>
      </trkpt>
      <trkpt lat="47.47108" lon="12.53806">
        <ele>873</ele>
        <time>2026-05-13T02:43:21+00:00</time>
      </trkpt>
      <trkpt lat="47.47121" lon="12.5381">
        <ele>875</ele>
        <time>2026-05-13T02:43:24+00:00</time>
      </trkpt>
      <trkpt lat="47.47141" lon="12.5382">
        <ele>876</ele>
        <time>2026-05-13T02:43:27+00:00</time>
      </trkpt>
      <trkpt lat="47.47151" lon="12.53823">
        <ele>877</ele>
        <time>2026-05-13T02:43:30+00:00</time>
      </trkpt>
      <trkpt lat="47.4716" lon="12.5383">
        <ele>877</ele>
        <time>2026-05-13T02:43:33+00:00</time>
      </trkpt>
      <trkpt lat="47.47164" lon="12.53834">
        <ele>877</ele>
        <time>2026-05-13T02:43:36+00:00</time>
      </trkpt>
      <trkpt lat="47.47169" lon="12.53838">
        <ele>877</ele>
        <time>2026-05-13T02:43:39+00:00</time>
      </trkpt>
      <trkpt lat="47.47177" lon="12.53852">
        <ele>877</ele>
        <time>2026-05-13T02:43:42+00:00</time>
      </trkpt>
      <trkpt lat="47.47181" lon="12.53855">
        <ele>878</ele>
        <time>2026-05-13T02:43:45+00:00</time>
      </trkpt>
      <trkpt lat="47.47187" lon="12.53856">
        <ele>878</ele>
        <time>2026-05-13T02:43:48+00:00</time>
      </trkpt>
      <trkpt lat="47.47194" lon="12.53853">
        <ele>878</ele>
        <time>2026-05-13T02:43:51+00:00</time>
      </trkpt>
      <trkpt lat="47.47205" lon="12.53848">
        <ele>876</ele>
        <time>2026-05-13T02:43:54+00:00</time>
      </trkpt>
      <trkpt lat="47.47212" lon="12.53846">
        <ele>877</ele>
        <time>2026-05-13T02:43:57+00:00</time>
      </trkpt>
      <trkpt lat="47.47218" lon="12.53844">
        <ele>877</ele>
        <time>2026-05-13T02:44:00+00:00</time>
      </trkpt>
      <trkpt lat="47.47225" lon="12.53848">
        <ele>876</ele>
        <time>2026-05-13T02:44:03+00:00</time>
      </trkpt>
      <trkpt lat="47.47235" lon="12.53859">
        <ele>875</ele>
        <time>2026-05-13T02:44:06+00:00</time>
      </trkpt>
      <trkpt lat="47.47243" lon="12.53868">
        <ele>874</ele>
        <time>2026-05-13T02:44:09+00:00</time>
      </trkpt>
      <trkpt lat="47.47248" lon="12.53874">
        <ele>874</ele>
        <time>2026-05-13T02:44:12+00:00</time>
      </trkpt>
      <trkpt lat="47.47249" lon="12.5388">
        <ele>874</ele>
        <time>2026-05-13T02:44:15+00:00</time>
      </trkpt>
      <trkpt lat="47.47251" lon="12.53892">
        <ele>873</ele>
        <time>2026-05-13T02:44:18+00:00</time>
      </trkpt>
      <trkpt lat="47.47252" lon="12.53903">
        <ele>873</ele>
        <time>2026-05-13T02:44:21+00:00</time>
      </trkpt>
      <trkpt lat="47.47253" lon="12.53912">
        <ele>873</ele>
        <time>2026-05-13T02:44:24+00:00</time>
      </trkpt>
      <trkpt lat="47.47255" lon="12.53922">
        <ele>873</ele>
        <time>2026-05-13T02:44:27+00:00</time>
      </trkpt>
      <trkpt lat="47.47256" lon="12.53931">
        <ele>873</ele>
        <time>2026-05-13T02:44:30+00:00</time>
      </trkpt>
      <trkpt lat="47.47257" lon="12.53929">
        <ele>873</ele>
        <time>2026-05-13T02:44:33+00:00</time>
      </trkpt>
      <trkpt lat="47.47264" lon="12.53924">
        <ele>872</ele>
        <time>2026-05-13T02:44:36+00:00</time>
      </trkpt>
      <trkpt lat="47.47274" lon="12.53917">
        <ele>872</ele>
        <time>2026-05-13T02:44:39+00:00</time>
      </trkpt>
      <trkpt lat="47.47283" lon="12.53917">
        <ele>871</ele>
        <time>2026-05-13T02:44:42+00:00</time>
      </trkpt>
      <trkpt lat="47.47306" lon="12.53914">
        <ele>869</ele>
        <time>2026-05-13T02:44:45+00:00</time>
      </trkpt>
      <trkpt lat="47.47311" lon="12.53914">
        <ele>869</ele>
        <time>2026-05-13T02:44:48+00:00</time>
      </trkpt>
      <trkpt lat="47.47315" lon="12.53914">
        <ele>869</ele>
        <time>2026-05-13T02:44:51+00:00</time>
      </trkpt>
      <trkpt lat="47.47317" lon="12.5392">
        <ele>869</ele>
        <time>2026-05-13T02:44:54+00:00</time>
      </trkpt>
      <trkpt lat="47.47329" lon="12.53928">
        <ele>868</ele>
        <time>2026-05-13T02:44:57+00:00</time>
      </trkpt>
      <trkpt lat="47.4734" lon="12.53931">
        <ele>868</ele>
        <time>2026-05-13T02:45:00+00:00</time>
      </trkpt>
      <trkpt lat="47.47344" lon="12.53933">
        <ele>868</ele>
        <time>2026-05-13T02:45:03+00:00</time>
      </trkpt>
      <trkpt lat="47.4735" lon="12.53934">
        <ele>868</ele>
        <time>2026-05-13T02:45:06+00:00</time>
      </trkpt>
      <trkpt lat="47.47363" lon="12.53941">
        <ele>868</ele>
        <time>2026-05-13T02:45:09+00:00</time>
      </trkpt>
      <trkpt lat="47.47366" lon="12.53945">
        <ele>868</ele>
        <time>2026-05-13T02:45:12+00:00</time>
      </trkpt>
      <trkpt lat="47.47369" lon="12.5395">
        <ele>868</ele>
        <time>2026-05-13T02:45:15+00:00</time>
      </trkpt>
      <trkpt lat="47.47371" lon="12.53957">
        <ele>868</ele>
        <time>2026-05-13T02:45:18+00:00</time>
      </trkpt>
      <trkpt lat="47.47374" lon="12.53967">
        <ele>868</ele>
        <time>2026-05-13T02:45:21+00:00</time>
      </trkpt>
      <trkpt lat="47.47379" lon="12.53989">
        <ele>868</ele>
        <time>2026-05-13T02:45:24+00:00</time>
      </trkpt>
      <trkpt lat="47.47381" lon="12.53997">
        <ele>868</ele>
        <time>2026-05-13T02:45:27+00:00</time>
      </trkpt>
      <trkpt lat="47.47383" lon="12.54005">
        <ele>868</ele>
        <time>2026-05-13T02:45:30+00:00</time>
      </trkpt>
      <trkpt lat="47.47386" lon="12.54015">
        <ele>868</ele>
        <time>2026-05-13T02:45:33+00:00</time>
      </trkpt>
      <trkpt lat="47.47389" lon="12.54031">
        <ele>868</ele>
        <time>2026-05-13T02:45:36+00:00</time>
      </trkpt>
      <trkpt lat="47.47392" lon="12.54043">
        <ele>868</ele>
        <time>2026-05-13T02:45:39+00:00</time>
      </trkpt>
      <trkpt lat="47.47393" lon="12.54049">
        <ele>868</ele>
        <time>2026-05-13T02:45:42+00:00</time>
      </trkpt>
      <trkpt lat="47.47394" lon="12.54056">
        <ele>868</ele>
        <time>2026-05-13T02:45:45+00:00</time>
      </trkpt>
      <trkpt lat="47.47395" lon="12.54066">
        <ele>868</ele>
        <time>2026-05-13T02:45:48+00:00</time>
      </trkpt>
      <trkpt lat="47.47393" lon="12.54072">
        <ele>868</ele>
        <time>2026-05-13T02:45:51+00:00</time>
      </trkpt>
      <trkpt lat="47.47389" lon="12.54101">
        <ele>867</ele>
        <time>2026-05-13T02:45:54+00:00</time>
      </trkpt>
      <trkpt lat="47.47387" lon="12.54107">
        <ele>867</ele>
        <time>2026-05-13T02:45:57+00:00</time>
      </trkpt>
      <trkpt lat="47.47384" lon="12.54117">
        <ele>867</ele>
        <time>2026-05-13T02:46:00+00:00</time>
      </trkpt>
      <trkpt lat="47.47384" lon="12.54129">
        <ele>866</ele>
        <time>2026-05-13T02:46:03+00:00</time>
      </trkpt>
      <trkpt lat="47.47382" lon="12.54136">
        <ele>866</ele>
        <time>2026-05-13T02:46:06+00:00</time>
      </trkpt>
      <trkpt lat="47.47381" lon="12.54149">
        <ele>866</ele>
        <time>2026-05-13T02:46:09+00:00</time>
      </trkpt>
      <trkpt lat="47.47377" lon="12.54163">
        <ele>865</ele>
        <time>2026-05-13T02:46:12+00:00</time>
      </trkpt>
      <trkpt lat="47.47376" lon="12.54171">
        <ele>864</ele>
        <time>2026-05-13T02:46:15+00:00</time>
      </trkpt>
      <trkpt lat="47.47376" lon="12.54177">
        <ele>864</ele>
        <time>2026-05-13T02:46:18+00:00</time>
      </trkpt>
      <trkpt lat="47.47379" lon="12.54181">
        <ele>863</ele>
        <time>2026-05-13T02:46:21+00:00</time>
      </trkpt>
      <trkpt lat="47.47383" lon="12.54183">
        <ele>862</ele>
        <time>2026-05-13T02:46:24+00:00</time>
      </trkpt>
      <trkpt lat="47.47387" lon="12.54183">
        <ele>862</ele>
        <time>2026-05-13T02:46:27+00:00</time>
      </trkpt>
      <trkpt lat="47.47393" lon="12.54179">
        <ele>863</ele>
        <time>2026-05-13T02:46:30+00:00</time>
      </trkpt>
      <trkpt lat="47.47404" lon="12.54174">
        <ele>862</ele>
        <time>2026-05-13T02:46:33+00:00</time>
      </trkpt>
      <trkpt lat="47.4741" lon="12.54172">
        <ele>860</ele>
        <time>2026-05-13T02:46:36+00:00</time>
      </trkpt>
      <trkpt lat="47.47416" lon="12.54166">
        <ele>861</ele>
        <time>2026-05-13T02:46:39+00:00</time>
      </trkpt>
      <trkpt lat="47.47426" lon="12.54161">
        <ele>859</ele>
        <time>2026-05-13T02:46:42+00:00</time>
      </trkpt>
      <trkpt lat="47.4743" lon="12.54159">
        <ele>860</ele>
        <time>2026-05-13T02:46:45+00:00</time>
      </trkpt>
      <trkpt lat="47.47433" lon="12.54155">
        <ele>858</ele>
        <time>2026-05-13T02:46:48+00:00</time>
      </trkpt>
      <trkpt lat="47.47437" lon="12.54149">
        <ele>859</ele>
        <time>2026-05-13T02:46:51+00:00</time>
      </trkpt>
      <trkpt lat="47.47441" lon="12.54151">
        <ele>856</ele>
        <time>2026-05-13T02:46:54+00:00</time>
      </trkpt>
      <trkpt lat="47.4745" lon="12.54154">
        <ele>853</ele>
        <time>2026-05-13T02:46:57+00:00</time>
      </trkpt>
      <trkpt lat="47.4746" lon="12.54155">
        <ele>853</ele>
        <time>2026-05-13T02:47:00+00:00</time>
      </trkpt>
      <trkpt lat="47.47466" lon="12.54154">
        <ele>851</ele>
        <time>2026-05-13T02:47:03+00:00</time>
      </trkpt>
      <trkpt lat="47.4747" lon="12.54154">
        <ele>849</ele>
        <time>2026-05-13T02:47:06+00:00</time>
      </trkpt>
      <trkpt lat="47.47474" lon="12.5415">
        <ele>850</ele>
        <time>2026-05-13T02:47:09+00:00</time>
      </trkpt>
      <trkpt lat="47.4748" lon="12.54147">
        <ele>847</ele>
        <time>2026-05-13T02:47:12+00:00</time>
      </trkpt>
      <trkpt lat="47.47485" lon="12.54139">
        <ele>849</ele>
        <time>2026-05-13T02:47:15+00:00</time>
      </trkpt>
      <trkpt lat="47.47488" lon="12.54131">
        <ele>848</ele>
        <time>2026-05-13T02:47:18+00:00</time>
      </trkpt>
      <trkpt lat="47.47491" lon="12.54121">
        <ele>846</ele>
        <time>2026-05-13T02:47:21+00:00</time>
      </trkpt>
      <trkpt lat="47.47494" lon="12.5411">
        <ele>849</ele>
        <time>2026-05-13T02:47:24+00:00</time>
      </trkpt>
      <trkpt lat="47.47498" lon="12.54101">
        <ele>849</ele>
        <time>2026-05-13T02:47:27+00:00</time>
      </trkpt>
      <trkpt lat="47.47502" lon="12.54092">
        <ele>847</ele>
        <time>2026-05-13T02:47:30+00:00</time>
      </trkpt>
      <trkpt lat="47.47505" lon="12.54084">
        <ele>848</ele>
        <time>2026-05-13T02:47:33+00:00</time>
      </trkpt>
      <trkpt lat="47.47508" lon="12.54078">
        <ele>850</ele>
        <time>2026-05-13T02:47:36+00:00</time>
      </trkpt>
      <trkpt lat="47.47517" lon="12.54073">
        <ele>847</ele>
        <time>2026-05-13T02:47:39+00:00</time>
      </trkpt>
      <trkpt lat="47.47528" lon="12.54065">
        <ele>845</ele>
        <time>2026-05-13T02:47:42+00:00</time>
      </trkpt>
      <trkpt lat="47.47535" lon="12.54063">
        <ele>843</ele>
        <time>2026-05-13T02:47:45+00:00</time>
      </trkpt>
      <trkpt lat="47.4754" lon="12.54058">
        <ele>844</ele>
        <time>2026-05-13T02:47:48+00:00</time>
      </trkpt>
      <trkpt lat="47.47545" lon="12.54058">
        <ele>841</ele>
        <time>2026-05-13T02:47:51+00:00</time>
      </trkpt>
      <trkpt lat="47.47553" lon="12.5405">
        <ele>839</ele>
        <time>2026-05-13T02:47:54+00:00</time>
      </trkpt>
      <trkpt lat="47.47561" lon="12.54045">
        <ele>836</ele>
        <time>2026-05-13T02:47:57+00:00</time>
      </trkpt>
      <trkpt lat="47.47571" lon="12.54039">
        <ele>833</ele>
        <time>2026-05-13T02:48:00+00:00</time>
      </trkpt>
      <trkpt lat="47.47587" lon="12.54028">
        <ele>831</ele>
        <time>2026-05-13T02:48:03+00:00</time>
      </trkpt>
      <trkpt lat="47.476" lon="12.54023">
        <ele>828</ele>
        <time>2026-05-13T02:48:06+00:00</time>
      </trkpt>
      <trkpt lat="47.4761" lon="12.54018">
        <ele>822</ele>
        <time>2026-05-13T02:48:09+00:00</time>
      </trkpt>
      <trkpt lat="47.47618" lon="12.54013">
        <ele>822</ele>
        <time>2026-05-13T02:48:12+00:00</time>
      </trkpt>
      <trkpt lat="47.47625" lon="12.54009">
        <ele>819</ele>
        <time>2026-05-13T02:48:15+00:00</time>
      </trkpt>
      <trkpt lat="47.47642" lon="12.53996">
        <ele>814</ele>
        <time>2026-05-13T02:48:18+00:00</time>
      </trkpt>
      <trkpt lat="47.47646" lon="12.53991">
        <ele>814</ele>
        <time>2026-05-13T02:48:21+00:00</time>
      </trkpt>
      <trkpt lat="47.47649" lon="12.53986">
        <ele>815</ele>
        <time>2026-05-13T02:48:24+00:00</time>
      </trkpt>
      <trkpt lat="47.47653" lon="12.53981">
        <ele>812</ele>
        <time>2026-05-13T02:48:27+00:00</time>
      </trkpt>
      <trkpt lat="47.47657" lon="12.53978">
        <ele>813</ele>
        <time>2026-05-13T02:48:30+00:00</time>
      </trkpt>
      <trkpt lat="47.47659" lon="12.53973">
        <ele>813</ele>
        <time>2026-05-13T02:48:33+00:00</time>
      </trkpt>
      <trkpt lat="47.47662" lon="12.53961">
        <ele>811</ele>
        <time>2026-05-13T02:48:36+00:00</time>
      </trkpt>
      <trkpt lat="47.47667" lon="12.53955">
        <ele>813</ele>
        <time>2026-05-13T02:48:39+00:00</time>
      </trkpt>
      <trkpt lat="47.47674" lon="12.53945">
        <ele>811</ele>
        <time>2026-05-13T02:48:42+00:00</time>
      </trkpt>
      <trkpt lat="47.47677" lon="12.53939">
        <ele>812</ele>
        <time>2026-05-13T02:48:45+00:00</time>
      </trkpt>
      <trkpt lat="47.47681" lon="12.53915">
        <ele>812</ele>
        <time>2026-05-13T02:48:48+00:00</time>
      </trkpt>
      <trkpt lat="47.47686" lon="12.53915">
        <ele>812</ele>
        <time>2026-05-13T02:48:51+00:00</time>
      </trkpt>
      <trkpt lat="47.47686" lon="12.53926">
        <ele>811</ele>
        <time>2026-05-13T02:48:54+00:00</time>
      </trkpt>
      <trkpt lat="47.47686" lon="12.53938">
        <ele>810</ele>
        <time>2026-05-13T02:48:57+00:00</time>
      </trkpt>
      <trkpt lat="47.47686" lon="12.53953">
        <ele>808</ele>
        <time>2026-05-13T02:49:00+00:00</time>
      </trkpt>
      <trkpt lat="47.47685" lon="12.53962">
        <ele>806</ele>
        <time>2026-05-13T02:49:03+00:00</time>
      </trkpt>
      <trkpt lat="47.47683" lon="12.53971">
        <ele>805</ele>
        <time>2026-05-13T02:49:06+00:00</time>
      </trkpt>
      <trkpt lat="47.47682" lon="12.53978">
        <ele>805</ele>
        <time>2026-05-13T02:49:09+00:00</time>
      </trkpt>
      <trkpt lat="47.47679" lon="12.53993">
        <ele>805</ele>
        <time>2026-05-13T02:49:12+00:00</time>
      </trkpt>
      <trkpt lat="47.4768" lon="12.54">
        <ele>805</ele>
        <time>2026-05-13T02:49:15+00:00</time>
      </trkpt>
      <trkpt lat="47.47678" lon="12.54013">
        <ele>803</ele>
        <time>2026-05-13T02:49:18+00:00</time>
      </trkpt>
      <trkpt lat="47.47676" lon="12.54018">
        <ele>803</ele>
        <time>2026-05-13T02:49:21+00:00</time>
      </trkpt>
      <trkpt lat="47.47673" lon="12.54036">
        <ele>803</ele>
        <time>2026-05-13T02:49:24+00:00</time>
      </trkpt>
      <trkpt lat="47.47671" lon="12.54048">
        <ele>800</ele>
        <time>2026-05-13T02:49:27+00:00</time>
      </trkpt>
      <trkpt lat="47.47668" lon="12.54065">
        <ele>802</ele>
        <time>2026-05-13T02:49:30+00:00</time>
      </trkpt>
      <trkpt lat="47.47665" lon="12.54097">
        <ele>799</ele>
        <time>2026-05-13T02:49:33+00:00</time>
      </trkpt>
      <trkpt lat="47.47666" lon="12.54101">
        <ele>799</ele>
        <time>2026-05-13T02:49:36+00:00</time>
      </trkpt>
      <trkpt lat="47.47665" lon="12.54107">
        <ele>799</ele>
        <time>2026-05-13T02:49:39+00:00</time>
      </trkpt>
      <trkpt lat="47.47665" lon="12.54115">
        <ele>798</ele>
        <time>2026-05-13T02:49:42+00:00</time>
      </trkpt>
      <trkpt lat="47.47665" lon="12.54118">
        <ele>798</ele>
        <time>2026-05-13T02:49:45+00:00</time>
      </trkpt>
      <trkpt lat="47.47664" lon="12.5412">
        <ele>797</ele>
        <time>2026-05-13T02:49:48+00:00</time>
      </trkpt>
      <trkpt lat="47.47664" lon="12.54123">
        <ele>797</ele>
        <time>2026-05-13T02:49:51+00:00</time>
      </trkpt>
      <trkpt lat="47.47666" lon="12.5412">
        <ele>797</ele>
        <time>2026-05-13T02:49:54+00:00</time>
      </trkpt>
      <trkpt lat="47.47669" lon="12.54113">
        <ele>798</ele>
        <time>2026-05-13T02:49:57+00:00</time>
      </trkpt>
      <trkpt lat="47.47674" lon="12.54106">
        <ele>796</ele>
        <time>2026-05-13T02:50:00+00:00</time>
      </trkpt>
      <trkpt lat="47.4768" lon="12.541">
        <ele>796</ele>
        <time>2026-05-13T02:50:03+00:00</time>
      </trkpt>
      <trkpt lat="47.47686" lon="12.54102">
        <ele>794</ele>
        <time>2026-05-13T02:50:06+00:00</time>
      </trkpt>
      <trkpt lat="47.4769" lon="12.54106">
        <ele>793</ele>
        <time>2026-05-13T02:50:09+00:00</time>
      </trkpt>
      <trkpt lat="47.47697" lon="12.54111">
        <ele>792</ele>
        <time>2026-05-13T02:50:12+00:00</time>
      </trkpt>
      <trkpt lat="47.477" lon="12.54113">
        <ele>792</ele>
        <time>2026-05-13T02:50:15+00:00</time>
      </trkpt>
      <trkpt lat="47.47704" lon="12.54117">
        <ele>791</ele>
        <time>2026-05-13T02:50:18+00:00</time>
      </trkpt>
      <trkpt lat="47.4771" lon="12.54123">
        <ele>789</ele>
        <time>2026-05-13T02:50:21+00:00</time>
      </trkpt>
      <trkpt lat="47.4772" lon="12.54131">
        <ele>787</ele>
        <time>2026-05-13T02:50:24+00:00</time>
      </trkpt>
      <trkpt lat="47.47724" lon="12.54133">
        <ele>787</ele>
        <time>2026-05-13T02:50:27+00:00</time>
      </trkpt>
      <trkpt lat="47.4773" lon="12.54137">
        <ele>786</ele>
        <time>2026-05-13T02:50:30+00:00</time>
      </trkpt>
      <trkpt lat="47.47733" lon="12.54139">
        <ele>786</ele>
        <time>2026-05-13T02:50:33+00:00</time>
      </trkpt>
      <trkpt lat="47.47735" lon="12.54142">
        <ele>785</ele>
        <time>2026-05-13T02:50:36+00:00</time>
      </trkpt>
      <trkpt lat="47.47737" lon="12.5415">
        <ele>784</ele>
        <time>2026-05-13T02:50:39+00:00</time>
      </trkpt>
      <trkpt lat="47.47739" lon="12.5416">
        <ele>784</ele>
        <time>2026-05-13T02:50:42+00:00</time>
      </trkpt>
      <trkpt lat="47.4774" lon="12.54164">
        <ele>784</ele>
        <time>2026-05-13T02:50:45+00:00</time>
      </trkpt>
      <trkpt lat="47.4774" lon="12.54167">
        <ele>783</ele>
        <time>2026-05-13T02:50:48+00:00</time>
      </trkpt>
      <trkpt lat="47.4774" lon="12.54171">
        <ele>782</ele>
        <time>2026-05-13T02:50:51+00:00</time>
      </trkpt>
      <trkpt lat="47.47741" lon="12.54174">
        <ele>782</ele>
        <time>2026-05-13T02:50:54+00:00</time>
      </trkpt>
      <trkpt lat="47.47743" lon="12.54172">
        <ele>782</ele>
        <time>2026-05-13T02:50:57+00:00</time>
      </trkpt>
      <trkpt lat="47.47747" lon="12.54169">
        <ele>783</ele>
        <time>2026-05-13T02:51:00+00:00</time>
      </trkpt>
      <trkpt lat="47.47751" lon="12.54163">
        <ele>782</ele>
        <time>2026-05-13T02:51:03+00:00</time>
      </trkpt>
      <trkpt lat="47.4776" lon="12.54151">
        <ele>781</ele>
        <time>2026-05-13T02:51:06+00:00</time>
      </trkpt>
      <trkpt lat="47.47767" lon="12.54142">
        <ele>782</ele>
        <time>2026-05-13T02:51:09+00:00</time>
      </trkpt>
      <trkpt lat="47.47774" lon="12.54135">
        <ele>782</ele>
        <time>2026-05-13T02:51:12+00:00</time>
      </trkpt>
      <trkpt lat="47.47783" lon="12.54123">
        <ele>781</ele>
        <time>2026-05-13T02:51:15+00:00</time>
      </trkpt>
      <trkpt lat="47.4779" lon="12.54117">
        <ele>781</ele>
        <time>2026-05-13T02:51:18+00:00</time>
      </trkpt>
      <trkpt lat="47.47796" lon="12.54117">
        <ele>781</ele>
        <time>2026-05-13T02:51:21+00:00</time>
      </trkpt>
      <trkpt lat="47.47804" lon="12.54121">
        <ele>779</ele>
        <time>2026-05-13T02:51:24+00:00</time>
      </trkpt>
      <trkpt lat="47.47811" lon="12.54123">
        <ele>778</ele>
        <time>2026-05-13T02:51:27+00:00</time>
      </trkpt>
      <trkpt lat="47.47817" lon="12.54126">
        <ele>778</ele>
        <time>2026-05-13T02:51:30+00:00</time>
      </trkpt>
      <trkpt lat="47.47823" lon="12.54134">
        <ele>777</ele>
        <time>2026-05-13T02:51:33+00:00</time>
      </trkpt>
      <trkpt lat="47.47825" lon="12.54138">
        <ele>777</ele>
        <time>2026-05-13T02:51:36+00:00</time>
      </trkpt>
      <trkpt lat="47.47835" lon="12.54152">
        <ele>776</ele>
        <time>2026-05-13T02:51:39+00:00</time>
      </trkpt>
      <trkpt lat="47.47842" lon="12.54165">
        <ele>776</ele>
        <time>2026-05-13T02:51:42+00:00</time>
      </trkpt>
      <trkpt lat="47.47841" lon="12.54168">
        <ele>775</ele>
        <time>2026-05-13T02:51:45+00:00</time>
      </trkpt>
      <trkpt lat="47.47839" lon="12.54171">
        <ele>775</ele>
        <time>2026-05-13T02:51:48+00:00</time>
      </trkpt>
      <trkpt lat="47.47828" lon="12.54187">
        <ele>776</ele>
        <time>2026-05-13T02:51:51+00:00</time>
      </trkpt>
      <trkpt lat="47.47818" lon="12.54205">
        <ele>776</ele>
        <time>2026-05-13T02:51:54+00:00</time>
      </trkpt>
      <trkpt lat="47.47815" lon="12.54211">
        <ele>776</ele>
        <time>2026-05-13T02:51:57+00:00</time>
      </trkpt>
      <trkpt lat="47.47811" lon="12.54221">
        <ele>776</ele>
        <time>2026-05-13T02:52:00+00:00</time>
      </trkpt>
      <trkpt lat="47.47809" lon="12.54224">
        <ele>776</ele>
        <time>2026-05-13T02:52:03+00:00</time>
      </trkpt>
      <trkpt lat="47.47804" lon="12.54236">
        <ele>776</ele>
        <time>2026-05-13T02:52:06+00:00</time>
      </trkpt>
      <trkpt lat="47.478" lon="12.54242">
        <ele>777</ele>
        <time>2026-05-13T02:52:09+00:00</time>
      </trkpt>
      <trkpt lat="47.47795" lon="12.54249">
        <ele>777</ele>
        <time>2026-05-13T02:52:12+00:00</time>
      </trkpt>
      <trkpt lat="47.47792" lon="12.54257">
        <ele>776</ele>
        <time>2026-05-13T02:52:15+00:00</time>
      </trkpt>
      <trkpt lat="47.47789" lon="12.54263">
        <ele>777</ele>
        <time>2026-05-13T02:52:18+00:00</time>
      </trkpt>
      <trkpt lat="47.47787" lon="12.54267">
        <ele>777</ele>
        <time>2026-05-13T02:52:21+00:00</time>
      </trkpt>
      <trkpt lat="47.47785" lon="12.5427">
        <ele>777</ele>
        <time>2026-05-13T02:52:24+00:00</time>
      </trkpt>
      <trkpt lat="47.4778" lon="12.54275">
        <ele>777</ele>
        <time>2026-05-13T02:52:27+00:00</time>
      </trkpt>
      <trkpt lat="47.47775" lon="12.54279">
        <ele>777</ele>
        <time>2026-05-13T02:52:30+00:00</time>
      </trkpt>
      <trkpt lat="47.47766" lon="12.54292">
        <ele>777</ele>
        <time>2026-05-13T02:52:33+00:00</time>
      </trkpt>
      <trkpt lat="47.47759" lon="12.54297">
        <ele>777</ele>
        <time>2026-05-13T02:52:36+00:00</time>
      </trkpt>
      <trkpt lat="47.47738" lon="12.5431">
        <ele>778</ele>
        <time>2026-05-13T02:52:39+00:00</time>
      </trkpt>
      <trkpt lat="47.4773" lon="12.54315">
        <ele>778</ele>
        <time>2026-05-13T02:52:42+00:00</time>
      </trkpt>
      <trkpt lat="47.4772" lon="12.54318">
        <ele>779</ele>
        <time>2026-05-13T02:52:45+00:00</time>
      </trkpt>
      <trkpt lat="47.47701" lon="12.54327">
        <ele>779</ele>
        <time>2026-05-13T02:52:48+00:00</time>
      </trkpt>
      <trkpt lat="47.47696" lon="12.54331">
        <ele>780</ele>
        <time>2026-05-13T02:52:51+00:00</time>
      </trkpt>
      <trkpt lat="47.47681" lon="12.54343">
        <ele>780</ele>
        <time>2026-05-13T02:52:54+00:00</time>
      </trkpt>
      <trkpt lat="47.47674" lon="12.5435">
        <ele>780</ele>
        <time>2026-05-13T02:52:57+00:00</time>
      </trkpt>
      <trkpt lat="47.47666" lon="12.54358">
        <ele>782</ele>
        <time>2026-05-13T02:53:00+00:00</time>
      </trkpt>
      <trkpt lat="47.47651" lon="12.54371">
        <ele>782</ele>
        <time>2026-05-13T02:53:03+00:00</time>
      </trkpt>
      <trkpt lat="47.47647" lon="12.54377">
        <ele>783</ele>
        <time>2026-05-13T02:53:06+00:00</time>
      </trkpt>
      <trkpt lat="47.47643" lon="12.54381">
        <ele>783</ele>
        <time>2026-05-13T02:53:09+00:00</time>
      </trkpt>
    </trkseg>
  </trk>
</gpx>
