<?xml version="1.0" encoding="UTF-8"?>
<gpx xmlns="http://www.topografix.com/GPX/1/1" xmlns:xsi="http://www.w3.org/2001/XMLSchema-instance" version="1.1" creator="Trace de Trail" xsi:schemaLocation="http://www.topografix.com/GPX/1/1 http://www.topografix.com/GPX/1/1/gpx.xsd">
  <metadata>
    <name>KAT100_Marathon_Trail_24</name>
    <desc>Parcours créé sur Trace de Trail</desc>
    <link href="https://tracedetrail.fr/en/trace/233794">
      <text>Cartographie du parcours</text>
    </link>
    <time>2026-05-12T20:43:54+00:00</time>
  </metadata>
  <trk>
    <name>KAT100_Marathon_Trail_24 sur TraceDeTrail.fr</name>
    <src>Trace de Trail</src>
    <trkseg>
      <trkpt lat="47.47645" lon="12.54377">
        <ele>783</ele>
        <time>2026-05-12T20:43:54+00:00</time>
      </trkpt>
      <trkpt lat="47.47638" lon="12.54386">
        <ele>784</ele>
        <time>2026-05-12T20:43:57+00:00</time>
      </trkpt>
      <trkpt lat="47.47635" lon="12.54391">
        <ele>783</ele>
        <time>2026-05-12T20:44:00+00:00</time>
      </trkpt>
      <trkpt lat="47.47615" lon="12.54422">
        <ele>784</ele>
        <time>2026-05-12T20:44:03+00:00</time>
      </trkpt>
      <trkpt lat="47.47605" lon="12.5443">
        <ele>784</ele>
        <time>2026-05-12T20:44:06+00:00</time>
      </trkpt>
      <trkpt lat="47.47595" lon="12.54445">
        <ele>785</ele>
        <time>2026-05-12T20:44:09+00:00</time>
      </trkpt>
      <trkpt lat="47.47589" lon="12.54444">
        <ele>787</ele>
        <time>2026-05-12T20:44:12+00:00</time>
      </trkpt>
      <trkpt lat="47.47587" lon="12.54433">
        <ele>787</ele>
        <time>2026-05-12T20:44:15+00:00</time>
      </trkpt>
      <trkpt lat="47.47588" lon="12.5442">
        <ele>788</ele>
        <time>2026-05-12T20:44:18+00:00</time>
      </trkpt>
      <trkpt lat="47.47588" lon="12.54397">
        <ele>790</ele>
        <time>2026-05-12T20:44:21+00:00</time>
      </trkpt>
      <trkpt lat="47.4759" lon="12.54384">
        <ele>789</ele>
        <time>2026-05-12T20:44:24+00:00</time>
      </trkpt>
      <trkpt lat="47.47593" lon="12.5437">
        <ele>791</ele>
        <time>2026-05-12T20:44:27+00:00</time>
      </trkpt>
      <trkpt lat="47.47593" lon="12.54354">
        <ele>791</ele>
        <time>2026-05-12T20:44:30+00:00</time>
      </trkpt>
      <trkpt lat="47.47596" lon="12.54341">
        <ele>792</ele>
        <time>2026-05-12T20:44:33+00:00</time>
      </trkpt>
      <trkpt lat="47.4759" lon="12.54328">
        <ele>793</ele>
        <time>2026-05-12T20:44:36+00:00</time>
      </trkpt>
      <trkpt lat="47.47582" lon="12.54316">
        <ele>796</ele>
        <time>2026-05-12T20:44:39+00:00</time>
      </trkpt>
      <trkpt lat="47.47581" lon="12.54303">
        <ele>797</ele>
        <time>2026-05-12T20:44:42+00:00</time>
      </trkpt>
      <trkpt lat="47.47583" lon="12.54278">
        <ele>800</ele>
        <time>2026-05-12T20:44:45+00:00</time>
      </trkpt>
      <trkpt lat="47.47588" lon="12.54266">
        <ele>797</ele>
        <time>2026-05-12T20:44:48+00:00</time>
      </trkpt>
      <trkpt lat="47.47605" lon="12.54249">
        <ele>798</ele>
        <time>2026-05-12T20:44:51+00:00</time>
      </trkpt>
      <trkpt lat="47.47626" lon="12.54217">
        <ele>798</ele>
        <time>2026-05-12T20:44:54+00:00</time>
      </trkpt>
      <trkpt lat="47.47632" lon="12.54204">
        <ele>797</ele>
        <time>2026-05-12T20:44:57+00:00</time>
      </trkpt>
      <trkpt lat="47.47651" lon="12.54168">
        <ele>798</ele>
        <time>2026-05-12T20:45:00+00:00</time>
      </trkpt>
      <trkpt lat="47.47655" lon="12.54154">
        <ele>797</ele>
        <time>2026-05-12T20:45:03+00:00</time>
      </trkpt>
      <trkpt lat="47.47658" lon="12.54138">
        <ele>799</ele>
        <time>2026-05-12T20:45:06+00:00</time>
      </trkpt>
      <trkpt lat="47.47659" lon="12.54093">
        <ele>802</ele>
        <time>2026-05-12T20:45:09+00:00</time>
      </trkpt>
      <trkpt lat="47.47664" lon="12.54064">
        <ele>802</ele>
        <time>2026-05-12T20:45:12+00:00</time>
      </trkpt>
      <trkpt lat="47.47674" lon="12.54018">
        <ele>803</ele>
        <time>2026-05-12T20:45:15+00:00</time>
      </trkpt>
      <trkpt lat="47.47679" lon="12.54003">
        <ele>804</ele>
        <time>2026-05-12T20:45:18+00:00</time>
      </trkpt>
      <trkpt lat="47.47685" lon="12.53961">
        <ele>806</ele>
        <time>2026-05-12T20:45:21+00:00</time>
      </trkpt>
      <trkpt lat="47.47685" lon="12.53914">
        <ele>808</ele>
        <time>2026-05-12T20:45:24+00:00</time>
      </trkpt>
      <trkpt lat="47.47679" lon="12.53915">
        <ele>814</ele>
        <time>2026-05-12T20:45:27+00:00</time>
      </trkpt>
      <trkpt lat="47.47679" lon="12.53932">
        <ele>812</ele>
        <time>2026-05-12T20:45:30+00:00</time>
      </trkpt>
      <trkpt lat="47.47675" lon="12.53942">
        <ele>811</ele>
        <time>2026-05-12T20:45:33+00:00</time>
      </trkpt>
      <trkpt lat="47.47669" lon="12.53954">
        <ele>813</ele>
        <time>2026-05-12T20:45:36+00:00</time>
      </trkpt>
      <trkpt lat="47.47662" lon="12.53968">
        <ele>811</ele>
        <time>2026-05-12T20:45:39+00:00</time>
      </trkpt>
      <trkpt lat="47.47657" lon="12.53978">
        <ele>813</ele>
        <time>2026-05-12T20:45:42+00:00</time>
      </trkpt>
      <trkpt lat="47.4765" lon="12.53988">
        <ele>815</ele>
        <time>2026-05-12T20:45:45+00:00</time>
      </trkpt>
      <trkpt lat="47.4764" lon="12.53999">
        <ele>814</ele>
        <time>2026-05-12T20:45:48+00:00</time>
      </trkpt>
      <trkpt lat="47.47628" lon="12.54009">
        <ele>819</ele>
        <time>2026-05-12T20:45:51+00:00</time>
      </trkpt>
      <trkpt lat="47.47613" lon="12.54016">
        <ele>822</ele>
        <time>2026-05-12T20:45:54+00:00</time>
      </trkpt>
      <trkpt lat="47.47599" lon="12.54026">
        <ele>828</ele>
        <time>2026-05-12T20:45:57+00:00</time>
      </trkpt>
      <trkpt lat="47.47586" lon="12.54036">
        <ele>830</ele>
        <time>2026-05-12T20:46:00+00:00</time>
      </trkpt>
      <trkpt lat="47.47564" lon="12.54048">
        <ele>836</ele>
        <time>2026-05-12T20:46:03+00:00</time>
      </trkpt>
      <trkpt lat="47.47555" lon="12.54055">
        <ele>838</ele>
        <time>2026-05-12T20:46:06+00:00</time>
      </trkpt>
      <trkpt lat="47.47546" lon="12.5406">
        <ele>841</ele>
        <time>2026-05-12T20:46:09+00:00</time>
      </trkpt>
      <trkpt lat="47.47538" lon="12.54066">
        <ele>843</ele>
        <time>2026-05-12T20:46:12+00:00</time>
      </trkpt>
      <trkpt lat="47.47528" lon="12.54071">
        <ele>844</ele>
        <time>2026-05-12T20:46:15+00:00</time>
      </trkpt>
      <trkpt lat="47.4752" lon="12.54078">
        <ele>847</ele>
        <time>2026-05-12T20:46:18+00:00</time>
      </trkpt>
      <trkpt lat="47.47512" lon="12.54086">
        <ele>846</ele>
        <time>2026-05-12T20:46:21+00:00</time>
      </trkpt>
      <trkpt lat="47.47506" lon="12.54096">
        <ele>847</ele>
        <time>2026-05-12T20:46:24+00:00</time>
      </trkpt>
      <trkpt lat="47.47502" lon="12.54109">
        <ele>846</ele>
        <time>2026-05-12T20:46:27+00:00</time>
      </trkpt>
      <trkpt lat="47.47496" lon="12.54122">
        <ele>846</ele>
        <time>2026-05-12T20:46:30+00:00</time>
      </trkpt>
      <trkpt lat="47.47476" lon="12.54152">
        <ele>849</ele>
        <time>2026-05-12T20:46:33+00:00</time>
      </trkpt>
      <trkpt lat="47.47457" lon="12.54162">
        <ele>852</ele>
        <time>2026-05-12T20:46:36+00:00</time>
      </trkpt>
      <trkpt lat="47.47438" lon="12.54157">
        <ele>858</ele>
        <time>2026-05-12T20:46:39+00:00</time>
      </trkpt>
      <trkpt lat="47.4743" lon="12.54162">
        <ele>859</ele>
        <time>2026-05-12T20:46:42+00:00</time>
      </trkpt>
      <trkpt lat="47.47416" lon="12.54175">
        <ele>860</ele>
        <time>2026-05-12T20:46:45+00:00</time>
      </trkpt>
      <trkpt lat="47.47409" lon="12.54184">
        <ele>861</ele>
        <time>2026-05-12T20:46:48+00:00</time>
      </trkpt>
      <trkpt lat="47.47399" lon="12.54191">
        <ele>860</ele>
        <time>2026-05-12T20:46:51+00:00</time>
      </trkpt>
      <trkpt lat="47.47391" lon="12.54195">
        <ele>860</ele>
        <time>2026-05-12T20:46:54+00:00</time>
      </trkpt>
      <trkpt lat="47.47381" lon="12.54189">
        <ele>862</ele>
        <time>2026-05-12T20:46:57+00:00</time>
      </trkpt>
      <trkpt lat="47.47375" lon="12.54177">
        <ele>864</ele>
        <time>2026-05-12T20:47:00+00:00</time>
      </trkpt>
      <trkpt lat="47.47375" lon="12.54162">
        <ele>865</ele>
        <time>2026-05-12T20:47:03+00:00</time>
      </trkpt>
      <trkpt lat="47.47383" lon="12.54121">
        <ele>866</ele>
        <time>2026-05-12T20:47:06+00:00</time>
      </trkpt>
      <trkpt lat="47.47385" lon="12.54104">
        <ele>867</ele>
        <time>2026-05-12T20:47:09+00:00</time>
      </trkpt>
      <trkpt lat="47.47383" lon="12.54078">
        <ele>868</ele>
        <time>2026-05-12T20:47:12+00:00</time>
      </trkpt>
      <trkpt lat="47.47382" lon="12.54049">
        <ele>868</ele>
        <time>2026-05-12T20:47:15+00:00</time>
      </trkpt>
      <trkpt lat="47.47379" lon="12.54035">
        <ele>868</ele>
        <time>2026-05-12T20:47:18+00:00</time>
      </trkpt>
      <trkpt lat="47.4737" lon="12.5401">
        <ele>868</ele>
        <time>2026-05-12T20:47:21+00:00</time>
      </trkpt>
      <trkpt lat="47.47362" lon="12.53984">
        <ele>868</ele>
        <time>2026-05-12T20:47:24+00:00</time>
      </trkpt>
      <trkpt lat="47.4736" lon="12.53967">
        <ele>868</ele>
        <time>2026-05-12T20:47:27+00:00</time>
      </trkpt>
      <trkpt lat="47.47354" lon="12.53954">
        <ele>868</ele>
        <time>2026-05-12T20:47:30+00:00</time>
      </trkpt>
      <trkpt lat="47.47346" lon="12.53945">
        <ele>868</ele>
        <time>2026-05-12T20:47:33+00:00</time>
      </trkpt>
      <trkpt lat="47.47327" lon="12.53935">
        <ele>868</ele>
        <time>2026-05-12T20:47:36+00:00</time>
      </trkpt>
      <trkpt lat="47.4731" lon="12.53922">
        <ele>869</ele>
        <time>2026-05-12T20:47:39+00:00</time>
      </trkpt>
      <trkpt lat="47.47289" lon="12.53922">
        <ele>871</ele>
        <time>2026-05-12T20:47:42+00:00</time>
      </trkpt>
      <trkpt lat="47.47264" lon="12.53936">
        <ele>872</ele>
        <time>2026-05-12T20:47:45+00:00</time>
      </trkpt>
      <trkpt lat="47.47254" lon="12.53933">
        <ele>873</ele>
        <time>2026-05-12T20:47:48+00:00</time>
      </trkpt>
      <trkpt lat="47.47242" lon="12.53892">
        <ele>874</ele>
        <time>2026-05-12T20:47:51+00:00</time>
      </trkpt>
      <trkpt lat="47.4724" lon="12.53877">
        <ele>874</ele>
        <time>2026-05-12T20:47:54+00:00</time>
      </trkpt>
      <trkpt lat="47.47232" lon="12.53867">
        <ele>875</ele>
        <time>2026-05-12T20:47:57+00:00</time>
      </trkpt>
      <trkpt lat="47.47211" lon="12.5385">
        <ele>877</ele>
        <time>2026-05-12T20:48:00+00:00</time>
      </trkpt>
      <trkpt lat="47.47206" lon="12.5385">
        <ele>878</ele>
        <time>2026-05-12T20:48:03+00:00</time>
      </trkpt>
      <trkpt lat="47.47187" lon="12.53856">
        <ele>877</ele>
        <time>2026-05-12T20:48:06+00:00</time>
      </trkpt>
      <trkpt lat="47.47183" lon="12.53854">
        <ele>878</ele>
        <time>2026-05-12T20:48:09+00:00</time>
      </trkpt>
      <trkpt lat="47.47179" lon="12.53857">
        <ele>877</ele>
        <time>2026-05-12T20:48:12+00:00</time>
      </trkpt>
      <trkpt lat="47.47158" lon="12.53832">
        <ele>877</ele>
        <time>2026-05-12T20:48:15+00:00</time>
      </trkpt>
      <trkpt lat="47.47145" lon="12.53825">
        <ele>876</ele>
        <time>2026-05-12T20:48:18+00:00</time>
      </trkpt>
      <trkpt lat="47.47122" lon="12.53817">
        <ele>875</ele>
        <time>2026-05-12T20:48:21+00:00</time>
      </trkpt>
      <trkpt lat="47.47108" lon="12.5381">
        <ele>874</ele>
        <time>2026-05-12T20:48:24+00:00</time>
      </trkpt>
      <trkpt lat="47.47101" lon="12.53804">
        <ele>873</ele>
        <time>2026-05-12T20:48:27+00:00</time>
      </trkpt>
      <trkpt lat="47.47091" lon="12.53798">
        <ele>872</ele>
        <time>2026-05-12T20:48:30+00:00</time>
      </trkpt>
      <trkpt lat="47.47076" lon="12.53767">
        <ele>869</ele>
        <time>2026-05-12T20:48:33+00:00</time>
      </trkpt>
      <trkpt lat="47.4707" lon="12.5376">
        <ele>869</ele>
        <time>2026-05-12T20:48:36+00:00</time>
      </trkpt>
      <trkpt lat="47.47062" lon="12.53742">
        <ele>867</ele>
        <time>2026-05-12T20:48:39+00:00</time>
      </trkpt>
      <trkpt lat="47.47039" lon="12.53712">
        <ele>864</ele>
        <time>2026-05-12T20:48:42+00:00</time>
      </trkpt>
      <trkpt lat="47.47029" lon="12.53702">
        <ele>864</ele>
        <time>2026-05-12T20:48:45+00:00</time>
      </trkpt>
      <trkpt lat="47.47022" lon="12.5369">
        <ele>863</ele>
        <time>2026-05-12T20:48:48+00:00</time>
      </trkpt>
      <trkpt lat="47.47014" lon="12.53681">
        <ele>863</ele>
        <time>2026-05-12T20:48:51+00:00</time>
      </trkpt>
      <trkpt lat="47.47006" lon="12.53675">
        <ele>863</ele>
        <time>2026-05-12T20:48:54+00:00</time>
      </trkpt>
      <trkpt lat="47.47" lon="12.53673">
        <ele>863</ele>
        <time>2026-05-12T20:48:57+00:00</time>
      </trkpt>
      <trkpt lat="47.4699" lon="12.53673">
        <ele>863</ele>
        <time>2026-05-12T20:49:00+00:00</time>
      </trkpt>
      <trkpt lat="47.46987" lon="12.53664">
        <ele>864</ele>
        <time>2026-05-12T20:49:03+00:00</time>
      </trkpt>
      <trkpt lat="47.46977" lon="12.53653">
        <ele>866</ele>
        <time>2026-05-12T20:49:06+00:00</time>
      </trkpt>
      <trkpt lat="47.46964" lon="12.53625">
        <ele>869</ele>
        <time>2026-05-12T20:49:09+00:00</time>
      </trkpt>
      <trkpt lat="47.46954" lon="12.53646">
        <ele>870</ele>
        <time>2026-05-12T20:49:12+00:00</time>
      </trkpt>
      <trkpt lat="47.46944" lon="12.53675">
        <ele>869</ele>
        <time>2026-05-12T20:49:15+00:00</time>
      </trkpt>
      <trkpt lat="47.46927" lon="12.53706">
        <ele>870</ele>
        <time>2026-05-12T20:49:18+00:00</time>
      </trkpt>
      <trkpt lat="47.46918" lon="12.53726">
        <ele>872</ele>
        <time>2026-05-12T20:49:21+00:00</time>
      </trkpt>
      <trkpt lat="47.46914" lon="12.53739">
        <ele>871</ele>
        <time>2026-05-12T20:49:24+00:00</time>
      </trkpt>
      <trkpt lat="47.46911" lon="12.53754">
        <ele>871</ele>
        <time>2026-05-12T20:49:27+00:00</time>
      </trkpt>
      <trkpt lat="47.46907" lon="12.53766">
        <ele>874</ele>
        <time>2026-05-12T20:49:30+00:00</time>
      </trkpt>
      <trkpt lat="47.46901" lon="12.53777">
        <ele>873</ele>
        <time>2026-05-12T20:49:33+00:00</time>
      </trkpt>
      <trkpt lat="47.46893" lon="12.53798">
        <ele>874</ele>
        <time>2026-05-12T20:49:36+00:00</time>
      </trkpt>
      <trkpt lat="47.46892" lon="12.5381">
        <ele>876</ele>
        <time>2026-05-12T20:49:39+00:00</time>
      </trkpt>
      <trkpt lat="47.46893" lon="12.53837">
        <ele>875</ele>
        <time>2026-05-12T20:49:42+00:00</time>
      </trkpt>
      <trkpt lat="47.46889" lon="12.53862">
        <ele>877</ele>
        <time>2026-05-12T20:49:45+00:00</time>
      </trkpt>
      <trkpt lat="47.46889" lon="12.53887">
        <ele>875</ele>
        <time>2026-05-12T20:49:48+00:00</time>
      </trkpt>
      <trkpt lat="47.46886" lon="12.5393">
        <ele>876</ele>
        <time>2026-05-12T20:49:51+00:00</time>
      </trkpt>
      <trkpt lat="47.46878" lon="12.53972">
        <ele>876</ele>
        <time>2026-05-12T20:49:54+00:00</time>
      </trkpt>
      <trkpt lat="47.46864" lon="12.5405">
        <ele>873</ele>
        <time>2026-05-12T20:49:57+00:00</time>
      </trkpt>
      <trkpt lat="47.46861" lon="12.5408">
        <ele>872</ele>
        <time>2026-05-12T20:50:00+00:00</time>
      </trkpt>
      <trkpt lat="47.46868" lon="12.54114">
        <ele>870</ele>
        <time>2026-05-12T20:50:03+00:00</time>
      </trkpt>
      <trkpt lat="47.46866" lon="12.54137">
        <ele>869</ele>
        <time>2026-05-12T20:50:06+00:00</time>
      </trkpt>
      <trkpt lat="47.46861" lon="12.54173">
        <ele>867</ele>
        <time>2026-05-12T20:50:09+00:00</time>
      </trkpt>
      <trkpt lat="47.46863" lon="12.54204">
        <ele>866</ele>
        <time>2026-05-12T20:50:12+00:00</time>
      </trkpt>
      <trkpt lat="47.46866" lon="12.54218">
        <ele>865</ele>
        <time>2026-05-12T20:50:15+00:00</time>
      </trkpt>
      <trkpt lat="47.46868" lon="12.54237">
        <ele>864</ele>
        <time>2026-05-12T20:50:18+00:00</time>
      </trkpt>
      <trkpt lat="47.46879" lon="12.54269">
        <ele>862</ele>
        <time>2026-05-12T20:50:21+00:00</time>
      </trkpt>
      <trkpt lat="47.46887" lon="12.54302">
        <ele>859</ele>
        <time>2026-05-12T20:50:24+00:00</time>
      </trkpt>
      <trkpt lat="47.46897" lon="12.54339">
        <ele>856</ele>
        <time>2026-05-12T20:50:27+00:00</time>
      </trkpt>
      <trkpt lat="47.469" lon="12.5436">
        <ele>855</ele>
        <time>2026-05-12T20:50:30+00:00</time>
      </trkpt>
      <trkpt lat="47.46899" lon="12.54387">
        <ele>853</ele>
        <time>2026-05-12T20:50:33+00:00</time>
      </trkpt>
      <trkpt lat="47.46898" lon="12.54417">
        <ele>851</ele>
        <time>2026-05-12T20:50:36+00:00</time>
      </trkpt>
      <trkpt lat="47.46893" lon="12.54432">
        <ele>850</ele>
        <time>2026-05-12T20:50:39+00:00</time>
      </trkpt>
      <trkpt lat="47.46892" lon="12.54447">
        <ele>849</ele>
        <time>2026-05-12T20:50:42+00:00</time>
      </trkpt>
      <trkpt lat="47.46885" lon="12.54452">
        <ele>849</ele>
        <time>2026-05-12T20:50:45+00:00</time>
      </trkpt>
      <trkpt lat="47.46878" lon="12.5448">
        <ele>849</ele>
        <time>2026-05-12T20:50:48+00:00</time>
      </trkpt>
      <trkpt lat="47.4687" lon="12.5451">
        <ele>848</ele>
        <time>2026-05-12T20:50:51+00:00</time>
      </trkpt>
      <trkpt lat="47.46865" lon="12.54533">
        <ele>847</ele>
        <time>2026-05-12T20:50:54+00:00</time>
      </trkpt>
      <trkpt lat="47.46858" lon="12.54537">
        <ele>848</ele>
        <time>2026-05-12T20:50:57+00:00</time>
      </trkpt>
      <trkpt lat="47.46854" lon="12.54558">
        <ele>847</ele>
        <time>2026-05-12T20:51:00+00:00</time>
      </trkpt>
      <trkpt lat="47.46852" lon="12.54572">
        <ele>846</ele>
        <time>2026-05-12T20:51:03+00:00</time>
      </trkpt>
      <trkpt lat="47.46847" lon="12.54584">
        <ele>847</ele>
        <time>2026-05-12T20:51:06+00:00</time>
      </trkpt>
      <trkpt lat="47.46845" lon="12.54592">
        <ele>846</ele>
        <time>2026-05-12T20:51:09+00:00</time>
      </trkpt>
      <trkpt lat="47.46841" lon="12.54599">
        <ele>846</ele>
        <time>2026-05-12T20:51:12+00:00</time>
      </trkpt>
      <trkpt lat="47.46846" lon="12.54607">
        <ele>846</ele>
        <time>2026-05-12T20:51:15+00:00</time>
      </trkpt>
      <trkpt lat="47.4684" lon="12.5461">
        <ele>846</ele>
        <time>2026-05-12T20:51:18+00:00</time>
      </trkpt>
      <trkpt lat="47.46838" lon="12.54612">
        <ele>846</ele>
        <time>2026-05-12T20:51:21+00:00</time>
      </trkpt>
      <trkpt lat="47.46838" lon="12.54628">
        <ele>846</ele>
        <time>2026-05-12T20:51:24+00:00</time>
      </trkpt>
      <trkpt lat="47.46834" lon="12.54663">
        <ele>845</ele>
        <time>2026-05-12T20:51:27+00:00</time>
      </trkpt>
      <trkpt lat="47.46834" lon="12.54682">
        <ele>844</ele>
        <time>2026-05-12T20:51:30+00:00</time>
      </trkpt>
      <trkpt lat="47.46836" lon="12.54714">
        <ele>844</ele>
        <time>2026-05-12T20:51:33+00:00</time>
      </trkpt>
      <trkpt lat="47.46835" lon="12.54722">
        <ele>844</ele>
        <time>2026-05-12T20:51:36+00:00</time>
      </trkpt>
      <trkpt lat="47.46833" lon="12.54754">
        <ele>843</ele>
        <time>2026-05-12T20:51:39+00:00</time>
      </trkpt>
      <trkpt lat="47.4683" lon="12.54791">
        <ele>843</ele>
        <time>2026-05-12T20:51:42+00:00</time>
      </trkpt>
      <trkpt lat="47.46827" lon="12.54819">
        <ele>845</ele>
        <time>2026-05-12T20:51:45+00:00</time>
      </trkpt>
      <trkpt lat="47.46813" lon="12.54852">
        <ele>844</ele>
        <time>2026-05-12T20:51:48+00:00</time>
      </trkpt>
      <trkpt lat="47.46821" lon="12.54852">
        <ele>845</ele>
        <time>2026-05-12T20:51:51+00:00</time>
      </trkpt>
      <trkpt lat="47.46835" lon="12.54852">
        <ele>844</ele>
        <time>2026-05-12T20:51:54+00:00</time>
      </trkpt>
      <trkpt lat="47.46843" lon="12.54858">
        <ele>843</ele>
        <time>2026-05-12T20:51:57+00:00</time>
      </trkpt>
      <trkpt lat="47.46855" lon="12.54863">
        <ele>842</ele>
        <time>2026-05-12T20:52:00+00:00</time>
      </trkpt>
      <trkpt lat="47.46865" lon="12.54869">
        <ele>841</ele>
        <time>2026-05-12T20:52:03+00:00</time>
      </trkpt>
      <trkpt lat="47.46873" lon="12.54879">
        <ele>840</ele>
        <time>2026-05-12T20:52:06+00:00</time>
      </trkpt>
      <trkpt lat="47.46881" lon="12.54885">
        <ele>839</ele>
        <time>2026-05-12T20:52:09+00:00</time>
      </trkpt>
      <trkpt lat="47.46884" lon="12.54891">
        <ele>840</ele>
        <time>2026-05-12T20:52:12+00:00</time>
      </trkpt>
      <trkpt lat="47.46886" lon="12.54901">
        <ele>840</ele>
        <time>2026-05-12T20:52:15+00:00</time>
      </trkpt>
      <trkpt lat="47.46885" lon="12.54917">
        <ele>840</ele>
        <time>2026-05-12T20:52:18+00:00</time>
      </trkpt>
      <trkpt lat="47.46886" lon="12.54932">
        <ele>840</ele>
        <time>2026-05-12T20:52:21+00:00</time>
      </trkpt>
      <trkpt lat="47.46886" lon="12.54962">
        <ele>840</ele>
        <time>2026-05-12T20:52:24+00:00</time>
      </trkpt>
      <trkpt lat="47.46887" lon="12.54991">
        <ele>839</ele>
        <time>2026-05-12T20:52:27+00:00</time>
      </trkpt>
      <trkpt lat="47.46891" lon="12.55005">
        <ele>839</ele>
        <time>2026-05-12T20:52:30+00:00</time>
      </trkpt>
      <trkpt lat="47.46888" lon="12.55025">
        <ele>839</ele>
        <time>2026-05-12T20:52:33+00:00</time>
      </trkpt>
      <trkpt lat="47.46882" lon="12.55039">
        <ele>838</ele>
        <time>2026-05-12T20:52:36+00:00</time>
      </trkpt>
      <trkpt lat="47.46879" lon="12.55055">
        <ele>838</ele>
        <time>2026-05-12T20:52:39+00:00</time>
      </trkpt>
      <trkpt lat="47.46874" lon="12.55069">
        <ele>837</ele>
        <time>2026-05-12T20:52:42+00:00</time>
      </trkpt>
      <trkpt lat="47.46868" lon="12.55076">
        <ele>837</ele>
        <time>2026-05-12T20:52:45+00:00</time>
      </trkpt>
      <trkpt lat="47.46862" lon="12.55085">
        <ele>836</ele>
        <time>2026-05-12T20:52:48+00:00</time>
      </trkpt>
      <trkpt lat="47.46853" lon="12.5509">
        <ele>836</ele>
        <time>2026-05-12T20:52:51+00:00</time>
      </trkpt>
      <trkpt lat="47.46842" lon="12.55089">
        <ele>837</ele>
        <time>2026-05-12T20:52:54+00:00</time>
      </trkpt>
      <trkpt lat="47.46832" lon="12.55091">
        <ele>836</ele>
        <time>2026-05-12T20:52:57+00:00</time>
      </trkpt>
      <trkpt lat="47.46823" lon="12.55096">
        <ele>837</ele>
        <time>2026-05-12T20:53:00+00:00</time>
      </trkpt>
      <trkpt lat="47.46814" lon="12.55095">
        <ele>836</ele>
        <time>2026-05-12T20:53:03+00:00</time>
      </trkpt>
      <trkpt lat="47.46803" lon="12.55097">
        <ele>837</ele>
        <time>2026-05-12T20:53:06+00:00</time>
      </trkpt>
      <trkpt lat="47.46783" lon="12.55103">
        <ele>836</ele>
        <time>2026-05-12T20:53:09+00:00</time>
      </trkpt>
      <trkpt lat="47.46769" lon="12.55109">
        <ele>837</ele>
        <time>2026-05-12T20:53:12+00:00</time>
      </trkpt>
      <trkpt lat="47.46765" lon="12.55123">
        <ele>836</ele>
        <time>2026-05-12T20:53:15+00:00</time>
      </trkpt>
      <trkpt lat="47.46759" lon="12.55131">
        <ele>835</ele>
        <time>2026-05-12T20:53:18+00:00</time>
      </trkpt>
      <trkpt lat="47.46753" lon="12.55143">
        <ele>834</ele>
        <time>2026-05-12T20:53:21+00:00</time>
      </trkpt>
      <trkpt lat="47.46746" lon="12.55152">
        <ele>834</ele>
        <time>2026-05-12T20:53:24+00:00</time>
      </trkpt>
      <trkpt lat="47.46744" lon="12.55165">
        <ele>833</ele>
        <time>2026-05-12T20:53:27+00:00</time>
      </trkpt>
      <trkpt lat="47.46734" lon="12.55168">
        <ele>834</ele>
        <time>2026-05-12T20:53:30+00:00</time>
      </trkpt>
      <trkpt lat="47.46728" lon="12.55161">
        <ele>834</ele>
        <time>2026-05-12T20:53:33+00:00</time>
      </trkpt>
      <trkpt lat="47.46722" lon="12.55155">
        <ele>835</ele>
        <time>2026-05-12T20:53:36+00:00</time>
      </trkpt>
      <trkpt lat="47.46715" lon="12.55147">
        <ele>837</ele>
        <time>2026-05-12T20:53:39+00:00</time>
      </trkpt>
      <trkpt lat="47.46706" lon="12.55144">
        <ele>838</ele>
        <time>2026-05-12T20:53:42+00:00</time>
      </trkpt>
      <trkpt lat="47.46702" lon="12.55143">
        <ele>838</ele>
        <time>2026-05-12T20:53:45+00:00</time>
      </trkpt>
      <trkpt lat="47.46696" lon="12.55141">
        <ele>840</ele>
        <time>2026-05-12T20:53:48+00:00</time>
      </trkpt>
      <trkpt lat="47.46692" lon="12.55135">
        <ele>840</ele>
        <time>2026-05-12T20:53:51+00:00</time>
      </trkpt>
      <trkpt lat="47.46685" lon="12.55127">
        <ele>843</ele>
        <time>2026-05-12T20:53:54+00:00</time>
      </trkpt>
      <trkpt lat="47.4668" lon="12.55126">
        <ele>843</ele>
        <time>2026-05-12T20:53:57+00:00</time>
      </trkpt>
      <trkpt lat="47.46673" lon="12.5513">
        <ele>844</ele>
        <time>2026-05-12T20:54:00+00:00</time>
      </trkpt>
      <trkpt lat="47.46662" lon="12.5514">
        <ele>844</ele>
        <time>2026-05-12T20:54:03+00:00</time>
      </trkpt>
      <trkpt lat="47.46649" lon="12.55147">
        <ele>846</ele>
        <time>2026-05-12T20:54:06+00:00</time>
      </trkpt>
      <trkpt lat="47.46639" lon="12.55152">
        <ele>847</ele>
        <time>2026-05-12T20:54:09+00:00</time>
      </trkpt>
      <trkpt lat="47.46632" lon="12.55156">
        <ele>847</ele>
        <time>2026-05-12T20:54:12+00:00</time>
      </trkpt>
      <trkpt lat="47.46624" lon="12.55149">
        <ele>850</ele>
        <time>2026-05-12T20:54:15+00:00</time>
      </trkpt>
      <trkpt lat="47.46625" lon="12.55139">
        <ele>851</ele>
        <time>2026-05-12T20:54:18+00:00</time>
      </trkpt>
      <trkpt lat="47.46624" lon="12.55125">
        <ele>851</ele>
        <time>2026-05-12T20:54:21+00:00</time>
      </trkpt>
      <trkpt lat="47.46618" lon="12.55112">
        <ele>854</ele>
        <time>2026-05-12T20:54:24+00:00</time>
      </trkpt>
      <trkpt lat="47.46613" lon="12.55104">
        <ele>855</ele>
        <time>2026-05-12T20:54:27+00:00</time>
      </trkpt>
      <trkpt lat="47.46606" lon="12.55103">
        <ele>857</ele>
        <time>2026-05-12T20:54:30+00:00</time>
      </trkpt>
      <trkpt lat="47.46598" lon="12.55112">
        <ele>858</ele>
        <time>2026-05-12T20:54:33+00:00</time>
      </trkpt>
      <trkpt lat="47.46591" lon="12.55114">
        <ele>858</ele>
        <time>2026-05-12T20:54:36+00:00</time>
      </trkpt>
      <trkpt lat="47.46587" lon="12.5511">
        <ele>860</ele>
        <time>2026-05-12T20:54:39+00:00</time>
      </trkpt>
      <trkpt lat="47.46579" lon="12.55107">
        <ele>863</ele>
        <time>2026-05-12T20:54:42+00:00</time>
      </trkpt>
      <trkpt lat="47.46573" lon="12.55106">
        <ele>863</ele>
        <time>2026-05-12T20:54:45+00:00</time>
      </trkpt>
      <trkpt lat="47.46568" lon="12.55108">
        <ele>865</ele>
        <time>2026-05-12T20:54:48+00:00</time>
      </trkpt>
      <trkpt lat="47.46558" lon="12.55107">
        <ele>868</ele>
        <time>2026-05-12T20:54:51+00:00</time>
      </trkpt>
      <trkpt lat="47.46549" lon="12.55104">
        <ele>871</ele>
        <time>2026-05-12T20:54:54+00:00</time>
      </trkpt>
      <trkpt lat="47.46542" lon="12.55099">
        <ele>872</ele>
        <time>2026-05-12T20:54:57+00:00</time>
      </trkpt>
      <trkpt lat="47.46535" lon="12.55089">
        <ele>875</ele>
        <time>2026-05-12T20:55:00+00:00</time>
      </trkpt>
      <trkpt lat="47.46529" lon="12.55086">
        <ele>878</ele>
        <time>2026-05-12T20:55:03+00:00</time>
      </trkpt>
      <trkpt lat="47.46522" lon="12.55081">
        <ele>878</ele>
        <time>2026-05-12T20:55:06+00:00</time>
      </trkpt>
      <trkpt lat="47.46515" lon="12.5508">
        <ele>881</ele>
        <time>2026-05-12T20:55:09+00:00</time>
      </trkpt>
      <trkpt lat="47.46509" lon="12.55076">
        <ele>885</ele>
        <time>2026-05-12T20:55:12+00:00</time>
      </trkpt>
      <trkpt lat="47.46502" lon="12.55072">
        <ele>885</ele>
        <time>2026-05-12T20:55:15+00:00</time>
      </trkpt>
      <trkpt lat="47.46497" lon="12.55069">
        <ele>890</ele>
        <time>2026-05-12T20:55:18+00:00</time>
      </trkpt>
      <trkpt lat="47.4649" lon="12.55068">
        <ele>893</ele>
        <time>2026-05-12T20:55:21+00:00</time>
      </trkpt>
      <trkpt lat="47.46483" lon="12.5507">
        <ele>893</ele>
        <time>2026-05-12T20:55:24+00:00</time>
      </trkpt>
      <trkpt lat="47.46475" lon="12.55072">
        <ele>896</ele>
        <time>2026-05-12T20:55:27+00:00</time>
      </trkpt>
      <trkpt lat="47.46467" lon="12.55072">
        <ele>900</ele>
        <time>2026-05-12T20:55:30+00:00</time>
      </trkpt>
      <trkpt lat="47.4646" lon="12.55071">
        <ele>900</ele>
        <time>2026-05-12T20:55:33+00:00</time>
      </trkpt>
      <trkpt lat="47.46456" lon="12.55064">
        <ele>905</ele>
        <time>2026-05-12T20:55:36+00:00</time>
      </trkpt>
      <trkpt lat="47.4645" lon="12.55056">
        <ele>906</ele>
        <time>2026-05-12T20:55:39+00:00</time>
      </trkpt>
      <trkpt lat="47.46445" lon="12.55049">
        <ele>910</ele>
        <time>2026-05-12T20:55:42+00:00</time>
      </trkpt>
      <trkpt lat="47.46437" lon="12.55044">
        <ele>913</ele>
        <time>2026-05-12T20:55:45+00:00</time>
      </trkpt>
      <trkpt lat="47.4643" lon="12.55039">
        <ele>917</ele>
        <time>2026-05-12T20:55:48+00:00</time>
      </trkpt>
      <trkpt lat="47.46427" lon="12.55017">
        <ele>919</ele>
        <time>2026-05-12T20:55:51+00:00</time>
      </trkpt>
      <trkpt lat="47.46424" lon="12.55003">
        <ele>919</ele>
        <time>2026-05-12T20:55:54+00:00</time>
      </trkpt>
      <trkpt lat="47.46419" lon="12.54997">
        <ele>924</ele>
        <time>2026-05-12T20:55:57+00:00</time>
      </trkpt>
      <trkpt lat="47.46413" lon="12.54993">
        <ele>924</ele>
        <time>2026-05-12T20:56:00+00:00</time>
      </trkpt>
      <trkpt lat="47.46409" lon="12.54986">
        <ele>928</ele>
        <time>2026-05-12T20:56:03+00:00</time>
      </trkpt>
      <trkpt lat="47.46403" lon="12.54978">
        <ele>930</ele>
        <time>2026-05-12T20:56:06+00:00</time>
      </trkpt>
      <trkpt lat="47.46399" lon="12.54967">
        <ele>935</ele>
        <time>2026-05-12T20:56:09+00:00</time>
      </trkpt>
      <trkpt lat="47.4639" lon="12.54973">
        <ele>937</ele>
        <time>2026-05-12T20:56:12+00:00</time>
      </trkpt>
      <trkpt lat="47.46386" lon="12.54985">
        <ele>936</ele>
        <time>2026-05-12T20:56:15+00:00</time>
      </trkpt>
      <trkpt lat="47.46384" lon="12.54973">
        <ele>937</ele>
        <time>2026-05-12T20:56:18+00:00</time>
      </trkpt>
      <trkpt lat="47.46378" lon="12.54969">
        <ele>942</ele>
        <time>2026-05-12T20:56:21+00:00</time>
      </trkpt>
      <trkpt lat="47.46371" lon="12.54966">
        <ele>942</ele>
        <time>2026-05-12T20:56:24+00:00</time>
      </trkpt>
      <trkpt lat="47.46368" lon="12.54957">
        <ele>947</ele>
        <time>2026-05-12T20:56:27+00:00</time>
      </trkpt>
      <trkpt lat="47.46362" lon="12.54947">
        <ele>948</ele>
        <time>2026-05-12T20:56:30+00:00</time>
      </trkpt>
      <trkpt lat="47.46362" lon="12.54956">
        <ele>947</ele>
        <time>2026-05-12T20:56:33+00:00</time>
      </trkpt>
      <trkpt lat="47.46353" lon="12.54969">
        <ele>948</ele>
        <time>2026-05-12T20:56:36+00:00</time>
      </trkpt>
      <trkpt lat="47.46346" lon="12.54972">
        <ele>950</ele>
        <time>2026-05-12T20:56:39+00:00</time>
      </trkpt>
      <trkpt lat="47.46345" lon="12.54961">
        <ele>952</ele>
        <time>2026-05-12T20:56:42+00:00</time>
      </trkpt>
      <trkpt lat="47.46351" lon="12.54945">
        <ele>952</ele>
        <time>2026-05-12T20:56:45+00:00</time>
      </trkpt>
      <trkpt lat="47.46351" lon="12.54928">
        <ele>955</ele>
        <time>2026-05-12T20:56:48+00:00</time>
      </trkpt>
      <trkpt lat="47.46346" lon="12.54918">
        <ele>960</ele>
        <time>2026-05-12T20:56:51+00:00</time>
      </trkpt>
      <trkpt lat="47.46346" lon="12.54905">
        <ele>962</ele>
        <time>2026-05-12T20:56:54+00:00</time>
      </trkpt>
      <trkpt lat="47.46345" lon="12.54897">
        <ele>964</ele>
        <time>2026-05-12T20:56:57+00:00</time>
      </trkpt>
      <trkpt lat="47.46342" lon="12.54894">
        <ele>964</ele>
        <time>2026-05-12T20:57:00+00:00</time>
      </trkpt>
      <trkpt lat="47.46338" lon="12.5489">
        <ele>968</ele>
        <time>2026-05-12T20:57:03+00:00</time>
      </trkpt>
      <trkpt lat="47.46332" lon="12.54894">
        <ele>968</ele>
        <time>2026-05-12T20:57:06+00:00</time>
      </trkpt>
      <trkpt lat="47.46328" lon="12.54896">
        <ele>972</ele>
        <time>2026-05-12T20:57:09+00:00</time>
      </trkpt>
      <trkpt lat="47.46322" lon="12.54899">
        <ele>972</ele>
        <time>2026-05-12T20:57:12+00:00</time>
      </trkpt>
      <trkpt lat="47.46317" lon="12.54899">
        <ele>971</ele>
        <time>2026-05-12T20:57:15+00:00</time>
      </trkpt>
      <trkpt lat="47.46312" lon="12.54899">
        <ele>976</ele>
        <time>2026-05-12T20:57:18+00:00</time>
      </trkpt>
      <trkpt lat="47.46317" lon="12.54887">
        <ele>978</ele>
        <time>2026-05-12T20:57:21+00:00</time>
      </trkpt>
      <trkpt lat="47.46326" lon="12.54883">
        <ele>974</ele>
        <time>2026-05-12T20:57:24+00:00</time>
      </trkpt>
      <trkpt lat="47.46326" lon="12.54872">
        <ele>975</ele>
        <time>2026-05-12T20:57:27+00:00</time>
      </trkpt>
      <trkpt lat="47.46322" lon="12.54861">
        <ele>977</ele>
        <time>2026-05-12T20:57:30+00:00</time>
      </trkpt>
      <trkpt lat="47.46304" lon="12.54853">
        <ele>988</ele>
        <time>2026-05-12T20:57:33+00:00</time>
      </trkpt>
      <trkpt lat="47.46298" lon="12.54842">
        <ele>993</ele>
        <time>2026-05-12T20:57:36+00:00</time>
      </trkpt>
      <trkpt lat="47.46302" lon="12.5483">
        <ele>994</ele>
        <time>2026-05-12T20:57:39+00:00</time>
      </trkpt>
      <trkpt lat="47.46294" lon="12.54821">
        <ele>997</ele>
        <time>2026-05-12T20:57:42+00:00</time>
      </trkpt>
      <trkpt lat="47.46298" lon="12.54808">
        <ele>1001</ele>
        <time>2026-05-12T20:57:45+00:00</time>
      </trkpt>
      <trkpt lat="47.46305" lon="12.548">
        <ele>998</ele>
        <time>2026-05-12T20:57:48+00:00</time>
      </trkpt>
      <trkpt lat="47.4631" lon="12.54788">
        <ele>1002</ele>
        <time>2026-05-12T20:57:51+00:00</time>
      </trkpt>
      <trkpt lat="47.463" lon="12.54787">
        <ele>1002</ele>
        <time>2026-05-12T20:57:54+00:00</time>
      </trkpt>
      <trkpt lat="47.46294" lon="12.54776">
        <ele>1006</ele>
        <time>2026-05-12T20:57:57+00:00</time>
      </trkpt>
      <trkpt lat="47.46298" lon="12.54763">
        <ele>1008</ele>
        <time>2026-05-12T20:58:00+00:00</time>
      </trkpt>
      <trkpt lat="47.46303" lon="12.54753">
        <ele>1006</ele>
        <time>2026-05-12T20:58:03+00:00</time>
      </trkpt>
      <trkpt lat="47.46314" lon="12.54722">
        <ele>1009</ele>
        <time>2026-05-12T20:58:06+00:00</time>
      </trkpt>
      <trkpt lat="47.4631" lon="12.547">
        <ele>1007</ele>
        <time>2026-05-12T20:58:09+00:00</time>
      </trkpt>
      <trkpt lat="47.46305" lon="12.54689">
        <ele>1013</ele>
        <time>2026-05-12T20:58:12+00:00</time>
      </trkpt>
      <trkpt lat="47.46302" lon="12.54662">
        <ele>1015</ele>
        <time>2026-05-12T20:58:15+00:00</time>
      </trkpt>
      <trkpt lat="47.46294" lon="12.54655">
        <ele>1020</ele>
        <time>2026-05-12T20:58:18+00:00</time>
      </trkpt>
      <trkpt lat="47.46288" lon="12.54644">
        <ele>1024</ele>
        <time>2026-05-12T20:58:21+00:00</time>
      </trkpt>
      <trkpt lat="47.46288" lon="12.54617">
        <ele>1025</ele>
        <time>2026-05-12T20:58:24+00:00</time>
      </trkpt>
      <trkpt lat="47.46289" lon="12.54614">
        <ele>1025</ele>
        <time>2026-05-12T20:58:27+00:00</time>
      </trkpt>
      <trkpt lat="47.46288" lon="12.54608">
        <ele>1025</ele>
        <time>2026-05-12T20:58:30+00:00</time>
      </trkpt>
      <trkpt lat="47.46285" lon="12.54606">
        <ele>1025</ele>
        <time>2026-05-12T20:58:33+00:00</time>
      </trkpt>
      <trkpt lat="47.46285" lon="12.54611">
        <ele>1025</ele>
        <time>2026-05-12T20:58:36+00:00</time>
      </trkpt>
      <trkpt lat="47.46282" lon="12.54612">
        <ele>1025</ele>
        <time>2026-05-12T20:58:39+00:00</time>
      </trkpt>
      <trkpt lat="47.46278" lon="12.54609">
        <ele>1030</ele>
        <time>2026-05-12T20:58:42+00:00</time>
      </trkpt>
      <trkpt lat="47.46273" lon="12.54618">
        <ele>1030</ele>
        <time>2026-05-12T20:58:45+00:00</time>
      </trkpt>
      <trkpt lat="47.46263" lon="12.54602">
        <ele>1034</ele>
        <time>2026-05-12T20:58:48+00:00</time>
      </trkpt>
      <trkpt lat="47.46265" lon="12.54587">
        <ele>1035</ele>
        <time>2026-05-12T20:58:51+00:00</time>
      </trkpt>
      <trkpt lat="47.46262" lon="12.54575">
        <ele>1036</ele>
        <time>2026-05-12T20:58:54+00:00</time>
      </trkpt>
      <trkpt lat="47.46258" lon="12.54572">
        <ele>1040</ele>
        <time>2026-05-12T20:58:57+00:00</time>
      </trkpt>
      <trkpt lat="47.46252" lon="12.54571">
        <ele>1040</ele>
        <time>2026-05-12T20:59:00+00:00</time>
      </trkpt>
      <trkpt lat="47.46245" lon="12.54554">
        <ele>1045</ele>
        <time>2026-05-12T20:59:03+00:00</time>
      </trkpt>
      <trkpt lat="47.46238" lon="12.5452">
        <ele>1051</ele>
        <time>2026-05-12T20:59:06+00:00</time>
      </trkpt>
      <trkpt lat="47.46237" lon="12.54503">
        <ele>1051</ele>
        <time>2026-05-12T20:59:09+00:00</time>
      </trkpt>
      <trkpt lat="47.46232" lon="12.5449">
        <ele>1051</ele>
        <time>2026-05-12T20:59:12+00:00</time>
      </trkpt>
      <trkpt lat="47.46231" lon="12.54481">
        <ele>1051</ele>
        <time>2026-05-12T20:59:15+00:00</time>
      </trkpt>
      <trkpt lat="47.46229" lon="12.54481">
        <ele>1055</ele>
        <time>2026-05-12T20:59:18+00:00</time>
      </trkpt>
      <trkpt lat="47.46228" lon="12.54468">
        <ele>1055</ele>
        <time>2026-05-12T20:59:21+00:00</time>
      </trkpt>
      <trkpt lat="47.46221" lon="12.54434">
        <ele>1055</ele>
        <time>2026-05-12T20:59:24+00:00</time>
      </trkpt>
      <trkpt lat="47.4622" lon="12.54422">
        <ele>1055</ele>
        <time>2026-05-12T20:59:27+00:00</time>
      </trkpt>
      <trkpt lat="47.46222" lon="12.54409">
        <ele>1055</ele>
        <time>2026-05-12T20:59:30+00:00</time>
      </trkpt>
      <trkpt lat="47.46214" lon="12.54381">
        <ele>1061</ele>
        <time>2026-05-12T20:59:33+00:00</time>
      </trkpt>
      <trkpt lat="47.46207" lon="12.54369">
        <ele>1066</ele>
        <time>2026-05-12T20:59:36+00:00</time>
      </trkpt>
      <trkpt lat="47.462" lon="12.54386">
        <ele>1071</ele>
        <time>2026-05-12T20:59:39+00:00</time>
      </trkpt>
      <trkpt lat="47.46198" lon="12.54399">
        <ele>1071</ele>
        <time>2026-05-12T20:59:42+00:00</time>
      </trkpt>
      <trkpt lat="47.46196" lon="12.54403">
        <ele>1071</ele>
        <time>2026-05-12T20:59:45+00:00</time>
      </trkpt>
      <trkpt lat="47.46194" lon="12.54403">
        <ele>1071</ele>
        <time>2026-05-12T20:59:48+00:00</time>
      </trkpt>
      <trkpt lat="47.46195" lon="12.54387">
        <ele>1071</ele>
        <time>2026-05-12T20:59:51+00:00</time>
      </trkpt>
      <trkpt lat="47.46195" lon="12.54386">
        <ele>1071</ele>
        <time>2026-05-12T20:59:54+00:00</time>
      </trkpt>
      <trkpt lat="47.46198" lon="12.54374">
        <ele>1071</ele>
        <time>2026-05-12T20:59:57+00:00</time>
      </trkpt>
      <trkpt lat="47.46198" lon="12.54364">
        <ele>1072</ele>
        <time>2026-05-12T21:00:00+00:00</time>
      </trkpt>
      <trkpt lat="47.46201" lon="12.54351">
        <ele>1069</ele>
        <time>2026-05-12T21:00:03+00:00</time>
      </trkpt>
      <trkpt lat="47.46201" lon="12.54326">
        <ele>1068</ele>
        <time>2026-05-12T21:00:06+00:00</time>
      </trkpt>
      <trkpt lat="47.46206" lon="12.54306">
        <ele>1069</ele>
        <time>2026-05-12T21:00:09+00:00</time>
      </trkpt>
      <trkpt lat="47.462" lon="12.5428">
        <ele>1070</ele>
        <time>2026-05-12T21:00:12+00:00</time>
      </trkpt>
      <trkpt lat="47.46194" lon="12.54278">
        <ele>1076</ele>
        <time>2026-05-12T21:00:15+00:00</time>
      </trkpt>
      <trkpt lat="47.46194" lon="12.54275">
        <ele>1076</ele>
        <time>2026-05-12T21:00:18+00:00</time>
      </trkpt>
      <trkpt lat="47.46188" lon="12.54271">
        <ele>1081</ele>
        <time>2026-05-12T21:00:21+00:00</time>
      </trkpt>
      <trkpt lat="47.46179" lon="12.54258">
        <ele>1087</ele>
        <time>2026-05-12T21:00:24+00:00</time>
      </trkpt>
      <trkpt lat="47.46175" lon="12.54256">
        <ele>1087</ele>
        <time>2026-05-12T21:00:27+00:00</time>
      </trkpt>
      <trkpt lat="47.46166" lon="12.54248">
        <ele>1092</ele>
        <time>2026-05-12T21:00:30+00:00</time>
      </trkpt>
      <trkpt lat="47.46162" lon="12.54227">
        <ele>1095</ele>
        <time>2026-05-12T21:00:33+00:00</time>
      </trkpt>
      <trkpt lat="47.46155" lon="12.54219">
        <ele>1100</ele>
        <time>2026-05-12T21:00:36+00:00</time>
      </trkpt>
      <trkpt lat="47.46151" lon="12.54215">
        <ele>1100</ele>
        <time>2026-05-12T21:00:39+00:00</time>
      </trkpt>
      <trkpt lat="47.46146" lon="12.54208">
        <ele>1105</ele>
        <time>2026-05-12T21:00:42+00:00</time>
      </trkpt>
      <trkpt lat="47.46146" lon="12.54204">
        <ele>1105</ele>
        <time>2026-05-12T21:00:45+00:00</time>
      </trkpt>
      <trkpt lat="47.46144" lon="12.5421">
        <ele>1105</ele>
        <time>2026-05-12T21:00:48+00:00</time>
      </trkpt>
      <trkpt lat="47.4614" lon="12.54215">
        <ele>1107</ele>
        <time>2026-05-12T21:00:51+00:00</time>
      </trkpt>
      <trkpt lat="47.46123" lon="12.54224">
        <ele>1109</ele>
        <time>2026-05-12T21:00:54+00:00</time>
      </trkpt>
      <trkpt lat="47.46119" lon="12.5423">
        <ele>1113</ele>
        <time>2026-05-12T21:00:57+00:00</time>
      </trkpt>
      <trkpt lat="47.46111" lon="12.54234">
        <ele>1111</ele>
        <time>2026-05-12T21:01:00+00:00</time>
      </trkpt>
      <trkpt lat="47.46097" lon="12.5425">
        <ele>1118</ele>
        <time>2026-05-12T21:01:03+00:00</time>
      </trkpt>
      <trkpt lat="47.46077" lon="12.54255">
        <ele>1122</ele>
        <time>2026-05-12T21:01:06+00:00</time>
      </trkpt>
      <trkpt lat="47.46046" lon="12.54274">
        <ele>1128</ele>
        <time>2026-05-12T21:01:09+00:00</time>
      </trkpt>
      <trkpt lat="47.46037" lon="12.54275">
        <ele>1130</ele>
        <time>2026-05-12T21:01:12+00:00</time>
      </trkpt>
      <trkpt lat="47.46035" lon="12.54274">
        <ele>1130</ele>
        <time>2026-05-12T21:01:15+00:00</time>
      </trkpt>
      <trkpt lat="47.46025" lon="12.54264">
        <ele>1133</ele>
        <time>2026-05-12T21:01:18+00:00</time>
      </trkpt>
      <trkpt lat="47.46022" lon="12.54256">
        <ele>1134</ele>
        <time>2026-05-12T21:01:21+00:00</time>
      </trkpt>
      <trkpt lat="47.46018" lon="12.54245">
        <ele>1137</ele>
        <time>2026-05-12T21:01:24+00:00</time>
      </trkpt>
      <trkpt lat="47.46012" lon="12.54238">
        <ele>1138</ele>
        <time>2026-05-12T21:01:27+00:00</time>
      </trkpt>
      <trkpt lat="47.46003" lon="12.54232">
        <ele>1139</ele>
        <time>2026-05-12T21:01:30+00:00</time>
      </trkpt>
      <trkpt lat="47.45995" lon="12.54231">
        <ele>1141</ele>
        <time>2026-05-12T21:01:33+00:00</time>
      </trkpt>
      <trkpt lat="47.45985" lon="12.54227">
        <ele>1143</ele>
        <time>2026-05-12T21:01:36+00:00</time>
      </trkpt>
      <trkpt lat="47.45975" lon="12.54217">
        <ele>1146</ele>
        <time>2026-05-12T21:01:39+00:00</time>
      </trkpt>
      <trkpt lat="47.45969" lon="12.54214">
        <ele>1148</ele>
        <time>2026-05-12T21:01:42+00:00</time>
      </trkpt>
      <trkpt lat="47.45954" lon="12.5421">
        <ele>1150</ele>
        <time>2026-05-12T21:01:45+00:00</time>
      </trkpt>
      <trkpt lat="47.45937" lon="12.54205">
        <ele>1152</ele>
        <time>2026-05-12T21:01:48+00:00</time>
      </trkpt>
      <trkpt lat="47.45928" lon="12.54196">
        <ele>1154</ele>
        <time>2026-05-12T21:01:51+00:00</time>
      </trkpt>
      <trkpt lat="47.45926" lon="12.54187">
        <ele>1156</ele>
        <time>2026-05-12T21:01:54+00:00</time>
      </trkpt>
      <trkpt lat="47.45927" lon="12.54176">
        <ele>1157</ele>
        <time>2026-05-12T21:01:57+00:00</time>
      </trkpt>
      <trkpt lat="47.45933" lon="12.54162">
        <ele>1157</ele>
        <time>2026-05-12T21:02:00+00:00</time>
      </trkpt>
      <trkpt lat="47.4594" lon="12.5415">
        <ele>1157</ele>
        <time>2026-05-12T21:02:03+00:00</time>
      </trkpt>
      <trkpt lat="47.45951" lon="12.54125">
        <ele>1160</ele>
        <time>2026-05-12T21:02:06+00:00</time>
      </trkpt>
      <trkpt lat="47.45951" lon="12.5412">
        <ele>1162</ele>
        <time>2026-05-12T21:02:09+00:00</time>
      </trkpt>
      <trkpt lat="47.45945" lon="12.54111">
        <ele>1163</ele>
        <time>2026-05-12T21:02:12+00:00</time>
      </trkpt>
      <trkpt lat="47.45941" lon="12.54108">
        <ele>1165</ele>
        <time>2026-05-12T21:02:15+00:00</time>
      </trkpt>
      <trkpt lat="47.45913" lon="12.54099">
        <ele>1170</ele>
        <time>2026-05-12T21:02:18+00:00</time>
      </trkpt>
      <trkpt lat="47.45881" lon="12.54098">
        <ele>1174</ele>
        <time>2026-05-12T21:02:21+00:00</time>
      </trkpt>
      <trkpt lat="47.45864" lon="12.54093">
        <ele>1176</ele>
        <time>2026-05-12T21:02:24+00:00</time>
      </trkpt>
      <trkpt lat="47.45858" lon="12.54088">
        <ele>1178</ele>
        <time>2026-05-12T21:02:27+00:00</time>
      </trkpt>
      <trkpt lat="47.45851" lon="12.5408">
        <ele>1178</ele>
        <time>2026-05-12T21:02:30+00:00</time>
      </trkpt>
      <trkpt lat="47.45837" lon="12.54059">
        <ele>1180</ele>
        <time>2026-05-12T21:02:33+00:00</time>
      </trkpt>
      <trkpt lat="47.45833" lon="12.54051">
        <ele>1180</ele>
        <time>2026-05-12T21:02:36+00:00</time>
      </trkpt>
      <trkpt lat="47.45826" lon="12.54042">
        <ele>1181</ele>
        <time>2026-05-12T21:02:39+00:00</time>
      </trkpt>
      <trkpt lat="47.45822" lon="12.54039">
        <ele>1181</ele>
        <time>2026-05-12T21:02:42+00:00</time>
      </trkpt>
      <trkpt lat="47.45816" lon="12.54038">
        <ele>1183</ele>
        <time>2026-05-12T21:02:45+00:00</time>
      </trkpt>
      <trkpt lat="47.45808" lon="12.54042">
        <ele>1184</ele>
        <time>2026-05-12T21:02:48+00:00</time>
      </trkpt>
      <trkpt lat="47.45795" lon="12.5405">
        <ele>1185</ele>
        <time>2026-05-12T21:02:51+00:00</time>
      </trkpt>
      <trkpt lat="47.45792" lon="12.54036">
        <ele>1185</ele>
        <time>2026-05-12T21:02:54+00:00</time>
      </trkpt>
      <trkpt lat="47.45788" lon="12.5402">
        <ele>1187</ele>
        <time>2026-05-12T21:02:57+00:00</time>
      </trkpt>
      <trkpt lat="47.45784" lon="12.54007">
        <ele>1186</ele>
        <time>2026-05-12T21:03:00+00:00</time>
      </trkpt>
      <trkpt lat="47.45781" lon="12.53998">
        <ele>1185</ele>
        <time>2026-05-12T21:03:03+00:00</time>
      </trkpt>
      <trkpt lat="47.45774" lon="12.53991">
        <ele>1187</ele>
        <time>2026-05-12T21:03:06+00:00</time>
      </trkpt>
      <trkpt lat="47.45767" lon="12.53986">
        <ele>1187</ele>
        <time>2026-05-12T21:03:09+00:00</time>
      </trkpt>
      <trkpt lat="47.45761" lon="12.53984">
        <ele>1187</ele>
        <time>2026-05-12T21:03:12+00:00</time>
      </trkpt>
      <trkpt lat="47.45754" lon="12.5399">
        <ele>1189</ele>
        <time>2026-05-12T21:03:15+00:00</time>
      </trkpt>
      <trkpt lat="47.45749" lon="12.53996">
        <ele>1189</ele>
        <time>2026-05-12T21:03:18+00:00</time>
      </trkpt>
      <trkpt lat="47.45742" lon="12.53998">
        <ele>1189</ele>
        <time>2026-05-12T21:03:21+00:00</time>
      </trkpt>
      <trkpt lat="47.45733" lon="12.54002">
        <ele>1189</ele>
        <time>2026-05-12T21:03:24+00:00</time>
      </trkpt>
      <trkpt lat="47.45724" lon="12.5399">
        <ele>1190</ele>
        <time>2026-05-12T21:03:27+00:00</time>
      </trkpt>
      <trkpt lat="47.45714" lon="12.53976">
        <ele>1189</ele>
        <time>2026-05-12T21:03:30+00:00</time>
      </trkpt>
      <trkpt lat="47.45703" lon="12.53973">
        <ele>1189</ele>
        <time>2026-05-12T21:03:33+00:00</time>
      </trkpt>
      <trkpt lat="47.45691" lon="12.53985">
        <ele>1191</ele>
        <time>2026-05-12T21:03:36+00:00</time>
      </trkpt>
      <trkpt lat="47.45677" lon="12.53997">
        <ele>1192</ele>
        <time>2026-05-12T21:03:39+00:00</time>
      </trkpt>
      <trkpt lat="47.45667" lon="12.54002">
        <ele>1193</ele>
        <time>2026-05-12T21:03:42+00:00</time>
      </trkpt>
      <trkpt lat="47.45653" lon="12.54022">
        <ele>1195</ele>
        <time>2026-05-12T21:03:45+00:00</time>
      </trkpt>
      <trkpt lat="47.4565" lon="12.54038">
        <ele>1196</ele>
        <time>2026-05-12T21:03:48+00:00</time>
      </trkpt>
      <trkpt lat="47.45652" lon="12.54062">
        <ele>1198</ele>
        <time>2026-05-12T21:03:51+00:00</time>
      </trkpt>
      <trkpt lat="47.45654" lon="12.54085">
        <ele>1199</ele>
        <time>2026-05-12T21:03:54+00:00</time>
      </trkpt>
      <trkpt lat="47.45655" lon="12.541">
        <ele>1200</ele>
        <time>2026-05-12T21:03:57+00:00</time>
      </trkpt>
      <trkpt lat="47.45653" lon="12.54118">
        <ele>1199</ele>
        <time>2026-05-12T21:04:00+00:00</time>
      </trkpt>
      <trkpt lat="47.45646" lon="12.54137">
        <ele>1200</ele>
        <time>2026-05-12T21:04:03+00:00</time>
      </trkpt>
      <trkpt lat="47.45634" lon="12.54142">
        <ele>1201</ele>
        <time>2026-05-12T21:04:06+00:00</time>
      </trkpt>
      <trkpt lat="47.45616" lon="12.54157">
        <ele>1205</ele>
        <time>2026-05-12T21:04:09+00:00</time>
      </trkpt>
      <trkpt lat="47.45602" lon="12.54166">
        <ele>1206</ele>
        <time>2026-05-12T21:04:12+00:00</time>
      </trkpt>
      <trkpt lat="47.45582" lon="12.54185">
        <ele>1208</ele>
        <time>2026-05-12T21:04:15+00:00</time>
      </trkpt>
      <trkpt lat="47.45567" lon="12.54196">
        <ele>1211</ele>
        <time>2026-05-12T21:04:18+00:00</time>
      </trkpt>
      <trkpt lat="47.45541" lon="12.54203">
        <ele>1214</ele>
        <time>2026-05-12T21:04:21+00:00</time>
      </trkpt>
      <trkpt lat="47.45527" lon="12.54211">
        <ele>1217</ele>
        <time>2026-05-12T21:04:24+00:00</time>
      </trkpt>
      <trkpt lat="47.45514" lon="12.54214">
        <ele>1218</ele>
        <time>2026-05-12T21:04:27+00:00</time>
      </trkpt>
      <trkpt lat="47.45484" lon="12.5423">
        <ele>1223</ele>
        <time>2026-05-12T21:04:30+00:00</time>
      </trkpt>
      <trkpt lat="47.45445" lon="12.54251">
        <ele>1227</ele>
        <time>2026-05-12T21:04:33+00:00</time>
      </trkpt>
      <trkpt lat="47.45431" lon="12.54261">
        <ele>1228</ele>
        <time>2026-05-12T21:04:36+00:00</time>
      </trkpt>
      <trkpt lat="47.45407" lon="12.54278">
        <ele>1232</ele>
        <time>2026-05-12T21:04:39+00:00</time>
      </trkpt>
      <trkpt lat="47.4539" lon="12.54288">
        <ele>1234</ele>
        <time>2026-05-12T21:04:42+00:00</time>
      </trkpt>
      <trkpt lat="47.45377" lon="12.543">
        <ele>1238</ele>
        <time>2026-05-12T21:04:45+00:00</time>
      </trkpt>
      <trkpt lat="47.45363" lon="12.54312">
        <ele>1240</ele>
        <time>2026-05-12T21:04:48+00:00</time>
      </trkpt>
      <trkpt lat="47.4535" lon="12.54323">
        <ele>1244</ele>
        <time>2026-05-12T21:04:51+00:00</time>
      </trkpt>
      <trkpt lat="47.45335" lon="12.54337">
        <ele>1245</ele>
        <time>2026-05-12T21:04:54+00:00</time>
      </trkpt>
      <trkpt lat="47.45324" lon="12.54346">
        <ele>1247</ele>
        <time>2026-05-12T21:04:57+00:00</time>
      </trkpt>
      <trkpt lat="47.4531" lon="12.54358">
        <ele>1249</ele>
        <time>2026-05-12T21:05:00+00:00</time>
      </trkpt>
      <trkpt lat="47.45291" lon="12.54379">
        <ele>1253</ele>
        <time>2026-05-12T21:05:03+00:00</time>
      </trkpt>
      <trkpt lat="47.45278" lon="12.54392">
        <ele>1257</ele>
        <time>2026-05-12T21:05:06+00:00</time>
      </trkpt>
      <trkpt lat="47.45267" lon="12.54404">
        <ele>1258</ele>
        <time>2026-05-12T21:05:09+00:00</time>
      </trkpt>
      <trkpt lat="47.4524" lon="12.54436">
        <ele>1262</ele>
        <time>2026-05-12T21:05:12+00:00</time>
      </trkpt>
      <trkpt lat="47.45238" lon="12.54438">
        <ele>1265</ele>
        <time>2026-05-12T21:05:15+00:00</time>
      </trkpt>
      <trkpt lat="47.45231" lon="12.5444">
        <ele>1265</ele>
        <time>2026-05-12T21:05:18+00:00</time>
      </trkpt>
      <trkpt lat="47.45224" lon="12.54447">
        <ele>1267</ele>
        <time>2026-05-12T21:05:21+00:00</time>
      </trkpt>
      <trkpt lat="47.45217" lon="12.54451">
        <ele>1268</ele>
        <time>2026-05-12T21:05:24+00:00</time>
      </trkpt>
      <trkpt lat="47.45195" lon="12.54475">
        <ele>1272</ele>
        <time>2026-05-12T21:05:27+00:00</time>
      </trkpt>
      <trkpt lat="47.45176" lon="12.54485">
        <ele>1278</ele>
        <time>2026-05-12T21:05:30+00:00</time>
      </trkpt>
      <trkpt lat="47.45163" lon="12.54497">
        <ele>1280</ele>
        <time>2026-05-12T21:05:33+00:00</time>
      </trkpt>
      <trkpt lat="47.45153" lon="12.54503">
        <ele>1283</ele>
        <time>2026-05-12T21:05:36+00:00</time>
      </trkpt>
      <trkpt lat="47.45148" lon="12.54503">
        <ele>1286</ele>
        <time>2026-05-12T21:05:39+00:00</time>
      </trkpt>
      <trkpt lat="47.45141" lon="12.54502">
        <ele>1286</ele>
        <time>2026-05-12T21:05:42+00:00</time>
      </trkpt>
      <trkpt lat="47.45132" lon="12.54503">
        <ele>1289</ele>
        <time>2026-05-12T21:05:45+00:00</time>
      </trkpt>
      <trkpt lat="47.45111" lon="12.5452">
        <ele>1293</ele>
        <time>2026-05-12T21:05:48+00:00</time>
      </trkpt>
      <trkpt lat="47.45086" lon="12.5454">
        <ele>1300</ele>
        <time>2026-05-12T21:05:51+00:00</time>
      </trkpt>
      <trkpt lat="47.45075" lon="12.54555">
        <ele>1302</ele>
        <time>2026-05-12T21:05:54+00:00</time>
      </trkpt>
      <trkpt lat="47.45062" lon="12.54569">
        <ele>1305</ele>
        <time>2026-05-12T21:05:57+00:00</time>
      </trkpt>
      <trkpt lat="47.45056" lon="12.54576">
        <ele>1308</ele>
        <time>2026-05-12T21:06:00+00:00</time>
      </trkpt>
      <trkpt lat="47.4504" lon="12.54588">
        <ele>1314</ele>
        <time>2026-05-12T21:06:03+00:00</time>
      </trkpt>
      <trkpt lat="47.45024" lon="12.54609">
        <ele>1316</ele>
        <time>2026-05-12T21:06:06+00:00</time>
      </trkpt>
      <trkpt lat="47.45016" lon="12.54623">
        <ele>1318</ele>
        <time>2026-05-12T21:06:09+00:00</time>
      </trkpt>
      <trkpt lat="47.45013" lon="12.54636">
        <ele>1317</ele>
        <time>2026-05-12T21:06:12+00:00</time>
      </trkpt>
      <trkpt lat="47.45007" lon="12.54645">
        <ele>1320</ele>
        <time>2026-05-12T21:06:15+00:00</time>
      </trkpt>
      <trkpt lat="47.45004" lon="12.54643">
        <ele>1320</ele>
        <time>2026-05-12T21:06:18+00:00</time>
      </trkpt>
      <trkpt lat="47.45004" lon="12.54636">
        <ele>1321</ele>
        <time>2026-05-12T21:06:21+00:00</time>
      </trkpt>
      <trkpt lat="47.45006" lon="12.54621">
        <ele>1322</ele>
        <time>2026-05-12T21:06:24+00:00</time>
      </trkpt>
      <trkpt lat="47.45" lon="12.54593">
        <ele>1325</ele>
        <time>2026-05-12T21:06:27+00:00</time>
      </trkpt>
      <trkpt lat="47.45003" lon="12.54554">
        <ele>1323</ele>
        <time>2026-05-12T21:06:30+00:00</time>
      </trkpt>
      <trkpt lat="47.45001" lon="12.54527">
        <ele>1327</ele>
        <time>2026-05-12T21:06:33+00:00</time>
      </trkpt>
      <trkpt lat="47.45006" lon="12.5449">
        <ele>1321</ele>
        <time>2026-05-12T21:06:36+00:00</time>
      </trkpt>
      <trkpt lat="47.45002" lon="12.54478">
        <ele>1318</ele>
        <time>2026-05-12T21:06:39+00:00</time>
      </trkpt>
      <trkpt lat="47.44996" lon="12.54473">
        <ele>1320</ele>
        <time>2026-05-12T21:06:42+00:00</time>
      </trkpt>
      <trkpt lat="47.44988" lon="12.54474">
        <ele>1321</ele>
        <time>2026-05-12T21:06:45+00:00</time>
      </trkpt>
      <trkpt lat="47.44984" lon="12.54476">
        <ele>1321</ele>
        <time>2026-05-12T21:06:48+00:00</time>
      </trkpt>
      <trkpt lat="47.4498" lon="12.54483">
        <ele>1326</ele>
        <time>2026-05-12T21:06:51+00:00</time>
      </trkpt>
      <trkpt lat="47.44979" lon="12.54501">
        <ele>1333</ele>
        <time>2026-05-12T21:06:54+00:00</time>
      </trkpt>
      <trkpt lat="47.44976" lon="12.54513">
        <ele>1334</ele>
        <time>2026-05-12T21:06:57+00:00</time>
      </trkpt>
      <trkpt lat="47.44977" lon="12.54519">
        <ele>1334</ele>
        <time>2026-05-12T21:07:00+00:00</time>
      </trkpt>
      <trkpt lat="47.44972" lon="12.54546">
        <ele>1337</ele>
        <time>2026-05-12T21:07:03+00:00</time>
      </trkpt>
      <trkpt lat="47.44969" lon="12.5455">
        <ele>1341</ele>
        <time>2026-05-12T21:07:06+00:00</time>
      </trkpt>
      <trkpt lat="47.44966" lon="12.54546">
        <ele>1341</ele>
        <time>2026-05-12T21:07:09+00:00</time>
      </trkpt>
      <trkpt lat="47.44961" lon="12.54529">
        <ele>1338</ele>
        <time>2026-05-12T21:07:12+00:00</time>
      </trkpt>
      <trkpt lat="47.44956" lon="12.54523">
        <ele>1341</ele>
        <time>2026-05-12T21:07:15+00:00</time>
      </trkpt>
      <trkpt lat="47.4495" lon="12.54518">
        <ele>1342</ele>
        <time>2026-05-12T21:07:18+00:00</time>
      </trkpt>
      <trkpt lat="47.44931" lon="12.54514">
        <ele>1344</ele>
        <time>2026-05-12T21:07:21+00:00</time>
      </trkpt>
      <trkpt lat="47.44916" lon="12.54515">
        <ele>1346</ele>
        <time>2026-05-12T21:07:24+00:00</time>
      </trkpt>
      <trkpt lat="47.44912" lon="12.54519">
        <ele>1346</ele>
        <time>2026-05-12T21:07:27+00:00</time>
      </trkpt>
      <trkpt lat="47.44903" lon="12.54523">
        <ele>1350</ele>
        <time>2026-05-12T21:07:30+00:00</time>
      </trkpt>
      <trkpt lat="47.44896" lon="12.54532">
        <ele>1355</ele>
        <time>2026-05-12T21:07:33+00:00</time>
      </trkpt>
      <trkpt lat="47.44877" lon="12.54547">
        <ele>1362</ele>
        <time>2026-05-12T21:07:36+00:00</time>
      </trkpt>
      <trkpt lat="47.44872" lon="12.54549">
        <ele>1362</ele>
        <time>2026-05-12T21:07:39+00:00</time>
      </trkpt>
      <trkpt lat="47.4486" lon="12.54551">
        <ele>1369</ele>
        <time>2026-05-12T21:07:42+00:00</time>
      </trkpt>
      <trkpt lat="47.4485" lon="12.54548">
        <ele>1364</ele>
        <time>2026-05-12T21:07:45+00:00</time>
      </trkpt>
      <trkpt lat="47.44839" lon="12.54549">
        <ele>1364</ele>
        <time>2026-05-12T21:07:48+00:00</time>
      </trkpt>
      <trkpt lat="47.44822" lon="12.54558">
        <ele>1369</ele>
        <time>2026-05-12T21:07:51+00:00</time>
      </trkpt>
      <trkpt lat="47.44788" lon="12.54593">
        <ele>1391</ele>
        <time>2026-05-12T21:07:54+00:00</time>
      </trkpt>
      <trkpt lat="47.44781" lon="12.54603">
        <ele>1396</ele>
        <time>2026-05-12T21:07:57+00:00</time>
      </trkpt>
      <trkpt lat="47.44779" lon="12.54612">
        <ele>1401</ele>
        <time>2026-05-12T21:08:00+00:00</time>
      </trkpt>
      <trkpt lat="47.44776" lon="12.54614">
        <ele>1395</ele>
        <time>2026-05-12T21:08:03+00:00</time>
      </trkpt>
      <trkpt lat="47.44767" lon="12.54616">
        <ele>1401</ele>
        <time>2026-05-12T21:08:06+00:00</time>
      </trkpt>
      <trkpt lat="47.44762" lon="12.54614">
        <ele>1401</ele>
        <time>2026-05-12T21:08:09+00:00</time>
      </trkpt>
      <trkpt lat="47.4475" lon="12.54614">
        <ele>1395</ele>
        <time>2026-05-12T21:08:12+00:00</time>
      </trkpt>
      <trkpt lat="47.44742" lon="12.54611">
        <ele>1400</ele>
        <time>2026-05-12T21:08:15+00:00</time>
      </trkpt>
      <trkpt lat="47.44732" lon="12.54603">
        <ele>1395</ele>
        <time>2026-05-12T21:08:18+00:00</time>
      </trkpt>
      <trkpt lat="47.44718" lon="12.54599">
        <ele>1391</ele>
        <time>2026-05-12T21:08:21+00:00</time>
      </trkpt>
      <trkpt lat="47.44709" lon="12.54604">
        <ele>1398</ele>
        <time>2026-05-12T21:08:24+00:00</time>
      </trkpt>
      <trkpt lat="47.44698" lon="12.54604">
        <ele>1399</ele>
        <time>2026-05-12T21:08:27+00:00</time>
      </trkpt>
      <trkpt lat="47.44695" lon="12.54606">
        <ele>1399</ele>
        <time>2026-05-12T21:08:30+00:00</time>
      </trkpt>
      <trkpt lat="47.44678" lon="12.5463">
        <ele>1412</ele>
        <time>2026-05-12T21:08:33+00:00</time>
      </trkpt>
      <trkpt lat="47.44666" lon="12.54635">
        <ele>1418</ele>
        <time>2026-05-12T21:08:36+00:00</time>
      </trkpt>
      <trkpt lat="47.44663" lon="12.54634">
        <ele>1418</ele>
        <time>2026-05-12T21:08:39+00:00</time>
      </trkpt>
      <trkpt lat="47.44654" lon="12.54623">
        <ele>1410</ele>
        <time>2026-05-12T21:08:42+00:00</time>
      </trkpt>
      <trkpt lat="47.44642" lon="12.54615">
        <ele>1412</ele>
        <time>2026-05-12T21:08:45+00:00</time>
      </trkpt>
      <trkpt lat="47.44635" lon="12.54605">
        <ele>1413</ele>
        <time>2026-05-12T21:08:48+00:00</time>
      </trkpt>
      <trkpt lat="47.4463" lon="12.54602">
        <ele>1412</ele>
        <time>2026-05-12T21:08:51+00:00</time>
      </trkpt>
      <trkpt lat="47.44606" lon="12.54605">
        <ele>1416</ele>
        <time>2026-05-12T21:08:54+00:00</time>
      </trkpt>
      <trkpt lat="47.44592" lon="12.54615">
        <ele>1423</ele>
        <time>2026-05-12T21:08:57+00:00</time>
      </trkpt>
      <trkpt lat="47.4459" lon="12.54614">
        <ele>1426</ele>
        <time>2026-05-12T21:09:00+00:00</time>
      </trkpt>
      <trkpt lat="47.44579" lon="12.54601">
        <ele>1417</ele>
        <time>2026-05-12T21:09:03+00:00</time>
      </trkpt>
      <trkpt lat="47.44578" lon="12.54592">
        <ele>1422</ele>
        <time>2026-05-12T21:09:06+00:00</time>
      </trkpt>
      <trkpt lat="47.44567" lon="12.54577">
        <ele>1418</ele>
        <time>2026-05-12T21:09:09+00:00</time>
      </trkpt>
      <trkpt lat="47.44563" lon="12.54574">
        <ele>1418</ele>
        <time>2026-05-12T21:09:12+00:00</time>
      </trkpt>
      <trkpt lat="47.4456" lon="12.54574">
        <ele>1418</ele>
        <time>2026-05-12T21:09:15+00:00</time>
      </trkpt>
      <trkpt lat="47.44554" lon="12.54571">
        <ele>1423</ele>
        <time>2026-05-12T21:09:18+00:00</time>
      </trkpt>
      <trkpt lat="47.44539" lon="12.54572">
        <ele>1433</ele>
        <time>2026-05-12T21:09:21+00:00</time>
      </trkpt>
      <trkpt lat="47.44535" lon="12.54571">
        <ele>1433</ele>
        <time>2026-05-12T21:09:24+00:00</time>
      </trkpt>
      <trkpt lat="47.44518" lon="12.54557">
        <ele>1433</ele>
        <time>2026-05-12T21:09:27+00:00</time>
      </trkpt>
      <trkpt lat="47.44507" lon="12.54541">
        <ele>1437</ele>
        <time>2026-05-12T21:09:30+00:00</time>
      </trkpt>
      <trkpt lat="47.44502" lon="12.54535">
        <ele>1433</ele>
        <time>2026-05-12T21:09:33+00:00</time>
      </trkpt>
      <trkpt lat="47.4449" lon="12.54529">
        <ele>1435</ele>
        <time>2026-05-12T21:09:36+00:00</time>
      </trkpt>
      <trkpt lat="47.44483" lon="12.54531">
        <ele>1443</ele>
        <time>2026-05-12T21:09:39+00:00</time>
      </trkpt>
      <trkpt lat="47.44476" lon="12.5453">
        <ele>1444</ele>
        <time>2026-05-12T21:09:42+00:00</time>
      </trkpt>
      <trkpt lat="47.44457" lon="12.54525">
        <ele>1454</ele>
        <time>2026-05-12T21:09:45+00:00</time>
      </trkpt>
      <trkpt lat="47.44452" lon="12.54522">
        <ele>1454</ele>
        <time>2026-05-12T21:09:48+00:00</time>
      </trkpt>
      <trkpt lat="47.44441" lon="12.5452">
        <ele>1459</ele>
        <time>2026-05-12T21:09:51+00:00</time>
      </trkpt>
      <trkpt lat="47.44425" lon="12.54508">
        <ele>1464</ele>
        <time>2026-05-12T21:09:54+00:00</time>
      </trkpt>
      <trkpt lat="47.44416" lon="12.54505">
        <ele>1470</ele>
        <time>2026-05-12T21:09:57+00:00</time>
      </trkpt>
      <trkpt lat="47.44413" lon="12.54501">
        <ele>1470</ele>
        <time>2026-05-12T21:10:00+00:00</time>
      </trkpt>
      <trkpt lat="47.44413" lon="12.5447">
        <ele>1468</ele>
        <time>2026-05-12T21:10:03+00:00</time>
      </trkpt>
      <trkpt lat="47.44411" lon="12.54459">
        <ele>1468</ele>
        <time>2026-05-12T21:10:06+00:00</time>
      </trkpt>
      <trkpt lat="47.44403" lon="12.5443">
        <ele>1474</ele>
        <time>2026-05-12T21:10:09+00:00</time>
      </trkpt>
      <trkpt lat="47.44403" lon="12.54401">
        <ele>1473</ele>
        <time>2026-05-12T21:10:12+00:00</time>
      </trkpt>
      <trkpt lat="47.4441" lon="12.54353">
        <ele>1472</ele>
        <time>2026-05-12T21:10:15+00:00</time>
      </trkpt>
      <trkpt lat="47.44417" lon="12.54334">
        <ele>1473</ele>
        <time>2026-05-12T21:10:18+00:00</time>
      </trkpt>
      <trkpt lat="47.44422" lon="12.54305">
        <ele>1466</ele>
        <time>2026-05-12T21:10:21+00:00</time>
      </trkpt>
      <trkpt lat="47.44429" lon="12.54282">
        <ele>1466</ele>
        <time>2026-05-12T21:10:24+00:00</time>
      </trkpt>
      <trkpt lat="47.44428" lon="12.54278">
        <ele>1466</ele>
        <time>2026-05-12T21:10:27+00:00</time>
      </trkpt>
      <trkpt lat="47.44438" lon="12.54253">
        <ele>1457</ele>
        <time>2026-05-12T21:10:30+00:00</time>
      </trkpt>
      <trkpt lat="47.44438" lon="12.54247">
        <ele>1457</ele>
        <time>2026-05-12T21:10:33+00:00</time>
      </trkpt>
      <trkpt lat="47.44436" lon="12.54239">
        <ele>1457</ele>
        <time>2026-05-12T21:10:36+00:00</time>
      </trkpt>
      <trkpt lat="47.44433" lon="12.54235">
        <ele>1457</ele>
        <time>2026-05-12T21:10:39+00:00</time>
      </trkpt>
      <trkpt lat="47.44431" lon="12.54236">
        <ele>1457</ele>
        <time>2026-05-12T21:10:42+00:00</time>
      </trkpt>
      <trkpt lat="47.4443" lon="12.54242">
        <ele>1457</ele>
        <time>2026-05-12T21:10:45+00:00</time>
      </trkpt>
      <trkpt lat="47.44432" lon="12.54249">
        <ele>1457</ele>
        <time>2026-05-12T21:10:48+00:00</time>
      </trkpt>
      <trkpt lat="47.4443" lon="12.54254">
        <ele>1457</ele>
        <time>2026-05-12T21:10:51+00:00</time>
      </trkpt>
      <trkpt lat="47.44429" lon="12.54259">
        <ele>1465</ele>
        <time>2026-05-12T21:10:54+00:00</time>
      </trkpt>
      <trkpt lat="47.44422" lon="12.54273">
        <ele>1466</ele>
        <time>2026-05-12T21:10:57+00:00</time>
      </trkpt>
      <trkpt lat="47.44416" lon="12.54279">
        <ele>1473</ele>
        <time>2026-05-12T21:11:00+00:00</time>
      </trkpt>
      <trkpt lat="47.44409" lon="12.54291">
        <ele>1481</ele>
        <time>2026-05-12T21:11:03+00:00</time>
      </trkpt>
      <trkpt lat="47.44407" lon="12.543">
        <ele>1481</ele>
        <time>2026-05-12T21:11:06+00:00</time>
      </trkpt>
      <trkpt lat="47.44399" lon="12.5432">
        <ele>1487</ele>
        <time>2026-05-12T21:11:09+00:00</time>
      </trkpt>
      <trkpt lat="47.44385" lon="12.54336">
        <ele>1494</ele>
        <time>2026-05-12T21:11:12+00:00</time>
      </trkpt>
      <trkpt lat="47.44381" lon="12.54341">
        <ele>1493</ele>
        <time>2026-05-12T21:11:15+00:00</time>
      </trkpt>
      <trkpt lat="47.44376" lon="12.54356">
        <ele>1500</ele>
        <time>2026-05-12T21:11:18+00:00</time>
      </trkpt>
      <trkpt lat="47.44363" lon="12.54374">
        <ele>1506</ele>
        <time>2026-05-12T21:11:21+00:00</time>
      </trkpt>
      <trkpt lat="47.44353" lon="12.54397">
        <ele>1511</ele>
        <time>2026-05-12T21:11:24+00:00</time>
      </trkpt>
      <trkpt lat="47.44341" lon="12.54414">
        <ele>1516</ele>
        <time>2026-05-12T21:11:27+00:00</time>
      </trkpt>
      <trkpt lat="47.44334" lon="12.5443">
        <ele>1521</ele>
        <time>2026-05-12T21:11:30+00:00</time>
      </trkpt>
      <trkpt lat="47.44329" lon="12.54447">
        <ele>1520</ele>
        <time>2026-05-12T21:11:33+00:00</time>
      </trkpt>
      <trkpt lat="47.44327" lon="12.54465">
        <ele>1526</ele>
        <time>2026-05-12T21:11:36+00:00</time>
      </trkpt>
      <trkpt lat="47.44322" lon="12.54477">
        <ele>1525</ele>
        <time>2026-05-12T21:11:39+00:00</time>
      </trkpt>
      <trkpt lat="47.44322" lon="12.54484">
        <ele>1525</ele>
        <time>2026-05-12T21:11:42+00:00</time>
      </trkpt>
      <trkpt lat="47.44314" lon="12.54513">
        <ele>1530</ele>
        <time>2026-05-12T21:11:45+00:00</time>
      </trkpt>
      <trkpt lat="47.4431" lon="12.54521">
        <ele>1537</ele>
        <time>2026-05-12T21:11:48+00:00</time>
      </trkpt>
      <trkpt lat="47.44304" lon="12.54542">
        <ele>1538</ele>
        <time>2026-05-12T21:11:51+00:00</time>
      </trkpt>
      <trkpt lat="47.44304" lon="12.54556">
        <ele>1538</ele>
        <time>2026-05-12T21:11:54+00:00</time>
      </trkpt>
      <trkpt lat="47.443" lon="12.54579">
        <ele>1539</ele>
        <time>2026-05-12T21:11:57+00:00</time>
      </trkpt>
      <trkpt lat="47.44301" lon="12.54595">
        <ele>1541</ele>
        <time>2026-05-12T21:12:00+00:00</time>
      </trkpt>
      <trkpt lat="47.44294" lon="12.54635">
        <ele>1550</ele>
        <time>2026-05-12T21:12:03+00:00</time>
      </trkpt>
      <trkpt lat="47.44287" lon="12.54648">
        <ele>1555</ele>
        <time>2026-05-12T21:12:06+00:00</time>
      </trkpt>
      <trkpt lat="47.44281" lon="12.54657">
        <ele>1557</ele>
        <time>2026-05-12T21:12:09+00:00</time>
      </trkpt>
      <trkpt lat="47.44259" lon="12.54671">
        <ele>1571</ele>
        <time>2026-05-12T21:12:12+00:00</time>
      </trkpt>
      <trkpt lat="47.44251" lon="12.54681">
        <ele>1572</ele>
        <time>2026-05-12T21:12:15+00:00</time>
      </trkpt>
      <trkpt lat="47.44242" lon="12.54689">
        <ele>1575</ele>
        <time>2026-05-12T21:12:18+00:00</time>
      </trkpt>
      <trkpt lat="47.44235" lon="12.54701">
        <ele>1579</ele>
        <time>2026-05-12T21:12:21+00:00</time>
      </trkpt>
      <trkpt lat="47.44229" lon="12.54712">
        <ele>1582</ele>
        <time>2026-05-12T21:12:24+00:00</time>
      </trkpt>
      <trkpt lat="47.44219" lon="12.5474">
        <ele>1588</ele>
        <time>2026-05-12T21:12:27+00:00</time>
      </trkpt>
      <trkpt lat="47.44205" lon="12.54771">
        <ele>1592</ele>
        <time>2026-05-12T21:12:30+00:00</time>
      </trkpt>
      <trkpt lat="47.44197" lon="12.54796">
        <ele>1596</ele>
        <time>2026-05-12T21:12:33+00:00</time>
      </trkpt>
      <trkpt lat="47.44194" lon="12.54811">
        <ele>1600</ele>
        <time>2026-05-12T21:12:36+00:00</time>
      </trkpt>
      <trkpt lat="47.44193" lon="12.54814">
        <ele>1600</ele>
        <time>2026-05-12T21:12:39+00:00</time>
      </trkpt>
      <trkpt lat="47.44189" lon="12.54811">
        <ele>1599</ele>
        <time>2026-05-12T21:12:42+00:00</time>
      </trkpt>
      <trkpt lat="47.44187" lon="12.54809">
        <ele>1594</ele>
        <time>2026-05-12T21:12:45+00:00</time>
      </trkpt>
      <trkpt lat="47.44184" lon="12.54807">
        <ele>1597</ele>
        <time>2026-05-12T21:12:48+00:00</time>
      </trkpt>
      <trkpt lat="47.44181" lon="12.54807">
        <ele>1597</ele>
        <time>2026-05-12T21:12:51+00:00</time>
      </trkpt>
      <trkpt lat="47.44173" lon="12.54801">
        <ele>1597</ele>
        <time>2026-05-12T21:12:54+00:00</time>
      </trkpt>
      <trkpt lat="47.44161" lon="12.54788">
        <ele>1593</ele>
        <time>2026-05-12T21:12:57+00:00</time>
      </trkpt>
      <trkpt lat="47.44157" lon="12.54786">
        <ele>1593</ele>
        <time>2026-05-12T21:13:00+00:00</time>
      </trkpt>
      <trkpt lat="47.4415" lon="12.54785">
        <ele>1593</ele>
        <time>2026-05-12T21:13:03+00:00</time>
      </trkpt>
      <trkpt lat="47.4415" lon="12.54787">
        <ele>1593</ele>
        <time>2026-05-12T21:13:06+00:00</time>
      </trkpt>
      <trkpt lat="47.44142" lon="12.54781">
        <ele>1593</ele>
        <time>2026-05-12T21:13:09+00:00</time>
      </trkpt>
      <trkpt lat="47.44134" lon="12.54767">
        <ele>1594</ele>
        <time>2026-05-12T21:13:12+00:00</time>
      </trkpt>
      <trkpt lat="47.44116" lon="12.54745">
        <ele>1597</ele>
        <time>2026-05-12T21:13:15+00:00</time>
      </trkpt>
      <trkpt lat="47.44096" lon="12.54712">
        <ele>1597</ele>
        <time>2026-05-12T21:13:18+00:00</time>
      </trkpt>
      <trkpt lat="47.44087" lon="12.5469">
        <ele>1596</ele>
        <time>2026-05-12T21:13:21+00:00</time>
      </trkpt>
      <trkpt lat="47.44084" lon="12.54664">
        <ele>1601</ele>
        <time>2026-05-12T21:13:24+00:00</time>
      </trkpt>
      <trkpt lat="47.44081" lon="12.54631">
        <ele>1605</ele>
        <time>2026-05-12T21:13:27+00:00</time>
      </trkpt>
      <trkpt lat="47.44066" lon="12.54591">
        <ele>1605</ele>
        <time>2026-05-12T21:13:30+00:00</time>
      </trkpt>
      <trkpt lat="47.44035" lon="12.5455">
        <ele>1601</ele>
        <time>2026-05-12T21:13:33+00:00</time>
      </trkpt>
      <trkpt lat="47.44012" lon="12.5451">
        <ele>1599</ele>
        <time>2026-05-12T21:13:36+00:00</time>
      </trkpt>
      <trkpt lat="47.44005" lon="12.54489">
        <ele>1599</ele>
        <time>2026-05-12T21:13:39+00:00</time>
      </trkpt>
      <trkpt lat="47.43998" lon="12.54473">
        <ele>1600</ele>
        <time>2026-05-12T21:13:42+00:00</time>
      </trkpt>
      <trkpt lat="47.4399" lon="12.54444">
        <ele>1596</ele>
        <time>2026-05-12T21:13:45+00:00</time>
      </trkpt>
      <trkpt lat="47.43984" lon="12.5443">
        <ele>1600</ele>
        <time>2026-05-12T21:13:48+00:00</time>
      </trkpt>
      <trkpt lat="47.43979" lon="12.54423">
        <ele>1595</ele>
        <time>2026-05-12T21:13:51+00:00</time>
      </trkpt>
      <trkpt lat="47.43962" lon="12.54415">
        <ele>1592</ele>
        <time>2026-05-12T21:13:54+00:00</time>
      </trkpt>
      <trkpt lat="47.4395" lon="12.54404">
        <ele>1586</ele>
        <time>2026-05-12T21:13:57+00:00</time>
      </trkpt>
      <trkpt lat="47.43933" lon="12.54373">
        <ele>1590</ele>
        <time>2026-05-12T21:14:00+00:00</time>
      </trkpt>
      <trkpt lat="47.43932" lon="12.54369">
        <ele>1587</ele>
        <time>2026-05-12T21:14:03+00:00</time>
      </trkpt>
      <trkpt lat="47.43931" lon="12.54347">
        <ele>1588</ele>
        <time>2026-05-12T21:14:06+00:00</time>
      </trkpt>
      <trkpt lat="47.43931" lon="12.54345">
        <ele>1588</ele>
        <time>2026-05-12T21:14:09+00:00</time>
      </trkpt>
      <trkpt lat="47.43927" lon="12.54331">
        <ele>1585</ele>
        <time>2026-05-12T21:14:12+00:00</time>
      </trkpt>
      <trkpt lat="47.43926" lon="12.54311">
        <ele>1587</ele>
        <time>2026-05-12T21:14:15+00:00</time>
      </trkpt>
      <trkpt lat="47.43924" lon="12.54305">
        <ele>1587</ele>
        <time>2026-05-12T21:14:18+00:00</time>
      </trkpt>
      <trkpt lat="47.43917" lon="12.54301">
        <ele>1583</ele>
        <time>2026-05-12T21:14:21+00:00</time>
      </trkpt>
      <trkpt lat="47.4391" lon="12.54304">
        <ele>1583</ele>
        <time>2026-05-12T21:14:24+00:00</time>
      </trkpt>
      <trkpt lat="47.43904" lon="12.54303">
        <ele>1579</ele>
        <time>2026-05-12T21:14:27+00:00</time>
      </trkpt>
      <trkpt lat="47.4389" lon="12.54303">
        <ele>1577</ele>
        <time>2026-05-12T21:14:30+00:00</time>
      </trkpt>
      <trkpt lat="47.43876" lon="12.54321">
        <ele>1576</ele>
        <time>2026-05-12T21:14:33+00:00</time>
      </trkpt>
      <trkpt lat="47.4387" lon="12.54318">
        <ele>1575</ele>
        <time>2026-05-12T21:14:36+00:00</time>
      </trkpt>
      <trkpt lat="47.43871" lon="12.54317">
        <ele>1576</ele>
        <time>2026-05-12T21:14:39+00:00</time>
      </trkpt>
      <trkpt lat="47.4387" lon="12.54323">
        <ele>1575</ele>
        <time>2026-05-12T21:14:42+00:00</time>
      </trkpt>
      <trkpt lat="47.43867" lon="12.54324">
        <ele>1575</ele>
        <time>2026-05-12T21:14:45+00:00</time>
      </trkpt>
      <trkpt lat="47.4385" lon="12.54298">
        <ele>1576</ele>
        <time>2026-05-12T21:14:48+00:00</time>
      </trkpt>
      <trkpt lat="47.43846" lon="12.54289">
        <ele>1575</ele>
        <time>2026-05-12T21:14:51+00:00</time>
      </trkpt>
      <trkpt lat="47.43845" lon="12.54282">
        <ele>1575</ele>
        <time>2026-05-12T21:14:54+00:00</time>
      </trkpt>
      <trkpt lat="47.43831" lon="12.54258">
        <ele>1576</ele>
        <time>2026-05-12T21:14:57+00:00</time>
      </trkpt>
      <trkpt lat="47.43813" lon="12.54227">
        <ele>1577</ele>
        <time>2026-05-12T21:15:00+00:00</time>
      </trkpt>
      <trkpt lat="47.43807" lon="12.5421">
        <ele>1578</ele>
        <time>2026-05-12T21:15:03+00:00</time>
      </trkpt>
      <trkpt lat="47.43799" lon="12.54197">
        <ele>1578</ele>
        <time>2026-05-12T21:15:06+00:00</time>
      </trkpt>
      <trkpt lat="47.43793" lon="12.54191">
        <ele>1578</ele>
        <time>2026-05-12T21:15:09+00:00</time>
      </trkpt>
      <trkpt lat="47.43786" lon="12.54186">
        <ele>1578</ele>
        <time>2026-05-12T21:15:12+00:00</time>
      </trkpt>
      <trkpt lat="47.43783" lon="12.54184">
        <ele>1578</ele>
        <time>2026-05-12T21:15:15+00:00</time>
      </trkpt>
      <trkpt lat="47.43773" lon="12.54182">
        <ele>1579</ele>
        <time>2026-05-12T21:15:18+00:00</time>
      </trkpt>
      <trkpt lat="47.43752" lon="12.54181">
        <ele>1582</ele>
        <time>2026-05-12T21:15:21+00:00</time>
      </trkpt>
      <trkpt lat="47.43732" lon="12.54173">
        <ele>1587</ele>
        <time>2026-05-12T21:15:24+00:00</time>
      </trkpt>
      <trkpt lat="47.43723" lon="12.54159">
        <ele>1589</ele>
        <time>2026-05-12T21:15:27+00:00</time>
      </trkpt>
      <trkpt lat="47.43718" lon="12.54149">
        <ele>1591</ele>
        <time>2026-05-12T21:15:30+00:00</time>
      </trkpt>
      <trkpt lat="47.4371" lon="12.54125">
        <ele>1590</ele>
        <time>2026-05-12T21:15:33+00:00</time>
      </trkpt>
      <trkpt lat="47.437" lon="12.54106">
        <ele>1592</ele>
        <time>2026-05-12T21:15:36+00:00</time>
      </trkpt>
      <trkpt lat="47.43691" lon="12.54096">
        <ele>1594</ele>
        <time>2026-05-12T21:15:39+00:00</time>
      </trkpt>
      <trkpt lat="47.43678" lon="12.54085">
        <ele>1598</ele>
        <time>2026-05-12T21:15:42+00:00</time>
      </trkpt>
      <trkpt lat="47.43675" lon="12.54081">
        <ele>1598</ele>
        <time>2026-05-12T21:15:45+00:00</time>
      </trkpt>
      <trkpt lat="47.43671" lon="12.54079">
        <ele>1598</ele>
        <time>2026-05-12T21:15:48+00:00</time>
      </trkpt>
      <trkpt lat="47.4367" lon="12.54076">
        <ele>1599</ele>
        <time>2026-05-12T21:15:51+00:00</time>
      </trkpt>
      <trkpt lat="47.43666" lon="12.54078">
        <ele>1599</ele>
        <time>2026-05-12T21:15:54+00:00</time>
      </trkpt>
      <trkpt lat="47.43661" lon="12.54077">
        <ele>1599</ele>
        <time>2026-05-12T21:15:57+00:00</time>
      </trkpt>
      <trkpt lat="47.43656" lon="12.54068">
        <ele>1601</ele>
        <time>2026-05-12T21:16:00+00:00</time>
      </trkpt>
      <trkpt lat="47.43645" lon="12.54056">
        <ele>1603</ele>
        <time>2026-05-12T21:16:03+00:00</time>
      </trkpt>
      <trkpt lat="47.43631" lon="12.54054">
        <ele>1605</ele>
        <time>2026-05-12T21:16:06+00:00</time>
      </trkpt>
      <trkpt lat="47.4362" lon="12.54058">
        <ele>1607</ele>
        <time>2026-05-12T21:16:09+00:00</time>
      </trkpt>
      <trkpt lat="47.43607" lon="12.54058">
        <ele>1612</ele>
        <time>2026-05-12T21:16:12+00:00</time>
      </trkpt>
      <trkpt lat="47.43593" lon="12.54062">
        <ele>1614</ele>
        <time>2026-05-12T21:16:15+00:00</time>
      </trkpt>
      <trkpt lat="47.43581" lon="12.54068">
        <ele>1617</ele>
        <time>2026-05-12T21:16:18+00:00</time>
      </trkpt>
      <trkpt lat="47.43565" lon="12.54071">
        <ele>1621</ele>
        <time>2026-05-12T21:16:21+00:00</time>
      </trkpt>
      <trkpt lat="47.43553" lon="12.54075">
        <ele>1625</ele>
        <time>2026-05-12T21:16:24+00:00</time>
      </trkpt>
      <trkpt lat="47.43548" lon="12.54078">
        <ele>1629</ele>
        <time>2026-05-12T21:16:27+00:00</time>
      </trkpt>
      <trkpt lat="47.43542" lon="12.54081">
        <ele>1629</ele>
        <time>2026-05-12T21:16:30+00:00</time>
      </trkpt>
      <trkpt lat="47.43537" lon="12.54081">
        <ele>1633</ele>
        <time>2026-05-12T21:16:33+00:00</time>
      </trkpt>
      <trkpt lat="47.43532" lon="12.54076">
        <ele>1634</ele>
        <time>2026-05-12T21:16:36+00:00</time>
      </trkpt>
      <trkpt lat="47.43529" lon="12.5407">
        <ele>1639</ele>
        <time>2026-05-12T21:16:39+00:00</time>
      </trkpt>
      <trkpt lat="47.43524" lon="12.54063">
        <ele>1639</ele>
        <time>2026-05-12T21:16:42+00:00</time>
      </trkpt>
      <trkpt lat="47.43519" lon="12.54048">
        <ele>1646</ele>
        <time>2026-05-12T21:16:45+00:00</time>
      </trkpt>
      <trkpt lat="47.43516" lon="12.5401">
        <ele>1649</ele>
        <time>2026-05-12T21:16:48+00:00</time>
      </trkpt>
      <trkpt lat="47.43515" lon="12.53983">
        <ele>1653</ele>
        <time>2026-05-12T21:16:51+00:00</time>
      </trkpt>
      <trkpt lat="47.43515" lon="12.53974">
        <ele>1655</ele>
        <time>2026-05-12T21:16:54+00:00</time>
      </trkpt>
      <trkpt lat="47.43519" lon="12.5396">
        <ele>1657</ele>
        <time>2026-05-12T21:16:57+00:00</time>
      </trkpt>
      <trkpt lat="47.43517" lon="12.53935">
        <ele>1660</ele>
        <time>2026-05-12T21:17:00+00:00</time>
      </trkpt>
      <trkpt lat="47.43518" lon="12.53916">
        <ele>1663</ele>
        <time>2026-05-12T21:17:03+00:00</time>
      </trkpt>
      <trkpt lat="47.43517" lon="12.5391">
        <ele>1664</ele>
        <time>2026-05-12T21:17:06+00:00</time>
      </trkpt>
      <trkpt lat="47.43517" lon="12.539">
        <ele>1664</ele>
        <time>2026-05-12T21:17:09+00:00</time>
      </trkpt>
      <trkpt lat="47.43512" lon="12.53876">
        <ele>1669</ele>
        <time>2026-05-12T21:17:12+00:00</time>
      </trkpt>
      <trkpt lat="47.4351" lon="12.53871">
        <ele>1668</ele>
        <time>2026-05-12T21:17:15+00:00</time>
      </trkpt>
      <trkpt lat="47.43511" lon="12.53865">
        <ele>1670</ele>
        <time>2026-05-12T21:17:18+00:00</time>
      </trkpt>
      <trkpt lat="47.43508" lon="12.53857">
        <ele>1678</ele>
        <time>2026-05-12T21:17:21+00:00</time>
      </trkpt>
      <trkpt lat="47.43512" lon="12.53846">
        <ele>1673</ele>
        <time>2026-05-12T21:17:24+00:00</time>
      </trkpt>
      <trkpt lat="47.43511" lon="12.53833">
        <ele>1675</ele>
        <time>2026-05-12T21:17:27+00:00</time>
      </trkpt>
      <trkpt lat="47.43513" lon="12.53817">
        <ele>1678</ele>
        <time>2026-05-12T21:17:30+00:00</time>
      </trkpt>
      <trkpt lat="47.43511" lon="12.53811">
        <ele>1678</ele>
        <time>2026-05-12T21:17:33+00:00</time>
      </trkpt>
      <trkpt lat="47.4351" lon="12.5381">
        <ele>1686</ele>
        <time>2026-05-12T21:17:36+00:00</time>
      </trkpt>
      <trkpt lat="47.43508" lon="12.53811">
        <ele>1684</ele>
        <time>2026-05-12T21:17:39+00:00</time>
      </trkpt>
      <trkpt lat="47.43505" lon="12.53808">
        <ele>1686</ele>
        <time>2026-05-12T21:17:42+00:00</time>
      </trkpt>
      <trkpt lat="47.43503" lon="12.53791">
        <ele>1688</ele>
        <time>2026-05-12T21:17:45+00:00</time>
      </trkpt>
      <trkpt lat="47.43503" lon="12.53779">
        <ele>1691</ele>
        <time>2026-05-12T21:17:48+00:00</time>
      </trkpt>
      <trkpt lat="47.43509" lon="12.5376">
        <ele>1695</ele>
        <time>2026-05-12T21:17:51+00:00</time>
      </trkpt>
      <trkpt lat="47.43507" lon="12.5375">
        <ele>1697</ele>
        <time>2026-05-12T21:17:54+00:00</time>
      </trkpt>
      <trkpt lat="47.43505" lon="12.5375">
        <ele>1695</ele>
        <time>2026-05-12T21:17:57+00:00</time>
      </trkpt>
      <trkpt lat="47.43502" lon="12.53756">
        <ele>1695</ele>
        <time>2026-05-12T21:18:00+00:00</time>
      </trkpt>
      <trkpt lat="47.43501" lon="12.53742">
        <ele>1697</ele>
        <time>2026-05-12T21:18:03+00:00</time>
      </trkpt>
      <trkpt lat="47.43497" lon="12.53744">
        <ele>1703</ele>
        <time>2026-05-12T21:18:06+00:00</time>
      </trkpt>
      <trkpt lat="47.43482" lon="12.53772">
        <ele>1703</ele>
        <time>2026-05-12T21:18:09+00:00</time>
      </trkpt>
      <trkpt lat="47.43473" lon="12.53781">
        <ele>1708</ele>
        <time>2026-05-12T21:18:12+00:00</time>
      </trkpt>
      <trkpt lat="47.43462" lon="12.53801">
        <ele>1711</ele>
        <time>2026-05-12T21:18:15+00:00</time>
      </trkpt>
      <trkpt lat="47.43456" lon="12.53806">
        <ele>1718</ele>
        <time>2026-05-12T21:18:18+00:00</time>
      </trkpt>
      <trkpt lat="47.43455" lon="12.53811">
        <ele>1716</ele>
        <time>2026-05-12T21:18:21+00:00</time>
      </trkpt>
      <trkpt lat="47.43451" lon="12.53814">
        <ele>1716</ele>
        <time>2026-05-12T21:18:24+00:00</time>
      </trkpt>
      <trkpt lat="47.4345" lon="12.5383">
        <ele>1715</ele>
        <time>2026-05-12T21:18:27+00:00</time>
      </trkpt>
      <trkpt lat="47.43443" lon="12.5385">
        <ele>1719</ele>
        <time>2026-05-12T21:18:30+00:00</time>
      </trkpt>
      <trkpt lat="47.43439" lon="12.53874">
        <ele>1718</ele>
        <time>2026-05-12T21:18:33+00:00</time>
      </trkpt>
      <trkpt lat="47.4344" lon="12.5389">
        <ele>1714</ele>
        <time>2026-05-12T21:18:36+00:00</time>
      </trkpt>
      <trkpt lat="47.43439" lon="12.53906">
        <ele>1718</ele>
        <time>2026-05-12T21:18:39+00:00</time>
      </trkpt>
      <trkpt lat="47.4344" lon="12.53912">
        <ele>1712</ele>
        <time>2026-05-12T21:18:42+00:00</time>
      </trkpt>
      <trkpt lat="47.43437" lon="12.5392">
        <ele>1720</ele>
        <time>2026-05-12T21:18:45+00:00</time>
      </trkpt>
      <trkpt lat="47.43438" lon="12.53929">
        <ele>1719</ele>
        <time>2026-05-12T21:18:48+00:00</time>
      </trkpt>
      <trkpt lat="47.43436" lon="12.53936">
        <ele>1718</ele>
        <time>2026-05-12T21:18:51+00:00</time>
      </trkpt>
      <trkpt lat="47.43434" lon="12.53937">
        <ele>1718</ele>
        <time>2026-05-12T21:18:54+00:00</time>
      </trkpt>
      <trkpt lat="47.4343" lon="12.53933">
        <ele>1718</ele>
        <time>2026-05-12T21:18:57+00:00</time>
      </trkpt>
      <trkpt lat="47.43427" lon="12.53924">
        <ele>1726</ele>
        <time>2026-05-12T21:19:00+00:00</time>
      </trkpt>
      <trkpt lat="47.4342" lon="12.53912">
        <ele>1733</ele>
        <time>2026-05-12T21:19:03+00:00</time>
      </trkpt>
      <trkpt lat="47.43416" lon="12.53903">
        <ele>1734</ele>
        <time>2026-05-12T21:19:06+00:00</time>
      </trkpt>
      <trkpt lat="47.43398" lon="12.53885">
        <ele>1746</ele>
        <time>2026-05-12T21:19:09+00:00</time>
      </trkpt>
      <trkpt lat="47.43389" lon="12.5388">
        <ele>1752</ele>
        <time>2026-05-12T21:19:12+00:00</time>
      </trkpt>
      <trkpt lat="47.43382" lon="12.53873">
        <ele>1752</ele>
        <time>2026-05-12T21:19:15+00:00</time>
      </trkpt>
      <trkpt lat="47.4338" lon="12.53875">
        <ele>1752</ele>
        <time>2026-05-12T21:19:18+00:00</time>
      </trkpt>
      <trkpt lat="47.43379" lon="12.53884">
        <ele>1757</ele>
        <time>2026-05-12T21:19:21+00:00</time>
      </trkpt>
      <trkpt lat="47.43374" lon="12.53899">
        <ele>1756</ele>
        <time>2026-05-12T21:19:24+00:00</time>
      </trkpt>
      <trkpt lat="47.4337" lon="12.53903">
        <ele>1755</ele>
        <time>2026-05-12T21:19:27+00:00</time>
      </trkpt>
      <trkpt lat="47.43363" lon="12.53901">
        <ele>1761</ele>
        <time>2026-05-12T21:19:30+00:00</time>
      </trkpt>
      <trkpt lat="47.4336" lon="12.5389">
        <ele>1761</ele>
        <time>2026-05-12T21:19:33+00:00</time>
      </trkpt>
      <trkpt lat="47.43356" lon="12.5389">
        <ele>1767</ele>
        <time>2026-05-12T21:19:36+00:00</time>
      </trkpt>
      <trkpt lat="47.43336" lon="12.53876">
        <ele>1772</ele>
        <time>2026-05-12T21:19:39+00:00</time>
      </trkpt>
      <trkpt lat="47.43335" lon="12.53883">
        <ele>1778</ele>
        <time>2026-05-12T21:19:42+00:00</time>
      </trkpt>
      <trkpt lat="47.43337" lon="12.53892">
        <ele>1777</ele>
        <time>2026-05-12T21:19:45+00:00</time>
      </trkpt>
      <trkpt lat="47.43335" lon="12.53908">
        <ele>1777</ele>
        <time>2026-05-12T21:19:48+00:00</time>
      </trkpt>
      <trkpt lat="47.43328" lon="12.53923">
        <ele>1780</ele>
        <time>2026-05-12T21:19:51+00:00</time>
      </trkpt>
      <trkpt lat="47.43323" lon="12.5395">
        <ele>1777</ele>
        <time>2026-05-12T21:19:54+00:00</time>
      </trkpt>
      <trkpt lat="47.43316" lon="12.53959">
        <ele>1782</ele>
        <time>2026-05-12T21:19:57+00:00</time>
      </trkpt>
      <trkpt lat="47.43309" lon="12.53961">
        <ele>1786</ele>
        <time>2026-05-12T21:20:00+00:00</time>
      </trkpt>
      <trkpt lat="47.43299" lon="12.53968">
        <ele>1791</ele>
        <time>2026-05-12T21:20:03+00:00</time>
      </trkpt>
      <trkpt lat="47.43296" lon="12.53965">
        <ele>1791</ele>
        <time>2026-05-12T21:20:06+00:00</time>
      </trkpt>
      <trkpt lat="47.43292" lon="12.53965">
        <ele>1791</ele>
        <time>2026-05-12T21:20:09+00:00</time>
      </trkpt>
      <trkpt lat="47.4329" lon="12.53966">
        <ele>1791</ele>
        <time>2026-05-12T21:20:12+00:00</time>
      </trkpt>
      <trkpt lat="47.43285" lon="12.53975">
        <ele>1795</ele>
        <time>2026-05-12T21:20:15+00:00</time>
      </trkpt>
      <trkpt lat="47.43279" lon="12.53982">
        <ele>1799</ele>
        <time>2026-05-12T21:20:18+00:00</time>
      </trkpt>
      <trkpt lat="47.43275" lon="12.53982">
        <ele>1799</ele>
        <time>2026-05-12T21:20:21+00:00</time>
      </trkpt>
      <trkpt lat="47.43273" lon="12.53983">
        <ele>1799</ele>
        <time>2026-05-12T21:20:24+00:00</time>
      </trkpt>
      <trkpt lat="47.43271" lon="12.53984">
        <ele>1799</ele>
        <time>2026-05-12T21:20:27+00:00</time>
      </trkpt>
      <trkpt lat="47.43267" lon="12.53998">
        <ele>1803</ele>
        <time>2026-05-12T21:20:30+00:00</time>
      </trkpt>
      <trkpt lat="47.43261" lon="12.54004">
        <ele>1803</ele>
        <time>2026-05-12T21:20:33+00:00</time>
      </trkpt>
      <trkpt lat="47.43259" lon="12.54003">
        <ele>1807</ele>
        <time>2026-05-12T21:20:36+00:00</time>
      </trkpt>
      <trkpt lat="47.43258" lon="12.53993">
        <ele>1808</ele>
        <time>2026-05-12T21:20:39+00:00</time>
      </trkpt>
      <trkpt lat="47.43256" lon="12.5399">
        <ele>1809</ele>
        <time>2026-05-12T21:20:42+00:00</time>
      </trkpt>
      <trkpt lat="47.4325" lon="12.53998">
        <ele>1813</ele>
        <time>2026-05-12T21:20:45+00:00</time>
      </trkpt>
      <trkpt lat="47.43243" lon="12.54002">
        <ele>1812</ele>
        <time>2026-05-12T21:20:48+00:00</time>
      </trkpt>
      <trkpt lat="47.4324" lon="12.54">
        <ele>1817</ele>
        <time>2026-05-12T21:20:51+00:00</time>
      </trkpt>
      <trkpt lat="47.43242" lon="12.53995">
        <ele>1813</ele>
        <time>2026-05-12T21:20:54+00:00</time>
      </trkpt>
      <trkpt lat="47.43243" lon="12.53986">
        <ele>1813</ele>
        <time>2026-05-12T21:20:57+00:00</time>
      </trkpt>
      <trkpt lat="47.43238" lon="12.53973">
        <ele>1819</ele>
        <time>2026-05-12T21:21:00+00:00</time>
      </trkpt>
      <trkpt lat="47.43227" lon="12.53952">
        <ele>1825</ele>
        <time>2026-05-12T21:21:03+00:00</time>
      </trkpt>
      <trkpt lat="47.43227" lon="12.53945">
        <ele>1827</ele>
        <time>2026-05-12T21:21:06+00:00</time>
      </trkpt>
      <trkpt lat="47.43225" lon="12.53944">
        <ele>1827</ele>
        <time>2026-05-12T21:21:09+00:00</time>
      </trkpt>
      <trkpt lat="47.43222" lon="12.53952">
        <ele>1825</ele>
        <time>2026-05-12T21:21:12+00:00</time>
      </trkpt>
      <trkpt lat="47.43219" lon="12.53965">
        <ele>1829</ele>
        <time>2026-05-12T21:21:15+00:00</time>
      </trkpt>
      <trkpt lat="47.4321" lon="12.53968">
        <ele>1829</ele>
        <time>2026-05-12T21:21:18+00:00</time>
      </trkpt>
      <trkpt lat="47.43208" lon="12.53968">
        <ele>1832</ele>
        <time>2026-05-12T21:21:21+00:00</time>
      </trkpt>
      <trkpt lat="47.43204" lon="12.53959">
        <ele>1833</ele>
        <time>2026-05-12T21:21:24+00:00</time>
      </trkpt>
      <trkpt lat="47.43197" lon="12.53952">
        <ele>1836</ele>
        <time>2026-05-12T21:21:27+00:00</time>
      </trkpt>
      <trkpt lat="47.43177" lon="12.53943">
        <ele>1844</ele>
        <time>2026-05-12T21:21:30+00:00</time>
      </trkpt>
      <trkpt lat="47.43167" lon="12.5394">
        <ele>1848</ele>
        <time>2026-05-12T21:21:33+00:00</time>
      </trkpt>
      <trkpt lat="47.43162" lon="12.53943">
        <ele>1847</ele>
        <time>2026-05-12T21:21:36+00:00</time>
      </trkpt>
      <trkpt lat="47.43163" lon="12.53931">
        <ele>1848</ele>
        <time>2026-05-12T21:21:39+00:00</time>
      </trkpt>
      <trkpt lat="47.43159" lon="12.53924">
        <ele>1853</ele>
        <time>2026-05-12T21:21:42+00:00</time>
      </trkpt>
      <trkpt lat="47.43157" lon="12.53915">
        <ele>1854</ele>
        <time>2026-05-12T21:21:45+00:00</time>
      </trkpt>
      <trkpt lat="47.43157" lon="12.53907">
        <ele>1856</ele>
        <time>2026-05-12T21:21:48+00:00</time>
      </trkpt>
      <trkpt lat="47.43156" lon="12.53901">
        <ele>1856</ele>
        <time>2026-05-12T21:21:51+00:00</time>
      </trkpt>
      <trkpt lat="47.43152" lon="12.53893">
        <ele>1857</ele>
        <time>2026-05-12T21:21:54+00:00</time>
      </trkpt>
      <trkpt lat="47.43154" lon="12.53875">
        <ele>1861</ele>
        <time>2026-05-12T21:21:57+00:00</time>
      </trkpt>
      <trkpt lat="47.43156" lon="12.53868">
        <ele>1863</ele>
        <time>2026-05-12T21:22:00+00:00</time>
      </trkpt>
      <trkpt lat="47.43149" lon="12.53858">
        <ele>1868</ele>
        <time>2026-05-12T21:22:03+00:00</time>
      </trkpt>
      <trkpt lat="47.43146" lon="12.53839">
        <ele>1872</ele>
        <time>2026-05-12T21:22:06+00:00</time>
      </trkpt>
      <trkpt lat="47.43148" lon="12.53826">
        <ele>1874</ele>
        <time>2026-05-12T21:22:09+00:00</time>
      </trkpt>
      <trkpt lat="47.43149" lon="12.53783">
        <ele>1886</ele>
        <time>2026-05-12T21:22:12+00:00</time>
      </trkpt>
      <trkpt lat="47.43147" lon="12.53769">
        <ele>1892</ele>
        <time>2026-05-12T21:22:15+00:00</time>
      </trkpt>
      <trkpt lat="47.43149" lon="12.53756">
        <ele>1895</ele>
        <time>2026-05-12T21:22:18+00:00</time>
      </trkpt>
      <trkpt lat="47.43153" lon="12.53743">
        <ele>1897</ele>
        <time>2026-05-12T21:22:21+00:00</time>
      </trkpt>
      <trkpt lat="47.43151" lon="12.53729">
        <ele>1905</ele>
        <time>2026-05-12T21:22:24+00:00</time>
      </trkpt>
      <trkpt lat="47.43151" lon="12.53716">
        <ele>1908</ele>
        <time>2026-05-12T21:22:27+00:00</time>
      </trkpt>
      <trkpt lat="47.43141" lon="12.53718">
        <ele>1909</ele>
        <time>2026-05-12T21:22:30+00:00</time>
      </trkpt>
      <trkpt lat="47.4314" lon="12.53715">
        <ele>1904</ele>
        <time>2026-05-12T21:22:33+00:00</time>
      </trkpt>
      <trkpt lat="47.43142" lon="12.53706">
        <ele>1912</ele>
        <time>2026-05-12T21:22:36+00:00</time>
      </trkpt>
      <trkpt lat="47.43141" lon="12.53703">
        <ele>1912</ele>
        <time>2026-05-12T21:22:39+00:00</time>
      </trkpt>
      <trkpt lat="47.43139" lon="12.53702">
        <ele>1908</ele>
        <time>2026-05-12T21:22:42+00:00</time>
      </trkpt>
      <trkpt lat="47.43134" lon="12.53687">
        <ele>1914</ele>
        <time>2026-05-12T21:22:45+00:00</time>
      </trkpt>
      <trkpt lat="47.43132" lon="12.53669">
        <ele>1921</ele>
        <time>2026-05-12T21:22:48+00:00</time>
      </trkpt>
      <trkpt lat="47.43127" lon="12.53654">
        <ele>1920</ele>
        <time>2026-05-12T21:22:51+00:00</time>
      </trkpt>
      <trkpt lat="47.43122" lon="12.53651">
        <ele>1920</ele>
        <time>2026-05-12T21:22:54+00:00</time>
      </trkpt>
      <trkpt lat="47.43121" lon="12.53649">
        <ele>1923</ele>
        <time>2026-05-12T21:22:57+00:00</time>
      </trkpt>
      <trkpt lat="47.4312" lon="12.53634">
        <ele>1926</ele>
        <time>2026-05-12T21:23:00+00:00</time>
      </trkpt>
      <trkpt lat="47.43122" lon="12.53625">
        <ele>1929</ele>
        <time>2026-05-12T21:23:03+00:00</time>
      </trkpt>
      <trkpt lat="47.43121" lon="12.53616">
        <ele>1933</ele>
        <time>2026-05-12T21:23:06+00:00</time>
      </trkpt>
      <trkpt lat="47.43122" lon="12.53611">
        <ele>1933</ele>
        <time>2026-05-12T21:23:09+00:00</time>
      </trkpt>
      <trkpt lat="47.43117" lon="12.53584">
        <ele>1938</ele>
        <time>2026-05-12T21:23:12+00:00</time>
      </trkpt>
      <trkpt lat="47.43119" lon="12.53582">
        <ele>1938</ele>
        <time>2026-05-12T21:23:15+00:00</time>
      </trkpt>
      <trkpt lat="47.43138" lon="12.53594">
        <ele>1944</ele>
        <time>2026-05-12T21:23:18+00:00</time>
      </trkpt>
      <trkpt lat="47.43149" lon="12.53604">
        <ele>1946</ele>
        <time>2026-05-12T21:23:21+00:00</time>
      </trkpt>
      <trkpt lat="47.43155" lon="12.53606">
        <ele>1946</ele>
        <time>2026-05-12T21:23:24+00:00</time>
      </trkpt>
      <trkpt lat="47.4315" lon="12.53596">
        <ele>1949</ele>
        <time>2026-05-12T21:23:27+00:00</time>
      </trkpt>
      <trkpt lat="47.43148" lon="12.5357">
        <ele>1949</ele>
        <time>2026-05-12T21:23:30+00:00</time>
      </trkpt>
      <trkpt lat="47.4315" lon="12.5357">
        <ele>1956</ele>
        <time>2026-05-12T21:23:33+00:00</time>
      </trkpt>
      <trkpt lat="47.43152" lon="12.53576">
        <ele>1956</ele>
        <time>2026-05-12T21:23:36+00:00</time>
      </trkpt>
      <trkpt lat="47.43158" lon="12.53584">
        <ele>1952</ele>
        <time>2026-05-12T21:23:39+00:00</time>
      </trkpt>
      <trkpt lat="47.43169" lon="12.53586">
        <ele>1946</ele>
        <time>2026-05-12T21:23:42+00:00</time>
      </trkpt>
      <trkpt lat="47.43171" lon="12.53588">
        <ele>1951</ele>
        <time>2026-05-12T21:23:45+00:00</time>
      </trkpt>
      <trkpt lat="47.43176" lon="12.53597">
        <ele>1947</ele>
        <time>2026-05-12T21:23:48+00:00</time>
      </trkpt>
      <trkpt lat="47.43184" lon="12.53601">
        <ele>1947</ele>
        <time>2026-05-12T21:23:51+00:00</time>
      </trkpt>
      <trkpt lat="47.43186" lon="12.53599">
        <ele>1947</ele>
        <time>2026-05-12T21:23:54+00:00</time>
      </trkpt>
      <trkpt lat="47.43186" lon="12.53596">
        <ele>1947</ele>
        <time>2026-05-12T21:23:57+00:00</time>
      </trkpt>
      <trkpt lat="47.43182" lon="12.53583">
        <ele>1950</ele>
        <time>2026-05-12T21:24:00+00:00</time>
      </trkpt>
      <trkpt lat="47.43185" lon="12.53582">
        <ele>1950</ele>
        <time>2026-05-12T21:24:03+00:00</time>
      </trkpt>
      <trkpt lat="47.43191" lon="12.53587">
        <ele>1949</ele>
        <time>2026-05-12T21:24:06+00:00</time>
      </trkpt>
      <trkpt lat="47.43194" lon="12.53586">
        <ele>1949</ele>
        <time>2026-05-12T21:24:09+00:00</time>
      </trkpt>
      <trkpt lat="47.43197" lon="12.53578">
        <ele>1952</ele>
        <time>2026-05-12T21:24:12+00:00</time>
      </trkpt>
      <trkpt lat="47.43197" lon="12.53571">
        <ele>1952</ele>
        <time>2026-05-12T21:24:15+00:00</time>
      </trkpt>
      <trkpt lat="47.432" lon="12.53565">
        <ele>1954</ele>
        <time>2026-05-12T21:24:18+00:00</time>
      </trkpt>
      <trkpt lat="47.432" lon="12.53562">
        <ele>1955</ele>
        <time>2026-05-12T21:24:21+00:00</time>
      </trkpt>
      <trkpt lat="47.43197" lon="12.53559">
        <ele>1958</ele>
        <time>2026-05-12T21:24:24+00:00</time>
      </trkpt>
      <trkpt lat="47.43194" lon="12.53546">
        <ele>1962</ele>
        <time>2026-05-12T21:24:27+00:00</time>
      </trkpt>
      <trkpt lat="47.432" lon="12.53534">
        <ele>1965</ele>
        <time>2026-05-12T21:24:30+00:00</time>
      </trkpt>
      <trkpt lat="47.43206" lon="12.53525">
        <ele>1967</ele>
        <time>2026-05-12T21:24:33+00:00</time>
      </trkpt>
      <trkpt lat="47.43199" lon="12.53505">
        <ele>1974</ele>
        <time>2026-05-12T21:24:36+00:00</time>
      </trkpt>
      <trkpt lat="47.432" lon="12.53503">
        <ele>1972</ele>
        <time>2026-05-12T21:24:39+00:00</time>
      </trkpt>
      <trkpt lat="47.43199" lon="12.535">
        <ele>1977</ele>
        <time>2026-05-12T21:24:42+00:00</time>
      </trkpt>
      <trkpt lat="47.43201" lon="12.53498">
        <ele>1975</ele>
        <time>2026-05-12T21:24:45+00:00</time>
      </trkpt>
      <trkpt lat="47.43198" lon="12.53477">
        <ele>1983</ele>
        <time>2026-05-12T21:24:48+00:00</time>
      </trkpt>
      <trkpt lat="47.43195" lon="12.53467">
        <ele>1986</ele>
        <time>2026-05-12T21:24:51+00:00</time>
      </trkpt>
      <trkpt lat="47.43197" lon="12.53466">
        <ele>1986</ele>
        <time>2026-05-12T21:24:54+00:00</time>
      </trkpt>
      <trkpt lat="47.43195" lon="12.53457">
        <ele>1990</ele>
        <time>2026-05-12T21:24:57+00:00</time>
      </trkpt>
      <trkpt lat="47.43196" lon="12.53445">
        <ele>1993</ele>
        <time>2026-05-12T21:25:00+00:00</time>
      </trkpt>
      <trkpt lat="47.43195" lon="12.53436">
        <ele>1996</ele>
        <time>2026-05-12T21:25:03+00:00</time>
      </trkpt>
      <trkpt lat="47.43191" lon="12.53434">
        <ele>1996</ele>
        <time>2026-05-12T21:25:06+00:00</time>
      </trkpt>
      <trkpt lat="47.43188" lon="12.53435">
        <ele>1998</ele>
        <time>2026-05-12T21:25:09+00:00</time>
      </trkpt>
      <trkpt lat="47.43187" lon="12.53446">
        <ele>1995</ele>
        <time>2026-05-12T21:25:12+00:00</time>
      </trkpt>
      <trkpt lat="47.43186" lon="12.53447">
        <ele>1995</ele>
        <time>2026-05-12T21:25:15+00:00</time>
      </trkpt>
      <trkpt lat="47.43184" lon="12.53445">
        <ele>1995</ele>
        <time>2026-05-12T21:25:18+00:00</time>
      </trkpt>
      <trkpt lat="47.43186" lon="12.53439">
        <ele>1998</ele>
        <time>2026-05-12T21:25:21+00:00</time>
      </trkpt>
      <trkpt lat="47.43184" lon="12.53424">
        <ele>2002</ele>
        <time>2026-05-12T21:25:24+00:00</time>
      </trkpt>
      <trkpt lat="47.43187" lon="12.53412">
        <ele>2005</ele>
        <time>2026-05-12T21:25:27+00:00</time>
      </trkpt>
      <trkpt lat="47.43185" lon="12.53404">
        <ele>2009</ele>
        <time>2026-05-12T21:25:30+00:00</time>
      </trkpt>
      <trkpt lat="47.43187" lon="12.53403">
        <ele>2009</ele>
        <time>2026-05-12T21:25:33+00:00</time>
      </trkpt>
      <trkpt lat="47.43189" lon="12.53394">
        <ele>2013</ele>
        <time>2026-05-12T21:25:36+00:00</time>
      </trkpt>
      <trkpt lat="47.43188" lon="12.53382">
        <ele>2017</ele>
        <time>2026-05-12T21:25:39+00:00</time>
      </trkpt>
      <trkpt lat="47.43192" lon="12.53375">
        <ele>2018</ele>
        <time>2026-05-12T21:25:42+00:00</time>
      </trkpt>
      <trkpt lat="47.43196" lon="12.53356">
        <ele>2026</ele>
        <time>2026-05-12T21:25:45+00:00</time>
      </trkpt>
      <trkpt lat="47.43199" lon="12.53349">
        <ele>2030</ele>
        <time>2026-05-12T21:25:48+00:00</time>
      </trkpt>
      <trkpt lat="47.43195" lon="12.53347">
        <ele>2030</ele>
        <time>2026-05-12T21:25:51+00:00</time>
      </trkpt>
      <trkpt lat="47.43193" lon="12.53335">
        <ele>2034</ele>
        <time>2026-05-12T21:25:54+00:00</time>
      </trkpt>
      <trkpt lat="47.43196" lon="12.53317">
        <ele>2041</ele>
        <time>2026-05-12T21:25:57+00:00</time>
      </trkpt>
      <trkpt lat="47.43194" lon="12.53317">
        <ele>2041</ele>
        <time>2026-05-12T21:26:00+00:00</time>
      </trkpt>
      <trkpt lat="47.43193" lon="12.53314">
        <ele>2041</ele>
        <time>2026-05-12T21:26:03+00:00</time>
      </trkpt>
      <trkpt lat="47.43195" lon="12.53305">
        <ele>2045</ele>
        <time>2026-05-12T21:26:06+00:00</time>
      </trkpt>
      <trkpt lat="47.43193" lon="12.53305">
        <ele>2045</ele>
        <time>2026-05-12T21:26:09+00:00</time>
      </trkpt>
      <trkpt lat="47.43189" lon="12.53297">
        <ele>2051</ele>
        <time>2026-05-12T21:26:12+00:00</time>
      </trkpt>
      <trkpt lat="47.43186" lon="12.53301">
        <ele>2048</ele>
        <time>2026-05-12T21:26:15+00:00</time>
      </trkpt>
      <trkpt lat="47.43184" lon="12.53301">
        <ele>2048</ele>
        <time>2026-05-12T21:26:18+00:00</time>
      </trkpt>
      <trkpt lat="47.43183" lon="12.53298">
        <ele>2051</ele>
        <time>2026-05-12T21:26:21+00:00</time>
      </trkpt>
      <trkpt lat="47.43184" lon="12.53295">
        <ele>2051</ele>
        <time>2026-05-12T21:26:24+00:00</time>
      </trkpt>
      <trkpt lat="47.43188" lon="12.53288">
        <ele>2055</ele>
        <time>2026-05-12T21:26:27+00:00</time>
      </trkpt>
      <trkpt lat="47.4319" lon="12.53276">
        <ele>2059</ele>
        <time>2026-05-12T21:26:30+00:00</time>
      </trkpt>
      <trkpt lat="47.43187" lon="12.53264">
        <ele>2062</ele>
        <time>2026-05-12T21:26:33+00:00</time>
      </trkpt>
      <trkpt lat="47.43188" lon="12.5325">
        <ele>2067</ele>
        <time>2026-05-12T21:26:36+00:00</time>
      </trkpt>
      <trkpt lat="47.43186" lon="12.53244">
        <ele>2067</ele>
        <time>2026-05-12T21:26:39+00:00</time>
      </trkpt>
      <trkpt lat="47.4319" lon="12.5323">
        <ele>2070</ele>
        <time>2026-05-12T21:26:42+00:00</time>
      </trkpt>
      <trkpt lat="47.43187" lon="12.53223">
        <ele>2073</ele>
        <time>2026-05-12T21:26:45+00:00</time>
      </trkpt>
      <trkpt lat="47.43182" lon="12.53198">
        <ele>2079</ele>
        <time>2026-05-12T21:26:48+00:00</time>
      </trkpt>
      <trkpt lat="47.43179" lon="12.53194">
        <ele>2082</ele>
        <time>2026-05-12T21:26:51+00:00</time>
      </trkpt>
      <trkpt lat="47.43184" lon="12.53185">
        <ele>2079</ele>
        <time>2026-05-12T21:26:54+00:00</time>
      </trkpt>
      <trkpt lat="47.43185" lon="12.53173">
        <ele>2080</ele>
        <time>2026-05-12T21:26:57+00:00</time>
      </trkpt>
      <trkpt lat="47.43182" lon="12.53167">
        <ele>2080</ele>
        <time>2026-05-12T21:27:00+00:00</time>
      </trkpt>
      <trkpt lat="47.43183" lon="12.53161">
        <ele>2080</ele>
        <time>2026-05-12T21:27:03+00:00</time>
      </trkpt>
      <trkpt lat="47.4318" lon="12.53156">
        <ele>2080</ele>
        <time>2026-05-12T21:27:06+00:00</time>
      </trkpt>
      <trkpt lat="47.43175" lon="12.53154">
        <ele>2082</ele>
        <time>2026-05-12T21:27:09+00:00</time>
      </trkpt>
      <trkpt lat="47.43174" lon="12.53149">
        <ele>2082</ele>
        <time>2026-05-12T21:27:12+00:00</time>
      </trkpt>
      <trkpt lat="47.43173" lon="12.53138">
        <ele>2082</ele>
        <time>2026-05-12T21:27:15+00:00</time>
      </trkpt>
      <trkpt lat="47.4317" lon="12.53143">
        <ele>2084</ele>
        <time>2026-05-12T21:27:18+00:00</time>
      </trkpt>
      <trkpt lat="47.43167" lon="12.53144">
        <ele>2084</ele>
        <time>2026-05-12T21:27:21+00:00</time>
      </trkpt>
      <trkpt lat="47.43162" lon="12.53135">
        <ele>2079</ele>
        <time>2026-05-12T21:27:24+00:00</time>
      </trkpt>
      <trkpt lat="47.4316" lon="12.53134">
        <ele>2085</ele>
        <time>2026-05-12T21:27:27+00:00</time>
      </trkpt>
      <trkpt lat="47.43158" lon="12.53136">
        <ele>2085</ele>
        <time>2026-05-12T21:27:30+00:00</time>
      </trkpt>
      <trkpt lat="47.43158" lon="12.53139">
        <ele>2085</ele>
        <time>2026-05-12T21:27:33+00:00</time>
      </trkpt>
      <trkpt lat="47.43156" lon="12.53138">
        <ele>2085</ele>
        <time>2026-05-12T21:27:36+00:00</time>
      </trkpt>
      <trkpt lat="47.43154" lon="12.53131">
        <ele>2085</ele>
        <time>2026-05-12T21:27:39+00:00</time>
      </trkpt>
      <trkpt lat="47.43143" lon="12.53108">
        <ele>2076</ele>
        <time>2026-05-12T21:27:42+00:00</time>
      </trkpt>
      <trkpt lat="47.43138" lon="12.53101">
        <ele>2074</ele>
        <time>2026-05-12T21:27:45+00:00</time>
      </trkpt>
      <trkpt lat="47.43118" lon="12.53094">
        <ele>2068</ele>
        <time>2026-05-12T21:27:48+00:00</time>
      </trkpt>
      <trkpt lat="47.43113" lon="12.53095">
        <ele>2068</ele>
        <time>2026-05-12T21:27:51+00:00</time>
      </trkpt>
      <trkpt lat="47.431" lon="12.53086">
        <ele>2065</ele>
        <time>2026-05-12T21:27:54+00:00</time>
      </trkpt>
      <trkpt lat="47.43086" lon="12.53089">
        <ele>2060</ele>
        <time>2026-05-12T21:27:57+00:00</time>
      </trkpt>
      <trkpt lat="47.43079" lon="12.53096">
        <ele>2066</ele>
        <time>2026-05-12T21:28:00+00:00</time>
      </trkpt>
      <trkpt lat="47.43079" lon="12.53099">
        <ele>2062</ele>
        <time>2026-05-12T21:28:03+00:00</time>
      </trkpt>
      <trkpt lat="47.43074" lon="12.531">
        <ele>2064</ele>
        <time>2026-05-12T21:28:06+00:00</time>
      </trkpt>
      <trkpt lat="47.4305" lon="12.53117">
        <ele>2067</ele>
        <time>2026-05-12T21:28:09+00:00</time>
      </trkpt>
      <trkpt lat="47.43041" lon="12.53121">
        <ele>2070</ele>
        <time>2026-05-12T21:28:12+00:00</time>
      </trkpt>
      <trkpt lat="47.43034" lon="12.53121">
        <ele>2069</ele>
        <time>2026-05-12T21:28:15+00:00</time>
      </trkpt>
      <trkpt lat="47.43009" lon="12.53137">
        <ele>2067</ele>
        <time>2026-05-12T21:28:18+00:00</time>
      </trkpt>
      <trkpt lat="47.42998" lon="12.53136">
        <ele>2070</ele>
        <time>2026-05-12T21:28:21+00:00</time>
      </trkpt>
      <trkpt lat="47.42984" lon="12.5314">
        <ele>2067</ele>
        <time>2026-05-12T21:28:24+00:00</time>
      </trkpt>
      <trkpt lat="47.42974" lon="12.53146">
        <ele>2067</ele>
        <time>2026-05-12T21:28:27+00:00</time>
      </trkpt>
      <trkpt lat="47.42967" lon="12.53153">
        <ele>2064</ele>
        <time>2026-05-12T21:28:30+00:00</time>
      </trkpt>
      <trkpt lat="47.42964" lon="12.53152">
        <ele>2064</ele>
        <time>2026-05-12T21:28:33+00:00</time>
      </trkpt>
      <trkpt lat="47.42953" lon="12.53155">
        <ele>2064</ele>
        <time>2026-05-12T21:28:36+00:00</time>
      </trkpt>
      <trkpt lat="47.42945" lon="12.53163">
        <ele>2060</ele>
        <time>2026-05-12T21:28:39+00:00</time>
      </trkpt>
      <trkpt lat="47.42939" lon="12.53171">
        <ele>2057</ele>
        <time>2026-05-12T21:28:42+00:00</time>
      </trkpt>
      <trkpt lat="47.42925" lon="12.53175">
        <ele>2061</ele>
        <time>2026-05-12T21:28:45+00:00</time>
      </trkpt>
      <trkpt lat="47.42916" lon="12.53174">
        <ele>2059</ele>
        <time>2026-05-12T21:28:48+00:00</time>
      </trkpt>
      <trkpt lat="47.42912" lon="12.53176">
        <ele>2059</ele>
        <time>2026-05-12T21:28:51+00:00</time>
      </trkpt>
      <trkpt lat="47.42894" lon="12.53173">
        <ele>2061</ele>
        <time>2026-05-12T21:28:54+00:00</time>
      </trkpt>
      <trkpt lat="47.42894" lon="12.53176">
        <ele>2062</ele>
        <time>2026-05-12T21:28:57+00:00</time>
      </trkpt>
      <trkpt lat="47.42892" lon="12.53178">
        <ele>2062</ele>
        <time>2026-05-12T21:29:00+00:00</time>
      </trkpt>
      <trkpt lat="47.42885" lon="12.53178">
        <ele>2063</ele>
        <time>2026-05-12T21:29:03+00:00</time>
      </trkpt>
      <trkpt lat="47.42873" lon="12.53186">
        <ele>2061</ele>
        <time>2026-05-12T21:29:06+00:00</time>
      </trkpt>
      <trkpt lat="47.42865" lon="12.53196">
        <ele>2059</ele>
        <time>2026-05-12T21:29:09+00:00</time>
      </trkpt>
      <trkpt lat="47.42857" lon="12.53201">
        <ele>2055</ele>
        <time>2026-05-12T21:29:12+00:00</time>
      </trkpt>
      <trkpt lat="47.4284" lon="12.53252">
        <ele>2033</ele>
        <time>2026-05-12T21:29:15+00:00</time>
      </trkpt>
      <trkpt lat="47.42838" lon="12.53265">
        <ele>2029</ele>
        <time>2026-05-12T21:29:18+00:00</time>
      </trkpt>
      <trkpt lat="47.42832" lon="12.53277">
        <ele>2025</ele>
        <time>2026-05-12T21:29:21+00:00</time>
      </trkpt>
      <trkpt lat="47.42828" lon="12.53294">
        <ele>2021</ele>
        <time>2026-05-12T21:29:24+00:00</time>
      </trkpt>
      <trkpt lat="47.42824" lon="12.53297">
        <ele>2021</ele>
        <time>2026-05-12T21:29:27+00:00</time>
      </trkpt>
      <trkpt lat="47.42823" lon="12.53306">
        <ele>2022</ele>
        <time>2026-05-12T21:29:30+00:00</time>
      </trkpt>
      <trkpt lat="47.42816" lon="12.53317">
        <ele>2018</ele>
        <time>2026-05-12T21:29:33+00:00</time>
      </trkpt>
      <trkpt lat="47.42813" lon="12.53318">
        <ele>2018</ele>
        <time>2026-05-12T21:29:36+00:00</time>
      </trkpt>
      <trkpt lat="47.42809" lon="12.53328">
        <ele>2019</ele>
        <time>2026-05-12T21:29:39+00:00</time>
      </trkpt>
      <trkpt lat="47.42806" lon="12.53332">
        <ele>2016</ele>
        <time>2026-05-12T21:29:42+00:00</time>
      </trkpt>
      <trkpt lat="47.42808" lon="12.53379">
        <ele>2006</ele>
        <time>2026-05-12T21:29:45+00:00</time>
      </trkpt>
      <trkpt lat="47.42815" lon="12.53404">
        <ele>1996</ele>
        <time>2026-05-12T21:29:48+00:00</time>
      </trkpt>
      <trkpt lat="47.42817" lon="12.53405">
        <ele>1996</ele>
        <time>2026-05-12T21:29:51+00:00</time>
      </trkpt>
      <trkpt lat="47.42814" lon="12.53413">
        <ele>1993</ele>
        <time>2026-05-12T21:29:54+00:00</time>
      </trkpt>
      <trkpt lat="47.42813" lon="12.53423">
        <ele>1990</ele>
        <time>2026-05-12T21:29:57+00:00</time>
      </trkpt>
      <trkpt lat="47.42809" lon="12.53436">
        <ele>1991</ele>
        <time>2026-05-12T21:30:00+00:00</time>
      </trkpt>
      <trkpt lat="47.42804" lon="12.53443">
        <ele>1988</ele>
        <time>2026-05-12T21:30:03+00:00</time>
      </trkpt>
      <trkpt lat="47.42799" lon="12.53457">
        <ele>1988</ele>
        <time>2026-05-12T21:30:06+00:00</time>
      </trkpt>
      <trkpt lat="47.42797" lon="12.53474">
        <ele>1982</ele>
        <time>2026-05-12T21:30:09+00:00</time>
      </trkpt>
      <trkpt lat="47.42798" lon="12.53492">
        <ele>1976</ele>
        <time>2026-05-12T21:30:12+00:00</time>
      </trkpt>
      <trkpt lat="47.42803" lon="12.53502">
        <ele>1971</ele>
        <time>2026-05-12T21:30:15+00:00</time>
      </trkpt>
      <trkpt lat="47.42808" lon="12.5351">
        <ele>1971</ele>
        <time>2026-05-12T21:30:18+00:00</time>
      </trkpt>
      <trkpt lat="47.42811" lon="12.53528">
        <ele>1961</ele>
        <time>2026-05-12T21:30:21+00:00</time>
      </trkpt>
      <trkpt lat="47.42803" lon="12.53563">
        <ele>1952</ele>
        <time>2026-05-12T21:30:24+00:00</time>
      </trkpt>
      <trkpt lat="47.42796" lon="12.53572">
        <ele>1950</ele>
        <time>2026-05-12T21:30:27+00:00</time>
      </trkpt>
      <trkpt lat="47.42794" lon="12.53583">
        <ele>1947</ele>
        <time>2026-05-12T21:30:30+00:00</time>
      </trkpt>
      <trkpt lat="47.42791" lon="12.53589">
        <ele>1947</ele>
        <time>2026-05-12T21:30:33+00:00</time>
      </trkpt>
      <trkpt lat="47.42794" lon="12.53593">
        <ele>1944</ele>
        <time>2026-05-12T21:30:36+00:00</time>
      </trkpt>
      <trkpt lat="47.42791" lon="12.53607">
        <ele>1941</ele>
        <time>2026-05-12T21:30:39+00:00</time>
      </trkpt>
      <trkpt lat="47.42791" lon="12.53604">
        <ele>1941</ele>
        <time>2026-05-12T21:30:42+00:00</time>
      </trkpt>
      <trkpt lat="47.42792" lon="12.53609">
        <ele>1941</ele>
        <time>2026-05-12T21:30:45+00:00</time>
      </trkpt>
      <trkpt lat="47.42789" lon="12.53619">
        <ele>1938</ele>
        <time>2026-05-12T21:30:48+00:00</time>
      </trkpt>
      <trkpt lat="47.4279" lon="12.53624">
        <ele>1936</ele>
        <time>2026-05-12T21:30:51+00:00</time>
      </trkpt>
      <trkpt lat="47.42792" lon="12.53648">
        <ele>1932</ele>
        <time>2026-05-12T21:30:54+00:00</time>
      </trkpt>
      <trkpt lat="47.42797" lon="12.53663">
        <ele>1928</ele>
        <time>2026-05-12T21:30:57+00:00</time>
      </trkpt>
      <trkpt lat="47.42796" lon="12.53676">
        <ele>1926</ele>
        <time>2026-05-12T21:31:00+00:00</time>
      </trkpt>
      <trkpt lat="47.42802" lon="12.53695">
        <ele>1924</ele>
        <time>2026-05-12T21:31:03+00:00</time>
      </trkpt>
      <trkpt lat="47.42804" lon="12.53719">
        <ele>1922</ele>
        <time>2026-05-12T21:31:06+00:00</time>
      </trkpt>
      <trkpt lat="47.42809" lon="12.53738">
        <ele>1919</ele>
        <time>2026-05-12T21:31:09+00:00</time>
      </trkpt>
      <trkpt lat="47.42817" lon="12.53754">
        <ele>1916</ele>
        <time>2026-05-12T21:31:12+00:00</time>
      </trkpt>
      <trkpt lat="47.4282" lon="12.53791">
        <ele>1913</ele>
        <time>2026-05-12T21:31:15+00:00</time>
      </trkpt>
      <trkpt lat="47.42828" lon="12.53804">
        <ele>1911</ele>
        <time>2026-05-12T21:31:18+00:00</time>
      </trkpt>
      <trkpt lat="47.42832" lon="12.53808">
        <ele>1911</ele>
        <time>2026-05-12T21:31:21+00:00</time>
      </trkpt>
      <trkpt lat="47.42832" lon="12.53812">
        <ele>1910</ele>
        <time>2026-05-12T21:31:24+00:00</time>
      </trkpt>
      <trkpt lat="47.42832" lon="12.53831">
        <ele>1910</ele>
        <time>2026-05-12T21:31:27+00:00</time>
      </trkpt>
      <trkpt lat="47.42825" lon="12.53846">
        <ele>1910</ele>
        <time>2026-05-12T21:31:30+00:00</time>
      </trkpt>
      <trkpt lat="47.42833" lon="12.53872">
        <ele>1910</ele>
        <time>2026-05-12T21:31:33+00:00</time>
      </trkpt>
      <trkpt lat="47.42831" lon="12.53884">
        <ele>1910</ele>
        <time>2026-05-12T21:31:36+00:00</time>
      </trkpt>
      <trkpt lat="47.42836" lon="12.53902">
        <ele>1911</ele>
        <time>2026-05-12T21:31:39+00:00</time>
      </trkpt>
      <trkpt lat="47.4284" lon="12.53909">
        <ele>1910</ele>
        <time>2026-05-12T21:31:42+00:00</time>
      </trkpt>
      <trkpt lat="47.42842" lon="12.53928">
        <ele>1911</ele>
        <time>2026-05-12T21:31:45+00:00</time>
      </trkpt>
      <trkpt lat="47.42852" lon="12.53968">
        <ele>1914</ele>
        <time>2026-05-12T21:31:48+00:00</time>
      </trkpt>
      <trkpt lat="47.4287" lon="12.54021">
        <ele>1921</ele>
        <time>2026-05-12T21:31:51+00:00</time>
      </trkpt>
      <trkpt lat="47.42868" lon="12.54033">
        <ele>1923</ele>
        <time>2026-05-12T21:31:54+00:00</time>
      </trkpt>
      <trkpt lat="47.42862" lon="12.54046">
        <ele>1926</ele>
        <time>2026-05-12T21:31:57+00:00</time>
      </trkpt>
      <trkpt lat="47.42858" lon="12.54051">
        <ele>1929</ele>
        <time>2026-05-12T21:32:00+00:00</time>
      </trkpt>
      <trkpt lat="47.42854" lon="12.54053">
        <ele>1929</ele>
        <time>2026-05-12T21:32:03+00:00</time>
      </trkpt>
      <trkpt lat="47.42845" lon="12.54049">
        <ele>1927</ele>
        <time>2026-05-12T21:32:06+00:00</time>
      </trkpt>
      <trkpt lat="47.42837" lon="12.54054">
        <ele>1930</ele>
        <time>2026-05-12T21:32:09+00:00</time>
      </trkpt>
      <trkpt lat="47.42825" lon="12.54065">
        <ele>1933</ele>
        <time>2026-05-12T21:32:12+00:00</time>
      </trkpt>
      <trkpt lat="47.42813" lon="12.54066">
        <ele>1934</ele>
        <time>2026-05-12T21:32:15+00:00</time>
      </trkpt>
      <trkpt lat="47.42807" lon="12.54069">
        <ele>1934</ele>
        <time>2026-05-12T21:32:18+00:00</time>
      </trkpt>
      <trkpt lat="47.42798" lon="12.5408">
        <ele>1936</ele>
        <time>2026-05-12T21:32:21+00:00</time>
      </trkpt>
      <trkpt lat="47.42792" lon="12.54085">
        <ele>1936</ele>
        <time>2026-05-12T21:32:24+00:00</time>
      </trkpt>
      <trkpt lat="47.42792" lon="12.54095">
        <ele>1939</ele>
        <time>2026-05-12T21:32:27+00:00</time>
      </trkpt>
      <trkpt lat="47.4279" lon="12.54099">
        <ele>1936</ele>
        <time>2026-05-12T21:32:30+00:00</time>
      </trkpt>
      <trkpt lat="47.42784" lon="12.54106">
        <ele>1939</ele>
        <time>2026-05-12T21:32:33+00:00</time>
      </trkpt>
      <trkpt lat="47.42778" lon="12.54124">
        <ele>1942</ele>
        <time>2026-05-12T21:32:36+00:00</time>
      </trkpt>
      <trkpt lat="47.4277" lon="12.54136">
        <ele>1945</ele>
        <time>2026-05-12T21:32:39+00:00</time>
      </trkpt>
      <trkpt lat="47.42761" lon="12.54145">
        <ele>1945</ele>
        <time>2026-05-12T21:32:42+00:00</time>
      </trkpt>
      <trkpt lat="47.42745" lon="12.5418">
        <ele>1952</ele>
        <time>2026-05-12T21:32:45+00:00</time>
      </trkpt>
      <trkpt lat="47.42739" lon="12.54193">
        <ele>1952</ele>
        <time>2026-05-12T21:32:48+00:00</time>
      </trkpt>
      <trkpt lat="47.42737" lon="12.54198">
        <ele>1952</ele>
        <time>2026-05-12T21:32:51+00:00</time>
      </trkpt>
      <trkpt lat="47.42733" lon="12.54208">
        <ele>1956</ele>
        <time>2026-05-12T21:32:54+00:00</time>
      </trkpt>
      <trkpt lat="47.4273" lon="12.54229">
        <ele>1957</ele>
        <time>2026-05-12T21:32:57+00:00</time>
      </trkpt>
      <trkpt lat="47.4272" lon="12.54266">
        <ele>1963</ele>
        <time>2026-05-12T21:33:00+00:00</time>
      </trkpt>
      <trkpt lat="47.42706" lon="12.54296">
        <ele>1966</ele>
        <time>2026-05-12T21:33:03+00:00</time>
      </trkpt>
      <trkpt lat="47.42696" lon="12.54341">
        <ele>1974</ele>
        <time>2026-05-12T21:33:06+00:00</time>
      </trkpt>
      <trkpt lat="47.42689" lon="12.54351">
        <ele>1970</ele>
        <time>2026-05-12T21:33:09+00:00</time>
      </trkpt>
      <trkpt lat="47.42684" lon="12.54375">
        <ele>1976</ele>
        <time>2026-05-12T21:33:12+00:00</time>
      </trkpt>
      <trkpt lat="47.42676" lon="12.54395">
        <ele>1974</ele>
        <time>2026-05-12T21:33:15+00:00</time>
      </trkpt>
      <trkpt lat="47.42679" lon="12.54407">
        <ele>1976</ele>
        <time>2026-05-12T21:33:18+00:00</time>
      </trkpt>
      <trkpt lat="47.42677" lon="12.54413">
        <ele>1978</ele>
        <time>2026-05-12T21:33:21+00:00</time>
      </trkpt>
      <trkpt lat="47.42675" lon="12.54425">
        <ele>1980</ele>
        <time>2026-05-12T21:33:24+00:00</time>
      </trkpt>
      <trkpt lat="47.42676" lon="12.54432">
        <ele>1983</ele>
        <time>2026-05-12T21:33:27+00:00</time>
      </trkpt>
      <trkpt lat="47.42673" lon="12.54443">
        <ele>1977</ele>
        <time>2026-05-12T21:33:30+00:00</time>
      </trkpt>
      <trkpt lat="47.42664" lon="12.54454">
        <ele>1980</ele>
        <time>2026-05-12T21:33:33+00:00</time>
      </trkpt>
      <trkpt lat="47.42659" lon="12.54462">
        <ele>1976</ele>
        <time>2026-05-12T21:33:36+00:00</time>
      </trkpt>
      <trkpt lat="47.42648" lon="12.54474">
        <ele>1976</ele>
        <time>2026-05-12T21:33:39+00:00</time>
      </trkpt>
      <trkpt lat="47.42633" lon="12.54483">
        <ele>1981</ele>
        <time>2026-05-12T21:33:42+00:00</time>
      </trkpt>
      <trkpt lat="47.4263" lon="12.54487">
        <ele>1975</ele>
        <time>2026-05-12T21:33:45+00:00</time>
      </trkpt>
      <trkpt lat="47.42631" lon="12.5449">
        <ele>1975</ele>
        <time>2026-05-12T21:33:48+00:00</time>
      </trkpt>
      <trkpt lat="47.42642" lon="12.54494">
        <ele>1981</ele>
        <time>2026-05-12T21:33:51+00:00</time>
      </trkpt>
      <trkpt lat="47.42652" lon="12.54504">
        <ele>1986</ele>
        <time>2026-05-12T21:33:54+00:00</time>
      </trkpt>
      <trkpt lat="47.42664" lon="12.54508">
        <ele>1988</ele>
        <time>2026-05-12T21:33:57+00:00</time>
      </trkpt>
      <trkpt lat="47.42681" lon="12.5452">
        <ele>1991</ele>
        <time>2026-05-12T21:34:00+00:00</time>
      </trkpt>
      <trkpt lat="47.42699" lon="12.54533">
        <ele>1991</ele>
        <time>2026-05-12T21:34:03+00:00</time>
      </trkpt>
      <trkpt lat="47.4271" lon="12.54535">
        <ele>1994</ele>
        <time>2026-05-12T21:34:06+00:00</time>
      </trkpt>
      <trkpt lat="47.42713" lon="12.54534">
        <ele>1997</ele>
        <time>2026-05-12T21:34:09+00:00</time>
      </trkpt>
      <trkpt lat="47.42717" lon="12.5453">
        <ele>1997</ele>
        <time>2026-05-12T21:34:12+00:00</time>
      </trkpt>
      <trkpt lat="47.4272" lon="12.5453">
        <ele>1997</ele>
        <time>2026-05-12T21:34:15+00:00</time>
      </trkpt>
      <trkpt lat="47.42728" lon="12.54537">
        <ele>1999</ele>
        <time>2026-05-12T21:34:18+00:00</time>
      </trkpt>
      <trkpt lat="47.42745" lon="12.54541">
        <ele>1999</ele>
        <time>2026-05-12T21:34:21+00:00</time>
      </trkpt>
      <trkpt lat="47.4275" lon="12.54546">
        <ele>2007</ele>
        <time>2026-05-12T21:34:24+00:00</time>
      </trkpt>
      <trkpt lat="47.42755" lon="12.54558">
        <ele>2004</ele>
        <time>2026-05-12T21:34:27+00:00</time>
      </trkpt>
      <trkpt lat="47.42759" lon="12.54569">
        <ele>1997</ele>
        <time>2026-05-12T21:34:30+00:00</time>
      </trkpt>
      <trkpt lat="47.42758" lon="12.54581">
        <ele>1995</ele>
        <time>2026-05-12T21:34:33+00:00</time>
      </trkpt>
      <trkpt lat="47.42762" lon="12.54582">
        <ele>2000</ele>
        <time>2026-05-12T21:34:36+00:00</time>
      </trkpt>
      <trkpt lat="47.42766" lon="12.54586">
        <ele>2000</ele>
        <time>2026-05-12T21:34:39+00:00</time>
      </trkpt>
      <trkpt lat="47.42773" lon="12.5461">
        <ele>1996</ele>
        <time>2026-05-12T21:34:42+00:00</time>
      </trkpt>
      <trkpt lat="47.42775" lon="12.54625">
        <ele>1994</ele>
        <time>2026-05-12T21:34:45+00:00</time>
      </trkpt>
      <trkpt lat="47.42773" lon="12.54635">
        <ele>1991</ele>
        <time>2026-05-12T21:34:48+00:00</time>
      </trkpt>
      <trkpt lat="47.42776" lon="12.54657">
        <ele>1987</ele>
        <time>2026-05-12T21:34:51+00:00</time>
      </trkpt>
      <trkpt lat="47.42775" lon="12.54677">
        <ele>1983</ele>
        <time>2026-05-12T21:34:54+00:00</time>
      </trkpt>
      <trkpt lat="47.42777" lon="12.54687">
        <ele>1981</ele>
        <time>2026-05-12T21:34:57+00:00</time>
      </trkpt>
      <trkpt lat="47.42775" lon="12.54707">
        <ele>1976</ele>
        <time>2026-05-12T21:35:00+00:00</time>
      </trkpt>
      <trkpt lat="47.42777" lon="12.54716">
        <ele>1974</ele>
        <time>2026-05-12T21:35:03+00:00</time>
      </trkpt>
      <trkpt lat="47.42773" lon="12.54724">
        <ele>1972</ele>
        <time>2026-05-12T21:35:06+00:00</time>
      </trkpt>
      <trkpt lat="47.42769" lon="12.54724">
        <ele>1967</ele>
        <time>2026-05-12T21:35:09+00:00</time>
      </trkpt>
      <trkpt lat="47.42767" lon="12.54726">
        <ele>1967</ele>
        <time>2026-05-12T21:35:12+00:00</time>
      </trkpt>
      <trkpt lat="47.42765" lon="12.54741">
        <ele>1963</ele>
        <time>2026-05-12T21:35:15+00:00</time>
      </trkpt>
      <trkpt lat="47.42762" lon="12.54742">
        <ele>1963</ele>
        <time>2026-05-12T21:35:18+00:00</time>
      </trkpt>
      <trkpt lat="47.42758" lon="12.5474">
        <ele>1961</ele>
        <time>2026-05-12T21:35:21+00:00</time>
      </trkpt>
      <trkpt lat="47.42756" lon="12.54746">
        <ele>1958</ele>
        <time>2026-05-12T21:35:24+00:00</time>
      </trkpt>
      <trkpt lat="47.42751" lon="12.54753">
        <ele>1956</ele>
        <time>2026-05-12T21:35:27+00:00</time>
      </trkpt>
      <trkpt lat="47.42744" lon="12.54783">
        <ele>1944</ele>
        <time>2026-05-12T21:35:30+00:00</time>
      </trkpt>
      <trkpt lat="47.42742" lon="12.54784">
        <ele>1944</ele>
        <time>2026-05-12T21:35:33+00:00</time>
      </trkpt>
      <trkpt lat="47.4274" lon="12.54779">
        <ele>1942</ele>
        <time>2026-05-12T21:35:36+00:00</time>
      </trkpt>
      <trkpt lat="47.42734" lon="12.54773">
        <ele>1942</ele>
        <time>2026-05-12T21:35:39+00:00</time>
      </trkpt>
      <trkpt lat="47.42732" lon="12.54774">
        <ele>1942</ele>
        <time>2026-05-12T21:35:42+00:00</time>
      </trkpt>
      <trkpt lat="47.42728" lon="12.54796">
        <ele>1933</ele>
        <time>2026-05-12T21:35:45+00:00</time>
      </trkpt>
      <trkpt lat="47.42724" lon="12.54819">
        <ele>1929</ele>
        <time>2026-05-12T21:35:48+00:00</time>
      </trkpt>
      <trkpt lat="47.42722" lon="12.54843">
        <ele>1922</ele>
        <time>2026-05-12T21:35:51+00:00</time>
      </trkpt>
      <trkpt lat="47.42721" lon="12.54847">
        <ele>1922</ele>
        <time>2026-05-12T21:35:54+00:00</time>
      </trkpt>
      <trkpt lat="47.4271" lon="12.54841">
        <ele>1917</ele>
        <time>2026-05-12T21:35:57+00:00</time>
      </trkpt>
      <trkpt lat="47.42709" lon="12.54843">
        <ele>1912</ele>
        <time>2026-05-12T21:36:00+00:00</time>
      </trkpt>
      <trkpt lat="47.42707" lon="12.54867">
        <ele>1907</ele>
        <time>2026-05-12T21:36:03+00:00</time>
      </trkpt>
      <trkpt lat="47.42703" lon="12.54878">
        <ele>1905</ele>
        <time>2026-05-12T21:36:06+00:00</time>
      </trkpt>
      <trkpt lat="47.42705" lon="12.54883">
        <ele>1902</ele>
        <time>2026-05-12T21:36:09+00:00</time>
      </trkpt>
      <trkpt lat="47.42728" lon="12.54905">
        <ele>1905</ele>
        <time>2026-05-12T21:36:12+00:00</time>
      </trkpt>
      <trkpt lat="47.42744" lon="12.54937">
        <ele>1904</ele>
        <time>2026-05-12T21:36:15+00:00</time>
      </trkpt>
      <trkpt lat="47.42753" lon="12.54983">
        <ele>1893</ele>
        <time>2026-05-12T21:36:18+00:00</time>
      </trkpt>
      <trkpt lat="47.42761" lon="12.55012">
        <ele>1889</ele>
        <time>2026-05-12T21:36:21+00:00</time>
      </trkpt>
      <trkpt lat="47.4277" lon="12.55076">
        <ele>1876</ele>
        <time>2026-05-12T21:36:24+00:00</time>
      </trkpt>
      <trkpt lat="47.42772" lon="12.55115">
        <ele>1869</ele>
        <time>2026-05-12T21:36:27+00:00</time>
      </trkpt>
      <trkpt lat="47.42776" lon="12.55147">
        <ele>1864</ele>
        <time>2026-05-12T21:36:30+00:00</time>
      </trkpt>
      <trkpt lat="47.42787" lon="12.55186">
        <ele>1857</ele>
        <time>2026-05-12T21:36:33+00:00</time>
      </trkpt>
      <trkpt lat="47.42794" lon="12.55193">
        <ele>1856</ele>
        <time>2026-05-12T21:36:36+00:00</time>
      </trkpt>
      <trkpt lat="47.428" lon="12.55205">
        <ele>1855</ele>
        <time>2026-05-12T21:36:39+00:00</time>
      </trkpt>
      <trkpt lat="47.4282" lon="12.55227">
        <ele>1849</ele>
        <time>2026-05-12T21:36:42+00:00</time>
      </trkpt>
      <trkpt lat="47.42829" lon="12.55233">
        <ele>1844</ele>
        <time>2026-05-12T21:36:45+00:00</time>
      </trkpt>
      <trkpt lat="47.42838" lon="12.5523">
        <ele>1840</ele>
        <time>2026-05-12T21:36:48+00:00</time>
      </trkpt>
      <trkpt lat="47.42844" lon="12.55209">
        <ele>1839</ele>
        <time>2026-05-12T21:36:51+00:00</time>
      </trkpt>
      <trkpt lat="47.42849" lon="12.55199">
        <ele>1839</ele>
        <time>2026-05-12T21:36:54+00:00</time>
      </trkpt>
      <trkpt lat="47.42852" lon="12.55183">
        <ele>1837</ele>
        <time>2026-05-12T21:36:57+00:00</time>
      </trkpt>
      <trkpt lat="47.4287" lon="12.55154">
        <ele>1838</ele>
        <time>2026-05-12T21:37:00+00:00</time>
      </trkpt>
      <trkpt lat="47.42885" lon="12.5512">
        <ele>1837</ele>
        <time>2026-05-12T21:37:03+00:00</time>
      </trkpt>
      <trkpt lat="47.42903" lon="12.55103">
        <ele>1833</ele>
        <time>2026-05-12T21:37:06+00:00</time>
      </trkpt>
      <trkpt lat="47.4292" lon="12.55094">
        <ele>1830</ele>
        <time>2026-05-12T21:37:09+00:00</time>
      </trkpt>
      <trkpt lat="47.42928" lon="12.55094">
        <ele>1825</ele>
        <time>2026-05-12T21:37:12+00:00</time>
      </trkpt>
      <trkpt lat="47.42933" lon="12.55092">
        <ele>1819</ele>
        <time>2026-05-12T21:37:15+00:00</time>
      </trkpt>
      <trkpt lat="47.42944" lon="12.55091">
        <ele>1815</ele>
        <time>2026-05-12T21:37:18+00:00</time>
      </trkpt>
      <trkpt lat="47.42956" lon="12.55086">
        <ele>1815</ele>
        <time>2026-05-12T21:37:21+00:00</time>
      </trkpt>
      <trkpt lat="47.42962" lon="12.55081">
        <ele>1812</ele>
        <time>2026-05-12T21:37:24+00:00</time>
      </trkpt>
      <trkpt lat="47.42974" lon="12.55082">
        <ele>1809</ele>
        <time>2026-05-12T21:37:27+00:00</time>
      </trkpt>
      <trkpt lat="47.42985" lon="12.55078">
        <ele>1808</ele>
        <time>2026-05-12T21:37:30+00:00</time>
      </trkpt>
      <trkpt lat="47.42997" lon="12.55078">
        <ele>1805</ele>
        <time>2026-05-12T21:37:33+00:00</time>
      </trkpt>
      <trkpt lat="47.43006" lon="12.55075">
        <ele>1802</ele>
        <time>2026-05-12T21:37:36+00:00</time>
      </trkpt>
      <trkpt lat="47.43011" lon="12.55075">
        <ele>1800</ele>
        <time>2026-05-12T21:37:39+00:00</time>
      </trkpt>
      <trkpt lat="47.43035" lon="12.55082">
        <ele>1794</ele>
        <time>2026-05-12T21:37:42+00:00</time>
      </trkpt>
      <trkpt lat="47.43038" lon="12.55085">
        <ele>1794</ele>
        <time>2026-05-12T21:37:45+00:00</time>
      </trkpt>
      <trkpt lat="47.43039" lon="12.55099">
        <ele>1791</ele>
        <time>2026-05-12T21:37:48+00:00</time>
      </trkpt>
      <trkpt lat="47.43042" lon="12.55107">
        <ele>1787</ele>
        <time>2026-05-12T21:37:51+00:00</time>
      </trkpt>
      <trkpt lat="47.4305" lon="12.5511">
        <ele>1785</ele>
        <time>2026-05-12T21:37:54+00:00</time>
      </trkpt>
      <trkpt lat="47.43058" lon="12.55114">
        <ele>1782</ele>
        <time>2026-05-12T21:37:57+00:00</time>
      </trkpt>
      <trkpt lat="47.43065" lon="12.55125">
        <ele>1778</ele>
        <time>2026-05-12T21:38:00+00:00</time>
      </trkpt>
      <trkpt lat="47.43081" lon="12.55129">
        <ele>1773</ele>
        <time>2026-05-12T21:38:03+00:00</time>
      </trkpt>
      <trkpt lat="47.43079" lon="12.55132">
        <ele>1773</ele>
        <time>2026-05-12T21:38:06+00:00</time>
      </trkpt>
      <trkpt lat="47.43081" lon="12.55131">
        <ele>1770</ele>
        <time>2026-05-12T21:38:09+00:00</time>
      </trkpt>
      <trkpt lat="47.431" lon="12.55134">
        <ele>1767</ele>
        <time>2026-05-12T21:38:12+00:00</time>
      </trkpt>
      <trkpt lat="47.43119" lon="12.55128">
        <ele>1763</ele>
        <time>2026-05-12T21:38:15+00:00</time>
      </trkpt>
      <trkpt lat="47.43134" lon="12.55129">
        <ele>1757</ele>
        <time>2026-05-12T21:38:18+00:00</time>
      </trkpt>
      <trkpt lat="47.43142" lon="12.5514">
        <ele>1750</ele>
        <time>2026-05-12T21:38:21+00:00</time>
      </trkpt>
      <trkpt lat="47.43138" lon="12.55154">
        <ele>1747</ele>
        <time>2026-05-12T21:38:24+00:00</time>
      </trkpt>
      <trkpt lat="47.43143" lon="12.55158">
        <ele>1744</ele>
        <time>2026-05-12T21:38:27+00:00</time>
      </trkpt>
      <trkpt lat="47.43154" lon="12.55161">
        <ele>1737</ele>
        <time>2026-05-12T21:38:30+00:00</time>
      </trkpt>
      <trkpt lat="47.43158" lon="12.55165">
        <ele>1737</ele>
        <time>2026-05-12T21:38:33+00:00</time>
      </trkpt>
      <trkpt lat="47.43153" lon="12.55177">
        <ele>1734</ele>
        <time>2026-05-12T21:38:36+00:00</time>
      </trkpt>
      <trkpt lat="47.43149" lon="12.55196">
        <ele>1731</ele>
        <time>2026-05-12T21:38:39+00:00</time>
      </trkpt>
      <trkpt lat="47.43145" lon="12.55204">
        <ele>1729</ele>
        <time>2026-05-12T21:38:42+00:00</time>
      </trkpt>
      <trkpt lat="47.43144" lon="12.55212">
        <ele>1726</ele>
        <time>2026-05-12T21:38:45+00:00</time>
      </trkpt>
      <trkpt lat="47.43152" lon="12.55213">
        <ele>1722</ele>
        <time>2026-05-12T21:38:48+00:00</time>
      </trkpt>
      <trkpt lat="47.43164" lon="12.55209">
        <ele>1721</ele>
        <time>2026-05-12T21:38:51+00:00</time>
      </trkpt>
      <trkpt lat="47.43187" lon="12.5521">
        <ele>1711</ele>
        <time>2026-05-12T21:38:54+00:00</time>
      </trkpt>
      <trkpt lat="47.4321" lon="12.55195">
        <ele>1709</ele>
        <time>2026-05-12T21:38:57+00:00</time>
      </trkpt>
      <trkpt lat="47.4322" lon="12.55187">
        <ele>1704</ele>
        <time>2026-05-12T21:39:00+00:00</time>
      </trkpt>
      <trkpt lat="47.43228" lon="12.55192">
        <ele>1701</ele>
        <time>2026-05-12T21:39:03+00:00</time>
      </trkpt>
      <trkpt lat="47.43233" lon="12.55202">
        <ele>1694</ele>
        <time>2026-05-12T21:39:06+00:00</time>
      </trkpt>
      <trkpt lat="47.43239" lon="12.55206">
        <ele>1694</ele>
        <time>2026-05-12T21:39:09+00:00</time>
      </trkpt>
      <trkpt lat="47.4324" lon="12.5521">
        <ele>1689</ele>
        <time>2026-05-12T21:39:12+00:00</time>
      </trkpt>
      <trkpt lat="47.43241" lon="12.55219">
        <ele>1687</ele>
        <time>2026-05-12T21:39:15+00:00</time>
      </trkpt>
      <trkpt lat="47.43244" lon="12.55228">
        <ele>1684</ele>
        <time>2026-05-12T21:39:18+00:00</time>
      </trkpt>
      <trkpt lat="47.4325" lon="12.55251">
        <ele>1671</ele>
        <time>2026-05-12T21:39:21+00:00</time>
      </trkpt>
      <trkpt lat="47.43253" lon="12.55257">
        <ele>1671</ele>
        <time>2026-05-12T21:39:24+00:00</time>
      </trkpt>
      <trkpt lat="47.43255" lon="12.55266">
        <ele>1669</ele>
        <time>2026-05-12T21:39:27+00:00</time>
      </trkpt>
      <trkpt lat="47.43259" lon="12.55271">
        <ele>1667</ele>
        <time>2026-05-12T21:39:30+00:00</time>
      </trkpt>
      <trkpt lat="47.43262" lon="12.55279">
        <ele>1662</ele>
        <time>2026-05-12T21:39:33+00:00</time>
      </trkpt>
      <trkpt lat="47.43265" lon="12.55282">
        <ele>1660</ele>
        <time>2026-05-12T21:39:36+00:00</time>
      </trkpt>
      <trkpt lat="47.43269" lon="12.55281">
        <ele>1660</ele>
        <time>2026-05-12T21:39:39+00:00</time>
      </trkpt>
      <trkpt lat="47.43272" lon="12.55282">
        <ele>1656</ele>
        <time>2026-05-12T21:39:42+00:00</time>
      </trkpt>
      <trkpt lat="47.43272" lon="12.55286">
        <ele>1656</ele>
        <time>2026-05-12T21:39:45+00:00</time>
      </trkpt>
      <trkpt lat="47.43278" lon="12.55282">
        <ele>1656</ele>
        <time>2026-05-12T21:39:48+00:00</time>
      </trkpt>
      <trkpt lat="47.43283" lon="12.55281">
        <ele>1651</ele>
        <time>2026-05-12T21:39:51+00:00</time>
      </trkpt>
      <trkpt lat="47.43285" lon="12.55284">
        <ele>1651</ele>
        <time>2026-05-12T21:39:54+00:00</time>
      </trkpt>
      <trkpt lat="47.4329" lon="12.55315">
        <ele>1639</ele>
        <time>2026-05-12T21:39:57+00:00</time>
      </trkpt>
      <trkpt lat="47.43291" lon="12.55333">
        <ele>1635</ele>
        <time>2026-05-12T21:40:00+00:00</time>
      </trkpt>
      <trkpt lat="47.43291" lon="12.55344">
        <ele>1634</ele>
        <time>2026-05-12T21:40:03+00:00</time>
      </trkpt>
      <trkpt lat="47.43306" lon="12.55368">
        <ele>1625</ele>
        <time>2026-05-12T21:40:06+00:00</time>
      </trkpt>
      <trkpt lat="47.43309" lon="12.55367">
        <ele>1625</ele>
        <time>2026-05-12T21:40:09+00:00</time>
      </trkpt>
      <trkpt lat="47.43316" lon="12.5536">
        <ele>1620</ele>
        <time>2026-05-12T21:40:12+00:00</time>
      </trkpt>
      <trkpt lat="47.43319" lon="12.55362">
        <ele>1619</ele>
        <time>2026-05-12T21:40:15+00:00</time>
      </trkpt>
      <trkpt lat="47.43322" lon="12.55388">
        <ele>1610</ele>
        <time>2026-05-12T21:40:18+00:00</time>
      </trkpt>
      <trkpt lat="47.43332" lon="12.55396">
        <ele>1603</ele>
        <time>2026-05-12T21:40:21+00:00</time>
      </trkpt>
      <trkpt lat="47.43335" lon="12.55402">
        <ele>1602</ele>
        <time>2026-05-12T21:40:24+00:00</time>
      </trkpt>
      <trkpt lat="47.43336" lon="12.55411">
        <ele>1600</ele>
        <time>2026-05-12T21:40:27+00:00</time>
      </trkpt>
      <trkpt lat="47.43335" lon="12.55429">
        <ele>1599</ele>
        <time>2026-05-12T21:40:30+00:00</time>
      </trkpt>
      <trkpt lat="47.43332" lon="12.55443">
        <ele>1599</ele>
        <time>2026-05-12T21:40:33+00:00</time>
      </trkpt>
      <trkpt lat="47.43327" lon="12.55455">
        <ele>1601</ele>
        <time>2026-05-12T21:40:36+00:00</time>
      </trkpt>
      <trkpt lat="47.43328" lon="12.55458">
        <ele>1601</ele>
        <time>2026-05-12T21:40:39+00:00</time>
      </trkpt>
      <trkpt lat="47.43339" lon="12.55434">
        <ele>1598</ele>
        <time>2026-05-12T21:40:42+00:00</time>
      </trkpt>
      <trkpt lat="47.43353" lon="12.55407">
        <ele>1596</ele>
        <time>2026-05-12T21:40:45+00:00</time>
      </trkpt>
      <trkpt lat="47.43356" lon="12.55384">
        <ele>1593</ele>
        <time>2026-05-12T21:40:48+00:00</time>
      </trkpt>
      <trkpt lat="47.43356" lon="12.55364">
        <ele>1595</ele>
        <time>2026-05-12T21:40:51+00:00</time>
      </trkpt>
      <trkpt lat="47.4336" lon="12.5534">
        <ele>1599</ele>
        <time>2026-05-12T21:40:54+00:00</time>
      </trkpt>
      <trkpt lat="47.43361" lon="12.55335">
        <ele>1593</ele>
        <time>2026-05-12T21:40:57+00:00</time>
      </trkpt>
      <trkpt lat="47.43367" lon="12.55331">
        <ele>1593</ele>
        <time>2026-05-12T21:41:00+00:00</time>
      </trkpt>
      <trkpt lat="47.4337" lon="12.5533">
        <ele>1593</ele>
        <time>2026-05-12T21:41:03+00:00</time>
      </trkpt>
      <trkpt lat="47.43374" lon="12.55334">
        <ele>1587</ele>
        <time>2026-05-12T21:41:06+00:00</time>
      </trkpt>
      <trkpt lat="47.43382" lon="12.55348">
        <ele>1580</ele>
        <time>2026-05-12T21:41:09+00:00</time>
      </trkpt>
      <trkpt lat="47.43389" lon="12.5538">
        <ele>1575</ele>
        <time>2026-05-12T21:41:12+00:00</time>
      </trkpt>
      <trkpt lat="47.43397" lon="12.55412">
        <ele>1566</ele>
        <time>2026-05-12T21:41:15+00:00</time>
      </trkpt>
      <trkpt lat="47.43409" lon="12.5545">
        <ele>1556</ele>
        <time>2026-05-12T21:41:18+00:00</time>
      </trkpt>
      <trkpt lat="47.43414" lon="12.55484">
        <ele>1548</ele>
        <time>2026-05-12T21:41:21+00:00</time>
      </trkpt>
      <trkpt lat="47.43414" lon="12.55511">
        <ele>1545</ele>
        <time>2026-05-12T21:41:24+00:00</time>
      </trkpt>
      <trkpt lat="47.43415" lon="12.55513">
        <ele>1545</ele>
        <time>2026-05-12T21:41:27+00:00</time>
      </trkpt>
      <trkpt lat="47.4342" lon="12.55513">
        <ele>1545</ele>
        <time>2026-05-12T21:41:30+00:00</time>
      </trkpt>
      <trkpt lat="47.43428" lon="12.55507">
        <ele>1542</ele>
        <time>2026-05-12T21:41:33+00:00</time>
      </trkpt>
      <trkpt lat="47.43429" lon="12.55504">
        <ele>1542</ele>
        <time>2026-05-12T21:41:36+00:00</time>
      </trkpt>
      <trkpt lat="47.43429" lon="12.55475">
        <ele>1545</ele>
        <time>2026-05-12T21:41:39+00:00</time>
      </trkpt>
      <trkpt lat="47.4343" lon="12.55436">
        <ele>1545</ele>
        <time>2026-05-12T21:41:42+00:00</time>
      </trkpt>
      <trkpt lat="47.43434" lon="12.55405">
        <ele>1548</ele>
        <time>2026-05-12T21:41:45+00:00</time>
      </trkpt>
      <trkpt lat="47.43442" lon="12.55351">
        <ele>1551</ele>
        <time>2026-05-12T21:41:48+00:00</time>
      </trkpt>
      <trkpt lat="47.43445" lon="12.5534">
        <ele>1552</ele>
        <time>2026-05-12T21:41:51+00:00</time>
      </trkpt>
      <trkpt lat="47.43453" lon="12.55327">
        <ele>1549</ele>
        <time>2026-05-12T21:41:54+00:00</time>
      </trkpt>
      <trkpt lat="47.43459" lon="12.55325">
        <ele>1552</ele>
        <time>2026-05-12T21:41:57+00:00</time>
      </trkpt>
      <trkpt lat="47.43474" lon="12.55324">
        <ele>1547</ele>
        <time>2026-05-12T21:42:00+00:00</time>
      </trkpt>
      <trkpt lat="47.43484" lon="12.5532">
        <ele>1545</ele>
        <time>2026-05-12T21:42:03+00:00</time>
      </trkpt>
      <trkpt lat="47.43499" lon="12.55317">
        <ele>1545</ele>
        <time>2026-05-12T21:42:06+00:00</time>
      </trkpt>
      <trkpt lat="47.43513" lon="12.55317">
        <ele>1541</ele>
        <time>2026-05-12T21:42:09+00:00</time>
      </trkpt>
      <trkpt lat="47.43519" lon="12.55315">
        <ele>1541</ele>
        <time>2026-05-12T21:42:12+00:00</time>
      </trkpt>
      <trkpt lat="47.43528" lon="12.55303">
        <ele>1541</ele>
        <time>2026-05-12T21:42:15+00:00</time>
      </trkpt>
      <trkpt lat="47.43534" lon="12.553">
        <ele>1539</ele>
        <time>2026-05-12T21:42:18+00:00</time>
      </trkpt>
      <trkpt lat="47.43548" lon="12.55308">
        <ele>1537</ele>
        <time>2026-05-12T21:42:21+00:00</time>
      </trkpt>
      <trkpt lat="47.43563" lon="12.55317">
        <ele>1530</ele>
        <time>2026-05-12T21:42:24+00:00</time>
      </trkpt>
      <trkpt lat="47.43571" lon="12.55326">
        <ele>1525</ele>
        <time>2026-05-12T21:42:27+00:00</time>
      </trkpt>
      <trkpt lat="47.43573" lon="12.55344">
        <ele>1522</ele>
        <time>2026-05-12T21:42:30+00:00</time>
      </trkpt>
      <trkpt lat="47.43568" lon="12.55366">
        <ele>1523</ele>
        <time>2026-05-12T21:42:33+00:00</time>
      </trkpt>
      <trkpt lat="47.43573" lon="12.55367">
        <ele>1521</ele>
        <time>2026-05-12T21:42:36+00:00</time>
      </trkpt>
      <trkpt lat="47.43581" lon="12.55356">
        <ele>1518</ele>
        <time>2026-05-12T21:42:39+00:00</time>
      </trkpt>
      <trkpt lat="47.43587" lon="12.55338">
        <ele>1521</ele>
        <time>2026-05-12T21:42:42+00:00</time>
      </trkpt>
      <trkpt lat="47.43593" lon="12.55326">
        <ele>1519</ele>
        <time>2026-05-12T21:42:45+00:00</time>
      </trkpt>
      <trkpt lat="47.43607" lon="12.55306">
        <ele>1519</ele>
        <time>2026-05-12T21:42:48+00:00</time>
      </trkpt>
      <trkpt lat="47.43624" lon="12.55282">
        <ele>1516</ele>
        <time>2026-05-12T21:42:51+00:00</time>
      </trkpt>
      <trkpt lat="47.43629" lon="12.55275">
        <ele>1518</ele>
        <time>2026-05-12T21:42:54+00:00</time>
      </trkpt>
      <trkpt lat="47.43638" lon="12.55267">
        <ele>1515</ele>
        <time>2026-05-12T21:42:57+00:00</time>
      </trkpt>
      <trkpt lat="47.43648" lon="12.55253">
        <ele>1513</ele>
        <time>2026-05-12T21:43:00+00:00</time>
      </trkpt>
      <trkpt lat="47.43664" lon="12.55234">
        <ele>1508</ele>
        <time>2026-05-12T21:43:03+00:00</time>
      </trkpt>
      <trkpt lat="47.43678" lon="12.55224">
        <ele>1505</ele>
        <time>2026-05-12T21:43:06+00:00</time>
      </trkpt>
      <trkpt lat="47.43694" lon="12.55208">
        <ele>1499</ele>
        <time>2026-05-12T21:43:09+00:00</time>
      </trkpt>
      <trkpt lat="47.43702" lon="12.55196">
        <ele>1496</ele>
        <time>2026-05-12T21:43:12+00:00</time>
      </trkpt>
      <trkpt lat="47.43714" lon="12.55183">
        <ele>1493</ele>
        <time>2026-05-12T21:43:15+00:00</time>
      </trkpt>
      <trkpt lat="47.43737" lon="12.55151">
        <ele>1489</ele>
        <time>2026-05-12T21:43:18+00:00</time>
      </trkpt>
      <trkpt lat="47.43765" lon="12.55107">
        <ele>1483</ele>
        <time>2026-05-12T21:43:21+00:00</time>
      </trkpt>
      <trkpt lat="47.43774" lon="12.55099">
        <ele>1481</ele>
        <time>2026-05-12T21:43:24+00:00</time>
      </trkpt>
      <trkpt lat="47.43788" lon="12.55081">
        <ele>1479</ele>
        <time>2026-05-12T21:43:27+00:00</time>
      </trkpt>
      <trkpt lat="47.43797" lon="12.55065">
        <ele>1479</ele>
        <time>2026-05-12T21:43:30+00:00</time>
      </trkpt>
      <trkpt lat="47.43812" lon="12.55031">
        <ele>1476</ele>
        <time>2026-05-12T21:43:33+00:00</time>
      </trkpt>
      <trkpt lat="47.43821" lon="12.55015">
        <ele>1476</ele>
        <time>2026-05-12T21:43:36+00:00</time>
      </trkpt>
      <trkpt lat="47.43835" lon="12.54996">
        <ele>1476</ele>
        <time>2026-05-12T21:43:39+00:00</time>
      </trkpt>
      <trkpt lat="47.43847" lon="12.54981">
        <ele>1477</ele>
        <time>2026-05-12T21:43:42+00:00</time>
      </trkpt>
      <trkpt lat="47.43855" lon="12.54973">
        <ele>1477</ele>
        <time>2026-05-12T21:43:45+00:00</time>
      </trkpt>
      <trkpt lat="47.43865" lon="12.54968">
        <ele>1480</ele>
        <time>2026-05-12T21:43:48+00:00</time>
      </trkpt>
      <trkpt lat="47.43873" lon="12.5496">
        <ele>1474</ele>
        <time>2026-05-12T21:43:51+00:00</time>
      </trkpt>
      <trkpt lat="47.43876" lon="12.54967">
        <ele>1478</ele>
        <time>2026-05-12T21:43:54+00:00</time>
      </trkpt>
      <trkpt lat="47.43874" lon="12.54981">
        <ele>1473</ele>
        <time>2026-05-12T21:43:57+00:00</time>
      </trkpt>
      <trkpt lat="47.43868" lon="12.54998">
        <ele>1472</ele>
        <time>2026-05-12T21:44:00+00:00</time>
      </trkpt>
      <trkpt lat="47.43863" lon="12.55012">
        <ele>1468</ele>
        <time>2026-05-12T21:44:03+00:00</time>
      </trkpt>
      <trkpt lat="47.43859" lon="12.55021">
        <ele>1467</ele>
        <time>2026-05-12T21:44:06+00:00</time>
      </trkpt>
      <trkpt lat="47.43854" lon="12.55036">
        <ele>1465</ele>
        <time>2026-05-12T21:44:09+00:00</time>
      </trkpt>
      <trkpt lat="47.43851" lon="12.55048">
        <ele>1463</ele>
        <time>2026-05-12T21:44:12+00:00</time>
      </trkpt>
      <trkpt lat="47.43859" lon="12.55049">
        <ele>1463</ele>
        <time>2026-05-12T21:44:15+00:00</time>
      </trkpt>
      <trkpt lat="47.43868" lon="12.55046">
        <ele>1461</ele>
        <time>2026-05-12T21:44:18+00:00</time>
      </trkpt>
      <trkpt lat="47.43879" lon="12.55043">
        <ele>1460</ele>
        <time>2026-05-12T21:44:21+00:00</time>
      </trkpt>
      <trkpt lat="47.43892" lon="12.55037">
        <ele>1463</ele>
        <time>2026-05-12T21:44:24+00:00</time>
      </trkpt>
      <trkpt lat="47.439" lon="12.55035">
        <ele>1460</ele>
        <time>2026-05-12T21:44:27+00:00</time>
      </trkpt>
      <trkpt lat="47.43907" lon="12.55028">
        <ele>1462</ele>
        <time>2026-05-12T21:44:30+00:00</time>
      </trkpt>
      <trkpt lat="47.43915" lon="12.55025">
        <ele>1465</ele>
        <time>2026-05-12T21:44:33+00:00</time>
      </trkpt>
      <trkpt lat="47.43924" lon="12.55022">
        <ele>1469</ele>
        <time>2026-05-12T21:44:36+00:00</time>
      </trkpt>
      <trkpt lat="47.43928" lon="12.55021">
        <ele>1469</ele>
        <time>2026-05-12T21:44:39+00:00</time>
      </trkpt>
      <trkpt lat="47.43932" lon="12.55023">
        <ele>1472</ele>
        <time>2026-05-12T21:44:42+00:00</time>
      </trkpt>
      <trkpt lat="47.43941" lon="12.55029">
        <ele>1463</ele>
        <time>2026-05-12T21:44:45+00:00</time>
      </trkpt>
      <trkpt lat="47.43944" lon="12.55042">
        <ele>1471</ele>
        <time>2026-05-12T21:44:48+00:00</time>
      </trkpt>
      <trkpt lat="47.43949" lon="12.55095">
        <ele>1461</ele>
        <time>2026-05-12T21:44:51+00:00</time>
      </trkpt>
      <trkpt lat="47.43966" lon="12.55148">
        <ele>1458</ele>
        <time>2026-05-12T21:44:54+00:00</time>
      </trkpt>
      <trkpt lat="47.43968" lon="12.55168">
        <ele>1453</ele>
        <time>2026-05-12T21:44:57+00:00</time>
      </trkpt>
      <trkpt lat="47.43967" lon="12.55184">
        <ele>1449</ele>
        <time>2026-05-12T21:45:00+00:00</time>
      </trkpt>
      <trkpt lat="47.43961" lon="12.55223">
        <ele>1439</ele>
        <time>2026-05-12T21:45:03+00:00</time>
      </trkpt>
      <trkpt lat="47.43961" lon="12.55237">
        <ele>1437</ele>
        <time>2026-05-12T21:45:06+00:00</time>
      </trkpt>
      <trkpt lat="47.43964" lon="12.55249">
        <ele>1434</ele>
        <time>2026-05-12T21:45:09+00:00</time>
      </trkpt>
      <trkpt lat="47.43974" lon="12.55273">
        <ele>1430</ele>
        <time>2026-05-12T21:45:12+00:00</time>
      </trkpt>
      <trkpt lat="47.43982" lon="12.55285">
        <ele>1431</ele>
        <time>2026-05-12T21:45:15+00:00</time>
      </trkpt>
      <trkpt lat="47.43994" lon="12.55308">
        <ele>1430</ele>
        <time>2026-05-12T21:45:18+00:00</time>
      </trkpt>
      <trkpt lat="47.44008" lon="12.55335">
        <ele>1433</ele>
        <time>2026-05-12T21:45:21+00:00</time>
      </trkpt>
      <trkpt lat="47.44041" lon="12.55377">
        <ele>1434</ele>
        <time>2026-05-12T21:45:24+00:00</time>
      </trkpt>
      <trkpt lat="47.44048" lon="12.55392">
        <ele>1433</ele>
        <time>2026-05-12T21:45:27+00:00</time>
      </trkpt>
      <trkpt lat="47.44051" lon="12.5541">
        <ele>1431</ele>
        <time>2026-05-12T21:45:30+00:00</time>
      </trkpt>
      <trkpt lat="47.44053" lon="12.55448">
        <ele>1428</ele>
        <time>2026-05-12T21:45:33+00:00</time>
      </trkpt>
      <trkpt lat="47.44058" lon="12.55469">
        <ele>1424</ele>
        <time>2026-05-12T21:45:36+00:00</time>
      </trkpt>
      <trkpt lat="47.44073" lon="12.55506">
        <ele>1427</ele>
        <time>2026-05-12T21:45:39+00:00</time>
      </trkpt>
      <trkpt lat="47.44078" lon="12.55539">
        <ele>1421</ele>
        <time>2026-05-12T21:45:42+00:00</time>
      </trkpt>
      <trkpt lat="47.44084" lon="12.55574">
        <ele>1419</ele>
        <time>2026-05-12T21:45:45+00:00</time>
      </trkpt>
      <trkpt lat="47.44085" lon="12.55602">
        <ele>1415</ele>
        <time>2026-05-12T21:45:48+00:00</time>
      </trkpt>
      <trkpt lat="47.44083" lon="12.55638">
        <ele>1411</ele>
        <time>2026-05-12T21:45:51+00:00</time>
      </trkpt>
      <trkpt lat="47.44088" lon="12.5567">
        <ele>1406</ele>
        <time>2026-05-12T21:45:54+00:00</time>
      </trkpt>
      <trkpt lat="47.44108" lon="12.55712">
        <ele>1406</ele>
        <time>2026-05-12T21:45:57+00:00</time>
      </trkpt>
      <trkpt lat="47.44116" lon="12.55739">
        <ele>1405</ele>
        <time>2026-05-12T21:46:00+00:00</time>
      </trkpt>
      <trkpt lat="47.44129" lon="12.55768">
        <ele>1407</ele>
        <time>2026-05-12T21:46:03+00:00</time>
      </trkpt>
      <trkpt lat="47.4416" lon="12.55807">
        <ele>1406</ele>
        <time>2026-05-12T21:46:06+00:00</time>
      </trkpt>
      <trkpt lat="47.44184" lon="12.55839">
        <ele>1406</ele>
        <time>2026-05-12T21:46:09+00:00</time>
      </trkpt>
      <trkpt lat="47.44204" lon="12.55872">
        <ele>1405</ele>
        <time>2026-05-12T21:46:12+00:00</time>
      </trkpt>
      <trkpt lat="47.44223" lon="12.55895">
        <ele>1404</ele>
        <time>2026-05-12T21:46:15+00:00</time>
      </trkpt>
      <trkpt lat="47.4423" lon="12.55906">
        <ele>1402</ele>
        <time>2026-05-12T21:46:18+00:00</time>
      </trkpt>
      <trkpt lat="47.44235" lon="12.5592">
        <ele>1404</ele>
        <time>2026-05-12T21:46:21+00:00</time>
      </trkpt>
      <trkpt lat="47.44238" lon="12.55933">
        <ele>1400</ele>
        <time>2026-05-12T21:46:24+00:00</time>
      </trkpt>
      <trkpt lat="47.44242" lon="12.55947">
        <ele>1402</ele>
        <time>2026-05-12T21:46:27+00:00</time>
      </trkpt>
      <trkpt lat="47.44248" lon="12.55991">
        <ele>1395</ele>
        <time>2026-05-12T21:46:30+00:00</time>
      </trkpt>
      <trkpt lat="47.44251" lon="12.56025">
        <ele>1391</ele>
        <time>2026-05-12T21:46:33+00:00</time>
      </trkpt>
      <trkpt lat="47.4425" lon="12.56055">
        <ele>1387</ele>
        <time>2026-05-12T21:46:36+00:00</time>
      </trkpt>
      <trkpt lat="47.44251" lon="12.56084">
        <ele>1383</ele>
        <time>2026-05-12T21:46:39+00:00</time>
      </trkpt>
      <trkpt lat="47.44255" lon="12.56122">
        <ele>1381</ele>
        <time>2026-05-12T21:46:42+00:00</time>
      </trkpt>
      <trkpt lat="47.44257" lon="12.56137">
        <ele>1381</ele>
        <time>2026-05-12T21:46:45+00:00</time>
      </trkpt>
      <trkpt lat="47.44264" lon="12.56149">
        <ele>1380</ele>
        <time>2026-05-12T21:46:48+00:00</time>
      </trkpt>
      <trkpt lat="47.44273" lon="12.56156">
        <ele>1380</ele>
        <time>2026-05-12T21:46:51+00:00</time>
      </trkpt>
      <trkpt lat="47.44284" lon="12.5616">
        <ele>1380</ele>
        <time>2026-05-12T21:46:54+00:00</time>
      </trkpt>
      <trkpt lat="47.44312" lon="12.56165">
        <ele>1379</ele>
        <time>2026-05-12T21:46:57+00:00</time>
      </trkpt>
      <trkpt lat="47.44346" lon="12.56167">
        <ele>1372</ele>
        <time>2026-05-12T21:47:00+00:00</time>
      </trkpt>
      <trkpt lat="47.44357" lon="12.56165">
        <ele>1369</ele>
        <time>2026-05-12T21:47:03+00:00</time>
      </trkpt>
      <trkpt lat="47.44367" lon="12.56161">
        <ele>1367</ele>
        <time>2026-05-12T21:47:06+00:00</time>
      </trkpt>
      <trkpt lat="47.44403" lon="12.5613">
        <ele>1364</ele>
        <time>2026-05-12T21:47:09+00:00</time>
      </trkpt>
      <trkpt lat="47.44418" lon="12.56108">
        <ele>1362</ele>
        <time>2026-05-12T21:47:12+00:00</time>
      </trkpt>
      <trkpt lat="47.44452" lon="12.56066">
        <ele>1351</ele>
        <time>2026-05-12T21:47:15+00:00</time>
      </trkpt>
      <trkpt lat="47.44464" lon="12.56059">
        <ele>1348</ele>
        <time>2026-05-12T21:47:18+00:00</time>
      </trkpt>
      <trkpt lat="47.4447" lon="12.5606">
        <ele>1346</ele>
        <time>2026-05-12T21:47:21+00:00</time>
      </trkpt>
      <trkpt lat="47.44484" lon="12.56072">
        <ele>1342</ele>
        <time>2026-05-12T21:47:24+00:00</time>
      </trkpt>
      <trkpt lat="47.4449" lon="12.56072">
        <ele>1342</ele>
        <time>2026-05-12T21:47:27+00:00</time>
      </trkpt>
      <trkpt lat="47.44494" lon="12.56069">
        <ele>1340</ele>
        <time>2026-05-12T21:47:30+00:00</time>
      </trkpt>
      <trkpt lat="47.44499" lon="12.56056">
        <ele>1340</ele>
        <time>2026-05-12T21:47:33+00:00</time>
      </trkpt>
      <trkpt lat="47.44499" lon="12.56041">
        <ele>1343</ele>
        <time>2026-05-12T21:47:36+00:00</time>
      </trkpt>
      <trkpt lat="47.44495" lon="12.56027">
        <ele>1341</ele>
        <time>2026-05-12T21:47:39+00:00</time>
      </trkpt>
      <trkpt lat="47.44484" lon="12.5601">
        <ele>1344</ele>
        <time>2026-05-12T21:47:42+00:00</time>
      </trkpt>
      <trkpt lat="47.44482" lon="12.56004">
        <ele>1345</ele>
        <time>2026-05-12T21:47:45+00:00</time>
      </trkpt>
      <trkpt lat="47.44483" lon="12.55997">
        <ele>1346</ele>
        <time>2026-05-12T21:47:48+00:00</time>
      </trkpt>
      <trkpt lat="47.44488" lon="12.55989">
        <ele>1348</ele>
        <time>2026-05-12T21:47:51+00:00</time>
      </trkpt>
      <trkpt lat="47.44498" lon="12.55983">
        <ele>1341</ele>
        <time>2026-05-12T21:47:54+00:00</time>
      </trkpt>
      <trkpt lat="47.4451" lon="12.55979">
        <ele>1342</ele>
        <time>2026-05-12T21:47:57+00:00</time>
      </trkpt>
      <trkpt lat="47.44528" lon="12.55981">
        <ele>1338</ele>
        <time>2026-05-12T21:48:00+00:00</time>
      </trkpt>
      <trkpt lat="47.44546" lon="12.55982">
        <ele>1333</ele>
        <time>2026-05-12T21:48:03+00:00</time>
      </trkpt>
      <trkpt lat="47.44563" lon="12.55979">
        <ele>1329</ele>
        <time>2026-05-12T21:48:06+00:00</time>
      </trkpt>
      <trkpt lat="47.44578" lon="12.55979">
        <ele>1327</ele>
        <time>2026-05-12T21:48:09+00:00</time>
      </trkpt>
      <trkpt lat="47.44595" lon="12.5598">
        <ele>1322</ele>
        <time>2026-05-12T21:48:12+00:00</time>
      </trkpt>
      <trkpt lat="47.44624" lon="12.55976">
        <ele>1316</ele>
        <time>2026-05-12T21:48:15+00:00</time>
      </trkpt>
      <trkpt lat="47.44639" lon="12.55971">
        <ele>1313</ele>
        <time>2026-05-12T21:48:18+00:00</time>
      </trkpt>
      <trkpt lat="47.44646" lon="12.55967">
        <ele>1312</ele>
        <time>2026-05-12T21:48:21+00:00</time>
      </trkpt>
      <trkpt lat="47.44657" lon="12.55957">
        <ele>1311</ele>
        <time>2026-05-12T21:48:24+00:00</time>
      </trkpt>
      <trkpt lat="47.44663" lon="12.55949">
        <ele>1308</ele>
        <time>2026-05-12T21:48:27+00:00</time>
      </trkpt>
      <trkpt lat="47.44672" lon="12.5593">
        <ele>1304</ele>
        <time>2026-05-12T21:48:30+00:00</time>
      </trkpt>
      <trkpt lat="47.44675" lon="12.5592">
        <ele>1303</ele>
        <time>2026-05-12T21:48:33+00:00</time>
      </trkpt>
      <trkpt lat="47.44679" lon="12.55887">
        <ele>1301</ele>
        <time>2026-05-12T21:48:36+00:00</time>
      </trkpt>
      <trkpt lat="47.44681" lon="12.5588">
        <ele>1297</ele>
        <time>2026-05-12T21:48:39+00:00</time>
      </trkpt>
      <trkpt lat="47.44686" lon="12.55873">
        <ele>1297</ele>
        <time>2026-05-12T21:48:42+00:00</time>
      </trkpt>
      <trkpt lat="47.44692" lon="12.55871">
        <ele>1293</ele>
        <time>2026-05-12T21:48:45+00:00</time>
      </trkpt>
      <trkpt lat="47.44698" lon="12.55871">
        <ele>1293</ele>
        <time>2026-05-12T21:48:48+00:00</time>
      </trkpt>
      <trkpt lat="47.44703" lon="12.55874">
        <ele>1289</ele>
        <time>2026-05-12T21:48:51+00:00</time>
      </trkpt>
      <trkpt lat="47.4471" lon="12.55881">
        <ele>1287</ele>
        <time>2026-05-12T21:48:54+00:00</time>
      </trkpt>
      <trkpt lat="47.44729" lon="12.55913">
        <ele>1287</ele>
        <time>2026-05-12T21:48:57+00:00</time>
      </trkpt>
      <trkpt lat="47.44746" lon="12.55923">
        <ele>1280</ele>
        <time>2026-05-12T21:49:00+00:00</time>
      </trkpt>
      <trkpt lat="47.44765" lon="12.5593">
        <ele>1271</ele>
        <time>2026-05-12T21:49:03+00:00</time>
      </trkpt>
      <trkpt lat="47.44773" lon="12.55929">
        <ele>1267</ele>
        <time>2026-05-12T21:49:06+00:00</time>
      </trkpt>
      <trkpt lat="47.44778" lon="12.55927">
        <ele>1267</ele>
        <time>2026-05-12T21:49:09+00:00</time>
      </trkpt>
      <trkpt lat="47.44795" lon="12.55912">
        <ele>1257</ele>
        <time>2026-05-12T21:49:12+00:00</time>
      </trkpt>
      <trkpt lat="47.44805" lon="12.55909">
        <ele>1251</ele>
        <time>2026-05-12T21:49:15+00:00</time>
      </trkpt>
      <trkpt lat="47.44813" lon="12.5591">
        <ele>1247</ele>
        <time>2026-05-12T21:49:18+00:00</time>
      </trkpt>
      <trkpt lat="47.44817" lon="12.55913">
        <ele>1253</ele>
        <time>2026-05-12T21:49:21+00:00</time>
      </trkpt>
      <trkpt lat="47.44824" lon="12.55923">
        <ele>1244</ele>
        <time>2026-05-12T21:49:24+00:00</time>
      </trkpt>
      <trkpt lat="47.44826" lon="12.55931">
        <ele>1246</ele>
        <time>2026-05-12T21:49:27+00:00</time>
      </trkpt>
      <trkpt lat="47.44828" lon="12.55958">
        <ele>1249</ele>
        <time>2026-05-12T21:49:30+00:00</time>
      </trkpt>
      <trkpt lat="47.44832" lon="12.55988">
        <ele>1249</ele>
        <time>2026-05-12T21:49:33+00:00</time>
      </trkpt>
      <trkpt lat="47.44838" lon="12.56013">
        <ele>1253</ele>
        <time>2026-05-12T21:49:36+00:00</time>
      </trkpt>
      <trkpt lat="47.44843" lon="12.56043">
        <ele>1250</ele>
        <time>2026-05-12T21:49:39+00:00</time>
      </trkpt>
      <trkpt lat="47.44847" lon="12.56057">
        <ele>1253</ele>
        <time>2026-05-12T21:49:42+00:00</time>
      </trkpt>
      <trkpt lat="47.44858" lon="12.56074">
        <ele>1250</ele>
        <time>2026-05-12T21:49:45+00:00</time>
      </trkpt>
      <trkpt lat="47.44861" lon="12.56081">
        <ele>1250</ele>
        <time>2026-05-12T21:49:48+00:00</time>
      </trkpt>
      <trkpt lat="47.4486" lon="12.56088">
        <ele>1253</ele>
        <time>2026-05-12T21:49:51+00:00</time>
      </trkpt>
      <trkpt lat="47.44851" lon="12.56113">
        <ele>1250</ele>
        <time>2026-05-12T21:49:54+00:00</time>
      </trkpt>
      <trkpt lat="47.44847" lon="12.56139">
        <ele>1251</ele>
        <time>2026-05-12T21:49:57+00:00</time>
      </trkpt>
      <trkpt lat="47.44844" lon="12.56147">
        <ele>1250</ele>
        <time>2026-05-12T21:50:00+00:00</time>
      </trkpt>
      <trkpt lat="47.4484" lon="12.56153">
        <ele>1251</ele>
        <time>2026-05-12T21:50:03+00:00</time>
      </trkpt>
      <trkpt lat="47.44829" lon="12.56164">
        <ele>1248</ele>
        <time>2026-05-12T21:50:06+00:00</time>
      </trkpt>
      <trkpt lat="47.44823" lon="12.56176">
        <ele>1249</ele>
        <time>2026-05-12T21:50:09+00:00</time>
      </trkpt>
      <trkpt lat="47.44823" lon="12.56192">
        <ele>1246</ele>
        <time>2026-05-12T21:50:12+00:00</time>
      </trkpt>
      <trkpt lat="47.4483" lon="12.5621">
        <ele>1243</ele>
        <time>2026-05-12T21:50:15+00:00</time>
      </trkpt>
      <trkpt lat="47.44839" lon="12.5622">
        <ele>1240</ele>
        <time>2026-05-12T21:50:18+00:00</time>
      </trkpt>
      <trkpt lat="47.44851" lon="12.56228">
        <ele>1236</ele>
        <time>2026-05-12T21:50:21+00:00</time>
      </trkpt>
      <trkpt lat="47.44866" lon="12.5624">
        <ele>1233</ele>
        <time>2026-05-12T21:50:24+00:00</time>
      </trkpt>
      <trkpt lat="47.44874" lon="12.56243">
        <ele>1229</ele>
        <time>2026-05-12T21:50:27+00:00</time>
      </trkpt>
      <trkpt lat="47.44881" lon="12.56242">
        <ele>1227</ele>
        <time>2026-05-12T21:50:30+00:00</time>
      </trkpt>
      <trkpt lat="47.44889" lon="12.56239">
        <ele>1229</ele>
        <time>2026-05-12T21:50:33+00:00</time>
      </trkpt>
      <trkpt lat="47.44903" lon="12.56223">
        <ele>1227</ele>
        <time>2026-05-12T21:50:36+00:00</time>
      </trkpt>
      <trkpt lat="47.44911" lon="12.56217">
        <ele>1226</ele>
        <time>2026-05-12T21:50:39+00:00</time>
      </trkpt>
      <trkpt lat="47.44916" lon="12.56216">
        <ele>1226</ele>
        <time>2026-05-12T21:50:42+00:00</time>
      </trkpt>
      <trkpt lat="47.44922" lon="12.56217">
        <ele>1224</ele>
        <time>2026-05-12T21:50:45+00:00</time>
      </trkpt>
      <trkpt lat="47.4493" lon="12.56224">
        <ele>1222</ele>
        <time>2026-05-12T21:50:48+00:00</time>
      </trkpt>
      <trkpt lat="47.44947" lon="12.56257">
        <ele>1212</ele>
        <time>2026-05-12T21:50:51+00:00</time>
      </trkpt>
      <trkpt lat="47.44955" lon="12.56267">
        <ele>1208</ele>
        <time>2026-05-12T21:50:54+00:00</time>
      </trkpt>
      <trkpt lat="47.4496" lon="12.5627">
        <ele>1208</ele>
        <time>2026-05-12T21:50:57+00:00</time>
      </trkpt>
      <trkpt lat="47.4497" lon="12.56273">
        <ele>1203</ele>
        <time>2026-05-12T21:51:00+00:00</time>
      </trkpt>
      <trkpt lat="47.44985" lon="12.56271">
        <ele>1198</ele>
        <time>2026-05-12T21:51:03+00:00</time>
      </trkpt>
      <trkpt lat="47.45001" lon="12.56267">
        <ele>1193</ele>
        <time>2026-05-12T21:51:06+00:00</time>
      </trkpt>
      <trkpt lat="47.45019" lon="12.56263">
        <ele>1188</ele>
        <time>2026-05-12T21:51:09+00:00</time>
      </trkpt>
      <trkpt lat="47.45031" lon="12.56257">
        <ele>1180</ele>
        <time>2026-05-12T21:51:12+00:00</time>
      </trkpt>
      <trkpt lat="47.45035" lon="12.56249">
        <ele>1187</ele>
        <time>2026-05-12T21:51:15+00:00</time>
      </trkpt>
      <trkpt lat="47.45036" lon="12.56241">
        <ele>1180</ele>
        <time>2026-05-12T21:51:18+00:00</time>
      </trkpt>
      <trkpt lat="47.45035" lon="12.56229">
        <ele>1182</ele>
        <time>2026-05-12T21:51:21+00:00</time>
      </trkpt>
      <trkpt lat="47.45027" lon="12.56201">
        <ele>1187</ele>
        <time>2026-05-12T21:51:24+00:00</time>
      </trkpt>
      <trkpt lat="47.45025" lon="12.56187">
        <ele>1187</ele>
        <time>2026-05-12T21:51:27+00:00</time>
      </trkpt>
      <trkpt lat="47.45026" lon="12.5617">
        <ele>1187</ele>
        <time>2026-05-12T21:51:30+00:00</time>
      </trkpt>
      <trkpt lat="47.45032" lon="12.56133">
        <ele>1180</ele>
        <time>2026-05-12T21:51:33+00:00</time>
      </trkpt>
      <trkpt lat="47.45033" lon="12.56112">
        <ele>1178</ele>
        <time>2026-05-12T21:51:36+00:00</time>
      </trkpt>
      <trkpt lat="47.45031" lon="12.56088">
        <ele>1174</ele>
        <time>2026-05-12T21:51:39+00:00</time>
      </trkpt>
      <trkpt lat="47.45035" lon="12.56077">
        <ele>1171</ele>
        <time>2026-05-12T21:51:42+00:00</time>
      </trkpt>
      <trkpt lat="47.45037" lon="12.56076">
        <ele>1171</ele>
        <time>2026-05-12T21:51:45+00:00</time>
      </trkpt>
      <trkpt lat="47.45042" lon="12.56081">
        <ele>1170</ele>
        <time>2026-05-12T21:51:48+00:00</time>
      </trkpt>
      <trkpt lat="47.45051" lon="12.56102">
        <ele>1168</ele>
        <time>2026-05-12T21:51:51+00:00</time>
      </trkpt>
      <trkpt lat="47.45075" lon="12.56134">
        <ele>1161</ele>
        <time>2026-05-12T21:51:54+00:00</time>
      </trkpt>
      <trkpt lat="47.45083" lon="12.56149">
        <ele>1157</ele>
        <time>2026-05-12T21:51:57+00:00</time>
      </trkpt>
      <trkpt lat="47.45089" lon="12.56152">
        <ele>1160</ele>
        <time>2026-05-12T21:52:00+00:00</time>
      </trkpt>
      <trkpt lat="47.45084" lon="12.56145">
        <ele>1157</ele>
        <time>2026-05-12T21:52:03+00:00</time>
      </trkpt>
      <trkpt lat="47.4508" lon="12.56137">
        <ele>1156</ele>
        <time>2026-05-12T21:52:06+00:00</time>
      </trkpt>
      <trkpt lat="47.45076" lon="12.56127">
        <ele>1160</ele>
        <time>2026-05-12T21:52:09+00:00</time>
      </trkpt>
      <trkpt lat="47.45068" lon="12.56099">
        <ele>1159</ele>
        <time>2026-05-12T21:52:12+00:00</time>
      </trkpt>
      <trkpt lat="47.45066" lon="12.5608">
        <ele>1158</ele>
        <time>2026-05-12T21:52:15+00:00</time>
      </trkpt>
      <trkpt lat="47.45064" lon="12.56071">
        <ele>1160</ele>
        <time>2026-05-12T21:52:18+00:00</time>
      </trkpt>
      <trkpt lat="47.45059" lon="12.56065">
        <ele>1160</ele>
        <time>2026-05-12T21:52:21+00:00</time>
      </trkpt>
      <trkpt lat="47.45057" lon="12.56065">
        <ele>1160</ele>
        <time>2026-05-12T21:52:24+00:00</time>
      </trkpt>
      <trkpt lat="47.45055" lon="12.56066">
        <ele>1160</ele>
        <time>2026-05-12T21:52:27+00:00</time>
      </trkpt>
      <trkpt lat="47.45038" lon="12.56034">
        <ele>1157</ele>
        <time>2026-05-12T21:52:30+00:00</time>
      </trkpt>
      <trkpt lat="47.45031" lon="12.56004">
        <ele>1154</ele>
        <time>2026-05-12T21:52:33+00:00</time>
      </trkpt>
      <trkpt lat="47.45021" lon="12.55977">
        <ele>1153</ele>
        <time>2026-05-12T21:52:36+00:00</time>
      </trkpt>
      <trkpt lat="47.4501" lon="12.55953">
        <ele>1153</ele>
        <time>2026-05-12T21:52:39+00:00</time>
      </trkpt>
      <trkpt lat="47.45007" lon="12.5595">
        <ele>1156</ele>
        <time>2026-05-12T21:52:42+00:00</time>
      </trkpt>
      <trkpt lat="47.45002" lon="12.55939">
        <ele>1156</ele>
        <time>2026-05-12T21:52:45+00:00</time>
      </trkpt>
      <trkpt lat="47.44997" lon="12.55923">
        <ele>1161</ele>
        <time>2026-05-12T21:52:48+00:00</time>
      </trkpt>
      <trkpt lat="47.44994" lon="12.55911">
        <ele>1162</ele>
        <time>2026-05-12T21:52:51+00:00</time>
      </trkpt>
      <trkpt lat="47.44982" lon="12.55886">
        <ele>1168</ele>
        <time>2026-05-12T21:52:54+00:00</time>
      </trkpt>
      <trkpt lat="47.44977" lon="12.55875">
        <ele>1173</ele>
        <time>2026-05-12T21:52:57+00:00</time>
      </trkpt>
      <trkpt lat="47.44977" lon="12.55861">
        <ele>1171</ele>
        <time>2026-05-12T21:53:00+00:00</time>
      </trkpt>
      <trkpt lat="47.44983" lon="12.5585">
        <ele>1177</ele>
        <time>2026-05-12T21:53:03+00:00</time>
      </trkpt>
      <trkpt lat="47.44994" lon="12.5585">
        <ele>1169</ele>
        <time>2026-05-12T21:53:06+00:00</time>
      </trkpt>
      <trkpt lat="47.45004" lon="12.55854">
        <ele>1172</ele>
        <time>2026-05-12T21:53:09+00:00</time>
      </trkpt>
      <trkpt lat="47.45028" lon="12.55858">
        <ele>1167</ele>
        <time>2026-05-12T21:53:12+00:00</time>
      </trkpt>
      <trkpt lat="47.45039" lon="12.55858">
        <ele>1165</ele>
        <time>2026-05-12T21:53:15+00:00</time>
      </trkpt>
      <trkpt lat="47.45049" lon="12.55864">
        <ele>1159</ele>
        <time>2026-05-12T21:53:18+00:00</time>
      </trkpt>
      <trkpt lat="47.4507" lon="12.55872">
        <ele>1148</ele>
        <time>2026-05-12T21:53:21+00:00</time>
      </trkpt>
      <trkpt lat="47.45089" lon="12.55876">
        <ele>1146</ele>
        <time>2026-05-12T21:53:24+00:00</time>
      </trkpt>
      <trkpt lat="47.45101" lon="12.55878">
        <ele>1140</ele>
        <time>2026-05-12T21:53:27+00:00</time>
      </trkpt>
      <trkpt lat="47.45112" lon="12.55882">
        <ele>1141</ele>
        <time>2026-05-12T21:53:30+00:00</time>
      </trkpt>
      <trkpt lat="47.45114" lon="12.55887">
        <ele>1135</ele>
        <time>2026-05-12T21:53:33+00:00</time>
      </trkpt>
      <trkpt lat="47.45116" lon="12.55882">
        <ele>1135</ele>
        <time>2026-05-12T21:53:36+00:00</time>
      </trkpt>
      <trkpt lat="47.45132" lon="12.55859">
        <ele>1139</ele>
        <time>2026-05-12T21:53:39+00:00</time>
      </trkpt>
      <trkpt lat="47.4514" lon="12.55847">
        <ele>1138</ele>
        <time>2026-05-12T21:53:42+00:00</time>
      </trkpt>
      <trkpt lat="47.45152" lon="12.5582">
        <ele>1137</ele>
        <time>2026-05-12T21:53:45+00:00</time>
      </trkpt>
      <trkpt lat="47.45155" lon="12.55814">
        <ele>1137</ele>
        <time>2026-05-12T21:53:48+00:00</time>
      </trkpt>
      <trkpt lat="47.45153" lon="12.55814">
        <ele>1137</ele>
        <time>2026-05-12T21:53:51+00:00</time>
      </trkpt>
      <trkpt lat="47.45152" lon="12.55811">
        <ele>1137</ele>
        <time>2026-05-12T21:53:54+00:00</time>
      </trkpt>
      <trkpt lat="47.45155" lon="12.55804">
        <ele>1138</ele>
        <time>2026-05-12T21:53:57+00:00</time>
      </trkpt>
      <trkpt lat="47.45164" lon="12.55791">
        <ele>1136</ele>
        <time>2026-05-12T21:54:00+00:00</time>
      </trkpt>
      <trkpt lat="47.45165" lon="12.5579">
        <ele>1136</ele>
        <time>2026-05-12T21:54:03+00:00</time>
      </trkpt>
      <trkpt lat="47.45161" lon="12.55794">
        <ele>1136</ele>
        <time>2026-05-12T21:54:06+00:00</time>
      </trkpt>
      <trkpt lat="47.45162" lon="12.55796">
        <ele>1136</ele>
        <time>2026-05-12T21:54:09+00:00</time>
      </trkpt>
      <trkpt lat="47.45169" lon="12.55794">
        <ele>1136</ele>
        <time>2026-05-12T21:54:12+00:00</time>
      </trkpt>
      <trkpt lat="47.4517" lon="12.55791">
        <ele>1132</ele>
        <time>2026-05-12T21:54:15+00:00</time>
      </trkpt>
      <trkpt lat="47.45176" lon="12.55787">
        <ele>1133</ele>
        <time>2026-05-12T21:54:18+00:00</time>
      </trkpt>
      <trkpt lat="47.45202" lon="12.55772">
        <ele>1122</ele>
        <time>2026-05-12T21:54:21+00:00</time>
      </trkpt>
      <trkpt lat="47.45213" lon="12.55771">
        <ele>1118</ele>
        <time>2026-05-12T21:54:24+00:00</time>
      </trkpt>
      <trkpt lat="47.45214" lon="12.55768">
        <ele>1119</ele>
        <time>2026-05-12T21:54:27+00:00</time>
      </trkpt>
      <trkpt lat="47.45214" lon="12.55752">
        <ele>1120</ele>
        <time>2026-05-12T21:54:30+00:00</time>
      </trkpt>
      <trkpt lat="47.45216" lon="12.55738">
        <ele>1121</ele>
        <time>2026-05-12T21:54:33+00:00</time>
      </trkpt>
      <trkpt lat="47.45225" lon="12.55726">
        <ele>1119</ele>
        <time>2026-05-12T21:54:36+00:00</time>
      </trkpt>
      <trkpt lat="47.45229" lon="12.55714">
        <ele>1119</ele>
        <time>2026-05-12T21:54:39+00:00</time>
      </trkpt>
      <trkpt lat="47.45245" lon="12.55694">
        <ele>1114</ele>
        <time>2026-05-12T21:54:42+00:00</time>
      </trkpt>
      <trkpt lat="47.45258" lon="12.55669">
        <ele>1113</ele>
        <time>2026-05-12T21:54:45+00:00</time>
      </trkpt>
      <trkpt lat="47.4526" lon="12.55661">
        <ele>1113</ele>
        <time>2026-05-12T21:54:48+00:00</time>
      </trkpt>
      <trkpt lat="47.45261" lon="12.55658">
        <ele>1110</ele>
        <time>2026-05-12T21:54:51+00:00</time>
      </trkpt>
      <trkpt lat="47.45269" lon="12.55648">
        <ele>1110</ele>
        <time>2026-05-12T21:54:54+00:00</time>
      </trkpt>
      <trkpt lat="47.45274" lon="12.55641">
        <ele>1107</ele>
        <time>2026-05-12T21:54:57+00:00</time>
      </trkpt>
      <trkpt lat="47.45273" lon="12.55643">
        <ele>1107</ele>
        <time>2026-05-12T21:55:00+00:00</time>
      </trkpt>
      <trkpt lat="47.45273" lon="12.55626">
        <ele>1107</ele>
        <time>2026-05-12T21:55:03+00:00</time>
      </trkpt>
      <trkpt lat="47.45279" lon="12.55614">
        <ele>1107</ele>
        <time>2026-05-12T21:55:06+00:00</time>
      </trkpt>
      <trkpt lat="47.45288" lon="12.55602">
        <ele>1104</ele>
        <time>2026-05-12T21:55:09+00:00</time>
      </trkpt>
      <trkpt lat="47.45293" lon="12.55591">
        <ele>1101</ele>
        <time>2026-05-12T21:55:12+00:00</time>
      </trkpt>
      <trkpt lat="47.45299" lon="12.5558">
        <ele>1102</ele>
        <time>2026-05-12T21:55:15+00:00</time>
      </trkpt>
      <trkpt lat="47.45305" lon="12.55565">
        <ele>1099</ele>
        <time>2026-05-12T21:55:18+00:00</time>
      </trkpt>
      <trkpt lat="47.45314" lon="12.55536">
        <ele>1096</ele>
        <time>2026-05-12T21:55:21+00:00</time>
      </trkpt>
      <trkpt lat="47.45316" lon="12.55533">
        <ele>1096</ele>
        <time>2026-05-12T21:55:24+00:00</time>
      </trkpt>
      <trkpt lat="47.45317" lon="12.55527">
        <ele>1097</ele>
        <time>2026-05-12T21:55:27+00:00</time>
      </trkpt>
      <trkpt lat="47.4532" lon="12.55521">
        <ele>1097</ele>
        <time>2026-05-12T21:55:30+00:00</time>
      </trkpt>
      <trkpt lat="47.45325" lon="12.55515">
        <ele>1094</ele>
        <time>2026-05-12T21:55:33+00:00</time>
      </trkpt>
      <trkpt lat="47.45327" lon="12.55509">
        <ele>1094</ele>
        <time>2026-05-12T21:55:36+00:00</time>
      </trkpt>
      <trkpt lat="47.45331" lon="12.55505">
        <ele>1091</ele>
        <time>2026-05-12T21:55:39+00:00</time>
      </trkpt>
      <trkpt lat="47.45333" lon="12.55501">
        <ele>1091</ele>
        <time>2026-05-12T21:55:42+00:00</time>
      </trkpt>
      <trkpt lat="47.45333" lon="12.55497">
        <ele>1091</ele>
        <time>2026-05-12T21:55:45+00:00</time>
      </trkpt>
      <trkpt lat="47.45335" lon="12.55492">
        <ele>1091</ele>
        <time>2026-05-12T21:55:48+00:00</time>
      </trkpt>
      <trkpt lat="47.4534" lon="12.55481">
        <ele>1092</ele>
        <time>2026-05-12T21:55:51+00:00</time>
      </trkpt>
      <trkpt lat="47.45343" lon="12.55471">
        <ele>1089</ele>
        <time>2026-05-12T21:55:54+00:00</time>
      </trkpt>
      <trkpt lat="47.45344" lon="12.55464">
        <ele>1089</ele>
        <time>2026-05-12T21:55:57+00:00</time>
      </trkpt>
      <trkpt lat="47.45346" lon="12.55461">
        <ele>1089</ele>
        <time>2026-05-12T21:56:00+00:00</time>
      </trkpt>
      <trkpt lat="47.45359" lon="12.55426">
        <ele>1088</ele>
        <time>2026-05-12T21:56:03+00:00</time>
      </trkpt>
      <trkpt lat="47.45361" lon="12.55423">
        <ele>1084</ele>
        <time>2026-05-12T21:56:06+00:00</time>
      </trkpt>
      <trkpt lat="47.45367" lon="12.55416">
        <ele>1085</ele>
        <time>2026-05-12T21:56:09+00:00</time>
      </trkpt>
      <trkpt lat="47.45373" lon="12.55411">
        <ele>1081</ele>
        <time>2026-05-12T21:56:12+00:00</time>
      </trkpt>
      <trkpt lat="47.45374" lon="12.55408">
        <ele>1082</ele>
        <time>2026-05-12T21:56:15+00:00</time>
      </trkpt>
      <trkpt lat="47.45383" lon="12.55397">
        <ele>1079</ele>
        <time>2026-05-12T21:56:18+00:00</time>
      </trkpt>
      <trkpt lat="47.45395" lon="12.5539">
        <ele>1076</ele>
        <time>2026-05-12T21:56:21+00:00</time>
      </trkpt>
      <trkpt lat="47.45397" lon="12.5538">
        <ele>1077</ele>
        <time>2026-05-12T21:56:24+00:00</time>
      </trkpt>
      <trkpt lat="47.45399" lon="12.55382">
        <ele>1077</ele>
        <time>2026-05-12T21:56:27+00:00</time>
      </trkpt>
      <trkpt lat="47.4542" lon="12.55372">
        <ele>1071</ele>
        <time>2026-05-12T21:56:30+00:00</time>
      </trkpt>
      <trkpt lat="47.45429" lon="12.55369">
        <ele>1070</ele>
        <time>2026-05-12T21:56:33+00:00</time>
      </trkpt>
      <trkpt lat="47.4545" lon="12.5536">
        <ele>1064</ele>
        <time>2026-05-12T21:56:36+00:00</time>
      </trkpt>
      <trkpt lat="47.45472" lon="12.55354">
        <ele>1060</ele>
        <time>2026-05-12T21:56:39+00:00</time>
      </trkpt>
      <trkpt lat="47.45493" lon="12.55341">
        <ele>1057</ele>
        <time>2026-05-12T21:56:42+00:00</time>
      </trkpt>
      <trkpt lat="47.455" lon="12.55332">
        <ele>1055</ele>
        <time>2026-05-12T21:56:45+00:00</time>
      </trkpt>
      <trkpt lat="47.45506" lon="12.55328">
        <ele>1056</ele>
        <time>2026-05-12T21:56:48+00:00</time>
      </trkpt>
      <trkpt lat="47.45516" lon="12.55331">
        <ele>1053</ele>
        <time>2026-05-12T21:56:51+00:00</time>
      </trkpt>
      <trkpt lat="47.45516" lon="12.55334">
        <ele>1053</ele>
        <time>2026-05-12T21:56:54+00:00</time>
      </trkpt>
      <trkpt lat="47.45518" lon="12.55333">
        <ele>1053</ele>
        <time>2026-05-12T21:56:57+00:00</time>
      </trkpt>
      <trkpt lat="47.4552" lon="12.55334">
        <ele>1050</ele>
        <time>2026-05-12T21:57:00+00:00</time>
      </trkpt>
      <trkpt lat="47.45522" lon="12.55337">
        <ele>1050</ele>
        <time>2026-05-12T21:57:03+00:00</time>
      </trkpt>
      <trkpt lat="47.45523" lon="12.5534">
        <ele>1050</ele>
        <time>2026-05-12T21:57:06+00:00</time>
      </trkpt>
      <trkpt lat="47.45523" lon="12.55363">
        <ele>1047</ele>
        <time>2026-05-12T21:57:09+00:00</time>
      </trkpt>
      <trkpt lat="47.45527" lon="12.55393">
        <ele>1044</ele>
        <time>2026-05-12T21:57:12+00:00</time>
      </trkpt>
      <trkpt lat="47.45551" lon="12.55377">
        <ele>1038</ele>
        <time>2026-05-12T21:57:15+00:00</time>
      </trkpt>
      <trkpt lat="47.45557" lon="12.55375">
        <ele>1038</ele>
        <time>2026-05-12T21:57:18+00:00</time>
      </trkpt>
      <trkpt lat="47.45561" lon="12.55376">
        <ele>1035</ele>
        <time>2026-05-12T21:57:21+00:00</time>
      </trkpt>
      <trkpt lat="47.45564" lon="12.55379">
        <ele>1035</ele>
        <time>2026-05-12T21:57:24+00:00</time>
      </trkpt>
      <trkpt lat="47.45568" lon="12.55384">
        <ele>1034</ele>
        <time>2026-05-12T21:57:27+00:00</time>
      </trkpt>
      <trkpt lat="47.45578" lon="12.55378">
        <ele>1031</ele>
        <time>2026-05-12T21:57:30+00:00</time>
      </trkpt>
      <trkpt lat="47.45583" lon="12.55378">
        <ele>1028</ele>
        <time>2026-05-12T21:57:33+00:00</time>
      </trkpt>
      <trkpt lat="47.45586" lon="12.55381">
        <ele>1027</ele>
        <time>2026-05-12T21:57:36+00:00</time>
      </trkpt>
      <trkpt lat="47.45592" lon="12.55394">
        <ele>1023</ele>
        <time>2026-05-12T21:57:39+00:00</time>
      </trkpt>
      <trkpt lat="47.45601" lon="12.55396">
        <ele>1019</ele>
        <time>2026-05-12T21:57:42+00:00</time>
      </trkpt>
      <trkpt lat="47.45608" lon="12.55387">
        <ele>1020</ele>
        <time>2026-05-12T21:57:45+00:00</time>
      </trkpt>
      <trkpt lat="47.4561" lon="12.55383">
        <ele>1020</ele>
        <time>2026-05-12T21:57:48+00:00</time>
      </trkpt>
      <trkpt lat="47.45615" lon="12.55383">
        <ele>1017</ele>
        <time>2026-05-12T21:57:51+00:00</time>
      </trkpt>
      <trkpt lat="47.45624" lon="12.55384">
        <ele>1013</ele>
        <time>2026-05-12T21:57:54+00:00</time>
      </trkpt>
      <trkpt lat="47.45631" lon="12.55397">
        <ele>1009</ele>
        <time>2026-05-12T21:57:57+00:00</time>
      </trkpt>
      <trkpt lat="47.45637" lon="12.55408">
        <ele>1007</ele>
        <time>2026-05-12T21:58:00+00:00</time>
      </trkpt>
      <trkpt lat="47.45643" lon="12.55397">
        <ele>1005</ele>
        <time>2026-05-12T21:58:03+00:00</time>
      </trkpt>
      <trkpt lat="47.45644" lon="12.55383">
        <ele>1006</ele>
        <time>2026-05-12T21:58:06+00:00</time>
      </trkpt>
      <trkpt lat="47.45647" lon="12.55369">
        <ele>1008</ele>
        <time>2026-05-12T21:58:09+00:00</time>
      </trkpt>
      <trkpt lat="47.45652" lon="12.55357">
        <ele>1005</ele>
        <time>2026-05-12T21:58:12+00:00</time>
      </trkpt>
      <trkpt lat="47.45659" lon="12.55344">
        <ele>1006</ele>
        <time>2026-05-12T21:58:15+00:00</time>
      </trkpt>
      <trkpt lat="47.45668" lon="12.55337">
        <ele>1004</ele>
        <time>2026-05-12T21:58:18+00:00</time>
      </trkpt>
      <trkpt lat="47.45678" lon="12.55334">
        <ele>1000</ele>
        <time>2026-05-12T21:58:21+00:00</time>
      </trkpt>
      <trkpt lat="47.45689" lon="12.55334">
        <ele>997</ele>
        <time>2026-05-12T21:58:24+00:00</time>
      </trkpt>
      <trkpt lat="47.45698" lon="12.55328">
        <ele>993</ele>
        <time>2026-05-12T21:58:27+00:00</time>
      </trkpt>
      <trkpt lat="47.45713" lon="12.55309">
        <ele>987</ele>
        <time>2026-05-12T21:58:30+00:00</time>
      </trkpt>
      <trkpt lat="47.4572" lon="12.55295">
        <ele>984</ele>
        <time>2026-05-12T21:58:33+00:00</time>
      </trkpt>
      <trkpt lat="47.45722" lon="12.55292">
        <ele>984</ele>
        <time>2026-05-12T21:58:36+00:00</time>
      </trkpt>
      <trkpt lat="47.45727" lon="12.55272">
        <ele>986</ele>
        <time>2026-05-12T21:58:39+00:00</time>
      </trkpt>
      <trkpt lat="47.45731" lon="12.55262">
        <ele>983</ele>
        <time>2026-05-12T21:58:42+00:00</time>
      </trkpt>
      <trkpt lat="47.45733" lon="12.55258">
        <ele>984</ele>
        <time>2026-05-12T21:58:45+00:00</time>
      </trkpt>
      <trkpt lat="47.45737" lon="12.55258">
        <ele>984</ele>
        <time>2026-05-12T21:58:48+00:00</time>
      </trkpt>
      <trkpt lat="47.4574" lon="12.55256">
        <ele>984</ele>
        <time>2026-05-12T21:58:51+00:00</time>
      </trkpt>
      <trkpt lat="47.4574" lon="12.5526">
        <ele>979</ele>
        <time>2026-05-12T21:58:54+00:00</time>
      </trkpt>
      <trkpt lat="47.45743" lon="12.55259">
        <ele>981</ele>
        <time>2026-05-12T21:58:57+00:00</time>
      </trkpt>
      <trkpt lat="47.45748" lon="12.55258">
        <ele>981</ele>
        <time>2026-05-12T21:59:00+00:00</time>
      </trkpt>
      <trkpt lat="47.45759" lon="12.55251">
        <ele>977</ele>
        <time>2026-05-12T21:59:03+00:00</time>
      </trkpt>
      <trkpt lat="47.45765" lon="12.55249">
        <ele>976</ele>
        <time>2026-05-12T21:59:06+00:00</time>
      </trkpt>
      <trkpt lat="47.45774" lon="12.55247">
        <ele>974</ele>
        <time>2026-05-12T21:59:09+00:00</time>
      </trkpt>
      <trkpt lat="47.45786" lon="12.55237">
        <ele>974</ele>
        <time>2026-05-12T21:59:12+00:00</time>
      </trkpt>
      <trkpt lat="47.45791" lon="12.55237">
        <ele>972</ele>
        <time>2026-05-12T21:59:15+00:00</time>
      </trkpt>
      <trkpt lat="47.45796" lon="12.55241">
        <ele>970</ele>
        <time>2026-05-12T21:59:18+00:00</time>
      </trkpt>
      <trkpt lat="47.45799" lon="12.55242">
        <ele>970</ele>
        <time>2026-05-12T21:59:21+00:00</time>
      </trkpt>
      <trkpt lat="47.45805" lon="12.55246">
        <ele>968</ele>
        <time>2026-05-12T21:59:24+00:00</time>
      </trkpt>
      <trkpt lat="47.45814" lon="12.55244">
        <ele>966</ele>
        <time>2026-05-12T21:59:27+00:00</time>
      </trkpt>
      <trkpt lat="47.45841" lon="12.55246">
        <ele>957</ele>
        <time>2026-05-12T21:59:30+00:00</time>
      </trkpt>
      <trkpt lat="47.45846" lon="12.55248">
        <ele>957</ele>
        <time>2026-05-12T21:59:33+00:00</time>
      </trkpt>
      <trkpt lat="47.45851" lon="12.55251">
        <ele>953</ele>
        <time>2026-05-12T21:59:36+00:00</time>
      </trkpt>
      <trkpt lat="47.45854" lon="12.55253">
        <ele>953</ele>
        <time>2026-05-12T21:59:39+00:00</time>
      </trkpt>
      <trkpt lat="47.45857" lon="12.55257">
        <ele>953</ele>
        <time>2026-05-12T21:59:42+00:00</time>
      </trkpt>
      <trkpt lat="47.4587" lon="12.55266">
        <ele>949</ele>
        <time>2026-05-12T21:59:45+00:00</time>
      </trkpt>
      <trkpt lat="47.45874" lon="12.5527">
        <ele>943</ele>
        <time>2026-05-12T21:59:48+00:00</time>
      </trkpt>
      <trkpt lat="47.45881" lon="12.5528">
        <ele>938</ele>
        <time>2026-05-12T21:59:51+00:00</time>
      </trkpt>
      <trkpt lat="47.45886" lon="12.55283">
        <ele>938</ele>
        <time>2026-05-12T21:59:54+00:00</time>
      </trkpt>
      <trkpt lat="47.45893" lon="12.55278">
        <ele>937</ele>
        <time>2026-05-12T21:59:57+00:00</time>
      </trkpt>
      <trkpt lat="47.45895" lon="12.55273">
        <ele>937</ele>
        <time>2026-05-12T22:00:00+00:00</time>
      </trkpt>
      <trkpt lat="47.45903" lon="12.55265">
        <ele>936</ele>
        <time>2026-05-12T22:00:03+00:00</time>
      </trkpt>
      <trkpt lat="47.45907" lon="12.55262">
        <ele>936</ele>
        <time>2026-05-12T22:00:06+00:00</time>
      </trkpt>
      <trkpt lat="47.45913" lon="12.55259">
        <ele>933</ele>
        <time>2026-05-12T22:00:09+00:00</time>
      </trkpt>
      <trkpt lat="47.45923" lon="12.55259">
        <ele>930</ele>
        <time>2026-05-12T22:00:12+00:00</time>
      </trkpt>
      <trkpt lat="47.45932" lon="12.5526">
        <ele>927</ele>
        <time>2026-05-12T22:00:15+00:00</time>
      </trkpt>
      <trkpt lat="47.45938" lon="12.55263">
        <ele>926</ele>
        <time>2026-05-12T22:00:18+00:00</time>
      </trkpt>
      <trkpt lat="47.45945" lon="12.55262">
        <ele>923</ele>
        <time>2026-05-12T22:00:21+00:00</time>
      </trkpt>
      <trkpt lat="47.45952" lon="12.55263">
        <ele>919</ele>
        <time>2026-05-12T22:00:24+00:00</time>
      </trkpt>
      <trkpt lat="47.45961" lon="12.55269">
        <ele>917</ele>
        <time>2026-05-12T22:00:27+00:00</time>
      </trkpt>
      <trkpt lat="47.45964" lon="12.55271">
        <ele>916</ele>
        <time>2026-05-12T22:00:30+00:00</time>
      </trkpt>
      <trkpt lat="47.45966" lon="12.55274">
        <ele>916</ele>
        <time>2026-05-12T22:00:33+00:00</time>
      </trkpt>
      <trkpt lat="47.45971" lon="12.55287">
        <ele>914</ele>
        <time>2026-05-12T22:00:36+00:00</time>
      </trkpt>
      <trkpt lat="47.45973" lon="12.5529">
        <ele>914</ele>
        <time>2026-05-12T22:00:39+00:00</time>
      </trkpt>
      <trkpt lat="47.45975" lon="12.55291">
        <ele>914</ele>
        <time>2026-05-12T22:00:42+00:00</time>
      </trkpt>
      <trkpt lat="47.45984" lon="12.5529">
        <ele>913</ele>
        <time>2026-05-12T22:00:45+00:00</time>
      </trkpt>
      <trkpt lat="47.45988" lon="12.55288">
        <ele>913</ele>
        <time>2026-05-12T22:00:48+00:00</time>
      </trkpt>
      <trkpt lat="47.45992" lon="12.55287">
        <ele>911</ele>
        <time>2026-05-12T22:00:51+00:00</time>
      </trkpt>
      <trkpt lat="47.45998" lon="12.55288">
        <ele>911</ele>
        <time>2026-05-12T22:00:54+00:00</time>
      </trkpt>
      <trkpt lat="47.46" lon="12.55294">
        <ele>912</ele>
        <time>2026-05-12T22:00:57+00:00</time>
      </trkpt>
      <trkpt lat="47.45997" lon="12.5531">
        <ele>911</ele>
        <time>2026-05-12T22:01:00+00:00</time>
      </trkpt>
      <trkpt lat="47.45993" lon="12.55315">
        <ele>911</ele>
        <time>2026-05-12T22:01:03+00:00</time>
      </trkpt>
      <trkpt lat="47.4599" lon="12.55321">
        <ele>911</ele>
        <time>2026-05-12T22:01:06+00:00</time>
      </trkpt>
      <trkpt lat="47.45986" lon="12.55326">
        <ele>912</ele>
        <time>2026-05-12T22:01:09+00:00</time>
      </trkpt>
      <trkpt lat="47.45993" lon="12.55328">
        <ele>911</ele>
        <time>2026-05-12T22:01:12+00:00</time>
      </trkpt>
      <trkpt lat="47.46009" lon="12.5532">
        <ele>910</ele>
        <time>2026-05-12T22:01:15+00:00</time>
      </trkpt>
      <trkpt lat="47.46012" lon="12.55313">
        <ele>908</ele>
        <time>2026-05-12T22:01:18+00:00</time>
      </trkpt>
      <trkpt lat="47.46019" lon="12.55304">
        <ele>908</ele>
        <time>2026-05-12T22:01:21+00:00</time>
      </trkpt>
      <trkpt lat="47.46025" lon="12.55299">
        <ele>906</ele>
        <time>2026-05-12T22:01:24+00:00</time>
      </trkpt>
      <trkpt lat="47.46031" lon="12.55294">
        <ele>905</ele>
        <time>2026-05-12T22:01:27+00:00</time>
      </trkpt>
      <trkpt lat="47.46036" lon="12.55294">
        <ele>905</ele>
        <time>2026-05-12T22:01:30+00:00</time>
      </trkpt>
      <trkpt lat="47.4604" lon="12.5529">
        <ele>904</ele>
        <time>2026-05-12T22:01:33+00:00</time>
      </trkpt>
      <trkpt lat="47.46051" lon="12.55288">
        <ele>903</ele>
        <time>2026-05-12T22:01:36+00:00</time>
      </trkpt>
      <trkpt lat="47.46061" lon="12.55293">
        <ele>902</ele>
        <time>2026-05-12T22:01:39+00:00</time>
      </trkpt>
      <trkpt lat="47.4607" lon="12.55297">
        <ele>902</ele>
        <time>2026-05-12T22:01:42+00:00</time>
      </trkpt>
      <trkpt lat="47.46077" lon="12.55298">
        <ele>902</ele>
        <time>2026-05-12T22:01:45+00:00</time>
      </trkpt>
      <trkpt lat="47.46086" lon="12.55301">
        <ele>901</ele>
        <time>2026-05-12T22:01:48+00:00</time>
      </trkpt>
      <trkpt lat="47.46086" lon="12.55301">
        <ele>901</ele>
        <time>2026-05-12T22:01:51+00:00</time>
      </trkpt>
      <trkpt lat="47.46101" lon="12.55303">
        <ele>899</ele>
        <time>2026-05-12T22:01:54+00:00</time>
      </trkpt>
      <trkpt lat="47.46107" lon="12.55305">
        <ele>899</ele>
        <time>2026-05-12T22:01:57+00:00</time>
      </trkpt>
      <trkpt lat="47.46113" lon="12.5531">
        <ele>897</ele>
        <time>2026-05-12T22:02:00+00:00</time>
      </trkpt>
      <trkpt lat="47.46122" lon="12.55319">
        <ele>897</ele>
        <time>2026-05-12T22:02:03+00:00</time>
      </trkpt>
      <trkpt lat="47.46128" lon="12.55324">
        <ele>896</ele>
        <time>2026-05-12T22:02:06+00:00</time>
      </trkpt>
      <trkpt lat="47.46138" lon="12.5533">
        <ele>895</ele>
        <time>2026-05-12T22:02:09+00:00</time>
      </trkpt>
      <trkpt lat="47.46147" lon="12.5533">
        <ele>893</ele>
        <time>2026-05-12T22:02:12+00:00</time>
      </trkpt>
      <trkpt lat="47.4616" lon="12.55326">
        <ele>893</ele>
        <time>2026-05-12T22:02:15+00:00</time>
      </trkpt>
      <trkpt lat="47.46171" lon="12.55322">
        <ele>891</ele>
        <time>2026-05-12T22:02:18+00:00</time>
      </trkpt>
      <trkpt lat="47.46179" lon="12.55322">
        <ele>891</ele>
        <time>2026-05-12T22:02:21+00:00</time>
      </trkpt>
      <trkpt lat="47.46185" lon="12.55321">
        <ele>891</ele>
        <time>2026-05-12T22:02:24+00:00</time>
      </trkpt>
      <trkpt lat="47.46192" lon="12.55323">
        <ele>890</ele>
        <time>2026-05-12T22:02:27+00:00</time>
      </trkpt>
      <trkpt lat="47.46202" lon="12.55329">
        <ele>889</ele>
        <time>2026-05-12T22:02:30+00:00</time>
      </trkpt>
      <trkpt lat="47.4621" lon="12.55339">
        <ele>887</ele>
        <time>2026-05-12T22:02:33+00:00</time>
      </trkpt>
      <trkpt lat="47.46218" lon="12.55345">
        <ele>886</ele>
        <time>2026-05-12T22:02:36+00:00</time>
      </trkpt>
      <trkpt lat="47.46223" lon="12.55347">
        <ele>885</ele>
        <time>2026-05-12T22:02:39+00:00</time>
      </trkpt>
      <trkpt lat="47.4623" lon="12.55344">
        <ele>885</ele>
        <time>2026-05-12T22:02:42+00:00</time>
      </trkpt>
      <trkpt lat="47.46238" lon="12.55342">
        <ele>885</ele>
        <time>2026-05-12T22:02:45+00:00</time>
      </trkpt>
      <trkpt lat="47.46245" lon="12.55341">
        <ele>884</ele>
        <time>2026-05-12T22:02:48+00:00</time>
      </trkpt>
      <trkpt lat="47.46251" lon="12.55341">
        <ele>884</ele>
        <time>2026-05-12T22:02:51+00:00</time>
      </trkpt>
      <trkpt lat="47.46258" lon="12.55341">
        <ele>884</ele>
        <time>2026-05-12T22:02:54+00:00</time>
      </trkpt>
      <trkpt lat="47.46267" lon="12.55338">
        <ele>885</ele>
        <time>2026-05-12T22:02:57+00:00</time>
      </trkpt>
      <trkpt lat="47.46275" lon="12.5534">
        <ele>883</ele>
        <time>2026-05-12T22:03:00+00:00</time>
      </trkpt>
      <trkpt lat="47.46282" lon="12.5534">
        <ele>884</ele>
        <time>2026-05-12T22:03:03+00:00</time>
      </trkpt>
      <trkpt lat="47.46292" lon="12.55345">
        <ele>882</ele>
        <time>2026-05-12T22:03:06+00:00</time>
      </trkpt>
      <trkpt lat="47.46303" lon="12.55351">
        <ele>881</ele>
        <time>2026-05-12T22:03:09+00:00</time>
      </trkpt>
      <trkpt lat="47.46311" lon="12.55356">
        <ele>880</ele>
        <time>2026-05-12T22:03:12+00:00</time>
      </trkpt>
      <trkpt lat="47.46317" lon="12.55363">
        <ele>878</ele>
        <time>2026-05-12T22:03:15+00:00</time>
      </trkpt>
      <trkpt lat="47.46324" lon="12.5537">
        <ele>875</ele>
        <time>2026-05-12T22:03:18+00:00</time>
      </trkpt>
      <trkpt lat="47.46332" lon="12.55376">
        <ele>874</ele>
        <time>2026-05-12T22:03:21+00:00</time>
      </trkpt>
      <trkpt lat="47.4634" lon="12.55378">
        <ele>873</ele>
        <time>2026-05-12T22:03:24+00:00</time>
      </trkpt>
      <trkpt lat="47.46347" lon="12.55375">
        <ele>873</ele>
        <time>2026-05-12T22:03:27+00:00</time>
      </trkpt>
      <trkpt lat="47.46354" lon="12.55373">
        <ele>872</ele>
        <time>2026-05-12T22:03:30+00:00</time>
      </trkpt>
      <trkpt lat="47.46363" lon="12.55372">
        <ele>871</ele>
        <time>2026-05-12T22:03:33+00:00</time>
      </trkpt>
      <trkpt lat="47.4637" lon="12.55371">
        <ele>870</ele>
        <time>2026-05-12T22:03:36+00:00</time>
      </trkpt>
      <trkpt lat="47.46381" lon="12.55374">
        <ele>869</ele>
        <time>2026-05-12T22:03:39+00:00</time>
      </trkpt>
      <trkpt lat="47.4639" lon="12.55375">
        <ele>869</ele>
        <time>2026-05-12T22:03:42+00:00</time>
      </trkpt>
      <trkpt lat="47.46395" lon="12.55372">
        <ele>867</ele>
        <time>2026-05-12T22:03:45+00:00</time>
      </trkpt>
      <trkpt lat="47.46401" lon="12.55368">
        <ele>867</ele>
        <time>2026-05-12T22:03:48+00:00</time>
      </trkpt>
      <trkpt lat="47.46408" lon="12.55364">
        <ele>867</ele>
        <time>2026-05-12T22:03:51+00:00</time>
      </trkpt>
      <trkpt lat="47.46414" lon="12.55356">
        <ele>866</ele>
        <time>2026-05-12T22:03:54+00:00</time>
      </trkpt>
      <trkpt lat="47.46423" lon="12.55347">
        <ele>866</ele>
        <time>2026-05-12T22:03:57+00:00</time>
      </trkpt>
      <trkpt lat="47.4643" lon="12.55342">
        <ele>864</ele>
        <time>2026-05-12T22:04:00+00:00</time>
      </trkpt>
      <trkpt lat="47.46438" lon="12.55339">
        <ele>865</ele>
        <time>2026-05-12T22:04:03+00:00</time>
      </trkpt>
      <trkpt lat="47.46446" lon="12.55337">
        <ele>863</ele>
        <time>2026-05-12T22:04:06+00:00</time>
      </trkpt>
      <trkpt lat="47.46456" lon="12.55334">
        <ele>862</ele>
        <time>2026-05-12T22:04:09+00:00</time>
      </trkpt>
      <trkpt lat="47.46461" lon="12.55333">
        <ele>860</ele>
        <time>2026-05-12T22:04:12+00:00</time>
      </trkpt>
      <trkpt lat="47.4647" lon="12.5533">
        <ele>860</ele>
        <time>2026-05-12T22:04:15+00:00</time>
      </trkpt>
      <trkpt lat="47.46474" lon="12.55328">
        <ele>860</ele>
        <time>2026-05-12T22:04:18+00:00</time>
      </trkpt>
      <trkpt lat="47.46479" lon="12.55326">
        <ele>860</ele>
        <time>2026-05-12T22:04:21+00:00</time>
      </trkpt>
      <trkpt lat="47.46485" lon="12.55319">
        <ele>860</ele>
        <time>2026-05-12T22:04:24+00:00</time>
      </trkpt>
      <trkpt lat="47.46494" lon="12.55311">
        <ele>858</ele>
        <time>2026-05-12T22:04:27+00:00</time>
      </trkpt>
      <trkpt lat="47.46502" lon="12.55297">
        <ele>858</ele>
        <time>2026-05-12T22:04:30+00:00</time>
      </trkpt>
      <trkpt lat="47.46512" lon="12.55282">
        <ele>857</ele>
        <time>2026-05-12T22:04:33+00:00</time>
      </trkpt>
      <trkpt lat="47.46519" lon="12.55277">
        <ele>858</ele>
        <time>2026-05-12T22:04:36+00:00</time>
      </trkpt>
      <trkpt lat="47.46529" lon="12.55269">
        <ele>857</ele>
        <time>2026-05-12T22:04:39+00:00</time>
      </trkpt>
      <trkpt lat="47.46538" lon="12.55264">
        <ele>855</ele>
        <time>2026-05-12T22:04:42+00:00</time>
      </trkpt>
      <trkpt lat="47.4655" lon="12.5526">
        <ele>852</ele>
        <time>2026-05-12T22:04:45+00:00</time>
      </trkpt>
      <trkpt lat="47.46562" lon="12.55245">
        <ele>852</ele>
        <time>2026-05-12T22:04:48+00:00</time>
      </trkpt>
      <trkpt lat="47.46576" lon="12.55225">
        <ele>852</ele>
        <time>2026-05-12T22:04:51+00:00</time>
      </trkpt>
      <trkpt lat="47.46583" lon="12.55219">
        <ele>851</ele>
        <time>2026-05-12T22:04:54+00:00</time>
      </trkpt>
      <trkpt lat="47.46591" lon="12.55218">
        <ele>849</ele>
        <time>2026-05-12T22:04:57+00:00</time>
      </trkpt>
      <trkpt lat="47.46599" lon="12.5522">
        <ele>849</ele>
        <time>2026-05-12T22:05:00+00:00</time>
      </trkpt>
      <trkpt lat="47.46617" lon="12.55213">
        <ele>846</ele>
        <time>2026-05-12T22:05:03+00:00</time>
      </trkpt>
      <trkpt lat="47.46636" lon="12.55208">
        <ele>843</ele>
        <time>2026-05-12T22:05:06+00:00</time>
      </trkpt>
      <trkpt lat="47.46649" lon="12.55203">
        <ele>842</ele>
        <time>2026-05-12T22:05:09+00:00</time>
      </trkpt>
      <trkpt lat="47.46662" lon="12.55202">
        <ele>839</ele>
        <time>2026-05-12T22:05:12+00:00</time>
      </trkpt>
      <trkpt lat="47.46676" lon="12.55198">
        <ele>838</ele>
        <time>2026-05-12T22:05:15+00:00</time>
      </trkpt>
      <trkpt lat="47.46686" lon="12.55194">
        <ele>837</ele>
        <time>2026-05-12T22:05:18+00:00</time>
      </trkpt>
      <trkpt lat="47.46699" lon="12.55191">
        <ele>835</ele>
        <time>2026-05-12T22:05:21+00:00</time>
      </trkpt>
      <trkpt lat="47.46711" lon="12.55191">
        <ele>835</ele>
        <time>2026-05-12T22:05:24+00:00</time>
      </trkpt>
      <trkpt lat="47.46714" lon="12.55187">
        <ele>833</ele>
        <time>2026-05-12T22:05:27+00:00</time>
      </trkpt>
      <trkpt lat="47.46721" lon="12.55181">
        <ele>833</ele>
        <time>2026-05-12T22:05:30+00:00</time>
      </trkpt>
      <trkpt lat="47.46726" lon="12.55172">
        <ele>834</ele>
        <time>2026-05-12T22:05:33+00:00</time>
      </trkpt>
      <trkpt lat="47.46744" lon="12.55164">
        <ele>835</ele>
        <time>2026-05-12T22:05:36+00:00</time>
      </trkpt>
      <trkpt lat="47.46744" lon="12.55157">
        <ele>834</ele>
        <time>2026-05-12T22:05:39+00:00</time>
      </trkpt>
      <trkpt lat="47.46749" lon="12.55149">
        <ele>835</ele>
        <time>2026-05-12T22:05:42+00:00</time>
      </trkpt>
      <trkpt lat="47.46764" lon="12.55127">
        <ele>836</ele>
        <time>2026-05-12T22:05:45+00:00</time>
      </trkpt>
      <trkpt lat="47.46766" lon="12.5512">
        <ele>837</ele>
        <time>2026-05-12T22:05:48+00:00</time>
      </trkpt>
      <trkpt lat="47.46768" lon="12.55111">
        <ele>837</ele>
        <time>2026-05-12T22:05:51+00:00</time>
      </trkpt>
      <trkpt lat="47.46778" lon="12.55103">
        <ele>837</ele>
        <time>2026-05-12T22:05:54+00:00</time>
      </trkpt>
      <trkpt lat="47.46806" lon="12.55097">
        <ele>837</ele>
        <time>2026-05-12T22:05:57+00:00</time>
      </trkpt>
      <trkpt lat="47.46852" lon="12.55088">
        <ele>837</ele>
        <time>2026-05-12T22:06:00+00:00</time>
      </trkpt>
      <trkpt lat="47.46863" lon="12.55082">
        <ele>836</ele>
        <time>2026-05-12T22:06:03+00:00</time>
      </trkpt>
      <trkpt lat="47.46874" lon="12.55064">
        <ele>837</ele>
        <time>2026-05-12T22:06:06+00:00</time>
      </trkpt>
      <trkpt lat="47.46881" lon="12.5505">
        <ele>838</ele>
        <time>2026-05-12T22:06:09+00:00</time>
      </trkpt>
      <trkpt lat="47.46888" lon="12.55023">
        <ele>839</ele>
        <time>2026-05-12T22:06:12+00:00</time>
      </trkpt>
      <trkpt lat="47.4689" lon="12.55009">
        <ele>839</ele>
        <time>2026-05-12T22:06:15+00:00</time>
      </trkpt>
      <trkpt lat="47.46892" lon="12.55008">
        <ele>839</ele>
        <time>2026-05-12T22:06:18+00:00</time>
      </trkpt>
      <trkpt lat="47.46888" lon="12.5499">
        <ele>840</ele>
        <time>2026-05-12T22:06:21+00:00</time>
      </trkpt>
      <trkpt lat="47.46886" lon="12.54975">
        <ele>840</ele>
        <time>2026-05-12T22:06:24+00:00</time>
      </trkpt>
      <trkpt lat="47.46886" lon="12.54961">
        <ele>840</ele>
        <time>2026-05-12T22:06:27+00:00</time>
      </trkpt>
      <trkpt lat="47.46884" lon="12.5491">
        <ele>840</ele>
        <time>2026-05-12T22:06:30+00:00</time>
      </trkpt>
      <trkpt lat="47.46884" lon="12.54894">
        <ele>840</ele>
        <time>2026-05-12T22:06:33+00:00</time>
      </trkpt>
      <trkpt lat="47.46883" lon="12.54887">
        <ele>839</ele>
        <time>2026-05-12T22:06:36+00:00</time>
      </trkpt>
      <trkpt lat="47.4688" lon="12.54885">
        <ele>840</ele>
        <time>2026-05-12T22:06:39+00:00</time>
      </trkpt>
      <trkpt lat="47.46868" lon="12.54873">
        <ele>841</ele>
        <time>2026-05-12T22:06:42+00:00</time>
      </trkpt>
      <trkpt lat="47.4686" lon="12.54866">
        <ele>842</ele>
        <time>2026-05-12T22:06:45+00:00</time>
      </trkpt>
      <trkpt lat="47.4685" lon="12.54861">
        <ele>843</ele>
        <time>2026-05-12T22:06:48+00:00</time>
      </trkpt>
      <trkpt lat="47.4684" lon="12.54853">
        <ele>844</ele>
        <time>2026-05-12T22:06:51+00:00</time>
      </trkpt>
      <trkpt lat="47.46832" lon="12.54851">
        <ele>844</ele>
        <time>2026-05-12T22:06:54+00:00</time>
      </trkpt>
      <trkpt lat="47.46822" lon="12.5485">
        <ele>845</ele>
        <time>2026-05-12T22:06:57+00:00</time>
      </trkpt>
      <trkpt lat="47.46823" lon="12.54832">
        <ele>845</ele>
        <time>2026-05-12T22:07:00+00:00</time>
      </trkpt>
      <trkpt lat="47.46828" lon="12.54824">
        <ele>845</ele>
        <time>2026-05-12T22:07:03+00:00</time>
      </trkpt>
      <trkpt lat="47.46824" lon="12.54821">
        <ele>845</ele>
        <time>2026-05-12T22:07:06+00:00</time>
      </trkpt>
      <trkpt lat="47.46826" lon="12.54818">
        <ele>845</ele>
        <time>2026-05-12T22:07:09+00:00</time>
      </trkpt>
      <trkpt lat="47.4683" lon="12.54764">
        <ele>844</ele>
        <time>2026-05-12T22:07:12+00:00</time>
      </trkpt>
      <trkpt lat="47.46834" lon="12.54729">
        <ele>844</ele>
        <time>2026-05-12T22:07:15+00:00</time>
      </trkpt>
      <trkpt lat="47.46833" lon="12.54712">
        <ele>844</ele>
        <time>2026-05-12T22:07:18+00:00</time>
      </trkpt>
      <trkpt lat="47.46833" lon="12.54694">
        <ele>844</ele>
        <time>2026-05-12T22:07:21+00:00</time>
      </trkpt>
      <trkpt lat="47.46831" lon="12.54677">
        <ele>844</ele>
        <time>2026-05-12T22:07:24+00:00</time>
      </trkpt>
      <trkpt lat="47.46832" lon="12.54655">
        <ele>845</ele>
        <time>2026-05-12T22:07:27+00:00</time>
      </trkpt>
      <trkpt lat="47.46837" lon="12.54612">
        <ele>846</ele>
        <time>2026-05-12T22:07:30+00:00</time>
      </trkpt>
      <trkpt lat="47.46845" lon="12.54592">
        <ele>846</ele>
        <time>2026-05-12T22:07:33+00:00</time>
      </trkpt>
      <trkpt lat="47.46851" lon="12.54572">
        <ele>846</ele>
        <time>2026-05-12T22:07:36+00:00</time>
      </trkpt>
      <trkpt lat="47.46855" lon="12.54552">
        <ele>847</ele>
        <time>2026-05-12T22:07:39+00:00</time>
      </trkpt>
      <trkpt lat="47.46861" lon="12.54533">
        <ele>847</ele>
        <time>2026-05-12T22:07:42+00:00</time>
      </trkpt>
      <trkpt lat="47.46863" lon="12.54531">
        <ele>847</ele>
        <time>2026-05-12T22:07:45+00:00</time>
      </trkpt>
      <trkpt lat="47.46873" lon="12.54499">
        <ele>848</ele>
        <time>2026-05-12T22:07:48+00:00</time>
      </trkpt>
      <trkpt lat="47.46876" lon="12.54481">
        <ele>848</ele>
        <time>2026-05-12T22:07:51+00:00</time>
      </trkpt>
      <trkpt lat="47.46882" lon="12.54466">
        <ele>849</ele>
        <time>2026-05-12T22:07:54+00:00</time>
      </trkpt>
      <trkpt lat="47.46887" lon="12.54447">
        <ele>850</ele>
        <time>2026-05-12T22:07:57+00:00</time>
      </trkpt>
      <trkpt lat="47.46889" lon="12.54428">
        <ele>851</ele>
        <time>2026-05-12T22:08:00+00:00</time>
      </trkpt>
      <trkpt lat="47.46892" lon="12.54407">
        <ele>852</ele>
        <time>2026-05-12T22:08:03+00:00</time>
      </trkpt>
      <trkpt lat="47.46894" lon="12.54379">
        <ele>854</ele>
        <time>2026-05-12T22:08:06+00:00</time>
      </trkpt>
      <trkpt lat="47.46892" lon="12.54357">
        <ele>855</ele>
        <time>2026-05-12T22:08:09+00:00</time>
      </trkpt>
      <trkpt lat="47.46888" lon="12.54327">
        <ele>857</ele>
        <time>2026-05-12T22:08:12+00:00</time>
      </trkpt>
      <trkpt lat="47.46883" lon="12.54308">
        <ele>859</ele>
        <time>2026-05-12T22:08:15+00:00</time>
      </trkpt>
      <trkpt lat="47.46875" lon="12.54271">
        <ele>861</ele>
        <time>2026-05-12T22:08:18+00:00</time>
      </trkpt>
      <trkpt lat="47.46871" lon="12.54258">
        <ele>862</ele>
        <time>2026-05-12T22:08:21+00:00</time>
      </trkpt>
      <trkpt lat="47.46866" lon="12.54242">
        <ele>864</ele>
        <time>2026-05-12T22:08:24+00:00</time>
      </trkpt>
      <trkpt lat="47.46861" lon="12.54205">
        <ele>866</ele>
        <time>2026-05-12T22:08:27+00:00</time>
      </trkpt>
      <trkpt lat="47.46859" lon="12.54183">
        <ele>867</ele>
        <time>2026-05-12T22:08:30+00:00</time>
      </trkpt>
      <trkpt lat="47.46858" lon="12.54162">
        <ele>868</ele>
        <time>2026-05-12T22:08:33+00:00</time>
      </trkpt>
      <trkpt lat="47.46861" lon="12.54145">
        <ele>869</ele>
        <time>2026-05-12T22:08:36+00:00</time>
      </trkpt>
      <trkpt lat="47.46863" lon="12.54126">
        <ele>870</ele>
        <time>2026-05-12T22:08:39+00:00</time>
      </trkpt>
      <trkpt lat="47.46865" lon="12.54106">
        <ele>871</ele>
        <time>2026-05-12T22:08:42+00:00</time>
      </trkpt>
      <trkpt lat="47.46862" lon="12.54083">
        <ele>872</ele>
        <time>2026-05-12T22:08:45+00:00</time>
      </trkpt>
      <trkpt lat="47.4686" lon="12.54072">
        <ele>872</ele>
        <time>2026-05-12T22:08:48+00:00</time>
      </trkpt>
      <trkpt lat="47.46862" lon="12.54063">
        <ele>873</ele>
        <time>2026-05-12T22:08:51+00:00</time>
      </trkpt>
      <trkpt lat="47.46867" lon="12.54027">
        <ele>875</ele>
        <time>2026-05-12T22:08:54+00:00</time>
      </trkpt>
      <trkpt lat="47.46871" lon="12.5401">
        <ele>874</ele>
        <time>2026-05-12T22:08:57+00:00</time>
      </trkpt>
      <trkpt lat="47.46873" lon="12.53993">
        <ele>875</ele>
        <time>2026-05-12T22:09:00+00:00</time>
      </trkpt>
      <trkpt lat="47.4688" lon="12.53959">
        <ele>876</ele>
        <time>2026-05-12T22:09:03+00:00</time>
      </trkpt>
      <trkpt lat="47.46883" lon="12.5394">
        <ele>875</ele>
        <time>2026-05-12T22:09:06+00:00</time>
      </trkpt>
      <trkpt lat="47.46885" lon="12.53922">
        <ele>876</ele>
        <time>2026-05-12T22:09:09+00:00</time>
      </trkpt>
      <trkpt lat="47.46888" lon="12.53878">
        <ele>876</ele>
        <time>2026-05-12T22:09:12+00:00</time>
      </trkpt>
      <trkpt lat="47.46895" lon="12.53796">
        <ele>876</ele>
        <time>2026-05-12T22:09:15+00:00</time>
      </trkpt>
      <trkpt lat="47.46904" lon="12.53775">
        <ele>873</ele>
        <time>2026-05-12T22:09:18+00:00</time>
      </trkpt>
      <trkpt lat="47.46911" lon="12.53753">
        <ele>871</ele>
        <time>2026-05-12T22:09:21+00:00</time>
      </trkpt>
      <trkpt lat="47.46919" lon="12.53734">
        <ele>871</ele>
        <time>2026-05-12T22:09:24+00:00</time>
      </trkpt>
      <trkpt lat="47.46926" lon="12.53714">
        <ele>870</ele>
        <time>2026-05-12T22:09:27+00:00</time>
      </trkpt>
      <trkpt lat="47.46936" lon="12.53692">
        <ele>870</ele>
        <time>2026-05-12T22:09:30+00:00</time>
      </trkpt>
      <trkpt lat="47.46943" lon="12.53673">
        <ele>869</ele>
        <time>2026-05-12T22:09:33+00:00</time>
      </trkpt>
      <trkpt lat="47.46952" lon="12.53652">
        <ele>869</ele>
        <time>2026-05-12T22:09:36+00:00</time>
      </trkpt>
      <trkpt lat="47.46959" lon="12.53632">
        <ele>870</ele>
        <time>2026-05-12T22:09:39+00:00</time>
      </trkpt>
      <trkpt lat="47.46964" lon="12.5362">
        <ele>869</ele>
        <time>2026-05-12T22:09:42+00:00</time>
      </trkpt>
      <trkpt lat="47.46968" lon="12.53616">
        <ele>869</ele>
        <time>2026-05-12T22:09:45+00:00</time>
      </trkpt>
      <trkpt lat="47.46976" lon="12.53607">
        <ele>868</ele>
        <time>2026-05-12T22:09:48+00:00</time>
      </trkpt>
      <trkpt lat="47.46986" lon="12.53596">
        <ele>867</ele>
        <time>2026-05-12T22:09:51+00:00</time>
      </trkpt>
      <trkpt lat="47.46993" lon="12.53589">
        <ele>865</ele>
        <time>2026-05-12T22:09:54+00:00</time>
      </trkpt>
      <trkpt lat="47.46999" lon="12.53583">
        <ele>865</ele>
        <time>2026-05-12T22:09:57+00:00</time>
      </trkpt>
      <trkpt lat="47.47008" lon="12.5357">
        <ele>865</ele>
        <time>2026-05-12T22:10:00+00:00</time>
      </trkpt>
      <trkpt lat="47.47015" lon="12.5356">
        <ele>864</ele>
        <time>2026-05-12T22:10:03+00:00</time>
      </trkpt>
      <trkpt lat="47.47016" lon="12.53556">
        <ele>864</ele>
        <time>2026-05-12T22:10:06+00:00</time>
      </trkpt>
      <trkpt lat="47.47018" lon="12.5355">
        <ele>864</ele>
        <time>2026-05-12T22:10:09+00:00</time>
      </trkpt>
      <trkpt lat="47.47018" lon="12.53547">
        <ele>865</ele>
        <time>2026-05-12T22:10:12+00:00</time>
      </trkpt>
      <trkpt lat="47.47018" lon="12.5354">
        <ele>864</ele>
        <time>2026-05-12T22:10:15+00:00</time>
      </trkpt>
      <trkpt lat="47.47017" lon="12.53531">
        <ele>864</ele>
        <time>2026-05-12T22:10:18+00:00</time>
      </trkpt>
      <trkpt lat="47.47016" lon="12.53519">
        <ele>865</ele>
        <time>2026-05-12T22:10:21+00:00</time>
      </trkpt>
      <trkpt lat="47.47014" lon="12.5351">
        <ele>865</ele>
        <time>2026-05-12T22:10:24+00:00</time>
      </trkpt>
      <trkpt lat="47.47012" lon="12.53504">
        <ele>866</ele>
        <time>2026-05-12T22:10:27+00:00</time>
      </trkpt>
      <trkpt lat="47.47011" lon="12.53497">
        <ele>866</ele>
        <time>2026-05-12T22:10:30+00:00</time>
      </trkpt>
      <trkpt lat="47.47011" lon="12.53493">
        <ele>866</ele>
        <time>2026-05-12T22:10:33+00:00</time>
      </trkpt>
      <trkpt lat="47.47013" lon="12.53483">
        <ele>866</ele>
        <time>2026-05-12T22:10:36+00:00</time>
      </trkpt>
      <trkpt lat="47.47016" lon="12.53471">
        <ele>867</ele>
        <time>2026-05-12T22:10:39+00:00</time>
      </trkpt>
      <trkpt lat="47.47018" lon="12.53463">
        <ele>867</ele>
        <time>2026-05-12T22:10:42+00:00</time>
      </trkpt>
      <trkpt lat="47.47021" lon="12.53453">
        <ele>866</ele>
        <time>2026-05-12T22:10:45+00:00</time>
      </trkpt>
      <trkpt lat="47.47024" lon="12.5344">
        <ele>867</ele>
        <time>2026-05-12T22:10:48+00:00</time>
      </trkpt>
      <trkpt lat="47.47027" lon="12.53428">
        <ele>867</ele>
        <time>2026-05-12T22:10:51+00:00</time>
      </trkpt>
      <trkpt lat="47.47031" lon="12.53411">
        <ele>866</ele>
        <time>2026-05-12T22:10:54+00:00</time>
      </trkpt>
      <trkpt lat="47.47036" lon="12.53398">
        <ele>867</ele>
        <time>2026-05-12T22:10:57+00:00</time>
      </trkpt>
      <trkpt lat="47.47039" lon="12.53389">
        <ele>867</ele>
        <time>2026-05-12T22:11:00+00:00</time>
      </trkpt>
      <trkpt lat="47.47044" lon="12.53373">
        <ele>866</ele>
        <time>2026-05-12T22:11:03+00:00</time>
      </trkpt>
      <trkpt lat="47.47049" lon="12.53364">
        <ele>866</ele>
        <time>2026-05-12T22:11:06+00:00</time>
      </trkpt>
      <trkpt lat="47.47053" lon="12.53358">
        <ele>865</ele>
        <time>2026-05-12T22:11:09+00:00</time>
      </trkpt>
      <trkpt lat="47.4706" lon="12.53351">
        <ele>864</ele>
        <time>2026-05-12T22:11:12+00:00</time>
      </trkpt>
      <trkpt lat="47.47068" lon="12.53343">
        <ele>865</ele>
        <time>2026-05-12T22:11:15+00:00</time>
      </trkpt>
      <trkpt lat="47.47075" lon="12.53337">
        <ele>864</ele>
        <time>2026-05-12T22:11:18+00:00</time>
      </trkpt>
      <trkpt lat="47.4708" lon="12.53333">
        <ele>864</ele>
        <time>2026-05-12T22:11:21+00:00</time>
      </trkpt>
      <trkpt lat="47.47086" lon="12.53327">
        <ele>864</ele>
        <time>2026-05-12T22:11:24+00:00</time>
      </trkpt>
      <trkpt lat="47.47096" lon="12.53317">
        <ele>863</ele>
        <time>2026-05-12T22:11:27+00:00</time>
      </trkpt>
      <trkpt lat="47.47102" lon="12.53308">
        <ele>863</ele>
        <time>2026-05-12T22:11:30+00:00</time>
      </trkpt>
      <trkpt lat="47.47107" lon="12.53296">
        <ele>863</ele>
        <time>2026-05-12T22:11:33+00:00</time>
      </trkpt>
      <trkpt lat="47.4711" lon="12.53287">
        <ele>862</ele>
        <time>2026-05-12T22:11:36+00:00</time>
      </trkpt>
      <trkpt lat="47.47096" lon="12.53288">
        <ele>864</ele>
        <time>2026-05-12T22:11:39+00:00</time>
      </trkpt>
      <trkpt lat="47.47087" lon="12.53288">
        <ele>866</ele>
        <time>2026-05-12T22:11:42+00:00</time>
      </trkpt>
      <trkpt lat="47.47074" lon="12.5329">
        <ele>866</ele>
        <time>2026-05-12T22:11:45+00:00</time>
      </trkpt>
      <trkpt lat="47.47062" lon="12.53285">
        <ele>868</ele>
        <time>2026-05-12T22:11:48+00:00</time>
      </trkpt>
      <trkpt lat="47.47052" lon="12.53275">
        <ele>870</ele>
        <time>2026-05-12T22:11:51+00:00</time>
      </trkpt>
      <trkpt lat="47.47044" lon="12.5326">
        <ele>872</ele>
        <time>2026-05-12T22:11:54+00:00</time>
      </trkpt>
      <trkpt lat="47.47038" lon="12.53244">
        <ele>875</ele>
        <time>2026-05-12T22:11:57+00:00</time>
      </trkpt>
      <trkpt lat="47.47033" lon="12.5323">
        <ele>876</ele>
        <time>2026-05-12T22:12:00+00:00</time>
      </trkpt>
      <trkpt lat="47.47032" lon="12.53216">
        <ele>877</ele>
        <time>2026-05-12T22:12:03+00:00</time>
      </trkpt>
      <trkpt lat="47.47035" lon="12.5319">
        <ele>878</ele>
        <time>2026-05-12T22:12:06+00:00</time>
      </trkpt>
      <trkpt lat="47.47037" lon="12.53157">
        <ele>879</ele>
        <time>2026-05-12T22:12:09+00:00</time>
      </trkpt>
      <trkpt lat="47.47037" lon="12.53133">
        <ele>879</ele>
        <time>2026-05-12T22:12:12+00:00</time>
      </trkpt>
      <trkpt lat="47.47038" lon="12.53119">
        <ele>879</ele>
        <time>2026-05-12T22:12:15+00:00</time>
      </trkpt>
      <trkpt lat="47.47037" lon="12.53094">
        <ele>878</ele>
        <time>2026-05-12T22:12:18+00:00</time>
      </trkpt>
      <trkpt lat="47.47036" lon="12.53074">
        <ele>878</ele>
        <time>2026-05-12T22:12:21+00:00</time>
      </trkpt>
      <trkpt lat="47.47035" lon="12.53056">
        <ele>877</ele>
        <time>2026-05-12T22:12:24+00:00</time>
      </trkpt>
      <trkpt lat="47.47034" lon="12.53034">
        <ele>875</ele>
        <time>2026-05-12T22:12:27+00:00</time>
      </trkpt>
      <trkpt lat="47.47033" lon="12.53009">
        <ele>872</ele>
        <time>2026-05-12T22:12:30+00:00</time>
      </trkpt>
      <trkpt lat="47.47028" lon="12.52991">
        <ele>875</ele>
        <time>2026-05-12T22:12:33+00:00</time>
      </trkpt>
      <trkpt lat="47.47021" lon="12.5298">
        <ele>872</ele>
        <time>2026-05-12T22:12:36+00:00</time>
      </trkpt>
      <trkpt lat="47.47012" lon="12.52972">
        <ele>876</ele>
        <time>2026-05-12T22:12:39+00:00</time>
      </trkpt>
      <trkpt lat="47.46995" lon="12.52966">
        <ele>882</ele>
        <time>2026-05-12T22:12:42+00:00</time>
      </trkpt>
      <trkpt lat="47.46976" lon="12.52961">
        <ele>887</ele>
        <time>2026-05-12T22:12:45+00:00</time>
      </trkpt>
      <trkpt lat="47.46962" lon="12.52954">
        <ele>888</ele>
        <time>2026-05-12T22:12:48+00:00</time>
      </trkpt>
      <trkpt lat="47.46947" lon="12.52947">
        <ele>891</ele>
        <time>2026-05-12T22:12:51+00:00</time>
      </trkpt>
      <trkpt lat="47.46934" lon="12.52934">
        <ele>893</ele>
        <time>2026-05-12T22:12:54+00:00</time>
      </trkpt>
      <trkpt lat="47.46919" lon="12.52919">
        <ele>894</ele>
        <time>2026-05-12T22:12:57+00:00</time>
      </trkpt>
      <trkpt lat="47.46907" lon="12.52902">
        <ele>895</ele>
        <time>2026-05-12T22:13:00+00:00</time>
      </trkpt>
      <trkpt lat="47.46894" lon="12.52883">
        <ele>894</ele>
        <time>2026-05-12T22:13:03+00:00</time>
      </trkpt>
      <trkpt lat="47.46881" lon="12.52861">
        <ele>893</ele>
        <time>2026-05-12T22:13:06+00:00</time>
      </trkpt>
      <trkpt lat="47.46869" lon="12.52844">
        <ele>894</ele>
        <time>2026-05-12T22:13:09+00:00</time>
      </trkpt>
      <trkpt lat="47.46861" lon="12.52833">
        <ele>894</ele>
        <time>2026-05-12T22:13:12+00:00</time>
      </trkpt>
      <trkpt lat="47.46854" lon="12.52828">
        <ele>892</ele>
        <time>2026-05-12T22:13:15+00:00</time>
      </trkpt>
      <trkpt lat="47.46844" lon="12.52825">
        <ele>894</ele>
        <time>2026-05-12T22:13:18+00:00</time>
      </trkpt>
      <trkpt lat="47.46833" lon="12.52823">
        <ele>895</ele>
        <time>2026-05-12T22:13:21+00:00</time>
      </trkpt>
      <trkpt lat="47.46818" lon="12.52822">
        <ele>898</ele>
        <time>2026-05-12T22:13:24+00:00</time>
      </trkpt>
      <trkpt lat="47.46806" lon="12.52826">
        <ele>900</ele>
        <time>2026-05-12T22:13:27+00:00</time>
      </trkpt>
      <trkpt lat="47.46793" lon="12.52829">
        <ele>901</ele>
        <time>2026-05-12T22:13:30+00:00</time>
      </trkpt>
      <trkpt lat="47.46779" lon="12.52834">
        <ele>905</ele>
        <time>2026-05-12T22:13:33+00:00</time>
      </trkpt>
      <trkpt lat="47.46765" lon="12.5284">
        <ele>908</ele>
        <time>2026-05-12T22:13:36+00:00</time>
      </trkpt>
      <trkpt lat="47.46751" lon="12.52845">
        <ele>909</ele>
        <time>2026-05-12T22:13:39+00:00</time>
      </trkpt>
      <trkpt lat="47.46737" lon="12.52846">
        <ele>912</ele>
        <time>2026-05-12T22:13:42+00:00</time>
      </trkpt>
      <trkpt lat="47.4673" lon="12.52847">
        <ele>913</ele>
        <time>2026-05-12T22:13:45+00:00</time>
      </trkpt>
      <trkpt lat="47.46721" lon="12.52845">
        <ele>913</ele>
        <time>2026-05-12T22:13:48+00:00</time>
      </trkpt>
      <trkpt lat="47.46711" lon="12.52833">
        <ele>913</ele>
        <time>2026-05-12T22:13:51+00:00</time>
      </trkpt>
      <trkpt lat="47.467" lon="12.52821">
        <ele>914</ele>
        <time>2026-05-12T22:13:54+00:00</time>
      </trkpt>
      <trkpt lat="47.4669" lon="12.52811">
        <ele>916</ele>
        <time>2026-05-12T22:13:57+00:00</time>
      </trkpt>
      <trkpt lat="47.46678" lon="12.52807">
        <ele>916</ele>
        <time>2026-05-12T22:14:00+00:00</time>
      </trkpt>
      <trkpt lat="47.46662" lon="12.52806">
        <ele>918</ele>
        <time>2026-05-12T22:14:03+00:00</time>
      </trkpt>
      <trkpt lat="47.4665" lon="12.52802">
        <ele>920</ele>
        <time>2026-05-12T22:14:06+00:00</time>
      </trkpt>
      <trkpt lat="47.46637" lon="12.5279">
        <ele>921</ele>
        <time>2026-05-12T22:14:09+00:00</time>
      </trkpt>
      <trkpt lat="47.46624" lon="12.52781">
        <ele>921</ele>
        <time>2026-05-12T22:14:12+00:00</time>
      </trkpt>
      <trkpt lat="47.466" lon="12.52774">
        <ele>923</ele>
        <time>2026-05-12T22:14:15+00:00</time>
      </trkpt>
      <trkpt lat="47.4658" lon="12.52769">
        <ele>924</ele>
        <time>2026-05-12T22:14:18+00:00</time>
      </trkpt>
      <trkpt lat="47.46567" lon="12.5276">
        <ele>927</ele>
        <time>2026-05-12T22:14:21+00:00</time>
      </trkpt>
      <trkpt lat="47.46557" lon="12.52748">
        <ele>928</ele>
        <time>2026-05-12T22:14:24+00:00</time>
      </trkpt>
      <trkpt lat="47.46546" lon="12.5273">
        <ele>928</ele>
        <time>2026-05-12T22:14:27+00:00</time>
      </trkpt>
      <trkpt lat="47.46536" lon="12.52715">
        <ele>929</ele>
        <time>2026-05-12T22:14:30+00:00</time>
      </trkpt>
      <trkpt lat="47.46529" lon="12.52706">
        <ele>930</ele>
        <time>2026-05-12T22:14:33+00:00</time>
      </trkpt>
      <trkpt lat="47.4652" lon="12.52697">
        <ele>931</ele>
        <time>2026-05-12T22:14:36+00:00</time>
      </trkpt>
      <trkpt lat="47.46502" lon="12.52683">
        <ele>931</ele>
        <time>2026-05-12T22:14:39+00:00</time>
      </trkpt>
      <trkpt lat="47.46498" lon="12.5268">
        <ele>932</ele>
        <time>2026-05-12T22:14:42+00:00</time>
      </trkpt>
      <trkpt lat="47.46492" lon="12.52676">
        <ele>930</ele>
        <time>2026-05-12T22:14:45+00:00</time>
      </trkpt>
      <trkpt lat="47.46487" lon="12.52674">
        <ele>931</ele>
        <time>2026-05-12T22:14:48+00:00</time>
      </trkpt>
      <trkpt lat="47.46483" lon="12.5267">
        <ele>931</ele>
        <time>2026-05-12T22:14:51+00:00</time>
      </trkpt>
      <trkpt lat="47.46478" lon="12.52664">
        <ele>930</ele>
        <time>2026-05-12T22:14:54+00:00</time>
      </trkpt>
      <trkpt lat="47.46472" lon="12.52661">
        <ele>930</ele>
        <time>2026-05-12T22:14:57+00:00</time>
      </trkpt>
      <trkpt lat="47.46467" lon="12.52658">
        <ele>929</ele>
        <time>2026-05-12T22:15:00+00:00</time>
      </trkpt>
      <trkpt lat="47.46462" lon="12.52655">
        <ele>929</ele>
        <time>2026-05-12T22:15:03+00:00</time>
      </trkpt>
      <trkpt lat="47.46456" lon="12.52651">
        <ele>929</ele>
        <time>2026-05-12T22:15:06+00:00</time>
      </trkpt>
      <trkpt lat="47.46452" lon="12.52649">
        <ele>928</ele>
        <time>2026-05-12T22:15:09+00:00</time>
      </trkpt>
      <trkpt lat="47.46447" lon="12.52648">
        <ele>928</ele>
        <time>2026-05-12T22:15:12+00:00</time>
      </trkpt>
      <trkpt lat="47.46441" lon="12.52646">
        <ele>929</ele>
        <time>2026-05-12T22:15:15+00:00</time>
      </trkpt>
      <trkpt lat="47.46436" lon="12.52645">
        <ele>929</ele>
        <time>2026-05-12T22:15:18+00:00</time>
      </trkpt>
      <trkpt lat="47.4643" lon="12.52644">
        <ele>929</ele>
        <time>2026-05-12T22:15:21+00:00</time>
      </trkpt>
      <trkpt lat="47.46426" lon="12.52644">
        <ele>929</ele>
        <time>2026-05-12T22:15:24+00:00</time>
      </trkpt>
      <trkpt lat="47.46421" lon="12.52644">
        <ele>929</ele>
        <time>2026-05-12T22:15:27+00:00</time>
      </trkpt>
      <trkpt lat="47.46415" lon="12.52644">
        <ele>930</ele>
        <time>2026-05-12T22:15:30+00:00</time>
      </trkpt>
      <trkpt lat="47.4641" lon="12.52644">
        <ele>930</ele>
        <time>2026-05-12T22:15:33+00:00</time>
      </trkpt>
      <trkpt lat="47.46405" lon="12.52644">
        <ele>930</ele>
        <time>2026-05-12T22:15:36+00:00</time>
      </trkpt>
      <trkpt lat="47.46401" lon="12.52644">
        <ele>930</ele>
        <time>2026-05-12T22:15:39+00:00</time>
      </trkpt>
      <trkpt lat="47.46395" lon="12.52643">
        <ele>931</ele>
        <time>2026-05-12T22:15:42+00:00</time>
      </trkpt>
      <trkpt lat="47.46388" lon="12.52643">
        <ele>931</ele>
        <time>2026-05-12T22:15:45+00:00</time>
      </trkpt>
      <trkpt lat="47.46381" lon="12.52643">
        <ele>931</ele>
        <time>2026-05-12T22:15:48+00:00</time>
      </trkpt>
      <trkpt lat="47.46374" lon="12.52643">
        <ele>932</ele>
        <time>2026-05-12T22:15:51+00:00</time>
      </trkpt>
      <trkpt lat="47.46369" lon="12.52642">
        <ele>932</ele>
        <time>2026-05-12T22:15:54+00:00</time>
      </trkpt>
      <trkpt lat="47.46363" lon="12.52642">
        <ele>932</ele>
        <time>2026-05-12T22:15:57+00:00</time>
      </trkpt>
      <trkpt lat="47.46357" lon="12.52642">
        <ele>933</ele>
        <time>2026-05-12T22:16:00+00:00</time>
      </trkpt>
      <trkpt lat="47.46352" lon="12.52642">
        <ele>933</ele>
        <time>2026-05-12T22:16:03+00:00</time>
      </trkpt>
      <trkpt lat="47.46347" lon="12.52641">
        <ele>933</ele>
        <time>2026-05-12T22:16:06+00:00</time>
      </trkpt>
      <trkpt lat="47.46342" lon="12.52641">
        <ele>933</ele>
        <time>2026-05-12T22:16:09+00:00</time>
      </trkpt>
      <trkpt lat="47.46336" lon="12.52641">
        <ele>934</ele>
        <time>2026-05-12T22:16:12+00:00</time>
      </trkpt>
      <trkpt lat="47.46331" lon="12.52641">
        <ele>934</ele>
        <time>2026-05-12T22:16:15+00:00</time>
      </trkpt>
      <trkpt lat="47.46326" lon="12.52641">
        <ele>934</ele>
        <time>2026-05-12T22:16:18+00:00</time>
      </trkpt>
      <trkpt lat="47.46322" lon="12.5264">
        <ele>934</ele>
        <time>2026-05-12T22:16:21+00:00</time>
      </trkpt>
      <trkpt lat="47.46318" lon="12.52642">
        <ele>934</ele>
        <time>2026-05-12T22:16:24+00:00</time>
      </trkpt>
      <trkpt lat="47.46312" lon="12.52644">
        <ele>934</ele>
        <time>2026-05-12T22:16:27+00:00</time>
      </trkpt>
      <trkpt lat="47.46306" lon="12.52647">
        <ele>935</ele>
        <time>2026-05-12T22:16:30+00:00</time>
      </trkpt>
      <trkpt lat="47.46302" lon="12.52648">
        <ele>935</ele>
        <time>2026-05-12T22:16:33+00:00</time>
      </trkpt>
      <trkpt lat="47.46298" lon="12.5265">
        <ele>935</ele>
        <time>2026-05-12T22:16:36+00:00</time>
      </trkpt>
      <trkpt lat="47.46293" lon="12.52649">
        <ele>935</ele>
        <time>2026-05-12T22:16:39+00:00</time>
      </trkpt>
      <trkpt lat="47.46287" lon="12.52647">
        <ele>936</ele>
        <time>2026-05-12T22:16:42+00:00</time>
      </trkpt>
      <trkpt lat="47.46282" lon="12.52643">
        <ele>936</ele>
        <time>2026-05-12T22:16:45+00:00</time>
      </trkpt>
      <trkpt lat="47.46279" lon="12.5264">
        <ele>933</ele>
        <time>2026-05-12T22:16:48+00:00</time>
      </trkpt>
      <trkpt lat="47.46276" lon="12.52637">
        <ele>934</ele>
        <time>2026-05-12T22:16:51+00:00</time>
      </trkpt>
      <trkpt lat="47.46271" lon="12.52634">
        <ele>934</ele>
        <time>2026-05-12T22:16:54+00:00</time>
      </trkpt>
      <trkpt lat="47.46268" lon="12.52631">
        <ele>934</ele>
        <time>2026-05-12T22:16:57+00:00</time>
      </trkpt>
      <trkpt lat="47.46265" lon="12.52628">
        <ele>932</ele>
        <time>2026-05-12T22:17:00+00:00</time>
      </trkpt>
      <trkpt lat="47.46261" lon="12.52625">
        <ele>932</ele>
        <time>2026-05-12T22:17:03+00:00</time>
      </trkpt>
      <trkpt lat="47.46257" lon="12.52624">
        <ele>932</ele>
        <time>2026-05-12T22:17:06+00:00</time>
      </trkpt>
      <trkpt lat="47.46251" lon="12.52623">
        <ele>932</ele>
        <time>2026-05-12T22:17:09+00:00</time>
      </trkpt>
      <trkpt lat="47.46247" lon="12.52622">
        <ele>932</ele>
        <time>2026-05-12T22:17:12+00:00</time>
      </trkpt>
      <trkpt lat="47.46243" lon="12.52621">
        <ele>932</ele>
        <time>2026-05-12T22:17:15+00:00</time>
      </trkpt>
      <trkpt lat="47.46237" lon="12.52622">
        <ele>932</ele>
        <time>2026-05-12T22:17:18+00:00</time>
      </trkpt>
      <trkpt lat="47.46232" lon="12.52623">
        <ele>932</ele>
        <time>2026-05-12T22:17:21+00:00</time>
      </trkpt>
      <trkpt lat="47.46228" lon="12.52624">
        <ele>932</ele>
        <time>2026-05-12T22:17:24+00:00</time>
      </trkpt>
      <trkpt lat="47.46222" lon="12.52625">
        <ele>932</ele>
        <time>2026-05-12T22:17:27+00:00</time>
      </trkpt>
      <trkpt lat="47.46218" lon="12.52626">
        <ele>933</ele>
        <time>2026-05-12T22:17:30+00:00</time>
      </trkpt>
      <trkpt lat="47.46213" lon="12.52627">
        <ele>933</ele>
        <time>2026-05-12T22:17:33+00:00</time>
      </trkpt>
      <trkpt lat="47.46207" lon="12.52628">
        <ele>933</ele>
        <time>2026-05-12T22:17:36+00:00</time>
      </trkpt>
      <trkpt lat="47.46202" lon="12.52629">
        <ele>933</ele>
        <time>2026-05-12T22:17:39+00:00</time>
      </trkpt>
      <trkpt lat="47.46195" lon="12.5263">
        <ele>933</ele>
        <time>2026-05-12T22:17:42+00:00</time>
      </trkpt>
      <trkpt lat="47.46191" lon="12.52631">
        <ele>935</ele>
        <time>2026-05-12T22:17:45+00:00</time>
      </trkpt>
      <trkpt lat="47.46184" lon="12.52632">
        <ele>935</ele>
        <time>2026-05-12T22:17:48+00:00</time>
      </trkpt>
      <trkpt lat="47.46179" lon="12.52633">
        <ele>936</ele>
        <time>2026-05-12T22:17:51+00:00</time>
      </trkpt>
      <trkpt lat="47.46174" lon="12.52634">
        <ele>936</ele>
        <time>2026-05-12T22:17:54+00:00</time>
      </trkpt>
      <trkpt lat="47.46168" lon="12.52635">
        <ele>936</ele>
        <time>2026-05-12T22:17:57+00:00</time>
      </trkpt>
      <trkpt lat="47.46164" lon="12.52636">
        <ele>936</ele>
        <time>2026-05-12T22:18:00+00:00</time>
      </trkpt>
      <trkpt lat="47.4616" lon="12.52636">
        <ele>936</ele>
        <time>2026-05-12T22:18:03+00:00</time>
      </trkpt>
      <trkpt lat="47.46154" lon="12.52637">
        <ele>936</ele>
        <time>2026-05-12T22:18:06+00:00</time>
      </trkpt>
      <trkpt lat="47.46149" lon="12.52635">
        <ele>936</ele>
        <time>2026-05-12T22:18:09+00:00</time>
      </trkpt>
      <trkpt lat="47.46143" lon="12.52633">
        <ele>936</ele>
        <time>2026-05-12T22:18:12+00:00</time>
      </trkpt>
      <trkpt lat="47.46138" lon="12.52634">
        <ele>936</ele>
        <time>2026-05-12T22:18:15+00:00</time>
      </trkpt>
      <trkpt lat="47.46131" lon="12.52634">
        <ele>936</ele>
        <time>2026-05-12T22:18:18+00:00</time>
      </trkpt>
      <trkpt lat="47.46127" lon="12.52639">
        <ele>936</ele>
        <time>2026-05-12T22:18:21+00:00</time>
      </trkpt>
      <trkpt lat="47.46123" lon="12.52644">
        <ele>938</ele>
        <time>2026-05-12T22:18:24+00:00</time>
      </trkpt>
      <trkpt lat="47.46119" lon="12.52649">
        <ele>938</ele>
        <time>2026-05-12T22:18:27+00:00</time>
      </trkpt>
      <trkpt lat="47.46115" lon="12.52653">
        <ele>941</ele>
        <time>2026-05-12T22:18:30+00:00</time>
      </trkpt>
      <trkpt lat="47.4611" lon="12.52656">
        <ele>941</ele>
        <time>2026-05-12T22:18:33+00:00</time>
      </trkpt>
      <trkpt lat="47.46107" lon="12.52658">
        <ele>941</ele>
        <time>2026-05-12T22:18:36+00:00</time>
      </trkpt>
      <trkpt lat="47.46102" lon="12.52656">
        <ele>941</ele>
        <time>2026-05-12T22:18:39+00:00</time>
      </trkpt>
      <trkpt lat="47.46097" lon="12.52654">
        <ele>941</ele>
        <time>2026-05-12T22:18:42+00:00</time>
      </trkpt>
      <trkpt lat="47.46093" lon="12.52649">
        <ele>938</ele>
        <time>2026-05-12T22:18:45+00:00</time>
      </trkpt>
      <trkpt lat="47.46089" lon="12.52644">
        <ele>939</ele>
        <time>2026-05-12T22:18:48+00:00</time>
      </trkpt>
      <trkpt lat="47.46084" lon="12.52638">
        <ele>936</ele>
        <time>2026-05-12T22:18:51+00:00</time>
      </trkpt>
      <trkpt lat="47.4608" lon="12.52636">
        <ele>936</ele>
        <time>2026-05-12T22:18:54+00:00</time>
      </trkpt>
      <trkpt lat="47.46076" lon="12.52634">
        <ele>936</ele>
        <time>2026-05-12T22:18:57+00:00</time>
      </trkpt>
      <trkpt lat="47.46072" lon="12.52632">
        <ele>936</ele>
        <time>2026-05-12T22:19:00+00:00</time>
      </trkpt>
      <trkpt lat="47.46067" lon="12.52632">
        <ele>936</ele>
        <time>2026-05-12T22:19:03+00:00</time>
      </trkpt>
      <trkpt lat="47.46062" lon="12.52634">
        <ele>936</ele>
        <time>2026-05-12T22:19:06+00:00</time>
      </trkpt>
      <trkpt lat="47.46061" lon="12.52627">
        <ele>933</ele>
        <time>2026-05-12T22:19:09+00:00</time>
      </trkpt>
      <trkpt lat="47.46059" lon="12.52625">
        <ele>933</ele>
        <time>2026-05-12T22:19:12+00:00</time>
      </trkpt>
      <trkpt lat="47.46057" lon="12.52624">
        <ele>933</ele>
        <time>2026-05-12T22:19:15+00:00</time>
      </trkpt>
      <trkpt lat="47.46055" lon="12.52623">
        <ele>933</ele>
        <time>2026-05-12T22:19:18+00:00</time>
      </trkpt>
      <trkpt lat="47.46052" lon="12.52623">
        <ele>933</ele>
        <time>2026-05-12T22:19:21+00:00</time>
      </trkpt>
      <trkpt lat="47.4605" lon="12.52623">
        <ele>933</ele>
        <time>2026-05-12T22:19:24+00:00</time>
      </trkpt>
      <trkpt lat="47.46049" lon="12.52621">
        <ele>934</ele>
        <time>2026-05-12T22:19:27+00:00</time>
      </trkpt>
      <trkpt lat="47.46048" lon="12.52619">
        <ele>931</ele>
        <time>2026-05-12T22:19:30+00:00</time>
      </trkpt>
      <trkpt lat="47.46046" lon="12.52616">
        <ele>931</ele>
        <time>2026-05-12T22:19:33+00:00</time>
      </trkpt>
      <trkpt lat="47.46043" lon="12.52613">
        <ele>931</ele>
        <time>2026-05-12T22:19:36+00:00</time>
      </trkpt>
      <trkpt lat="47.46043" lon="12.52611">
        <ele>931</ele>
        <time>2026-05-12T22:19:39+00:00</time>
      </trkpt>
      <trkpt lat="47.46042" lon="12.52608">
        <ele>928</ele>
        <time>2026-05-12T22:19:42+00:00</time>
      </trkpt>
      <trkpt lat="47.46042" lon="12.52606">
        <ele>928</ele>
        <time>2026-05-12T22:19:45+00:00</time>
      </trkpt>
      <trkpt lat="47.46042" lon="12.52604">
        <ele>928</ele>
        <time>2026-05-12T22:19:48+00:00</time>
      </trkpt>
      <trkpt lat="47.46041" lon="12.52602">
        <ele>928</ele>
        <time>2026-05-12T22:19:51+00:00</time>
      </trkpt>
      <trkpt lat="47.46041" lon="12.526">
        <ele>928</ele>
        <time>2026-05-12T22:19:54+00:00</time>
      </trkpt>
      <trkpt lat="47.46041" lon="12.52598">
        <ele>925</ele>
        <time>2026-05-12T22:19:57+00:00</time>
      </trkpt>
      <trkpt lat="47.46041" lon="12.52596">
        <ele>925</ele>
        <time>2026-05-12T22:20:00+00:00</time>
      </trkpt>
      <trkpt lat="47.46041" lon="12.52593">
        <ele>925</ele>
        <time>2026-05-12T22:20:03+00:00</time>
      </trkpt>
      <trkpt lat="47.46041" lon="12.52591">
        <ele>925</ele>
        <time>2026-05-12T22:20:06+00:00</time>
      </trkpt>
      <trkpt lat="47.46041" lon="12.52589">
        <ele>922</ele>
        <time>2026-05-12T22:20:09+00:00</time>
      </trkpt>
      <trkpt lat="47.4604" lon="12.52587">
        <ele>922</ele>
        <time>2026-05-12T22:20:12+00:00</time>
      </trkpt>
      <trkpt lat="47.4604" lon="12.52585">
        <ele>922</ele>
        <time>2026-05-12T22:20:15+00:00</time>
      </trkpt>
      <trkpt lat="47.4604" lon="12.52583">
        <ele>922</ele>
        <time>2026-05-12T22:20:18+00:00</time>
      </trkpt>
      <trkpt lat="47.4604" lon="12.52581">
        <ele>923</ele>
        <time>2026-05-12T22:20:21+00:00</time>
      </trkpt>
      <trkpt lat="47.4604" lon="12.52578">
        <ele>920</ele>
        <time>2026-05-12T22:20:24+00:00</time>
      </trkpt>
      <trkpt lat="47.4604" lon="12.52576">
        <ele>920</ele>
        <time>2026-05-12T22:20:27+00:00</time>
      </trkpt>
      <trkpt lat="47.46041" lon="12.52575">
        <ele>919</ele>
        <time>2026-05-12T22:20:30+00:00</time>
      </trkpt>
      <trkpt lat="47.46042" lon="12.52574">
        <ele>919</ele>
        <time>2026-05-12T22:20:33+00:00</time>
      </trkpt>
      <trkpt lat="47.46043" lon="12.52572">
        <ele>919</ele>
        <time>2026-05-12T22:20:36+00:00</time>
      </trkpt>
      <trkpt lat="47.46044" lon="12.5257">
        <ele>919</ele>
        <time>2026-05-12T22:20:39+00:00</time>
      </trkpt>
      <trkpt lat="47.46044" lon="12.52568">
        <ele>916</ele>
        <time>2026-05-12T22:20:42+00:00</time>
      </trkpt>
      <trkpt lat="47.46044" lon="12.52566">
        <ele>916</ele>
        <time>2026-05-12T22:20:45+00:00</time>
      </trkpt>
      <trkpt lat="47.46044" lon="12.52564">
        <ele>916</ele>
        <time>2026-05-12T22:20:48+00:00</time>
      </trkpt>
      <trkpt lat="47.46044" lon="12.52561">
        <ele>916</ele>
        <time>2026-05-12T22:20:51+00:00</time>
      </trkpt>
      <trkpt lat="47.46044" lon="12.5256">
        <ele>916</ele>
        <time>2026-05-12T22:20:54+00:00</time>
      </trkpt>
      <trkpt lat="47.46043" lon="12.52558">
        <ele>913</ele>
        <time>2026-05-12T22:20:57+00:00</time>
      </trkpt>
      <trkpt lat="47.46042" lon="12.52556">
        <ele>913</ele>
        <time>2026-05-12T22:21:00+00:00</time>
      </trkpt>
      <trkpt lat="47.46041" lon="12.52554">
        <ele>913</ele>
        <time>2026-05-12T22:21:03+00:00</time>
      </trkpt>
      <trkpt lat="47.4604" lon="12.52552">
        <ele>913</ele>
        <time>2026-05-12T22:21:06+00:00</time>
      </trkpt>
      <trkpt lat="47.4604" lon="12.5255">
        <ele>913</ele>
        <time>2026-05-12T22:21:09+00:00</time>
      </trkpt>
      <trkpt lat="47.46039" lon="12.52549">
        <ele>910</ele>
        <time>2026-05-12T22:21:12+00:00</time>
      </trkpt>
      <trkpt lat="47.46037" lon="12.52546">
        <ele>910</ele>
        <time>2026-05-12T22:21:15+00:00</time>
      </trkpt>
      <trkpt lat="47.46036" lon="12.52544">
        <ele>910</ele>
        <time>2026-05-12T22:21:18+00:00</time>
      </trkpt>
      <trkpt lat="47.46035" lon="12.52542">
        <ele>910</ele>
        <time>2026-05-12T22:21:21+00:00</time>
      </trkpt>
      <trkpt lat="47.46033" lon="12.52541">
        <ele>910</ele>
        <time>2026-05-12T22:21:24+00:00</time>
      </trkpt>
      <trkpt lat="47.46032" lon="12.5254">
        <ele>910</ele>
        <time>2026-05-12T22:21:27+00:00</time>
      </trkpt>
      <trkpt lat="47.4603" lon="12.52538">
        <ele>907</ele>
        <time>2026-05-12T22:21:30+00:00</time>
      </trkpt>
      <trkpt lat="47.46028" lon="12.52537">
        <ele>907</ele>
        <time>2026-05-12T22:21:33+00:00</time>
      </trkpt>
      <trkpt lat="47.46027" lon="12.52536">
        <ele>907</ele>
        <time>2026-05-12T22:21:36+00:00</time>
      </trkpt>
      <trkpt lat="47.46025" lon="12.52534">
        <ele>907</ele>
        <time>2026-05-12T22:21:39+00:00</time>
      </trkpt>
      <trkpt lat="47.46024" lon="12.52533">
        <ele>907</ele>
        <time>2026-05-12T22:21:42+00:00</time>
      </trkpt>
      <trkpt lat="47.46023" lon="12.52532">
        <ele>907</ele>
        <time>2026-05-12T22:21:45+00:00</time>
      </trkpt>
      <trkpt lat="47.46021" lon="12.52531">
        <ele>907</ele>
        <time>2026-05-12T22:21:48+00:00</time>
      </trkpt>
      <trkpt lat="47.46019" lon="12.52529">
        <ele>907</ele>
        <time>2026-05-12T22:21:51+00:00</time>
      </trkpt>
      <trkpt lat="47.46018" lon="12.52528">
        <ele>904</ele>
        <time>2026-05-12T22:21:54+00:00</time>
      </trkpt>
      <trkpt lat="47.46016" lon="12.52527">
        <ele>904</ele>
        <time>2026-05-12T22:21:57+00:00</time>
      </trkpt>
      <trkpt lat="47.46014" lon="12.52525">
        <ele>904</ele>
        <time>2026-05-12T22:22:00+00:00</time>
      </trkpt>
      <trkpt lat="47.46013" lon="12.52524">
        <ele>904</ele>
        <time>2026-05-12T22:22:03+00:00</time>
      </trkpt>
      <trkpt lat="47.46011" lon="12.52523">
        <ele>904</ele>
        <time>2026-05-12T22:22:06+00:00</time>
      </trkpt>
      <trkpt lat="47.46009" lon="12.52521">
        <ele>905</ele>
        <time>2026-05-12T22:22:09+00:00</time>
      </trkpt>
      <trkpt lat="47.46007" lon="12.52522">
        <ele>905</ele>
        <time>2026-05-12T22:22:12+00:00</time>
      </trkpt>
      <trkpt lat="47.46005" lon="12.52522">
        <ele>905</ele>
        <time>2026-05-12T22:22:15+00:00</time>
      </trkpt>
      <trkpt lat="47.46003" lon="12.52522">
        <ele>905</ele>
        <time>2026-05-12T22:22:18+00:00</time>
      </trkpt>
      <trkpt lat="47.46002" lon="12.52523">
        <ele>906</ele>
        <time>2026-05-12T22:22:21+00:00</time>
      </trkpt>
      <trkpt lat="47.46" lon="12.52523">
        <ele>905</ele>
        <time>2026-05-12T22:22:24+00:00</time>
      </trkpt>
      <trkpt lat="47.45999" lon="12.52523">
        <ele>906</ele>
        <time>2026-05-12T22:22:27+00:00</time>
      </trkpt>
      <trkpt lat="47.45997" lon="12.52523">
        <ele>906</ele>
        <time>2026-05-12T22:22:30+00:00</time>
      </trkpt>
      <trkpt lat="47.45995" lon="12.52524">
        <ele>906</ele>
        <time>2026-05-12T22:22:33+00:00</time>
      </trkpt>
      <trkpt lat="47.45994" lon="12.52524">
        <ele>906</ele>
        <time>2026-05-12T22:22:36+00:00</time>
      </trkpt>
      <trkpt lat="47.45992" lon="12.52524">
        <ele>906</ele>
        <time>2026-05-12T22:22:39+00:00</time>
      </trkpt>
      <trkpt lat="47.4599" lon="12.52524">
        <ele>906</ele>
        <time>2026-05-12T22:22:42+00:00</time>
      </trkpt>
      <trkpt lat="47.45989" lon="12.52525">
        <ele>906</ele>
        <time>2026-05-12T22:22:45+00:00</time>
      </trkpt>
      <trkpt lat="47.45988" lon="12.52524">
        <ele>906</ele>
        <time>2026-05-12T22:22:48+00:00</time>
      </trkpt>
      <trkpt lat="47.45987" lon="12.52524">
        <ele>906</ele>
        <time>2026-05-12T22:22:51+00:00</time>
      </trkpt>
      <trkpt lat="47.45985" lon="12.52524">
        <ele>906</ele>
        <time>2026-05-12T22:22:54+00:00</time>
      </trkpt>
      <trkpt lat="47.45984" lon="12.52523">
        <ele>906</ele>
        <time>2026-05-12T22:22:57+00:00</time>
      </trkpt>
      <trkpt lat="47.45982" lon="12.52523">
        <ele>906</ele>
        <time>2026-05-12T22:23:00+00:00</time>
      </trkpt>
      <trkpt lat="47.45981" lon="12.52521">
        <ele>906</ele>
        <time>2026-05-12T22:23:03+00:00</time>
      </trkpt>
      <trkpt lat="47.4598" lon="12.5252">
        <ele>903</ele>
        <time>2026-05-12T22:23:06+00:00</time>
      </trkpt>
      <trkpt lat="47.4598" lon="12.52518">
        <ele>904</ele>
        <time>2026-05-12T22:23:09+00:00</time>
      </trkpt>
      <trkpt lat="47.45979" lon="12.52516">
        <ele>904</ele>
        <time>2026-05-12T22:23:12+00:00</time>
      </trkpt>
      <trkpt lat="47.4598" lon="12.52515">
        <ele>904</ele>
        <time>2026-05-12T22:23:15+00:00</time>
      </trkpt>
      <trkpt lat="47.45981" lon="12.52513">
        <ele>903</ele>
        <time>2026-05-12T22:23:18+00:00</time>
      </trkpt>
      <trkpt lat="47.45982" lon="12.52511">
        <ele>903</ele>
        <time>2026-05-12T22:23:21+00:00</time>
      </trkpt>
      <trkpt lat="47.45983" lon="12.52509">
        <ele>900</ele>
        <time>2026-05-12T22:23:24+00:00</time>
      </trkpt>
      <trkpt lat="47.45984" lon="12.52507">
        <ele>900</ele>
        <time>2026-05-12T22:23:27+00:00</time>
      </trkpt>
      <trkpt lat="47.45986" lon="12.52507">
        <ele>900</ele>
        <time>2026-05-12T22:23:30+00:00</time>
      </trkpt>
      <trkpt lat="47.45987" lon="12.52506">
        <ele>900</ele>
        <time>2026-05-12T22:23:33+00:00</time>
      </trkpt>
      <trkpt lat="47.45988" lon="12.52506">
        <ele>900</ele>
        <time>2026-05-12T22:23:36+00:00</time>
      </trkpt>
      <trkpt lat="47.45991" lon="12.52506">
        <ele>900</ele>
        <time>2026-05-12T22:23:39+00:00</time>
      </trkpt>
      <trkpt lat="47.45992" lon="12.52505">
        <ele>900</ele>
        <time>2026-05-12T22:23:42+00:00</time>
      </trkpt>
      <trkpt lat="47.45995" lon="12.52505">
        <ele>900</ele>
        <time>2026-05-12T22:23:45+00:00</time>
      </trkpt>
      <trkpt lat="47.45997" lon="12.52504">
        <ele>900</ele>
        <time>2026-05-12T22:23:48+00:00</time>
      </trkpt>
      <trkpt lat="47.45999" lon="12.52504">
        <ele>900</ele>
        <time>2026-05-12T22:23:51+00:00</time>
      </trkpt>
      <trkpt lat="47.46001" lon="12.52503">
        <ele>899</ele>
        <time>2026-05-12T22:23:54+00:00</time>
      </trkpt>
      <trkpt lat="47.46002" lon="12.52503">
        <ele>899</ele>
        <time>2026-05-12T22:23:57+00:00</time>
      </trkpt>
      <trkpt lat="47.46004" lon="12.52503">
        <ele>899</ele>
        <time>2026-05-12T22:24:00+00:00</time>
      </trkpt>
      <trkpt lat="47.46007" lon="12.52503">
        <ele>899</ele>
        <time>2026-05-12T22:24:03+00:00</time>
      </trkpt>
      <trkpt lat="47.46008" lon="12.52503">
        <ele>899</ele>
        <time>2026-05-12T22:24:06+00:00</time>
      </trkpt>
      <trkpt lat="47.46012" lon="12.52502">
        <ele>899</ele>
        <time>2026-05-12T22:24:09+00:00</time>
      </trkpt>
      <trkpt lat="47.46014" lon="12.52502">
        <ele>899</ele>
        <time>2026-05-12T22:24:12+00:00</time>
      </trkpt>
      <trkpt lat="47.46016" lon="12.52502">
        <ele>899</ele>
        <time>2026-05-12T22:24:15+00:00</time>
      </trkpt>
      <trkpt lat="47.46018" lon="12.52503">
        <ele>899</ele>
        <time>2026-05-12T22:24:18+00:00</time>
      </trkpt>
      <trkpt lat="47.4602" lon="12.52503">
        <ele>899</ele>
        <time>2026-05-12T22:24:21+00:00</time>
      </trkpt>
      <trkpt lat="47.46022" lon="12.52503">
        <ele>898</ele>
        <time>2026-05-12T22:24:24+00:00</time>
      </trkpt>
      <trkpt lat="47.46023" lon="12.52503">
        <ele>898</ele>
        <time>2026-05-12T22:24:27+00:00</time>
      </trkpt>
      <trkpt lat="47.46025" lon="12.52503">
        <ele>898</ele>
        <time>2026-05-12T22:24:30+00:00</time>
      </trkpt>
      <trkpt lat="47.46027" lon="12.52503">
        <ele>898</ele>
        <time>2026-05-12T22:24:33+00:00</time>
      </trkpt>
      <trkpt lat="47.46028" lon="12.52503">
        <ele>898</ele>
        <time>2026-05-12T22:24:36+00:00</time>
      </trkpt>
      <trkpt lat="47.46031" lon="12.52504">
        <ele>898</ele>
        <time>2026-05-12T22:24:39+00:00</time>
      </trkpt>
      <trkpt lat="47.46033" lon="12.52504">
        <ele>898</ele>
        <time>2026-05-12T22:24:42+00:00</time>
      </trkpt>
      <trkpt lat="47.46035" lon="12.52504">
        <ele>898</ele>
        <time>2026-05-12T22:24:45+00:00</time>
      </trkpt>
      <trkpt lat="47.46036" lon="12.52505">
        <ele>898</ele>
        <time>2026-05-12T22:24:48+00:00</time>
      </trkpt>
      <trkpt lat="47.46038" lon="12.52505">
        <ele>898</ele>
        <time>2026-05-12T22:24:51+00:00</time>
      </trkpt>
      <trkpt lat="47.46041" lon="12.52506">
        <ele>897</ele>
        <time>2026-05-12T22:24:54+00:00</time>
      </trkpt>
      <trkpt lat="47.46043" lon="12.52506">
        <ele>897</ele>
        <time>2026-05-12T22:24:57+00:00</time>
      </trkpt>
      <trkpt lat="47.46045" lon="12.52506">
        <ele>897</ele>
        <time>2026-05-12T22:25:00+00:00</time>
      </trkpt>
      <trkpt lat="47.46046" lon="12.52507">
        <ele>897</ele>
        <time>2026-05-12T22:25:03+00:00</time>
      </trkpt>
      <trkpt lat="47.46047" lon="12.52507">
        <ele>897</ele>
        <time>2026-05-12T22:25:06+00:00</time>
      </trkpt>
      <trkpt lat="47.46049" lon="12.52507">
        <ele>897</ele>
        <time>2026-05-12T22:25:09+00:00</time>
      </trkpt>
      <trkpt lat="47.46051" lon="12.52507">
        <ele>897</ele>
        <time>2026-05-12T22:25:12+00:00</time>
      </trkpt>
      <trkpt lat="47.46054" lon="12.52508">
        <ele>897</ele>
        <time>2026-05-12T22:25:15+00:00</time>
      </trkpt>
      <trkpt lat="47.46055" lon="12.52508">
        <ele>897</ele>
        <time>2026-05-12T22:25:18+00:00</time>
      </trkpt>
      <trkpt lat="47.46056" lon="12.52508">
        <ele>897</ele>
        <time>2026-05-12T22:25:21+00:00</time>
      </trkpt>
      <trkpt lat="47.46058" lon="12.52508">
        <ele>897</ele>
        <time>2026-05-12T22:25:24+00:00</time>
      </trkpt>
      <trkpt lat="47.46059" lon="12.52507">
        <ele>897</ele>
        <time>2026-05-12T22:25:27+00:00</time>
      </trkpt>
      <trkpt lat="47.46061" lon="12.52507">
        <ele>896</ele>
        <time>2026-05-12T22:25:30+00:00</time>
      </trkpt>
      <trkpt lat="47.46062" lon="12.52507">
        <ele>896</ele>
        <time>2026-05-12T22:25:33+00:00</time>
      </trkpt>
      <trkpt lat="47.46063" lon="12.52506">
        <ele>896</ele>
        <time>2026-05-12T22:25:36+00:00</time>
      </trkpt>
      <trkpt lat="47.46065" lon="12.52505">
        <ele>896</ele>
        <time>2026-05-12T22:25:39+00:00</time>
      </trkpt>
      <trkpt lat="47.46066" lon="12.52505">
        <ele>896</ele>
        <time>2026-05-12T22:25:42+00:00</time>
      </trkpt>
      <trkpt lat="47.46067" lon="12.52504">
        <ele>896</ele>
        <time>2026-05-12T22:25:45+00:00</time>
      </trkpt>
      <trkpt lat="47.46067" lon="12.52503">
        <ele>896</ele>
        <time>2026-05-12T22:25:48+00:00</time>
      </trkpt>
      <trkpt lat="47.46066" lon="12.52501">
        <ele>896</ele>
        <time>2026-05-12T22:25:51+00:00</time>
      </trkpt>
      <trkpt lat="47.46065" lon="12.52499">
        <ele>894</ele>
        <time>2026-05-12T22:25:54+00:00</time>
      </trkpt>
      <trkpt lat="47.46064" lon="12.52496">
        <ele>894</ele>
        <time>2026-05-12T22:25:57+00:00</time>
      </trkpt>
      <trkpt lat="47.46064" lon="12.52494">
        <ele>894</ele>
        <time>2026-05-12T22:26:00+00:00</time>
      </trkpt>
      <trkpt lat="47.46063" lon="12.52493">
        <ele>894</ele>
        <time>2026-05-12T22:26:03+00:00</time>
      </trkpt>
      <trkpt lat="47.46062" lon="12.52491">
        <ele>894</ele>
        <time>2026-05-12T22:26:06+00:00</time>
      </trkpt>
      <trkpt lat="47.46061" lon="12.5249">
        <ele>891</ele>
        <time>2026-05-12T22:26:09+00:00</time>
      </trkpt>
      <trkpt lat="47.4606" lon="12.52488">
        <ele>891</ele>
        <time>2026-05-12T22:26:12+00:00</time>
      </trkpt>
      <trkpt lat="47.46059" lon="12.52487">
        <ele>892</ele>
        <time>2026-05-12T22:26:15+00:00</time>
      </trkpt>
      <trkpt lat="47.46058" lon="12.52485">
        <ele>892</ele>
        <time>2026-05-12T22:26:18+00:00</time>
      </trkpt>
      <trkpt lat="47.46057" lon="12.52483">
        <ele>892</ele>
        <time>2026-05-12T22:26:21+00:00</time>
      </trkpt>
      <trkpt lat="47.46056" lon="12.52482">
        <ele>892</ele>
        <time>2026-05-12T22:26:24+00:00</time>
      </trkpt>
      <trkpt lat="47.46055" lon="12.5248">
        <ele>892</ele>
        <time>2026-05-12T22:26:27+00:00</time>
      </trkpt>
      <trkpt lat="47.46054" lon="12.52479">
        <ele>889</ele>
        <time>2026-05-12T22:26:30+00:00</time>
      </trkpt>
      <trkpt lat="47.46053" lon="12.52477">
        <ele>889</ele>
        <time>2026-05-12T22:26:33+00:00</time>
      </trkpt>
      <trkpt lat="47.46051" lon="12.52476">
        <ele>889</ele>
        <time>2026-05-12T22:26:36+00:00</time>
      </trkpt>
      <trkpt lat="47.4605" lon="12.52474">
        <ele>889</ele>
        <time>2026-05-12T22:26:39+00:00</time>
      </trkpt>
      <trkpt lat="47.46048" lon="12.52472">
        <ele>889</ele>
        <time>2026-05-12T22:26:42+00:00</time>
      </trkpt>
      <trkpt lat="47.46047" lon="12.5247">
        <ele>889</ele>
        <time>2026-05-12T22:26:45+00:00</time>
      </trkpt>
      <trkpt lat="47.46046" lon="12.52469">
        <ele>887</ele>
        <time>2026-05-12T22:26:48+00:00</time>
      </trkpt>
      <trkpt lat="47.46046" lon="12.52467">
        <ele>887</ele>
        <time>2026-05-12T22:26:51+00:00</time>
      </trkpt>
      <trkpt lat="47.46045" lon="12.52465">
        <ele>887</ele>
        <time>2026-05-12T22:26:54+00:00</time>
      </trkpt>
      <trkpt lat="47.46047" lon="12.52464">
        <ele>887</ele>
        <time>2026-05-12T22:26:57+00:00</time>
      </trkpt>
      <trkpt lat="47.46049" lon="12.52463">
        <ele>887</ele>
        <time>2026-05-12T22:27:00+00:00</time>
      </trkpt>
      <trkpt lat="47.4605" lon="12.52463">
        <ele>887</ele>
        <time>2026-05-12T22:27:03+00:00</time>
      </trkpt>
      <trkpt lat="47.46052" lon="12.52462">
        <ele>887</ele>
        <time>2026-05-12T22:27:06+00:00</time>
      </trkpt>
      <trkpt lat="47.46053" lon="12.52461">
        <ele>887</ele>
        <time>2026-05-12T22:27:09+00:00</time>
      </trkpt>
      <trkpt lat="47.46056" lon="12.5246">
        <ele>884</ele>
        <time>2026-05-12T22:27:12+00:00</time>
      </trkpt>
      <trkpt lat="47.46058" lon="12.52459">
        <ele>884</ele>
        <time>2026-05-12T22:27:15+00:00</time>
      </trkpt>
      <trkpt lat="47.46059" lon="12.52459">
        <ele>884</ele>
        <time>2026-05-12T22:27:18+00:00</time>
      </trkpt>
      <trkpt lat="47.46061" lon="12.52458">
        <ele>884</ele>
        <time>2026-05-12T22:27:21+00:00</time>
      </trkpt>
      <trkpt lat="47.46062" lon="12.52458">
        <ele>884</ele>
        <time>2026-05-12T22:27:24+00:00</time>
      </trkpt>
      <trkpt lat="47.46064" lon="12.52458">
        <ele>884</ele>
        <time>2026-05-12T22:27:27+00:00</time>
      </trkpt>
      <trkpt lat="47.46065" lon="12.52457">
        <ele>884</ele>
        <time>2026-05-12T22:27:30+00:00</time>
      </trkpt>
      <trkpt lat="47.46067" lon="12.52457">
        <ele>886</ele>
        <time>2026-05-12T22:27:33+00:00</time>
      </trkpt>
      <trkpt lat="47.46069" lon="12.52457">
        <ele>884</ele>
        <time>2026-05-12T22:27:36+00:00</time>
      </trkpt>
      <trkpt lat="47.46071" lon="12.52457">
        <ele>883</ele>
        <time>2026-05-12T22:27:39+00:00</time>
      </trkpt>
      <trkpt lat="47.46072" lon="12.52457">
        <ele>883</ele>
        <time>2026-05-12T22:27:42+00:00</time>
      </trkpt>
      <trkpt lat="47.46074" lon="12.52457">
        <ele>883</ele>
        <time>2026-05-12T22:27:45+00:00</time>
      </trkpt>
      <trkpt lat="47.46076" lon="12.52457">
        <ele>883</ele>
        <time>2026-05-12T22:27:48+00:00</time>
      </trkpt>
      <trkpt lat="47.46077" lon="12.52457">
        <ele>883</ele>
        <time>2026-05-12T22:27:51+00:00</time>
      </trkpt>
      <trkpt lat="47.46079" lon="12.52458">
        <ele>883</ele>
        <time>2026-05-12T22:27:54+00:00</time>
      </trkpt>
      <trkpt lat="47.4608" lon="12.52459">
        <ele>883</ele>
        <time>2026-05-12T22:27:57+00:00</time>
      </trkpt>
      <trkpt lat="47.46082" lon="12.5246">
        <ele>886</ele>
        <time>2026-05-12T22:28:00+00:00</time>
      </trkpt>
      <trkpt lat="47.46083" lon="12.52461">
        <ele>886</ele>
        <time>2026-05-12T22:28:03+00:00</time>
      </trkpt>
      <trkpt lat="47.46085" lon="12.52462">
        <ele>886</ele>
        <time>2026-05-12T22:28:06+00:00</time>
      </trkpt>
      <trkpt lat="47.46087" lon="12.52463">
        <ele>886</ele>
        <time>2026-05-12T22:28:09+00:00</time>
      </trkpt>
      <trkpt lat="47.46089" lon="12.52465">
        <ele>886</ele>
        <time>2026-05-12T22:28:12+00:00</time>
      </trkpt>
      <trkpt lat="47.4609" lon="12.52467">
        <ele>886</ele>
        <time>2026-05-12T22:28:15+00:00</time>
      </trkpt>
      <trkpt lat="47.46091" lon="12.52468">
        <ele>885</ele>
        <time>2026-05-12T22:28:18+00:00</time>
      </trkpt>
      <trkpt lat="47.46092" lon="12.52469">
        <ele>885</ele>
        <time>2026-05-12T22:28:21+00:00</time>
      </trkpt>
      <trkpt lat="47.46094" lon="12.52468">
        <ele>885</ele>
        <time>2026-05-12T22:28:24+00:00</time>
      </trkpt>
      <trkpt lat="47.46096" lon="12.52468">
        <ele>885</ele>
        <time>2026-05-12T22:28:27+00:00</time>
      </trkpt>
      <trkpt lat="47.46097" lon="12.52467">
        <ele>885</ele>
        <time>2026-05-12T22:28:30+00:00</time>
      </trkpt>
      <trkpt lat="47.46099" lon="12.52467">
        <ele>885</ele>
        <time>2026-05-12T22:28:33+00:00</time>
      </trkpt>
      <trkpt lat="47.461" lon="12.52466">
        <ele>885</ele>
        <time>2026-05-12T22:28:36+00:00</time>
      </trkpt>
      <trkpt lat="47.46101" lon="12.52465">
        <ele>885</ele>
        <time>2026-05-12T22:28:39+00:00</time>
      </trkpt>
      <trkpt lat="47.46102" lon="12.52463">
        <ele>885</ele>
        <time>2026-05-12T22:28:42+00:00</time>
      </trkpt>
      <trkpt lat="47.46103" lon="12.52462">
        <ele>885</ele>
        <time>2026-05-12T22:28:45+00:00</time>
      </trkpt>
      <trkpt lat="47.46104" lon="12.5246">
        <ele>885</ele>
        <time>2026-05-12T22:28:48+00:00</time>
      </trkpt>
      <trkpt lat="47.46105" lon="12.52458">
        <ele>883</ele>
        <time>2026-05-12T22:28:51+00:00</time>
      </trkpt>
      <trkpt lat="47.46106" lon="12.52457">
        <ele>883</ele>
        <time>2026-05-12T22:28:54+00:00</time>
      </trkpt>
      <trkpt lat="47.46107" lon="12.52455">
        <ele>883</ele>
        <time>2026-05-12T22:28:57+00:00</time>
      </trkpt>
      <trkpt lat="47.46108" lon="12.52453">
        <ele>883</ele>
        <time>2026-05-12T22:29:00+00:00</time>
      </trkpt>
      <trkpt lat="47.4611" lon="12.52453">
        <ele>883</ele>
        <time>2026-05-12T22:29:03+00:00</time>
      </trkpt>
      <trkpt lat="47.46111" lon="12.52453">
        <ele>882</ele>
        <time>2026-05-12T22:29:06+00:00</time>
      </trkpt>
      <trkpt lat="47.46112" lon="12.52452">
        <ele>882</ele>
        <time>2026-05-12T22:29:09+00:00</time>
      </trkpt>
      <trkpt lat="47.46114" lon="12.52452">
        <ele>882</ele>
        <time>2026-05-12T22:29:12+00:00</time>
      </trkpt>
      <trkpt lat="47.46115" lon="12.52451">
        <ele>882</ele>
        <time>2026-05-12T22:29:15+00:00</time>
      </trkpt>
      <trkpt lat="47.46117" lon="12.52451">
        <ele>882</ele>
        <time>2026-05-12T22:29:18+00:00</time>
      </trkpt>
      <trkpt lat="47.46118" lon="12.5245">
        <ele>882</ele>
        <time>2026-05-12T22:29:21+00:00</time>
      </trkpt>
      <trkpt lat="47.4612" lon="12.5245">
        <ele>880</ele>
        <time>2026-05-12T22:29:24+00:00</time>
      </trkpt>
      <trkpt lat="47.46121" lon="12.52449">
        <ele>880</ele>
        <time>2026-05-12T22:29:27+00:00</time>
      </trkpt>
      <trkpt lat="47.46122" lon="12.52449">
        <ele>880</ele>
        <time>2026-05-12T22:29:30+00:00</time>
      </trkpt>
      <trkpt lat="47.46123" lon="12.52448">
        <ele>880</ele>
        <time>2026-05-12T22:29:33+00:00</time>
      </trkpt>
      <trkpt lat="47.46124" lon="12.52448">
        <ele>880</ele>
        <time>2026-05-12T22:29:36+00:00</time>
      </trkpt>
      <trkpt lat="47.46125" lon="12.52447">
        <ele>880</ele>
        <time>2026-05-12T22:29:39+00:00</time>
      </trkpt>
      <trkpt lat="47.46127" lon="12.52447">
        <ele>880</ele>
        <time>2026-05-12T22:29:42+00:00</time>
      </trkpt>
      <trkpt lat="47.46128" lon="12.52446">
        <ele>880</ele>
        <time>2026-05-12T22:29:45+00:00</time>
      </trkpt>
      <trkpt lat="47.4613" lon="12.52446">
        <ele>880</ele>
        <time>2026-05-12T22:29:48+00:00</time>
      </trkpt>
      <trkpt lat="47.46131" lon="12.52446">
        <ele>880</ele>
        <time>2026-05-12T22:29:51+00:00</time>
      </trkpt>
      <trkpt lat="47.46132" lon="12.52446">
        <ele>880</ele>
        <time>2026-05-12T22:29:54+00:00</time>
      </trkpt>
      <trkpt lat="47.46134" lon="12.52446">
        <ele>880</ele>
        <time>2026-05-12T22:29:57+00:00</time>
      </trkpt>
      <trkpt lat="47.46135" lon="12.52446">
        <ele>880</ele>
        <time>2026-05-12T22:30:00+00:00</time>
      </trkpt>
      <trkpt lat="47.46136" lon="12.52446">
        <ele>880</ele>
        <time>2026-05-12T22:30:03+00:00</time>
      </trkpt>
      <trkpt lat="47.46137" lon="12.52446">
        <ele>880</ele>
        <time>2026-05-12T22:30:06+00:00</time>
      </trkpt>
      <trkpt lat="47.46139" lon="12.52446">
        <ele>880</ele>
        <time>2026-05-12T22:30:09+00:00</time>
      </trkpt>
      <trkpt lat="47.4614" lon="12.52446">
        <ele>880</ele>
        <time>2026-05-12T22:30:12+00:00</time>
      </trkpt>
      <trkpt lat="47.46142" lon="12.52446">
        <ele>880</ele>
        <time>2026-05-12T22:30:15+00:00</time>
      </trkpt>
      <trkpt lat="47.46143" lon="12.52446">
        <ele>880</ele>
        <time>2026-05-12T22:30:18+00:00</time>
      </trkpt>
      <trkpt lat="47.46145" lon="12.52446">
        <ele>880</ele>
        <time>2026-05-12T22:30:21+00:00</time>
      </trkpt>
      <trkpt lat="47.46147" lon="12.52445">
        <ele>880</ele>
        <time>2026-05-12T22:30:24+00:00</time>
      </trkpt>
      <trkpt lat="47.46149" lon="12.52444">
        <ele>880</ele>
        <time>2026-05-12T22:30:27+00:00</time>
      </trkpt>
      <trkpt lat="47.46151" lon="12.52441">
        <ele>879</ele>
        <time>2026-05-12T22:30:30+00:00</time>
      </trkpt>
      <trkpt lat="47.46153" lon="12.52439">
        <ele>878</ele>
        <time>2026-05-12T22:30:33+00:00</time>
      </trkpt>
      <trkpt lat="47.46155" lon="12.52436">
        <ele>878</ele>
        <time>2026-05-12T22:30:36+00:00</time>
      </trkpt>
      <trkpt lat="47.46156" lon="12.52434">
        <ele>878</ele>
        <time>2026-05-12T22:30:39+00:00</time>
      </trkpt>
      <trkpt lat="47.46157" lon="12.52432">
        <ele>878</ele>
        <time>2026-05-12T22:30:42+00:00</time>
      </trkpt>
      <trkpt lat="47.46159" lon="12.5243">
        <ele>876</ele>
        <time>2026-05-12T22:30:45+00:00</time>
      </trkpt>
      <trkpt lat="47.4616" lon="12.52427">
        <ele>876</ele>
        <time>2026-05-12T22:30:48+00:00</time>
      </trkpt>
      <trkpt lat="47.46163" lon="12.52425">
        <ele>876</ele>
        <time>2026-05-12T22:30:51+00:00</time>
      </trkpt>
      <trkpt lat="47.46164" lon="12.52424">
        <ele>876</ele>
        <time>2026-05-12T22:30:54+00:00</time>
      </trkpt>
      <trkpt lat="47.46166" lon="12.52422">
        <ele>876</ele>
        <time>2026-05-12T22:30:57+00:00</time>
      </trkpt>
      <trkpt lat="47.46169" lon="12.52421">
        <ele>876</ele>
        <time>2026-05-12T22:31:00+00:00</time>
      </trkpt>
      <trkpt lat="47.46171" lon="12.52419">
        <ele>874</ele>
        <time>2026-05-12T22:31:03+00:00</time>
      </trkpt>
      <trkpt lat="47.46173" lon="12.52419">
        <ele>874</ele>
        <time>2026-05-12T22:31:06+00:00</time>
      </trkpt>
      <trkpt lat="47.46175" lon="12.52416">
        <ele>874</ele>
        <time>2026-05-12T22:31:09+00:00</time>
      </trkpt>
      <trkpt lat="47.46178" lon="12.52414">
        <ele>874</ele>
        <time>2026-05-12T22:31:12+00:00</time>
      </trkpt>
      <trkpt lat="47.46179" lon="12.52412">
        <ele>874</ele>
        <time>2026-05-12T22:31:15+00:00</time>
      </trkpt>
      <trkpt lat="47.46181" lon="12.52411">
        <ele>873</ele>
        <time>2026-05-12T22:31:18+00:00</time>
      </trkpt>
      <trkpt lat="47.46183" lon="12.52409">
        <ele>872</ele>
        <time>2026-05-12T22:31:21+00:00</time>
      </trkpt>
      <trkpt lat="47.46184" lon="12.52408">
        <ele>872</ele>
        <time>2026-05-12T22:31:24+00:00</time>
      </trkpt>
      <trkpt lat="47.46187" lon="12.52407">
        <ele>872</ele>
        <time>2026-05-12T22:31:27+00:00</time>
      </trkpt>
      <trkpt lat="47.46188" lon="12.52406">
        <ele>872</ele>
        <time>2026-05-12T22:31:30+00:00</time>
      </trkpt>
      <trkpt lat="47.4619" lon="12.52405">
        <ele>872</ele>
        <time>2026-05-12T22:31:33+00:00</time>
      </trkpt>
      <trkpt lat="47.46192" lon="12.52404">
        <ele>871</ele>
        <time>2026-05-12T22:31:36+00:00</time>
      </trkpt>
      <trkpt lat="47.46194" lon="12.52403">
        <ele>871</ele>
        <time>2026-05-12T22:31:39+00:00</time>
      </trkpt>
      <trkpt lat="47.46196" lon="12.52402">
        <ele>871</ele>
        <time>2026-05-12T22:31:42+00:00</time>
      </trkpt>
      <trkpt lat="47.46197" lon="12.524">
        <ele>871</ele>
        <time>2026-05-12T22:31:45+00:00</time>
      </trkpt>
      <trkpt lat="47.46199" lon="12.52399">
        <ele>870</ele>
        <time>2026-05-12T22:31:48+00:00</time>
      </trkpt>
      <trkpt lat="47.46201" lon="12.52397">
        <ele>869</ele>
        <time>2026-05-12T22:31:51+00:00</time>
      </trkpt>
      <trkpt lat="47.46203" lon="12.52395">
        <ele>869</ele>
        <time>2026-05-12T22:31:54+00:00</time>
      </trkpt>
      <trkpt lat="47.46205" lon="12.52394">
        <ele>869</ele>
        <time>2026-05-12T22:31:57+00:00</time>
      </trkpt>
      <trkpt lat="47.46207" lon="12.52391">
        <ele>869</ele>
        <time>2026-05-12T22:32:00+00:00</time>
      </trkpt>
      <trkpt lat="47.46208" lon="12.52388">
        <ele>868</ele>
        <time>2026-05-12T22:32:03+00:00</time>
      </trkpt>
      <trkpt lat="47.4621" lon="12.52386">
        <ele>868</ele>
        <time>2026-05-12T22:32:06+00:00</time>
      </trkpt>
      <trkpt lat="47.46212" lon="12.52383">
        <ele>867</ele>
        <time>2026-05-12T22:32:09+00:00</time>
      </trkpt>
      <trkpt lat="47.46214" lon="12.5238">
        <ele>867</ele>
        <time>2026-05-12T22:32:12+00:00</time>
      </trkpt>
      <trkpt lat="47.46215" lon="12.52379">
        <ele>866</ele>
        <time>2026-05-12T22:32:15+00:00</time>
      </trkpt>
      <trkpt lat="47.46216" lon="12.52377">
        <ele>866</ele>
        <time>2026-05-12T22:32:18+00:00</time>
      </trkpt>
      <trkpt lat="47.46218" lon="12.52376">
        <ele>866</ele>
        <time>2026-05-12T22:32:21+00:00</time>
      </trkpt>
      <trkpt lat="47.4622" lon="12.52374">
        <ele>866</ele>
        <time>2026-05-12T22:32:24+00:00</time>
      </trkpt>
      <trkpt lat="47.46222" lon="12.52372">
        <ele>866</ele>
        <time>2026-05-12T22:32:27+00:00</time>
      </trkpt>
      <trkpt lat="47.46224" lon="12.52371">
        <ele>866</ele>
        <time>2026-05-12T22:32:30+00:00</time>
      </trkpt>
      <trkpt lat="47.46225" lon="12.52369">
        <ele>866</ele>
        <time>2026-05-12T22:32:33+00:00</time>
      </trkpt>
      <trkpt lat="47.46227" lon="12.52368">
        <ele>866</ele>
        <time>2026-05-12T22:32:36+00:00</time>
      </trkpt>
      <trkpt lat="47.46228" lon="12.52367">
        <ele>866</ele>
        <time>2026-05-12T22:32:39+00:00</time>
      </trkpt>
      <trkpt lat="47.4623" lon="12.52365">
        <ele>866</ele>
        <time>2026-05-12T22:32:42+00:00</time>
      </trkpt>
      <trkpt lat="47.46231" lon="12.52363">
        <ele>865</ele>
        <time>2026-05-12T22:32:45+00:00</time>
      </trkpt>
      <trkpt lat="47.46232" lon="12.52362">
        <ele>865</ele>
        <time>2026-05-12T22:32:48+00:00</time>
      </trkpt>
      <trkpt lat="47.46232" lon="12.5236">
        <ele>865</ele>
        <time>2026-05-12T22:32:51+00:00</time>
      </trkpt>
      <trkpt lat="47.46232" lon="12.52358">
        <ele>865</ele>
        <time>2026-05-12T22:32:54+00:00</time>
      </trkpt>
      <trkpt lat="47.46232" lon="12.52355">
        <ele>865</ele>
        <time>2026-05-12T22:32:57+00:00</time>
      </trkpt>
      <trkpt lat="47.46231" lon="12.52353">
        <ele>865</ele>
        <time>2026-05-12T22:33:00+00:00</time>
      </trkpt>
      <trkpt lat="47.46231" lon="12.5235">
        <ele>865</ele>
        <time>2026-05-12T22:33:03+00:00</time>
      </trkpt>
      <trkpt lat="47.46231" lon="12.52347">
        <ele>865</ele>
        <time>2026-05-12T22:33:06+00:00</time>
      </trkpt>
      <trkpt lat="47.46231" lon="12.52344">
        <ele>865</ele>
        <time>2026-05-12T22:33:09+00:00</time>
      </trkpt>
      <trkpt lat="47.46231" lon="12.52342">
        <ele>865</ele>
        <time>2026-05-12T22:33:12+00:00</time>
      </trkpt>
      <trkpt lat="47.46231" lon="12.52339">
        <ele>865</ele>
        <time>2026-05-12T22:33:15+00:00</time>
      </trkpt>
      <trkpt lat="47.46232" lon="12.52336">
        <ele>865</ele>
        <time>2026-05-12T22:33:18+00:00</time>
      </trkpt>
      <trkpt lat="47.46232" lon="12.52333">
        <ele>865</ele>
        <time>2026-05-12T22:33:21+00:00</time>
      </trkpt>
      <trkpt lat="47.46232" lon="12.52331">
        <ele>865</ele>
        <time>2026-05-12T22:33:24+00:00</time>
      </trkpt>
      <trkpt lat="47.46232" lon="12.52328">
        <ele>865</ele>
        <time>2026-05-12T22:33:27+00:00</time>
      </trkpt>
      <trkpt lat="47.46233" lon="12.52325">
        <ele>865</ele>
        <time>2026-05-12T22:33:30+00:00</time>
      </trkpt>
      <trkpt lat="47.46233" lon="12.52322">
        <ele>865</ele>
        <time>2026-05-12T22:33:33+00:00</time>
      </trkpt>
      <trkpt lat="47.46234" lon="12.52319">
        <ele>865</ele>
        <time>2026-05-12T22:33:36+00:00</time>
      </trkpt>
      <trkpt lat="47.46234" lon="12.52315">
        <ele>865</ele>
        <time>2026-05-12T22:33:39+00:00</time>
      </trkpt>
      <trkpt lat="47.46235" lon="12.52313">
        <ele>865</ele>
        <time>2026-05-12T22:33:42+00:00</time>
      </trkpt>
      <trkpt lat="47.46235" lon="12.5231">
        <ele>865</ele>
        <time>2026-05-12T22:33:45+00:00</time>
      </trkpt>
      <trkpt lat="47.46235" lon="12.52308">
        <ele>865</ele>
        <time>2026-05-12T22:33:48+00:00</time>
      </trkpt>
      <trkpt lat="47.46236" lon="12.52305">
        <ele>865</ele>
        <time>2026-05-12T22:33:51+00:00</time>
      </trkpt>
      <trkpt lat="47.46236" lon="12.52302">
        <ele>865</ele>
        <time>2026-05-12T22:33:54+00:00</time>
      </trkpt>
      <trkpt lat="47.46235" lon="12.52299">
        <ele>867</ele>
        <time>2026-05-12T22:33:57+00:00</time>
      </trkpt>
      <trkpt lat="47.46235" lon="12.52296">
        <ele>867</ele>
        <time>2026-05-12T22:34:00+00:00</time>
      </trkpt>
      <trkpt lat="47.46235" lon="12.52295">
        <ele>867</ele>
        <time>2026-05-12T22:34:03+00:00</time>
      </trkpt>
      <trkpt lat="47.46233" lon="12.52294">
        <ele>867</ele>
        <time>2026-05-12T22:34:06+00:00</time>
      </trkpt>
      <trkpt lat="47.46232" lon="12.52294">
        <ele>867</ele>
        <time>2026-05-12T22:34:09+00:00</time>
      </trkpt>
      <trkpt lat="47.46229" lon="12.52294">
        <ele>868</ele>
        <time>2026-05-12T22:34:12+00:00</time>
      </trkpt>
      <trkpt lat="47.46228" lon="12.52294">
        <ele>868</ele>
        <time>2026-05-12T22:34:15+00:00</time>
      </trkpt>
      <trkpt lat="47.46226" lon="12.52293">
        <ele>868</ele>
        <time>2026-05-12T22:34:18+00:00</time>
      </trkpt>
      <trkpt lat="47.46223" lon="12.52293">
        <ele>868</ele>
        <time>2026-05-12T22:34:21+00:00</time>
      </trkpt>
      <trkpt lat="47.46222" lon="12.52293">
        <ele>868</ele>
        <time>2026-05-12T22:34:24+00:00</time>
      </trkpt>
      <trkpt lat="47.4622" lon="12.52292">
        <ele>869</ele>
        <time>2026-05-12T22:34:27+00:00</time>
      </trkpt>
      <trkpt lat="47.46218" lon="12.52292">
        <ele>869</ele>
        <time>2026-05-12T22:34:30+00:00</time>
      </trkpt>
      <trkpt lat="47.46216" lon="12.52291">
        <ele>869</ele>
        <time>2026-05-12T22:34:33+00:00</time>
      </trkpt>
      <trkpt lat="47.46215" lon="12.5229">
        <ele>869</ele>
        <time>2026-05-12T22:34:36+00:00</time>
      </trkpt>
      <trkpt lat="47.46213" lon="12.52289">
        <ele>871</ele>
        <time>2026-05-12T22:34:39+00:00</time>
      </trkpt>
      <trkpt lat="47.46211" lon="12.52288">
        <ele>871</ele>
        <time>2026-05-12T22:34:42+00:00</time>
      </trkpt>
      <trkpt lat="47.4621" lon="12.52288">
        <ele>872</ele>
        <time>2026-05-12T22:34:45+00:00</time>
      </trkpt>
      <trkpt lat="47.46208" lon="12.52287">
        <ele>872</ele>
        <time>2026-05-12T22:34:48+00:00</time>
      </trkpt>
      <trkpt lat="47.46206" lon="12.52286">
        <ele>872</ele>
        <time>2026-05-12T22:34:51+00:00</time>
      </trkpt>
      <trkpt lat="47.46204" lon="12.52286">
        <ele>872</ele>
        <time>2026-05-12T22:34:54+00:00</time>
      </trkpt>
      <trkpt lat="47.46203" lon="12.52285">
        <ele>872</ele>
        <time>2026-05-12T22:34:57+00:00</time>
      </trkpt>
      <trkpt lat="47.462" lon="12.52285">
        <ele>872</ele>
        <time>2026-05-12T22:35:00+00:00</time>
      </trkpt>
      <trkpt lat="47.46199" lon="12.52285">
        <ele>873</ele>
        <time>2026-05-12T22:35:03+00:00</time>
      </trkpt>
      <trkpt lat="47.46197" lon="12.52285">
        <ele>873</ele>
        <time>2026-05-12T22:35:06+00:00</time>
      </trkpt>
      <trkpt lat="47.46195" lon="12.52284">
        <ele>873</ele>
        <time>2026-05-12T22:35:09+00:00</time>
      </trkpt>
      <trkpt lat="47.46193" lon="12.52284">
        <ele>873</ele>
        <time>2026-05-12T22:35:12+00:00</time>
      </trkpt>
      <trkpt lat="47.4619" lon="12.52284">
        <ele>873</ele>
        <time>2026-05-12T22:35:15+00:00</time>
      </trkpt>
      <trkpt lat="47.46188" lon="12.52284">
        <ele>874</ele>
        <time>2026-05-12T22:35:18+00:00</time>
      </trkpt>
      <trkpt lat="47.46186" lon="12.52284">
        <ele>874</ele>
        <time>2026-05-12T22:35:21+00:00</time>
      </trkpt>
      <trkpt lat="47.46183" lon="12.52284">
        <ele>874</ele>
        <time>2026-05-12T22:35:24+00:00</time>
      </trkpt>
      <trkpt lat="47.46181" lon="12.52284">
        <ele>874</ele>
        <time>2026-05-12T22:35:27+00:00</time>
      </trkpt>
      <trkpt lat="47.4618" lon="12.52284">
        <ele>875</ele>
        <time>2026-05-12T22:35:30+00:00</time>
      </trkpt>
      <trkpt lat="47.46177" lon="12.52284">
        <ele>875</ele>
        <time>2026-05-12T22:35:33+00:00</time>
      </trkpt>
      <trkpt lat="47.46175" lon="12.52284">
        <ele>875</ele>
        <time>2026-05-12T22:35:36+00:00</time>
      </trkpt>
      <trkpt lat="47.46173" lon="12.52284">
        <ele>875</ele>
        <time>2026-05-12T22:35:39+00:00</time>
      </trkpt>
      <trkpt lat="47.4617" lon="12.52284">
        <ele>875</ele>
        <time>2026-05-12T22:35:42+00:00</time>
      </trkpt>
      <trkpt lat="47.46168" lon="12.52284">
        <ele>876</ele>
        <time>2026-05-12T22:35:45+00:00</time>
      </trkpt>
      <trkpt lat="47.46166" lon="12.52284">
        <ele>876</ele>
        <time>2026-05-12T22:35:48+00:00</time>
      </trkpt>
      <trkpt lat="47.46165" lon="12.52284">
        <ele>876</ele>
        <time>2026-05-12T22:35:51+00:00</time>
      </trkpt>
      <trkpt lat="47.46162" lon="12.52284">
        <ele>876</ele>
        <time>2026-05-12T22:35:54+00:00</time>
      </trkpt>
      <trkpt lat="47.4616" lon="12.52284">
        <ele>876</ele>
        <time>2026-05-12T22:35:57+00:00</time>
      </trkpt>
      <trkpt lat="47.46158" lon="12.52284">
        <ele>876</ele>
        <time>2026-05-12T22:36:00+00:00</time>
      </trkpt>
      <trkpt lat="47.46155" lon="12.52284">
        <ele>876</ele>
        <time>2026-05-12T22:36:03+00:00</time>
      </trkpt>
      <trkpt lat="47.46152" lon="12.52283">
        <ele>876</ele>
        <time>2026-05-12T22:36:06+00:00</time>
      </trkpt>
      <trkpt lat="47.46149" lon="12.52283">
        <ele>876</ele>
        <time>2026-05-12T22:36:09+00:00</time>
      </trkpt>
      <trkpt lat="47.46146" lon="12.52283">
        <ele>876</ele>
        <time>2026-05-12T22:36:12+00:00</time>
      </trkpt>
      <trkpt lat="47.46143" lon="12.52283">
        <ele>876</ele>
        <time>2026-05-12T22:36:15+00:00</time>
      </trkpt>
      <trkpt lat="47.46141" lon="12.52283">
        <ele>876</ele>
        <time>2026-05-12T22:36:18+00:00</time>
      </trkpt>
      <trkpt lat="47.46139" lon="12.52283">
        <ele>877</ele>
        <time>2026-05-12T22:36:21+00:00</time>
      </trkpt>
      <trkpt lat="47.46136" lon="12.52283">
        <ele>877</ele>
        <time>2026-05-12T22:36:24+00:00</time>
      </trkpt>
      <trkpt lat="47.46134" lon="12.52283">
        <ele>877</ele>
        <time>2026-05-12T22:36:27+00:00</time>
      </trkpt>
      <trkpt lat="47.46132" lon="12.52283">
        <ele>877</ele>
        <time>2026-05-12T22:36:30+00:00</time>
      </trkpt>
      <trkpt lat="47.46128" lon="12.52283">
        <ele>877</ele>
        <time>2026-05-12T22:36:33+00:00</time>
      </trkpt>
      <trkpt lat="47.46125" lon="12.52283">
        <ele>877</ele>
        <time>2026-05-12T22:36:36+00:00</time>
      </trkpt>
      <trkpt lat="47.46122" lon="12.52283">
        <ele>877</ele>
        <time>2026-05-12T22:36:39+00:00</time>
      </trkpt>
      <trkpt lat="47.46119" lon="12.52283">
        <ele>877</ele>
        <time>2026-05-12T22:36:42+00:00</time>
      </trkpt>
      <trkpt lat="47.46116" lon="12.52283">
        <ele>877</ele>
        <time>2026-05-12T22:36:45+00:00</time>
      </trkpt>
      <trkpt lat="47.46112" lon="12.52283">
        <ele>877</ele>
        <time>2026-05-12T22:36:48+00:00</time>
      </trkpt>
      <trkpt lat="47.46109" lon="12.52283">
        <ele>878</ele>
        <time>2026-05-12T22:36:51+00:00</time>
      </trkpt>
      <trkpt lat="47.46106" lon="12.52283">
        <ele>878</ele>
        <time>2026-05-12T22:36:54+00:00</time>
      </trkpt>
      <trkpt lat="47.46102" lon="12.52282">
        <ele>878</ele>
        <time>2026-05-12T22:36:57+00:00</time>
      </trkpt>
      <trkpt lat="47.46098" lon="12.52282">
        <ele>878</ele>
        <time>2026-05-12T22:37:00+00:00</time>
      </trkpt>
      <trkpt lat="47.46095" lon="12.52282">
        <ele>878</ele>
        <time>2026-05-12T22:37:03+00:00</time>
      </trkpt>
      <trkpt lat="47.46093" lon="12.52281">
        <ele>878</ele>
        <time>2026-05-12T22:37:06+00:00</time>
      </trkpt>
      <trkpt lat="47.4609" lon="12.52281">
        <ele>878</ele>
        <time>2026-05-12T22:37:09+00:00</time>
      </trkpt>
      <trkpt lat="47.46087" lon="12.5228">
        <ele>879</ele>
        <time>2026-05-12T22:37:12+00:00</time>
      </trkpt>
      <trkpt lat="47.46084" lon="12.5228">
        <ele>881</ele>
        <time>2026-05-12T22:37:15+00:00</time>
      </trkpt>
      <trkpt lat="47.46081" lon="12.52279">
        <ele>881</ele>
        <time>2026-05-12T22:37:18+00:00</time>
      </trkpt>
      <trkpt lat="47.46077" lon="12.52278">
        <ele>882</ele>
        <time>2026-05-12T22:37:21+00:00</time>
      </trkpt>
      <trkpt lat="47.46073" lon="12.52276">
        <ele>882</ele>
        <time>2026-05-12T22:37:24+00:00</time>
      </trkpt>
      <trkpt lat="47.4607" lon="12.52275">
        <ele>882</ele>
        <time>2026-05-12T22:37:27+00:00</time>
      </trkpt>
      <trkpt lat="47.46065" lon="12.52274">
        <ele>882</ele>
        <time>2026-05-12T22:37:30+00:00</time>
      </trkpt>
      <trkpt lat="47.46062" lon="12.52273">
        <ele>882</ele>
        <time>2026-05-12T22:37:33+00:00</time>
      </trkpt>
      <trkpt lat="47.46058" lon="12.52273">
        <ele>883</ele>
        <time>2026-05-12T22:37:36+00:00</time>
      </trkpt>
      <trkpt lat="47.46055" lon="12.52273">
        <ele>883</ele>
        <time>2026-05-12T22:37:39+00:00</time>
      </trkpt>
      <trkpt lat="47.46052" lon="12.52273">
        <ele>883</ele>
        <time>2026-05-12T22:37:42+00:00</time>
      </trkpt>
      <trkpt lat="47.46048" lon="12.52274">
        <ele>884</ele>
        <time>2026-05-12T22:37:45+00:00</time>
      </trkpt>
      <trkpt lat="47.46045" lon="12.52275">
        <ele>882</ele>
        <time>2026-05-12T22:37:48+00:00</time>
      </trkpt>
      <trkpt lat="47.46041" lon="12.52276">
        <ele>884</ele>
        <time>2026-05-12T22:37:51+00:00</time>
      </trkpt>
      <trkpt lat="47.46037" lon="12.52277">
        <ele>885</ele>
        <time>2026-05-12T22:37:54+00:00</time>
      </trkpt>
      <trkpt lat="47.46033" lon="12.52278">
        <ele>885</ele>
        <time>2026-05-12T22:37:57+00:00</time>
      </trkpt>
      <trkpt lat="47.4603" lon="12.52279">
        <ele>885</ele>
        <time>2026-05-12T22:38:00+00:00</time>
      </trkpt>
      <trkpt lat="47.46027" lon="12.5228">
        <ele>883</ele>
        <time>2026-05-12T22:38:03+00:00</time>
      </trkpt>
      <trkpt lat="47.46022" lon="12.52282">
        <ele>883</ele>
        <time>2026-05-12T22:38:06+00:00</time>
      </trkpt>
      <trkpt lat="47.46017" lon="12.52283">
        <ele>884</ele>
        <time>2026-05-12T22:38:09+00:00</time>
      </trkpt>
      <trkpt lat="47.46014" lon="12.52284">
        <ele>884</ele>
        <time>2026-05-12T22:38:12+00:00</time>
      </trkpt>
      <trkpt lat="47.46008" lon="12.52285">
        <ele>885</ele>
        <time>2026-05-12T22:38:15+00:00</time>
      </trkpt>
      <trkpt lat="47.46005" lon="12.52285">
        <ele>885</ele>
        <time>2026-05-12T22:38:18+00:00</time>
      </trkpt>
      <trkpt lat="47.46" lon="12.52286">
        <ele>885</ele>
        <time>2026-05-12T22:38:21+00:00</time>
      </trkpt>
      <trkpt lat="47.45996" lon="12.52286">
        <ele>886</ele>
        <time>2026-05-12T22:38:24+00:00</time>
      </trkpt>
      <trkpt lat="47.45991" lon="12.52287">
        <ele>886</ele>
        <time>2026-05-12T22:38:27+00:00</time>
      </trkpt>
      <trkpt lat="47.45986" lon="12.52287">
        <ele>886</ele>
        <time>2026-05-12T22:38:30+00:00</time>
      </trkpt>
      <trkpt lat="47.45982" lon="12.52287">
        <ele>886</ele>
        <time>2026-05-12T22:38:33+00:00</time>
      </trkpt>
      <trkpt lat="47.45978" lon="12.52287">
        <ele>887</ele>
        <time>2026-05-12T22:38:36+00:00</time>
      </trkpt>
      <trkpt lat="47.45974" lon="12.52285">
        <ele>887</ele>
        <time>2026-05-12T22:38:39+00:00</time>
      </trkpt>
      <trkpt lat="47.45969" lon="12.52283">
        <ele>888</ele>
        <time>2026-05-12T22:38:42+00:00</time>
      </trkpt>
      <trkpt lat="47.45966" lon="12.52281">
        <ele>888</ele>
        <time>2026-05-12T22:38:45+00:00</time>
      </trkpt>
      <trkpt lat="47.45963" lon="12.52279">
        <ele>891</ele>
        <time>2026-05-12T22:38:48+00:00</time>
      </trkpt>
      <trkpt lat="47.4596" lon="12.52276">
        <ele>891</ele>
        <time>2026-05-12T22:38:51+00:00</time>
      </trkpt>
      <trkpt lat="47.45957" lon="12.52273">
        <ele>892</ele>
        <time>2026-05-12T22:38:54+00:00</time>
      </trkpt>
      <trkpt lat="47.45952" lon="12.52269">
        <ele>895</ele>
        <time>2026-05-12T22:38:57+00:00</time>
      </trkpt>
      <trkpt lat="47.4595" lon="12.52268">
        <ele>895</ele>
        <time>2026-05-12T22:39:00+00:00</time>
      </trkpt>
      <trkpt lat="47.45948" lon="12.52266">
        <ele>896</ele>
        <time>2026-05-12T22:39:03+00:00</time>
      </trkpt>
      <trkpt lat="47.45944" lon="12.52263">
        <ele>896</ele>
        <time>2026-05-12T22:39:06+00:00</time>
      </trkpt>
      <trkpt lat="47.4594" lon="12.5226">
        <ele>900</ele>
        <time>2026-05-12T22:39:09+00:00</time>
      </trkpt>
      <trkpt lat="47.45937" lon="12.52258">
        <ele>900</ele>
        <time>2026-05-12T22:39:12+00:00</time>
      </trkpt>
      <trkpt lat="47.45934" lon="12.52256">
        <ele>900</ele>
        <time>2026-05-12T22:39:15+00:00</time>
      </trkpt>
      <trkpt lat="47.4593" lon="12.52254">
        <ele>900</ele>
        <time>2026-05-12T22:39:18+00:00</time>
      </trkpt>
      <trkpt lat="47.45927" lon="12.52253">
        <ele>901</ele>
        <time>2026-05-12T22:39:21+00:00</time>
      </trkpt>
      <trkpt lat="47.45923" lon="12.52253">
        <ele>901</ele>
        <time>2026-05-12T22:39:24+00:00</time>
      </trkpt>
      <trkpt lat="47.45919" lon="12.52253">
        <ele>902</ele>
        <time>2026-05-12T22:39:27+00:00</time>
      </trkpt>
      <trkpt lat="47.45915" lon="12.52253">
        <ele>902</ele>
        <time>2026-05-12T22:39:30+00:00</time>
      </trkpt>
      <trkpt lat="47.45912" lon="12.52253">
        <ele>902</ele>
        <time>2026-05-12T22:39:33+00:00</time>
      </trkpt>
      <trkpt lat="47.45908" lon="12.52253">
        <ele>903</ele>
        <time>2026-05-12T22:39:36+00:00</time>
      </trkpt>
      <trkpt lat="47.45904" lon="12.52253">
        <ele>903</ele>
        <time>2026-05-12T22:39:39+00:00</time>
      </trkpt>
      <trkpt lat="47.45899" lon="12.52254">
        <ele>904</ele>
        <time>2026-05-12T22:39:42+00:00</time>
      </trkpt>
      <trkpt lat="47.45895" lon="12.52255">
        <ele>904</ele>
        <time>2026-05-12T22:39:45+00:00</time>
      </trkpt>
      <trkpt lat="47.45891" lon="12.52255">
        <ele>904</ele>
        <time>2026-05-12T22:39:48+00:00</time>
      </trkpt>
      <trkpt lat="47.45887" lon="12.52255">
        <ele>905</ele>
        <time>2026-05-12T22:39:51+00:00</time>
      </trkpt>
      <trkpt lat="47.45884" lon="12.52256">
        <ele>905</ele>
        <time>2026-05-12T22:39:54+00:00</time>
      </trkpt>
      <trkpt lat="47.45881" lon="12.52256">
        <ele>905</ele>
        <time>2026-05-12T22:39:57+00:00</time>
      </trkpt>
      <trkpt lat="47.45877" lon="12.52256">
        <ele>905</ele>
        <time>2026-05-12T22:40:00+00:00</time>
      </trkpt>
      <trkpt lat="47.45873" lon="12.52256">
        <ele>905</ele>
        <time>2026-05-12T22:40:03+00:00</time>
      </trkpt>
      <trkpt lat="47.45868" lon="12.52257">
        <ele>906</ele>
        <time>2026-05-12T22:40:06+00:00</time>
      </trkpt>
      <trkpt lat="47.45864" lon="12.52257">
        <ele>906</ele>
        <time>2026-05-12T22:40:09+00:00</time>
      </trkpt>
      <trkpt lat="47.4586" lon="12.52257">
        <ele>906</ele>
        <time>2026-05-12T22:40:12+00:00</time>
      </trkpt>
      <trkpt lat="47.45857" lon="12.52257">
        <ele>906</ele>
        <time>2026-05-12T22:40:15+00:00</time>
      </trkpt>
      <trkpt lat="47.45854" lon="12.52257">
        <ele>906</ele>
        <time>2026-05-12T22:40:18+00:00</time>
      </trkpt>
      <trkpt lat="47.4585" lon="12.52257">
        <ele>906</ele>
        <time>2026-05-12T22:40:21+00:00</time>
      </trkpt>
      <trkpt lat="47.45845" lon="12.52257">
        <ele>906</ele>
        <time>2026-05-12T22:40:24+00:00</time>
      </trkpt>
      <trkpt lat="47.45841" lon="12.52258">
        <ele>906</ele>
        <time>2026-05-12T22:40:27+00:00</time>
      </trkpt>
      <trkpt lat="47.45837" lon="12.52258">
        <ele>907</ele>
        <time>2026-05-12T22:40:30+00:00</time>
      </trkpt>
      <trkpt lat="47.45833" lon="12.52258">
        <ele>907</ele>
        <time>2026-05-12T22:40:33+00:00</time>
      </trkpt>
      <trkpt lat="47.45829" lon="12.52258">
        <ele>906</ele>
        <time>2026-05-12T22:40:36+00:00</time>
      </trkpt>
      <trkpt lat="47.45826" lon="12.52258">
        <ele>907</ele>
        <time>2026-05-12T22:40:39+00:00</time>
      </trkpt>
      <trkpt lat="47.45821" lon="12.52258">
        <ele>907</ele>
        <time>2026-05-12T22:40:42+00:00</time>
      </trkpt>
      <trkpt lat="47.45817" lon="12.52258">
        <ele>907</ele>
        <time>2026-05-12T22:40:45+00:00</time>
      </trkpt>
      <trkpt lat="47.45813" lon="12.52258">
        <ele>907</ele>
        <time>2026-05-12T22:40:48+00:00</time>
      </trkpt>
      <trkpt lat="47.45809" lon="12.52257">
        <ele>906</ele>
        <time>2026-05-12T22:40:51+00:00</time>
      </trkpt>
      <trkpt lat="47.45805" lon="12.52256">
        <ele>906</ele>
        <time>2026-05-12T22:40:54+00:00</time>
      </trkpt>
      <trkpt lat="47.45801" lon="12.52254">
        <ele>906</ele>
        <time>2026-05-12T22:40:57+00:00</time>
      </trkpt>
      <trkpt lat="47.45798" lon="12.52252">
        <ele>906</ele>
        <time>2026-05-12T22:41:00+00:00</time>
      </trkpt>
      <trkpt lat="47.45795" lon="12.52252">
        <ele>906</ele>
        <time>2026-05-12T22:41:03+00:00</time>
      </trkpt>
      <trkpt lat="47.45791" lon="12.52251">
        <ele>906</ele>
        <time>2026-05-12T22:41:06+00:00</time>
      </trkpt>
      <trkpt lat="47.45788" lon="12.5225">
        <ele>908</ele>
        <time>2026-05-12T22:41:09+00:00</time>
      </trkpt>
      <trkpt lat="47.45785" lon="12.52248">
        <ele>908</ele>
        <time>2026-05-12T22:41:12+00:00</time>
      </trkpt>
      <trkpt lat="47.45782" lon="12.52247">
        <ele>908</ele>
        <time>2026-05-12T22:41:15+00:00</time>
      </trkpt>
      <trkpt lat="47.45779" lon="12.52244">
        <ele>907</ele>
        <time>2026-05-12T22:41:18+00:00</time>
      </trkpt>
      <trkpt lat="47.45775" lon="12.52242">
        <ele>907</ele>
        <time>2026-05-12T22:41:21+00:00</time>
      </trkpt>
      <trkpt lat="47.45772" lon="12.52241">
        <ele>907</ele>
        <time>2026-05-12T22:41:24+00:00</time>
      </trkpt>
      <trkpt lat="47.45767" lon="12.52238">
        <ele>910</ele>
        <time>2026-05-12T22:41:27+00:00</time>
      </trkpt>
      <trkpt lat="47.45764" lon="12.52237">
        <ele>910</ele>
        <time>2026-05-12T22:41:30+00:00</time>
      </trkpt>
      <trkpt lat="47.4576" lon="12.52235">
        <ele>910</ele>
        <time>2026-05-12T22:41:33+00:00</time>
      </trkpt>
      <trkpt lat="47.45757" lon="12.52233">
        <ele>909</ele>
        <time>2026-05-12T22:41:36+00:00</time>
      </trkpt>
      <trkpt lat="47.45751" lon="12.52232">
        <ele>909</ele>
        <time>2026-05-12T22:41:39+00:00</time>
      </trkpt>
      <trkpt lat="47.45747" lon="12.5223">
        <ele>908</ele>
        <time>2026-05-12T22:41:42+00:00</time>
      </trkpt>
      <trkpt lat="47.45744" lon="12.52229">
        <ele>913</ele>
        <time>2026-05-12T22:41:45+00:00</time>
      </trkpt>
      <trkpt lat="47.45741" lon="12.52227">
        <ele>913</ele>
        <time>2026-05-12T22:41:48+00:00</time>
      </trkpt>
      <trkpt lat="47.45737" lon="12.52225">
        <ele>912</ele>
        <time>2026-05-12T22:41:51+00:00</time>
      </trkpt>
      <trkpt lat="47.45734" lon="12.52224">
        <ele>912</ele>
        <time>2026-05-12T22:41:54+00:00</time>
      </trkpt>
      <trkpt lat="47.4573" lon="12.52222">
        <ele>912</ele>
        <time>2026-05-12T22:41:57+00:00</time>
      </trkpt>
      <trkpt lat="47.45726" lon="12.5222">
        <ele>915</ele>
        <time>2026-05-12T22:42:00+00:00</time>
      </trkpt>
      <trkpt lat="47.45722" lon="12.52218">
        <ele>915</ele>
        <time>2026-05-12T22:42:03+00:00</time>
      </trkpt>
      <trkpt lat="47.45719" lon="12.52217">
        <ele>914</ele>
        <time>2026-05-12T22:42:06+00:00</time>
      </trkpt>
      <trkpt lat="47.45714" lon="12.52215">
        <ele>914</ele>
        <time>2026-05-12T22:42:09+00:00</time>
      </trkpt>
      <trkpt lat="47.45712" lon="12.52214">
        <ele>911</ele>
        <time>2026-05-12T22:42:12+00:00</time>
      </trkpt>
      <trkpt lat="47.45708" lon="12.52214">
        <ele>912</ele>
        <time>2026-05-12T22:42:15+00:00</time>
      </trkpt>
      <trkpt lat="47.45705" lon="12.52214">
        <ele>912</ele>
        <time>2026-05-12T22:42:18+00:00</time>
      </trkpt>
      <trkpt lat="47.45702" lon="12.52214">
        <ele>912</ele>
        <time>2026-05-12T22:42:21+00:00</time>
      </trkpt>
      <trkpt lat="47.45698" lon="12.52213">
        <ele>911</ele>
        <time>2026-05-12T22:42:24+00:00</time>
      </trkpt>
      <trkpt lat="47.45695" lon="12.52212">
        <ele>911</ele>
        <time>2026-05-12T22:42:27+00:00</time>
      </trkpt>
      <trkpt lat="47.4569" lon="12.52211">
        <ele>911</ele>
        <time>2026-05-12T22:42:30+00:00</time>
      </trkpt>
      <trkpt lat="47.45687" lon="12.52211">
        <ele>909</ele>
        <time>2026-05-12T22:42:33+00:00</time>
      </trkpt>
      <trkpt lat="47.45683" lon="12.5221">
        <ele>913</ele>
        <time>2026-05-12T22:42:36+00:00</time>
      </trkpt>
      <trkpt lat="47.45679" lon="12.52209">
        <ele>912</ele>
        <time>2026-05-12T22:42:39+00:00</time>
      </trkpt>
      <trkpt lat="47.45676" lon="12.52208">
        <ele>912</ele>
        <time>2026-05-12T22:42:42+00:00</time>
      </trkpt>
      <trkpt lat="47.45674" lon="12.52208">
        <ele>912</ele>
        <time>2026-05-12T22:42:45+00:00</time>
      </trkpt>
      <trkpt lat="47.4567" lon="12.52207">
        <ele>912</ele>
        <time>2026-05-12T22:42:48+00:00</time>
      </trkpt>
      <trkpt lat="47.45667" lon="12.52206">
        <ele>911</ele>
        <time>2026-05-12T22:42:51+00:00</time>
      </trkpt>
      <trkpt lat="47.45663" lon="12.52204">
        <ele>911</ele>
        <time>2026-05-12T22:42:54+00:00</time>
      </trkpt>
      <trkpt lat="47.45661" lon="12.52203">
        <ele>911</ele>
        <time>2026-05-12T22:42:57+00:00</time>
      </trkpt>
      <trkpt lat="47.45659" lon="12.52202">
        <ele>909</ele>
        <time>2026-05-12T22:43:00+00:00</time>
      </trkpt>
      <trkpt lat="47.45657" lon="12.522">
        <ele>912</ele>
        <time>2026-05-12T22:43:03+00:00</time>
      </trkpt>
      <trkpt lat="47.45655" lon="12.52199">
        <ele>912</ele>
        <time>2026-05-12T22:43:06+00:00</time>
      </trkpt>
      <trkpt lat="47.45651" lon="12.52197">
        <ele>912</ele>
        <time>2026-05-12T22:43:09+00:00</time>
      </trkpt>
      <trkpt lat="47.45648" lon="12.52194">
        <ele>911</ele>
        <time>2026-05-12T22:43:12+00:00</time>
      </trkpt>
      <trkpt lat="47.45645" lon="12.52192">
        <ele>911</ele>
        <time>2026-05-12T22:43:15+00:00</time>
      </trkpt>
      <trkpt lat="47.45643" lon="12.52191">
        <ele>911</ele>
        <time>2026-05-12T22:43:18+00:00</time>
      </trkpt>
      <trkpt lat="47.45641" lon="12.52188">
        <ele>913</ele>
        <time>2026-05-12T22:43:21+00:00</time>
      </trkpt>
      <trkpt lat="47.45638" lon="12.52186">
        <ele>911</ele>
        <time>2026-05-12T22:43:24+00:00</time>
      </trkpt>
      <trkpt lat="47.45635" lon="12.52183">
        <ele>912</ele>
        <time>2026-05-12T22:43:27+00:00</time>
      </trkpt>
      <trkpt lat="47.45632" lon="12.5218">
        <ele>911</ele>
        <time>2026-05-12T22:43:30+00:00</time>
      </trkpt>
      <trkpt lat="47.45629" lon="12.52178">
        <ele>911</ele>
        <time>2026-05-12T22:43:33+00:00</time>
      </trkpt>
      <trkpt lat="47.45626" lon="12.52174">
        <ele>911</ele>
        <time>2026-05-12T22:43:36+00:00</time>
      </trkpt>
      <trkpt lat="47.45622" lon="12.52171">
        <ele>911</ele>
        <time>2026-05-12T22:43:39+00:00</time>
      </trkpt>
      <trkpt lat="47.45619" lon="12.52168">
        <ele>913</ele>
        <time>2026-05-12T22:43:42+00:00</time>
      </trkpt>
      <trkpt lat="47.45616" lon="12.52166">
        <ele>913</ele>
        <time>2026-05-12T22:43:45+00:00</time>
      </trkpt>
      <trkpt lat="47.45614" lon="12.52164">
        <ele>913</ele>
        <time>2026-05-12T22:43:48+00:00</time>
      </trkpt>
      <trkpt lat="47.45612" lon="12.52161">
        <ele>913</ele>
        <time>2026-05-12T22:43:51+00:00</time>
      </trkpt>
      <trkpt lat="47.45607" lon="12.52157">
        <ele>916</ele>
        <time>2026-05-12T22:43:54+00:00</time>
      </trkpt>
      <trkpt lat="47.45604" lon="12.52153">
        <ele>916</ele>
        <time>2026-05-12T22:43:57+00:00</time>
      </trkpt>
      <trkpt lat="47.456" lon="12.5215">
        <ele>916</ele>
        <time>2026-05-12T22:44:00+00:00</time>
      </trkpt>
      <trkpt lat="47.45597" lon="12.52147">
        <ele>918</ele>
        <time>2026-05-12T22:44:03+00:00</time>
      </trkpt>
      <trkpt lat="47.45594" lon="12.52144">
        <ele>918</ele>
        <time>2026-05-12T22:44:06+00:00</time>
      </trkpt>
      <trkpt lat="47.45591" lon="12.52141">
        <ele>918</ele>
        <time>2026-05-12T22:44:09+00:00</time>
      </trkpt>
      <trkpt lat="47.45588" lon="12.52138">
        <ele>920</ele>
        <time>2026-05-12T22:44:12+00:00</time>
      </trkpt>
      <trkpt lat="47.45586" lon="12.52135">
        <ele>920</ele>
        <time>2026-05-12T22:44:15+00:00</time>
      </trkpt>
      <trkpt lat="47.45583" lon="12.52133">
        <ele>920</ele>
        <time>2026-05-12T22:44:18+00:00</time>
      </trkpt>
      <trkpt lat="47.4558" lon="12.52129">
        <ele>924</ele>
        <time>2026-05-12T22:44:21+00:00</time>
      </trkpt>
      <trkpt lat="47.45578" lon="12.52127">
        <ele>922</ele>
        <time>2026-05-12T22:44:24+00:00</time>
      </trkpt>
      <trkpt lat="47.45574" lon="12.52123">
        <ele>922</ele>
        <time>2026-05-12T22:44:27+00:00</time>
      </trkpt>
      <trkpt lat="47.4557" lon="12.52119">
        <ele>921</ele>
        <time>2026-05-12T22:44:30+00:00</time>
      </trkpt>
      <trkpt lat="47.45568" lon="12.52117">
        <ele>923</ele>
        <time>2026-05-12T22:44:33+00:00</time>
      </trkpt>
      <trkpt lat="47.45565" lon="12.52115">
        <ele>923</ele>
        <time>2026-05-12T22:44:36+00:00</time>
      </trkpt>
      <trkpt lat="47.45561" lon="12.52112">
        <ele>923</ele>
        <time>2026-05-12T22:44:39+00:00</time>
      </trkpt>
      <trkpt lat="47.45556" lon="12.52108">
        <ele>923</ele>
        <time>2026-05-12T22:44:42+00:00</time>
      </trkpt>
      <trkpt lat="47.45552" lon="12.52105">
        <ele>923</ele>
        <time>2026-05-12T22:44:45+00:00</time>
      </trkpt>
      <trkpt lat="47.4555" lon="12.52103">
        <ele>923</ele>
        <time>2026-05-12T22:44:48+00:00</time>
      </trkpt>
      <trkpt lat="47.45548" lon="12.52101">
        <ele>921</ele>
        <time>2026-05-12T22:44:51+00:00</time>
      </trkpt>
      <trkpt lat="47.45544" lon="12.52099">
        <ele>925</ele>
        <time>2026-05-12T22:44:54+00:00</time>
      </trkpt>
      <trkpt lat="47.45541" lon="12.52096">
        <ele>925</ele>
        <time>2026-05-12T22:44:57+00:00</time>
      </trkpt>
      <trkpt lat="47.45538" lon="12.52094">
        <ele>923</ele>
        <time>2026-05-12T22:45:00+00:00</time>
      </trkpt>
      <trkpt lat="47.45536" lon="12.52091">
        <ele>923</ele>
        <time>2026-05-12T22:45:03+00:00</time>
      </trkpt>
      <trkpt lat="47.45534" lon="12.52088">
        <ele>927</ele>
        <time>2026-05-12T22:45:06+00:00</time>
      </trkpt>
      <trkpt lat="47.45531" lon="12.52084">
        <ele>927</ele>
        <time>2026-05-12T22:45:09+00:00</time>
      </trkpt>
      <trkpt lat="47.4553" lon="12.52081">
        <ele>925</ele>
        <time>2026-05-12T22:45:12+00:00</time>
      </trkpt>
      <trkpt lat="47.45527" lon="12.52077">
        <ele>928</ele>
        <time>2026-05-12T22:45:15+00:00</time>
      </trkpt>
      <trkpt lat="47.45526" lon="12.52074">
        <ele>928</ele>
        <time>2026-05-12T22:45:18+00:00</time>
      </trkpt>
      <trkpt lat="47.45524" lon="12.52071">
        <ele>928</ele>
        <time>2026-05-12T22:45:21+00:00</time>
      </trkpt>
      <trkpt lat="47.45523" lon="12.52069">
        <ele>932</ele>
        <time>2026-05-12T22:45:24+00:00</time>
      </trkpt>
      <trkpt lat="47.4552" lon="12.52065">
        <ele>932</ele>
        <time>2026-05-12T22:45:27+00:00</time>
      </trkpt>
      <trkpt lat="47.45518" lon="12.52061">
        <ele>930</ele>
        <time>2026-05-12T22:45:30+00:00</time>
      </trkpt>
      <trkpt lat="47.45516" lon="12.52056">
        <ele>933</ele>
        <time>2026-05-12T22:45:33+00:00</time>
      </trkpt>
      <trkpt lat="47.45514" lon="12.52053">
        <ele>933</ele>
        <time>2026-05-12T22:45:36+00:00</time>
      </trkpt>
      <trkpt lat="47.45512" lon="12.52048">
        <ele>936</ele>
        <time>2026-05-12T22:45:39+00:00</time>
      </trkpt>
      <trkpt lat="47.4551" lon="12.52044">
        <ele>936</ele>
        <time>2026-05-12T22:45:42+00:00</time>
      </trkpt>
      <trkpt lat="47.45508" lon="12.52041">
        <ele>934</ele>
        <time>2026-05-12T22:45:45+00:00</time>
      </trkpt>
      <trkpt lat="47.45505" lon="12.52038">
        <ele>937</ele>
        <time>2026-05-12T22:45:48+00:00</time>
      </trkpt>
      <trkpt lat="47.45502" lon="12.52035">
        <ele>937</ele>
        <time>2026-05-12T22:45:51+00:00</time>
      </trkpt>
      <trkpt lat="47.45499" lon="12.52032">
        <ele>934</ele>
        <time>2026-05-12T22:45:54+00:00</time>
      </trkpt>
      <trkpt lat="47.45495" lon="12.52029">
        <ele>939</ele>
        <time>2026-05-12T22:45:57+00:00</time>
      </trkpt>
      <trkpt lat="47.45491" lon="12.52027">
        <ele>937</ele>
        <time>2026-05-12T22:46:00+00:00</time>
      </trkpt>
      <trkpt lat="47.45488" lon="12.52025">
        <ele>936</ele>
        <time>2026-05-12T22:46:03+00:00</time>
      </trkpt>
      <trkpt lat="47.45485" lon="12.52024">
        <ele>936</ele>
        <time>2026-05-12T22:46:06+00:00</time>
      </trkpt>
      <trkpt lat="47.45482" lon="12.52022">
        <ele>936</ele>
        <time>2026-05-12T22:46:09+00:00</time>
      </trkpt>
      <trkpt lat="47.4548" lon="12.52021">
        <ele>934</ele>
        <time>2026-05-12T22:46:12+00:00</time>
      </trkpt>
      <trkpt lat="47.45476" lon="12.52019">
        <ele>938</ele>
        <time>2026-05-12T22:46:15+00:00</time>
      </trkpt>
      <trkpt lat="47.45473" lon="12.52017">
        <ele>936</ele>
        <time>2026-05-12T22:46:18+00:00</time>
      </trkpt>
      <trkpt lat="47.45471" lon="12.52017">
        <ele>938</ele>
        <time>2026-05-12T22:46:21+00:00</time>
      </trkpt>
      <trkpt lat="47.45467" lon="12.52015">
        <ele>936</ele>
        <time>2026-05-12T22:46:24+00:00</time>
      </trkpt>
      <trkpt lat="47.45462" lon="12.52013">
        <ele>936</ele>
        <time>2026-05-12T22:46:27+00:00</time>
      </trkpt>
      <trkpt lat="47.4546" lon="12.52012">
        <ele>936</ele>
        <time>2026-05-12T22:46:30+00:00</time>
      </trkpt>
      <trkpt lat="47.45455" lon="12.5201">
        <ele>935</ele>
        <time>2026-05-12T22:46:33+00:00</time>
      </trkpt>
      <trkpt lat="47.45452" lon="12.52009">
        <ele>939</ele>
        <time>2026-05-12T22:46:36+00:00</time>
      </trkpt>
      <trkpt lat="47.4545" lon="12.52008">
        <ele>937</ele>
        <time>2026-05-12T22:46:39+00:00</time>
      </trkpt>
      <trkpt lat="47.45446" lon="12.52008">
        <ele>937</ele>
        <time>2026-05-12T22:46:42+00:00</time>
      </trkpt>
      <trkpt lat="47.45442" lon="12.52007">
        <ele>937</ele>
        <time>2026-05-12T22:46:45+00:00</time>
      </trkpt>
      <trkpt lat="47.45437" lon="12.52007">
        <ele>935</ele>
        <time>2026-05-12T22:46:48+00:00</time>
      </trkpt>
      <trkpt lat="47.45435" lon="12.52008">
        <ele>935</ele>
        <time>2026-05-12T22:46:51+00:00</time>
      </trkpt>
      <trkpt lat="47.45432" lon="12.52008">
        <ele>935</ele>
        <time>2026-05-12T22:46:54+00:00</time>
      </trkpt>
      <trkpt lat="47.45428" lon="12.52009">
        <ele>933</ele>
        <time>2026-05-12T22:46:57+00:00</time>
      </trkpt>
      <trkpt lat="47.45424" lon="12.52009">
        <ele>933</ele>
        <time>2026-05-12T22:47:00+00:00</time>
      </trkpt>
      <trkpt lat="47.45421" lon="12.5201">
        <ele>933</ele>
        <time>2026-05-12T22:47:03+00:00</time>
      </trkpt>
      <trkpt lat="47.45418" lon="12.5201">
        <ele>931</ele>
        <time>2026-05-12T22:47:06+00:00</time>
      </trkpt>
      <trkpt lat="47.45415" lon="12.5201">
        <ele>928</ele>
        <time>2026-05-12T22:47:09+00:00</time>
      </trkpt>
      <trkpt lat="47.4541" lon="12.52011">
        <ele>928</ele>
        <time>2026-05-12T22:47:12+00:00</time>
      </trkpt>
      <trkpt lat="47.45407" lon="12.52011">
        <ele>927</ele>
        <time>2026-05-12T22:47:15+00:00</time>
      </trkpt>
      <trkpt lat="47.45404" lon="12.52011">
        <ele>927</ele>
        <time>2026-05-12T22:47:18+00:00</time>
      </trkpt>
      <trkpt lat="47.45401" lon="12.52011">
        <ele>927</ele>
        <time>2026-05-12T22:47:21+00:00</time>
      </trkpt>
      <trkpt lat="47.45396" lon="12.52011">
        <ele>927</ele>
        <time>2026-05-12T22:47:24+00:00</time>
      </trkpt>
      <trkpt lat="47.45393" lon="12.52011">
        <ele>927</ele>
        <time>2026-05-12T22:47:27+00:00</time>
      </trkpt>
      <trkpt lat="47.45389" lon="12.5201">
        <ele>927</ele>
        <time>2026-05-12T22:47:30+00:00</time>
      </trkpt>
      <trkpt lat="47.45384" lon="12.52011">
        <ele>927</ele>
        <time>2026-05-12T22:47:33+00:00</time>
      </trkpt>
      <trkpt lat="47.45381" lon="12.5201">
        <ele>927</ele>
        <time>2026-05-12T22:47:36+00:00</time>
      </trkpt>
      <trkpt lat="47.45377" lon="12.5201">
        <ele>927</ele>
        <time>2026-05-12T22:47:39+00:00</time>
      </trkpt>
      <trkpt lat="47.45374" lon="12.5201">
        <ele>930</ele>
        <time>2026-05-12T22:47:42+00:00</time>
      </trkpt>
      <trkpt lat="47.45368" lon="12.52009">
        <ele>930</ele>
        <time>2026-05-12T22:47:45+00:00</time>
      </trkpt>
      <trkpt lat="47.45363" lon="12.52008">
        <ele>930</ele>
        <time>2026-05-12T22:47:48+00:00</time>
      </trkpt>
      <trkpt lat="47.45359" lon="12.52008">
        <ele>930</ele>
        <time>2026-05-12T22:47:51+00:00</time>
      </trkpt>
      <trkpt lat="47.45356" lon="12.52008">
        <ele>930</ele>
        <time>2026-05-12T22:47:54+00:00</time>
      </trkpt>
      <trkpt lat="47.45352" lon="12.52008">
        <ele>930</ele>
        <time>2026-05-12T22:47:57+00:00</time>
      </trkpt>
      <trkpt lat="47.45347" lon="12.52008">
        <ele>930</ele>
        <time>2026-05-12T22:48:00+00:00</time>
      </trkpt>
      <trkpt lat="47.45342" lon="12.52008">
        <ele>930</ele>
        <time>2026-05-12T22:48:03+00:00</time>
      </trkpt>
      <trkpt lat="47.45338" lon="12.52007">
        <ele>930</ele>
        <time>2026-05-12T22:48:06+00:00</time>
      </trkpt>
      <trkpt lat="47.45335" lon="12.52007">
        <ele>930</ele>
        <time>2026-05-12T22:48:09+00:00</time>
      </trkpt>
      <trkpt lat="47.45331" lon="12.52007">
        <ele>930</ele>
        <time>2026-05-12T22:48:12+00:00</time>
      </trkpt>
      <trkpt lat="47.45326" lon="12.52007">
        <ele>931</ele>
        <time>2026-05-12T22:48:15+00:00</time>
      </trkpt>
      <trkpt lat="47.45322" lon="12.52007">
        <ele>931</ele>
        <time>2026-05-12T22:48:18+00:00</time>
      </trkpt>
      <trkpt lat="47.45317" lon="12.52007">
        <ele>931</ele>
        <time>2026-05-12T22:48:21+00:00</time>
      </trkpt>
      <trkpt lat="47.45312" lon="12.52006">
        <ele>931</ele>
        <time>2026-05-12T22:48:24+00:00</time>
      </trkpt>
      <trkpt lat="47.45306" lon="12.52006">
        <ele>931</ele>
        <time>2026-05-12T22:48:27+00:00</time>
      </trkpt>
      <trkpt lat="47.45302" lon="12.52006">
        <ele>931</ele>
        <time>2026-05-12T22:48:30+00:00</time>
      </trkpt>
      <trkpt lat="47.45299" lon="12.52004">
        <ele>931</ele>
        <time>2026-05-12T22:48:33+00:00</time>
      </trkpt>
      <trkpt lat="47.45296" lon="12.52003">
        <ele>931</ele>
        <time>2026-05-12T22:48:36+00:00</time>
      </trkpt>
      <trkpt lat="47.45292" lon="12.52001">
        <ele>931</ele>
        <time>2026-05-12T22:48:39+00:00</time>
      </trkpt>
      <trkpt lat="47.45289" lon="12.52">
        <ele>933</ele>
        <time>2026-05-12T22:48:42+00:00</time>
      </trkpt>
      <trkpt lat="47.45285" lon="12.51998">
        <ele>933</ele>
        <time>2026-05-12T22:48:45+00:00</time>
      </trkpt>
      <trkpt lat="47.45281" lon="12.51996">
        <ele>933</ele>
        <time>2026-05-12T22:48:48+00:00</time>
      </trkpt>
      <trkpt lat="47.45278" lon="12.51994">
        <ele>933</ele>
        <time>2026-05-12T22:48:51+00:00</time>
      </trkpt>
      <trkpt lat="47.45274" lon="12.51992">
        <ele>933</ele>
        <time>2026-05-12T22:48:54+00:00</time>
      </trkpt>
      <trkpt lat="47.45271" lon="12.5199">
        <ele>933</ele>
        <time>2026-05-12T22:48:57+00:00</time>
      </trkpt>
      <trkpt lat="47.45267" lon="12.51989">
        <ele>935</ele>
        <time>2026-05-12T22:49:00+00:00</time>
      </trkpt>
      <trkpt lat="47.45264" lon="12.51987">
        <ele>935</ele>
        <time>2026-05-12T22:49:03+00:00</time>
      </trkpt>
      <trkpt lat="47.45262" lon="12.51986">
        <ele>935</ele>
        <time>2026-05-12T22:49:06+00:00</time>
      </trkpt>
      <trkpt lat="47.45258" lon="12.51984">
        <ele>935</ele>
        <time>2026-05-12T22:49:09+00:00</time>
      </trkpt>
      <trkpt lat="47.45253" lon="12.51982">
        <ele>935</ele>
        <time>2026-05-12T22:49:12+00:00</time>
      </trkpt>
      <trkpt lat="47.4525" lon="12.5198">
        <ele>935</ele>
        <time>2026-05-12T22:49:15+00:00</time>
      </trkpt>
      <trkpt lat="47.45246" lon="12.51978">
        <ele>936</ele>
        <time>2026-05-12T22:49:18+00:00</time>
      </trkpt>
      <trkpt lat="47.45243" lon="12.51977">
        <ele>936</ele>
        <time>2026-05-12T22:49:21+00:00</time>
      </trkpt>
      <trkpt lat="47.45239" lon="12.51975">
        <ele>936</ele>
        <time>2026-05-12T22:49:24+00:00</time>
      </trkpt>
      <trkpt lat="47.45235" lon="12.51974">
        <ele>936</ele>
        <time>2026-05-12T22:49:27+00:00</time>
      </trkpt>
      <trkpt lat="47.4523" lon="12.51972">
        <ele>936</ele>
        <time>2026-05-12T22:49:30+00:00</time>
      </trkpt>
      <trkpt lat="47.45226" lon="12.5197">
        <ele>936</ele>
        <time>2026-05-12T22:49:33+00:00</time>
      </trkpt>
      <trkpt lat="47.45223" lon="12.51967">
        <ele>936</ele>
        <time>2026-05-12T22:49:36+00:00</time>
      </trkpt>
      <trkpt lat="47.45218" lon="12.51965">
        <ele>936</ele>
        <time>2026-05-12T22:49:39+00:00</time>
      </trkpt>
      <trkpt lat="47.45214" lon="12.51962">
        <ele>936</ele>
        <time>2026-05-12T22:49:42+00:00</time>
      </trkpt>
      <trkpt lat="47.45209" lon="12.51957">
        <ele>937</ele>
        <time>2026-05-12T22:49:45+00:00</time>
      </trkpt>
      <trkpt lat="47.45206" lon="12.51953">
        <ele>937</ele>
        <time>2026-05-12T22:49:48+00:00</time>
      </trkpt>
      <trkpt lat="47.45203" lon="12.51949">
        <ele>939</ele>
        <time>2026-05-12T22:49:51+00:00</time>
      </trkpt>
      <trkpt lat="47.45199" lon="12.51945">
        <ele>939</ele>
        <time>2026-05-12T22:49:54+00:00</time>
      </trkpt>
      <trkpt lat="47.45196" lon="12.5194">
        <ele>939</ele>
        <time>2026-05-12T22:49:57+00:00</time>
      </trkpt>
      <trkpt lat="47.45194" lon="12.51937">
        <ele>940</ele>
        <time>2026-05-12T22:50:00+00:00</time>
      </trkpt>
      <trkpt lat="47.45191" lon="12.51932">
        <ele>940</ele>
        <time>2026-05-12T22:50:03+00:00</time>
      </trkpt>
      <trkpt lat="47.45189" lon="12.51928">
        <ele>941</ele>
        <time>2026-05-12T22:50:06+00:00</time>
      </trkpt>
      <trkpt lat="47.45186" lon="12.51923">
        <ele>941</ele>
        <time>2026-05-12T22:50:09+00:00</time>
      </trkpt>
      <trkpt lat="47.45182" lon="12.51917">
        <ele>942</ele>
        <time>2026-05-12T22:50:12+00:00</time>
      </trkpt>
      <trkpt lat="47.45181" lon="12.51914">
        <ele>942</ele>
        <time>2026-05-12T22:50:15+00:00</time>
      </trkpt>
      <trkpt lat="47.45179" lon="12.5191">
        <ele>942</ele>
        <time>2026-05-12T22:50:18+00:00</time>
      </trkpt>
      <trkpt lat="47.45175" lon="12.51904">
        <ele>943</ele>
        <time>2026-05-12T22:50:21+00:00</time>
      </trkpt>
      <trkpt lat="47.45173" lon="12.519">
        <ele>943</ele>
        <time>2026-05-12T22:50:24+00:00</time>
      </trkpt>
      <trkpt lat="47.45171" lon="12.51896">
        <ele>944</ele>
        <time>2026-05-12T22:50:27+00:00</time>
      </trkpt>
      <trkpt lat="47.4517" lon="12.51893">
        <ele>943</ele>
        <time>2026-05-12T22:50:30+00:00</time>
      </trkpt>
      <trkpt lat="47.45166" lon="12.51887">
        <ele>944</ele>
        <time>2026-05-12T22:50:33+00:00</time>
      </trkpt>
      <trkpt lat="47.45164" lon="12.51882">
        <ele>944</ele>
        <time>2026-05-12T22:50:36+00:00</time>
      </trkpt>
      <trkpt lat="47.4516" lon="12.51875">
        <ele>945</ele>
        <time>2026-05-12T22:50:39+00:00</time>
      </trkpt>
      <trkpt lat="47.45157" lon="12.5187">
        <ele>946</ele>
        <time>2026-05-12T22:50:42+00:00</time>
      </trkpt>
      <trkpt lat="47.45156" lon="12.51862">
        <ele>946</ele>
        <time>2026-05-12T22:50:45+00:00</time>
      </trkpt>
      <trkpt lat="47.45154" lon="12.51855">
        <ele>947</ele>
        <time>2026-05-12T22:50:48+00:00</time>
      </trkpt>
      <trkpt lat="47.45152" lon="12.51846">
        <ele>947</ele>
        <time>2026-05-12T22:50:51+00:00</time>
      </trkpt>
      <trkpt lat="47.45151" lon="12.51839">
        <ele>948</ele>
        <time>2026-05-12T22:50:54+00:00</time>
      </trkpt>
      <trkpt lat="47.4515" lon="12.51833">
        <ele>947</ele>
        <time>2026-05-12T22:50:57+00:00</time>
      </trkpt>
      <trkpt lat="47.45147" lon="12.51826">
        <ele>948</ele>
        <time>2026-05-12T22:51:00+00:00</time>
      </trkpt>
      <trkpt lat="47.45145" lon="12.5182">
        <ele>948</ele>
        <time>2026-05-12T22:51:03+00:00</time>
      </trkpt>
      <trkpt lat="47.45143" lon="12.51814">
        <ele>949</ele>
        <time>2026-05-12T22:51:06+00:00</time>
      </trkpt>
      <trkpt lat="47.45141" lon="12.51809">
        <ele>950</ele>
        <time>2026-05-12T22:51:09+00:00</time>
      </trkpt>
      <trkpt lat="47.45139" lon="12.51803">
        <ele>949</ele>
        <time>2026-05-12T22:51:12+00:00</time>
      </trkpt>
      <trkpt lat="47.45138" lon="12.51798">
        <ele>950</ele>
        <time>2026-05-12T22:51:15+00:00</time>
      </trkpt>
      <trkpt lat="47.45136" lon="12.51793">
        <ele>950</ele>
        <time>2026-05-12T22:51:18+00:00</time>
      </trkpt>
      <trkpt lat="47.45134" lon="12.51786">
        <ele>952</ele>
        <time>2026-05-12T22:51:21+00:00</time>
      </trkpt>
      <trkpt lat="47.45132" lon="12.5178">
        <ele>953</ele>
        <time>2026-05-12T22:51:24+00:00</time>
      </trkpt>
      <trkpt lat="47.4513" lon="12.51774">
        <ele>952</ele>
        <time>2026-05-12T22:51:27+00:00</time>
      </trkpt>
      <trkpt lat="47.45128" lon="12.51768">
        <ele>953</ele>
        <time>2026-05-12T22:51:30+00:00</time>
      </trkpt>
      <trkpt lat="47.45126" lon="12.51761">
        <ele>953</ele>
        <time>2026-05-12T22:51:33+00:00</time>
      </trkpt>
      <trkpt lat="47.45124" lon="12.51756">
        <ele>954</ele>
        <time>2026-05-12T22:51:36+00:00</time>
      </trkpt>
      <trkpt lat="47.45121" lon="12.51748">
        <ele>955</ele>
        <time>2026-05-12T22:51:39+00:00</time>
      </trkpt>
      <trkpt lat="47.45119" lon="12.51742">
        <ele>955</ele>
        <time>2026-05-12T22:51:42+00:00</time>
      </trkpt>
      <trkpt lat="47.45117" lon="12.51735">
        <ele>955</ele>
        <time>2026-05-12T22:51:45+00:00</time>
      </trkpt>
      <trkpt lat="47.45115" lon="12.51728">
        <ele>956</ele>
        <time>2026-05-12T22:51:48+00:00</time>
      </trkpt>
      <trkpt lat="47.45115" lon="12.51722">
        <ele>956</ele>
        <time>2026-05-12T22:51:51+00:00</time>
      </trkpt>
      <trkpt lat="47.45115" lon="12.51713">
        <ele>957</ele>
        <time>2026-05-12T22:51:54+00:00</time>
      </trkpt>
      <trkpt lat="47.45114" lon="12.51703">
        <ele>958</ele>
        <time>2026-05-12T22:51:57+00:00</time>
      </trkpt>
      <trkpt lat="47.45114" lon="12.51693">
        <ele>958</ele>
        <time>2026-05-12T22:52:00+00:00</time>
      </trkpt>
      <trkpt lat="47.45114" lon="12.51684">
        <ele>959</ele>
        <time>2026-05-12T22:52:03+00:00</time>
      </trkpt>
      <trkpt lat="47.45114" lon="12.51675">
        <ele>960</ele>
        <time>2026-05-12T22:52:06+00:00</time>
      </trkpt>
      <trkpt lat="47.45114" lon="12.51664">
        <ele>961</ele>
        <time>2026-05-12T22:52:09+00:00</time>
      </trkpt>
      <trkpt lat="47.45114" lon="12.51654">
        <ele>962</ele>
        <time>2026-05-12T22:52:12+00:00</time>
      </trkpt>
      <trkpt lat="47.45115" lon="12.51647">
        <ele>963</ele>
        <time>2026-05-12T22:52:15+00:00</time>
      </trkpt>
      <trkpt lat="47.45115" lon="12.51637">
        <ele>965</ele>
        <time>2026-05-12T22:52:18+00:00</time>
      </trkpt>
      <trkpt lat="47.45115" lon="12.51628">
        <ele>966</ele>
        <time>2026-05-12T22:52:21+00:00</time>
      </trkpt>
      <trkpt lat="47.45115" lon="12.51618">
        <ele>967</ele>
        <time>2026-05-12T22:52:24+00:00</time>
      </trkpt>
      <trkpt lat="47.45115" lon="12.51609">
        <ele>968</ele>
        <time>2026-05-12T22:52:27+00:00</time>
      </trkpt>
      <trkpt lat="47.45115" lon="12.51598">
        <ele>970</ele>
        <time>2026-05-12T22:52:30+00:00</time>
      </trkpt>
      <trkpt lat="47.45115" lon="12.51589">
        <ele>971</ele>
        <time>2026-05-12T22:52:33+00:00</time>
      </trkpt>
      <trkpt lat="47.45115" lon="12.51582">
        <ele>971</ele>
        <time>2026-05-12T22:52:36+00:00</time>
      </trkpt>
      <trkpt lat="47.45114" lon="12.51575">
        <ele>973</ele>
        <time>2026-05-12T22:52:39+00:00</time>
      </trkpt>
      <trkpt lat="47.45113" lon="12.51568">
        <ele>974</ele>
        <time>2026-05-12T22:52:42+00:00</time>
      </trkpt>
      <trkpt lat="47.45112" lon="12.51559">
        <ele>976</ele>
        <time>2026-05-12T22:52:45+00:00</time>
      </trkpt>
      <trkpt lat="47.45109" lon="12.5155">
        <ele>973</ele>
        <time>2026-05-12T22:52:48+00:00</time>
      </trkpt>
      <trkpt lat="47.45107" lon="12.51543">
        <ele>975</ele>
        <time>2026-05-12T22:52:51+00:00</time>
      </trkpt>
      <trkpt lat="47.45104" lon="12.51535">
        <ele>976</ele>
        <time>2026-05-12T22:52:54+00:00</time>
      </trkpt>
      <trkpt lat="47.451" lon="12.51525">
        <ele>978</ele>
        <time>2026-05-12T22:52:57+00:00</time>
      </trkpt>
      <trkpt lat="47.45098" lon="12.51518">
        <ele>976</ele>
        <time>2026-05-12T22:53:00+00:00</time>
      </trkpt>
      <trkpt lat="47.45096" lon="12.51511">
        <ele>976</ele>
        <time>2026-05-12T22:53:03+00:00</time>
      </trkpt>
      <trkpt lat="47.45093" lon="12.51503">
        <ele>977</ele>
        <time>2026-05-12T22:53:06+00:00</time>
      </trkpt>
      <trkpt lat="47.4509" lon="12.51494">
        <ele>976</ele>
        <time>2026-05-12T22:53:09+00:00</time>
      </trkpt>
      <trkpt lat="47.45087" lon="12.51487">
        <ele>977</ele>
        <time>2026-05-12T22:53:12+00:00</time>
      </trkpt>
      <trkpt lat="47.45084" lon="12.51477">
        <ele>978</ele>
        <time>2026-05-12T22:53:15+00:00</time>
      </trkpt>
      <trkpt lat="47.45081" lon="12.51469">
        <ele>980</ele>
        <time>2026-05-12T22:53:18+00:00</time>
      </trkpt>
      <trkpt lat="47.45079" lon="12.51463">
        <ele>976</ele>
        <time>2026-05-12T22:53:21+00:00</time>
      </trkpt>
      <trkpt lat="47.45076" lon="12.51454">
        <ele>978</ele>
        <time>2026-05-12T22:53:24+00:00</time>
      </trkpt>
      <trkpt lat="47.45073" lon="12.51447">
        <ele>979</ele>
        <time>2026-05-12T22:53:27+00:00</time>
      </trkpt>
      <trkpt lat="47.4507" lon="12.51438">
        <ele>980</ele>
        <time>2026-05-12T22:53:30+00:00</time>
      </trkpt>
      <trkpt lat="47.45068" lon="12.51429">
        <ele>979</ele>
        <time>2026-05-12T22:53:33+00:00</time>
      </trkpt>
      <trkpt lat="47.45067" lon="12.5142">
        <ele>979</ele>
        <time>2026-05-12T22:53:36+00:00</time>
      </trkpt>
      <trkpt lat="47.45065" lon="12.51409">
        <ele>982</ele>
        <time>2026-05-12T22:53:39+00:00</time>
      </trkpt>
      <trkpt lat="47.45063" lon="12.51401">
        <ele>982</ele>
        <time>2026-05-12T22:53:42+00:00</time>
      </trkpt>
      <trkpt lat="47.45062" lon="12.51391">
        <ele>983</ele>
        <time>2026-05-12T22:53:45+00:00</time>
      </trkpt>
      <trkpt lat="47.45059" lon="12.5138">
        <ele>984</ele>
        <time>2026-05-12T22:53:48+00:00</time>
      </trkpt>
      <trkpt lat="47.45057" lon="12.51368">
        <ele>986</ele>
        <time>2026-05-12T22:53:51+00:00</time>
      </trkpt>
      <trkpt lat="47.45055" lon="12.51357">
        <ele>987</ele>
        <time>2026-05-12T22:53:54+00:00</time>
      </trkpt>
      <trkpt lat="47.45053" lon="12.51346">
        <ele>989</ele>
        <time>2026-05-12T22:53:57+00:00</time>
      </trkpt>
      <trkpt lat="47.4505" lon="12.51333">
        <ele>988</ele>
        <time>2026-05-12T22:54:00+00:00</time>
      </trkpt>
      <trkpt lat="47.45047" lon="12.51321">
        <ele>990</ele>
        <time>2026-05-12T22:54:03+00:00</time>
      </trkpt>
      <trkpt lat="47.45045" lon="12.51309">
        <ele>993</ele>
        <time>2026-05-12T22:54:06+00:00</time>
      </trkpt>
      <trkpt lat="47.45041" lon="12.51299">
        <ele>995</ele>
        <time>2026-05-12T22:54:09+00:00</time>
      </trkpt>
      <trkpt lat="47.45037" lon="12.51289">
        <ele>994</ele>
        <time>2026-05-12T22:54:12+00:00</time>
      </trkpt>
      <trkpt lat="47.45034" lon="12.51281">
        <ele>994</ele>
        <time>2026-05-12T22:54:15+00:00</time>
      </trkpt>
      <trkpt lat="47.4503" lon="12.51271">
        <ele>993</ele>
        <time>2026-05-12T22:54:18+00:00</time>
      </trkpt>
      <trkpt lat="47.45027" lon="12.51266">
        <ele>995</ele>
        <time>2026-05-12T22:54:21+00:00</time>
      </trkpt>
      <trkpt lat="47.45023" lon="12.5126">
        <ele>997</ele>
        <time>2026-05-12T22:54:24+00:00</time>
      </trkpt>
      <trkpt lat="47.45019" lon="12.51253">
        <ele>994</ele>
        <time>2026-05-12T22:54:27+00:00</time>
      </trkpt>
      <trkpt lat="47.45014" lon="12.51244">
        <ele>995</ele>
        <time>2026-05-12T22:54:30+00:00</time>
      </trkpt>
      <trkpt lat="47.45009" lon="12.51235">
        <ele>994</ele>
        <time>2026-05-12T22:54:33+00:00</time>
      </trkpt>
      <trkpt lat="47.45006" lon="12.51229">
        <ele>996</ele>
        <time>2026-05-12T22:54:36+00:00</time>
      </trkpt>
      <trkpt lat="47.45003" lon="12.51224">
        <ele>996</ele>
        <time>2026-05-12T22:54:39+00:00</time>
      </trkpt>
      <trkpt lat="47.44998" lon="12.51216">
        <ele>995</ele>
        <time>2026-05-12T22:54:42+00:00</time>
      </trkpt>
      <trkpt lat="47.44993" lon="12.51207">
        <ele>997</ele>
        <time>2026-05-12T22:54:45+00:00</time>
      </trkpt>
      <trkpt lat="47.44988" lon="12.51198">
        <ele>997</ele>
        <time>2026-05-12T22:54:48+00:00</time>
      </trkpt>
      <trkpt lat="47.44984" lon="12.51192">
        <ele>997</ele>
        <time>2026-05-12T22:54:51+00:00</time>
      </trkpt>
      <trkpt lat="47.44979" lon="12.51183">
        <ele>997</ele>
        <time>2026-05-12T22:54:54+00:00</time>
      </trkpt>
      <trkpt lat="47.44978" lon="12.51176">
        <ele>999</ele>
        <time>2026-05-12T22:54:57+00:00</time>
      </trkpt>
      <trkpt lat="47.44977" lon="12.51166">
        <ele>1001</ele>
        <time>2026-05-12T22:55:00+00:00</time>
      </trkpt>
      <trkpt lat="47.44979" lon="12.51157">
        <ele>1003</ele>
        <time>2026-05-12T22:55:03+00:00</time>
      </trkpt>
      <trkpt lat="47.4498" lon="12.51146">
        <ele>1006</ele>
        <time>2026-05-12T22:55:06+00:00</time>
      </trkpt>
      <trkpt lat="47.44982" lon="12.51136">
        <ele>1008</ele>
        <time>2026-05-12T22:55:09+00:00</time>
      </trkpt>
      <trkpt lat="47.44983" lon="12.5113">
        <ele>1010</ele>
        <time>2026-05-12T22:55:12+00:00</time>
      </trkpt>
      <trkpt lat="47.44984" lon="12.51123">
        <ele>1010</ele>
        <time>2026-05-12T22:55:15+00:00</time>
      </trkpt>
      <trkpt lat="47.44985" lon="12.51117">
        <ele>1011</ele>
        <time>2026-05-12T22:55:18+00:00</time>
      </trkpt>
      <trkpt lat="47.44987" lon="12.51109">
        <ele>1013</ele>
        <time>2026-05-12T22:55:21+00:00</time>
      </trkpt>
      <trkpt lat="47.44987" lon="12.51103">
        <ele>1013</ele>
        <time>2026-05-12T22:55:24+00:00</time>
      </trkpt>
      <trkpt lat="47.44987" lon="12.51096">
        <ele>1015</ele>
        <time>2026-05-12T22:55:27+00:00</time>
      </trkpt>
      <trkpt lat="47.44982" lon="12.51083">
        <ele>1017</ele>
        <time>2026-05-12T22:55:30+00:00</time>
      </trkpt>
      <trkpt lat="47.44977" lon="12.5107">
        <ele>1018</ele>
        <time>2026-05-12T22:55:33+00:00</time>
      </trkpt>
      <trkpt lat="47.44972" lon="12.51062">
        <ele>1018</ele>
        <time>2026-05-12T22:55:36+00:00</time>
      </trkpt>
      <trkpt lat="47.44966" lon="12.51056">
        <ele>1018</ele>
        <time>2026-05-12T22:55:39+00:00</time>
      </trkpt>
      <trkpt lat="47.44963" lon="12.51052">
        <ele>1018</ele>
        <time>2026-05-12T22:55:42+00:00</time>
      </trkpt>
      <trkpt lat="47.44959" lon="12.51049">
        <ele>1018</ele>
        <time>2026-05-12T22:55:45+00:00</time>
      </trkpt>
      <trkpt lat="47.44955" lon="12.51045">
        <ele>1018</ele>
        <time>2026-05-12T22:55:48+00:00</time>
      </trkpt>
      <trkpt lat="47.44951" lon="12.51042">
        <ele>1018</ele>
        <time>2026-05-12T22:55:51+00:00</time>
      </trkpt>
      <trkpt lat="47.44947" lon="12.51039">
        <ele>1018</ele>
        <time>2026-05-12T22:55:54+00:00</time>
      </trkpt>
      <trkpt lat="47.44942" lon="12.51035">
        <ele>1018</ele>
        <time>2026-05-12T22:55:57+00:00</time>
      </trkpt>
      <trkpt lat="47.44936" lon="12.5103">
        <ele>1018</ele>
        <time>2026-05-12T22:56:00+00:00</time>
      </trkpt>
      <trkpt lat="47.44931" lon="12.51025">
        <ele>1018</ele>
        <time>2026-05-12T22:56:03+00:00</time>
      </trkpt>
      <trkpt lat="47.44925" lon="12.5102">
        <ele>1017</ele>
        <time>2026-05-12T22:56:06+00:00</time>
      </trkpt>
      <trkpt lat="47.44922" lon="12.51016">
        <ele>1018</ele>
        <time>2026-05-12T22:56:09+00:00</time>
      </trkpt>
      <trkpt lat="47.44917" lon="12.51011">
        <ele>1017</ele>
        <time>2026-05-12T22:56:12+00:00</time>
      </trkpt>
      <trkpt lat="47.44912" lon="12.51006">
        <ele>1019</ele>
        <time>2026-05-12T22:56:15+00:00</time>
      </trkpt>
      <trkpt lat="47.44903" lon="12.50998">
        <ele>1019</ele>
        <time>2026-05-12T22:56:18+00:00</time>
      </trkpt>
      <trkpt lat="47.44898" lon="12.5099">
        <ele>1019</ele>
        <time>2026-05-12T22:56:21+00:00</time>
      </trkpt>
      <trkpt lat="47.44895" lon="12.50982">
        <ele>1019</ele>
        <time>2026-05-12T22:56:24+00:00</time>
      </trkpt>
      <trkpt lat="47.44892" lon="12.50974">
        <ele>1021</ele>
        <time>2026-05-12T22:56:27+00:00</time>
      </trkpt>
      <trkpt lat="47.44891" lon="12.50968">
        <ele>1022</ele>
        <time>2026-05-12T22:56:30+00:00</time>
      </trkpt>
      <trkpt lat="47.44889" lon="12.50961">
        <ele>1020</ele>
        <time>2026-05-12T22:56:33+00:00</time>
      </trkpt>
      <trkpt lat="47.44887" lon="12.50952">
        <ele>1021</ele>
        <time>2026-05-12T22:56:36+00:00</time>
      </trkpt>
      <trkpt lat="47.44884" lon="12.50944">
        <ele>1023</ele>
        <time>2026-05-12T22:56:39+00:00</time>
      </trkpt>
      <trkpt lat="47.44881" lon="12.50936">
        <ele>1024</ele>
        <time>2026-05-12T22:56:42+00:00</time>
      </trkpt>
      <trkpt lat="47.44878" lon="12.5093">
        <ele>1023</ele>
        <time>2026-05-12T22:56:45+00:00</time>
      </trkpt>
      <trkpt lat="47.44876" lon="12.50924">
        <ele>1023</ele>
        <time>2026-05-12T22:56:48+00:00</time>
      </trkpt>
      <trkpt lat="47.44873" lon="12.50917">
        <ele>1025</ele>
        <time>2026-05-12T22:56:51+00:00</time>
      </trkpt>
      <trkpt lat="47.44869" lon="12.50908">
        <ele>1024</ele>
        <time>2026-05-12T22:56:54+00:00</time>
      </trkpt>
      <trkpt lat="47.44867" lon="12.50897">
        <ele>1026</ele>
        <time>2026-05-12T22:56:57+00:00</time>
      </trkpt>
      <trkpt lat="47.44866" lon="12.50889">
        <ele>1027</ele>
        <time>2026-05-12T22:57:00+00:00</time>
      </trkpt>
      <trkpt lat="47.44866" lon="12.50881">
        <ele>1027</ele>
        <time>2026-05-12T22:57:03+00:00</time>
      </trkpt>
      <trkpt lat="47.44865" lon="12.50872">
        <ele>1029</ele>
        <time>2026-05-12T22:57:06+00:00</time>
      </trkpt>
      <trkpt lat="47.44864" lon="12.50865">
        <ele>1030</ele>
        <time>2026-05-12T22:57:09+00:00</time>
      </trkpt>
      <trkpt lat="47.44864" lon="12.50856">
        <ele>1032</ele>
        <time>2026-05-12T22:57:12+00:00</time>
      </trkpt>
      <trkpt lat="47.44861" lon="12.50847">
        <ele>1034</ele>
        <time>2026-05-12T22:57:15+00:00</time>
      </trkpt>
      <trkpt lat="47.44857" lon="12.50837">
        <ele>1035</ele>
        <time>2026-05-12T22:57:18+00:00</time>
      </trkpt>
      <trkpt lat="47.44852" lon="12.50825">
        <ele>1036</ele>
        <time>2026-05-12T22:57:21+00:00</time>
      </trkpt>
      <trkpt lat="47.44849" lon="12.50819">
        <ele>1037</ele>
        <time>2026-05-12T22:57:24+00:00</time>
      </trkpt>
      <trkpt lat="47.44844" lon="12.50811">
        <ele>1037</ele>
        <time>2026-05-12T22:57:27+00:00</time>
      </trkpt>
      <trkpt lat="47.44839" lon="12.50801">
        <ele>1037</ele>
        <time>2026-05-12T22:57:30+00:00</time>
      </trkpt>
      <trkpt lat="47.44836" lon="12.50794">
        <ele>1038</ele>
        <time>2026-05-12T22:57:33+00:00</time>
      </trkpt>
      <trkpt lat="47.44832" lon="12.50787">
        <ele>1040</ele>
        <time>2026-05-12T22:57:36+00:00</time>
      </trkpt>
      <trkpt lat="47.44829" lon="12.5078">
        <ele>1040</ele>
        <time>2026-05-12T22:57:39+00:00</time>
      </trkpt>
      <trkpt lat="47.44824" lon="12.5077">
        <ele>1041</ele>
        <time>2026-05-12T22:57:42+00:00</time>
      </trkpt>
      <trkpt lat="47.4482" lon="12.50762">
        <ele>1041</ele>
        <time>2026-05-12T22:57:45+00:00</time>
      </trkpt>
      <trkpt lat="47.44818" lon="12.50756">
        <ele>1041</ele>
        <time>2026-05-12T22:57:48+00:00</time>
      </trkpt>
      <trkpt lat="47.44815" lon="12.5075">
        <ele>1041</ele>
        <time>2026-05-12T22:57:51+00:00</time>
      </trkpt>
      <trkpt lat="47.44813" lon="12.50744">
        <ele>1042</ele>
        <time>2026-05-12T22:57:54+00:00</time>
      </trkpt>
      <trkpt lat="47.4481" lon="12.50738">
        <ele>1044</ele>
        <time>2026-05-12T22:57:57+00:00</time>
      </trkpt>
      <trkpt lat="47.44807" lon="12.5073">
        <ele>1043</ele>
        <time>2026-05-12T22:58:00+00:00</time>
      </trkpt>
      <trkpt lat="47.44804" lon="12.50723">
        <ele>1043</ele>
        <time>2026-05-12T22:58:03+00:00</time>
      </trkpt>
      <trkpt lat="47.44801" lon="12.50717">
        <ele>1045</ele>
        <time>2026-05-12T22:58:06+00:00</time>
      </trkpt>
      <trkpt lat="47.44798" lon="12.50711">
        <ele>1043</ele>
        <time>2026-05-12T22:58:09+00:00</time>
      </trkpt>
      <trkpt lat="47.44794" lon="12.50703">
        <ele>1045</ele>
        <time>2026-05-12T22:58:12+00:00</time>
      </trkpt>
      <trkpt lat="47.44791" lon="12.50696">
        <ele>1046</ele>
        <time>2026-05-12T22:58:15+00:00</time>
      </trkpt>
      <trkpt lat="47.44787" lon="12.50692">
        <ele>1045</ele>
        <time>2026-05-12T22:58:18+00:00</time>
      </trkpt>
      <trkpt lat="47.44784" lon="12.50689">
        <ele>1047</ele>
        <time>2026-05-12T22:58:21+00:00</time>
      </trkpt>
      <trkpt lat="47.44778" lon="12.50683">
        <ele>1046</ele>
        <time>2026-05-12T22:58:24+00:00</time>
      </trkpt>
      <trkpt lat="47.44774" lon="12.50679">
        <ele>1047</ele>
        <time>2026-05-12T22:58:27+00:00</time>
      </trkpt>
      <trkpt lat="47.44769" lon="12.50674">
        <ele>1046</ele>
        <time>2026-05-12T22:58:30+00:00</time>
      </trkpt>
      <trkpt lat="47.44764" lon="12.50669">
        <ele>1047</ele>
        <time>2026-05-12T22:58:33+00:00</time>
      </trkpt>
      <trkpt lat="47.44759" lon="12.50664">
        <ele>1045</ele>
        <time>2026-05-12T22:58:36+00:00</time>
      </trkpt>
      <trkpt lat="47.44754" lon="12.50658">
        <ele>1047</ele>
        <time>2026-05-12T22:58:39+00:00</time>
      </trkpt>
      <trkpt lat="47.4475" lon="12.50654">
        <ele>1045</ele>
        <time>2026-05-12T22:58:42+00:00</time>
      </trkpt>
      <trkpt lat="47.44744" lon="12.50648">
        <ele>1047</ele>
        <time>2026-05-12T22:58:45+00:00</time>
      </trkpt>
      <trkpt lat="47.44741" lon="12.50644">
        <ele>1047</ele>
        <time>2026-05-12T22:58:48+00:00</time>
      </trkpt>
      <trkpt lat="47.44736" lon="12.50639">
        <ele>1047</ele>
        <time>2026-05-12T22:58:51+00:00</time>
      </trkpt>
      <trkpt lat="47.44731" lon="12.50632">
        <ele>1047</ele>
        <time>2026-05-12T22:58:54+00:00</time>
      </trkpt>
      <trkpt lat="47.44727" lon="12.50622">
        <ele>1047</ele>
        <time>2026-05-12T22:58:57+00:00</time>
      </trkpt>
      <trkpt lat="47.44725" lon="12.50615">
        <ele>1048</ele>
        <time>2026-05-12T22:59:00+00:00</time>
      </trkpt>
      <trkpt lat="47.44722" lon="12.50606">
        <ele>1050</ele>
        <time>2026-05-12T22:59:03+00:00</time>
      </trkpt>
      <trkpt lat="47.4472" lon="12.506">
        <ele>1051</ele>
        <time>2026-05-12T22:59:06+00:00</time>
      </trkpt>
      <trkpt lat="47.44718" lon="12.50592">
        <ele>1050</ele>
        <time>2026-05-12T22:59:09+00:00</time>
      </trkpt>
      <trkpt lat="47.44715" lon="12.50585">
        <ele>1052</ele>
        <time>2026-05-12T22:59:12+00:00</time>
      </trkpt>
      <trkpt lat="47.44712" lon="12.50575">
        <ele>1054</ele>
        <time>2026-05-12T22:59:15+00:00</time>
      </trkpt>
      <trkpt lat="47.44709" lon="12.50567">
        <ele>1055</ele>
        <time>2026-05-12T22:59:18+00:00</time>
      </trkpt>
      <trkpt lat="47.44706" lon="12.50559">
        <ele>1057</ele>
        <time>2026-05-12T22:59:21+00:00</time>
      </trkpt>
      <trkpt lat="47.44704" lon="12.50554">
        <ele>1057</ele>
        <time>2026-05-12T22:59:24+00:00</time>
      </trkpt>
      <trkpt lat="47.44701" lon="12.50545">
        <ele>1060</ele>
        <time>2026-05-12T22:59:27+00:00</time>
      </trkpt>
      <trkpt lat="47.44696" lon="12.50542">
        <ele>1058</ele>
        <time>2026-05-12T22:59:30+00:00</time>
      </trkpt>
      <trkpt lat="47.44691" lon="12.50538">
        <ele>1058</ele>
        <time>2026-05-12T22:59:33+00:00</time>
      </trkpt>
      <trkpt lat="47.44685" lon="12.50535">
        <ele>1059</ele>
        <time>2026-05-12T22:59:36+00:00</time>
      </trkpt>
      <trkpt lat="47.44679" lon="12.50531">
        <ele>1057</ele>
        <time>2026-05-12T22:59:39+00:00</time>
      </trkpt>
      <trkpt lat="47.44675" lon="12.50527">
        <ele>1059</ele>
        <time>2026-05-12T22:59:42+00:00</time>
      </trkpt>
      <trkpt lat="47.4467" lon="12.50522">
        <ele>1059</ele>
        <time>2026-05-12T22:59:45+00:00</time>
      </trkpt>
      <trkpt lat="47.44667" lon="12.50519">
        <ele>1060</ele>
        <time>2026-05-12T22:59:48+00:00</time>
      </trkpt>
      <trkpt lat="47.44663" lon="12.50514">
        <ele>1060</ele>
        <time>2026-05-12T22:59:51+00:00</time>
      </trkpt>
      <trkpt lat="47.44658" lon="12.50508">
        <ele>1060</ele>
        <time>2026-05-12T22:59:54+00:00</time>
      </trkpt>
      <trkpt lat="47.44654" lon="12.50504">
        <ele>1060</ele>
        <time>2026-05-12T22:59:57+00:00</time>
      </trkpt>
      <trkpt lat="47.44648" lon="12.505">
        <ele>1059</ele>
        <time>2026-05-12T23:00:00+00:00</time>
      </trkpt>
      <trkpt lat="47.44644" lon="12.50498">
        <ele>1061</ele>
        <time>2026-05-12T23:00:03+00:00</time>
      </trkpt>
      <trkpt lat="47.44639" lon="12.50494">
        <ele>1059</ele>
        <time>2026-05-12T23:00:06+00:00</time>
      </trkpt>
      <trkpt lat="47.44633" lon="12.5049">
        <ele>1059</ele>
        <time>2026-05-12T23:00:09+00:00</time>
      </trkpt>
      <trkpt lat="47.44627" lon="12.50485">
        <ele>1060</ele>
        <time>2026-05-12T23:00:12+00:00</time>
      </trkpt>
      <trkpt lat="47.44619" lon="12.50484">
        <ele>1058</ele>
        <time>2026-05-12T23:00:15+00:00</time>
      </trkpt>
      <trkpt lat="47.44614" lon="12.50483">
        <ele>1058</ele>
        <time>2026-05-12T23:00:18+00:00</time>
      </trkpt>
      <trkpt lat="47.44609" lon="12.50483">
        <ele>1057</ele>
        <time>2026-05-12T23:00:21+00:00</time>
      </trkpt>
      <trkpt lat="47.44602" lon="12.50482">
        <ele>1057</ele>
        <time>2026-05-12T23:00:24+00:00</time>
      </trkpt>
      <trkpt lat="47.44595" lon="12.50481">
        <ele>1055</ele>
        <time>2026-05-12T23:00:27+00:00</time>
      </trkpt>
      <trkpt lat="47.4459" lon="12.5048">
        <ele>1055</ele>
        <time>2026-05-12T23:00:30+00:00</time>
      </trkpt>
      <trkpt lat="47.44585" lon="12.50477">
        <ele>1056</ele>
        <time>2026-05-12T23:00:33+00:00</time>
      </trkpt>
      <trkpt lat="47.44578" lon="12.50473">
        <ele>1055</ele>
        <time>2026-05-12T23:00:36+00:00</time>
      </trkpt>
      <trkpt lat="47.44571" lon="12.5047">
        <ele>1055</ele>
        <time>2026-05-12T23:00:39+00:00</time>
      </trkpt>
      <trkpt lat="47.44564" lon="12.50464">
        <ele>1055</ele>
        <time>2026-05-12T23:00:42+00:00</time>
      </trkpt>
      <trkpt lat="47.44559" lon="12.50458">
        <ele>1056</ele>
        <time>2026-05-12T23:00:45+00:00</time>
      </trkpt>
      <trkpt lat="47.44553" lon="12.50452">
        <ele>1054</ele>
        <time>2026-05-12T23:00:48+00:00</time>
      </trkpt>
      <trkpt lat="47.44543" lon="12.50448">
        <ele>1056</ele>
        <time>2026-05-12T23:00:51+00:00</time>
      </trkpt>
      <trkpt lat="47.44533" lon="12.50444">
        <ele>1054</ele>
        <time>2026-05-12T23:00:54+00:00</time>
      </trkpt>
      <trkpt lat="47.44515" lon="12.50444">
        <ele>1053</ele>
        <time>2026-05-12T23:00:57+00:00</time>
      </trkpt>
      <trkpt lat="47.4451" lon="12.50445">
        <ele>1054</ele>
        <time>2026-05-12T23:01:00+00:00</time>
      </trkpt>
      <trkpt lat="47.44499" lon="12.50446">
        <ele>1055</ele>
        <time>2026-05-12T23:01:03+00:00</time>
      </trkpt>
      <trkpt lat="47.44487" lon="12.50456">
        <ele>1055</ele>
        <time>2026-05-12T23:01:06+00:00</time>
      </trkpt>
      <trkpt lat="47.44477" lon="12.50465">
        <ele>1055</ele>
        <time>2026-05-12T23:01:09+00:00</time>
      </trkpt>
      <trkpt lat="47.44467" lon="12.50475">
        <ele>1055</ele>
        <time>2026-05-12T23:01:12+00:00</time>
      </trkpt>
      <trkpt lat="47.4446" lon="12.50482">
        <ele>1055</ele>
        <time>2026-05-12T23:01:15+00:00</time>
      </trkpt>
      <trkpt lat="47.44451" lon="12.50491">
        <ele>1055</ele>
        <time>2026-05-12T23:01:18+00:00</time>
      </trkpt>
      <trkpt lat="47.44444" lon="12.50497">
        <ele>1057</ele>
        <time>2026-05-12T23:01:21+00:00</time>
      </trkpt>
      <trkpt lat="47.44437" lon="12.50504">
        <ele>1058</ele>
        <time>2026-05-12T23:01:24+00:00</time>
      </trkpt>
      <trkpt lat="47.44429" lon="12.50512">
        <ele>1059</ele>
        <time>2026-05-12T23:01:27+00:00</time>
      </trkpt>
      <trkpt lat="47.44421" lon="12.5052">
        <ele>1058</ele>
        <time>2026-05-12T23:01:30+00:00</time>
      </trkpt>
      <trkpt lat="47.44412" lon="12.50521">
        <ele>1060</ele>
        <time>2026-05-12T23:01:33+00:00</time>
      </trkpt>
      <trkpt lat="47.44401" lon="12.50523">
        <ele>1062</ele>
        <time>2026-05-12T23:01:36+00:00</time>
      </trkpt>
      <trkpt lat="47.44391" lon="12.50524">
        <ele>1064</ele>
        <time>2026-05-12T23:01:39+00:00</time>
      </trkpt>
      <trkpt lat="47.4438" lon="12.50529">
        <ele>1068</ele>
        <time>2026-05-12T23:01:42+00:00</time>
      </trkpt>
      <trkpt lat="47.44369" lon="12.50533">
        <ele>1069</ele>
        <time>2026-05-12T23:01:45+00:00</time>
      </trkpt>
      <trkpt lat="47.44359" lon="12.50531">
        <ele>1071</ele>
        <time>2026-05-12T23:01:48+00:00</time>
      </trkpt>
      <trkpt lat="47.44348" lon="12.50529">
        <ele>1075</ele>
        <time>2026-05-12T23:01:51+00:00</time>
      </trkpt>
      <trkpt lat="47.44336" lon="12.50526">
        <ele>1077</ele>
        <time>2026-05-12T23:01:54+00:00</time>
      </trkpt>
      <trkpt lat="47.44328" lon="12.50527">
        <ele>1080</ele>
        <time>2026-05-12T23:01:57+00:00</time>
      </trkpt>
      <trkpt lat="47.44314" lon="12.50528">
        <ele>1082</ele>
        <time>2026-05-12T23:02:00+00:00</time>
      </trkpt>
      <trkpt lat="47.44305" lon="12.50529">
        <ele>1084</ele>
        <time>2026-05-12T23:02:03+00:00</time>
      </trkpt>
      <trkpt lat="47.44296" lon="12.50531">
        <ele>1084</ele>
        <time>2026-05-12T23:02:06+00:00</time>
      </trkpt>
      <trkpt lat="47.44282" lon="12.5053">
        <ele>1089</ele>
        <time>2026-05-12T23:02:09+00:00</time>
      </trkpt>
      <trkpt lat="47.44273" lon="12.50534">
        <ele>1088</ele>
        <time>2026-05-12T23:02:12+00:00</time>
      </trkpt>
      <trkpt lat="47.44263" lon="12.50539">
        <ele>1088</ele>
        <time>2026-05-12T23:02:15+00:00</time>
      </trkpt>
      <trkpt lat="47.44253" lon="12.50545">
        <ele>1089</ele>
        <time>2026-05-12T23:02:18+00:00</time>
      </trkpt>
      <trkpt lat="47.44243" lon="12.50551">
        <ele>1088</ele>
        <time>2026-05-12T23:02:21+00:00</time>
      </trkpt>
      <trkpt lat="47.44229" lon="12.50558">
        <ele>1092</ele>
        <time>2026-05-12T23:02:24+00:00</time>
      </trkpt>
      <trkpt lat="47.44221" lon="12.50563">
        <ele>1089</ele>
        <time>2026-05-12T23:02:27+00:00</time>
      </trkpt>
      <trkpt lat="47.44211" lon="12.50569">
        <ele>1091</ele>
        <time>2026-05-12T23:02:30+00:00</time>
      </trkpt>
      <trkpt lat="47.44201" lon="12.50575">
        <ele>1089</ele>
        <time>2026-05-12T23:02:33+00:00</time>
      </trkpt>
      <trkpt lat="47.44188" lon="12.50582">
        <ele>1090</ele>
        <time>2026-05-12T23:02:36+00:00</time>
      </trkpt>
      <trkpt lat="47.44181" lon="12.50587">
        <ele>1090</ele>
        <time>2026-05-12T23:02:39+00:00</time>
      </trkpt>
      <trkpt lat="47.44173" lon="12.50591">
        <ele>1090</ele>
        <time>2026-05-12T23:02:42+00:00</time>
      </trkpt>
      <trkpt lat="47.44161" lon="12.50598">
        <ele>1093</ele>
        <time>2026-05-12T23:02:45+00:00</time>
      </trkpt>
      <trkpt lat="47.44151" lon="12.50607">
        <ele>1096</ele>
        <time>2026-05-12T23:02:48+00:00</time>
      </trkpt>
      <trkpt lat="47.44134" lon="12.5062">
        <ele>1101</ele>
        <time>2026-05-12T23:02:51+00:00</time>
      </trkpt>
      <trkpt lat="47.44124" lon="12.50624">
        <ele>1102</ele>
        <time>2026-05-12T23:02:54+00:00</time>
      </trkpt>
      <trkpt lat="47.44116" lon="12.50628">
        <ele>1104</ele>
        <time>2026-05-12T23:02:57+00:00</time>
      </trkpt>
      <trkpt lat="47.44108" lon="12.50632">
        <ele>1105</ele>
        <time>2026-05-12T23:03:00+00:00</time>
      </trkpt>
      <trkpt lat="47.44097" lon="12.50637">
        <ele>1108</ele>
        <time>2026-05-12T23:03:03+00:00</time>
      </trkpt>
      <trkpt lat="47.44088" lon="12.50641">
        <ele>1108</ele>
        <time>2026-05-12T23:03:06+00:00</time>
      </trkpt>
      <trkpt lat="47.4408" lon="12.50645">
        <ele>1108</ele>
        <time>2026-05-12T23:03:09+00:00</time>
      </trkpt>
      <trkpt lat="47.44072" lon="12.50649">
        <ele>1111</ele>
        <time>2026-05-12T23:03:12+00:00</time>
      </trkpt>
      <trkpt lat="47.44061" lon="12.50654">
        <ele>1111</ele>
        <time>2026-05-12T23:03:15+00:00</time>
      </trkpt>
      <trkpt lat="47.4405" lon="12.50659">
        <ele>1116</ele>
        <time>2026-05-12T23:03:18+00:00</time>
      </trkpt>
      <trkpt lat="47.44042" lon="12.50657">
        <ele>1116</ele>
        <time>2026-05-12T23:03:21+00:00</time>
      </trkpt>
      <trkpt lat="47.44039" lon="12.50646">
        <ele>1122</ele>
        <time>2026-05-12T23:03:24+00:00</time>
      </trkpt>
      <trkpt lat="47.44048" lon="12.50639">
        <ele>1122</ele>
        <time>2026-05-12T23:03:27+00:00</time>
      </trkpt>
      <trkpt lat="47.44055" lon="12.50634">
        <ele>1119</ele>
        <time>2026-05-12T23:03:30+00:00</time>
      </trkpt>
      <trkpt lat="47.44064" lon="12.50619">
        <ele>1122</ele>
        <time>2026-05-12T23:03:33+00:00</time>
      </trkpt>
      <trkpt lat="47.44074" lon="12.50613">
        <ele>1119</ele>
        <time>2026-05-12T23:03:36+00:00</time>
      </trkpt>
      <trkpt lat="47.44084" lon="12.50598">
        <ele>1123</ele>
        <time>2026-05-12T23:03:39+00:00</time>
      </trkpt>
      <trkpt lat="47.44086" lon="12.50591">
        <ele>1121</ele>
        <time>2026-05-12T23:03:42+00:00</time>
      </trkpt>
      <trkpt lat="47.44076" lon="12.50588">
        <ele>1128</ele>
        <time>2026-05-12T23:03:45+00:00</time>
      </trkpt>
      <trkpt lat="47.44071" lon="12.50595">
        <ele>1124</ele>
        <time>2026-05-12T23:03:48+00:00</time>
      </trkpt>
      <trkpt lat="47.44063" lon="12.50599">
        <ele>1128</ele>
        <time>2026-05-12T23:03:51+00:00</time>
      </trkpt>
      <trkpt lat="47.44052" lon="12.50602">
        <ele>1128</ele>
        <time>2026-05-12T23:03:54+00:00</time>
      </trkpt>
      <trkpt lat="47.44045" lon="12.50608">
        <ele>1131</ele>
        <time>2026-05-12T23:03:57+00:00</time>
      </trkpt>
      <trkpt lat="47.44035" lon="12.50611">
        <ele>1131</ele>
        <time>2026-05-12T23:04:00+00:00</time>
      </trkpt>
      <trkpt lat="47.44024" lon="12.50615">
        <ele>1135</ele>
        <time>2026-05-12T23:04:03+00:00</time>
      </trkpt>
      <trkpt lat="47.44015" lon="12.50618">
        <ele>1138</ele>
        <time>2026-05-12T23:04:06+00:00</time>
      </trkpt>
      <trkpt lat="47.44006" lon="12.50621">
        <ele>1137</ele>
        <time>2026-05-12T23:04:09+00:00</time>
      </trkpt>
      <trkpt lat="47.43997" lon="12.50624">
        <ele>1140</ele>
        <time>2026-05-12T23:04:12+00:00</time>
      </trkpt>
      <trkpt lat="47.43988" lon="12.50627">
        <ele>1143</ele>
        <time>2026-05-12T23:04:15+00:00</time>
      </trkpt>
      <trkpt lat="47.43977" lon="12.5063">
        <ele>1142</ele>
        <time>2026-05-12T23:04:18+00:00</time>
      </trkpt>
      <trkpt lat="47.43967" lon="12.50634">
        <ele>1144</ele>
        <time>2026-05-12T23:04:21+00:00</time>
      </trkpt>
      <trkpt lat="47.43959" lon="12.50637">
        <ele>1146</ele>
        <time>2026-05-12T23:04:24+00:00</time>
      </trkpt>
      <trkpt lat="47.43951" lon="12.50639">
        <ele>1146</ele>
        <time>2026-05-12T23:04:27+00:00</time>
      </trkpt>
      <trkpt lat="47.43942" lon="12.50642">
        <ele>1144</ele>
        <time>2026-05-12T23:04:30+00:00</time>
      </trkpt>
      <trkpt lat="47.43933" lon="12.50645">
        <ele>1146</ele>
        <time>2026-05-12T23:04:33+00:00</time>
      </trkpt>
      <trkpt lat="47.43924" lon="12.50648">
        <ele>1148</ele>
        <time>2026-05-12T23:04:36+00:00</time>
      </trkpt>
      <trkpt lat="47.43914" lon="12.50651">
        <ele>1148</ele>
        <time>2026-05-12T23:04:39+00:00</time>
      </trkpt>
      <trkpt lat="47.43906" lon="12.50654">
        <ele>1147</ele>
        <time>2026-05-12T23:04:42+00:00</time>
      </trkpt>
      <trkpt lat="47.43897" lon="12.50655">
        <ele>1149</ele>
        <time>2026-05-12T23:04:45+00:00</time>
      </trkpt>
      <trkpt lat="47.43887" lon="12.50657">
        <ele>1151</ele>
        <time>2026-05-12T23:04:48+00:00</time>
      </trkpt>
      <trkpt lat="47.43873" lon="12.50659">
        <ele>1153</ele>
        <time>2026-05-12T23:04:51+00:00</time>
      </trkpt>
      <trkpt lat="47.43865" lon="12.50655">
        <ele>1155</ele>
        <time>2026-05-12T23:04:54+00:00</time>
      </trkpt>
      <trkpt lat="47.43855" lon="12.5065">
        <ele>1157</ele>
        <time>2026-05-12T23:04:57+00:00</time>
      </trkpt>
      <trkpt lat="47.43846" lon="12.50649">
        <ele>1159</ele>
        <time>2026-05-12T23:05:00+00:00</time>
      </trkpt>
      <trkpt lat="47.43836" lon="12.50651">
        <ele>1161</ele>
        <time>2026-05-12T23:05:03+00:00</time>
      </trkpt>
      <trkpt lat="47.43824" lon="12.50653">
        <ele>1164</ele>
        <time>2026-05-12T23:05:06+00:00</time>
      </trkpt>
      <trkpt lat="47.4381" lon="12.50656">
        <ele>1169</ele>
        <time>2026-05-12T23:05:09+00:00</time>
      </trkpt>
      <trkpt lat="47.43797" lon="12.50658">
        <ele>1166</ele>
        <time>2026-05-12T23:05:12+00:00</time>
      </trkpt>
      <trkpt lat="47.43785" lon="12.50664">
        <ele>1169</ele>
        <time>2026-05-12T23:05:15+00:00</time>
      </trkpt>
      <trkpt lat="47.43771" lon="12.5067">
        <ele>1168</ele>
        <time>2026-05-12T23:05:18+00:00</time>
      </trkpt>
      <trkpt lat="47.43763" lon="12.50675">
        <ele>1171</ele>
        <time>2026-05-12T23:05:21+00:00</time>
      </trkpt>
      <trkpt lat="47.43748" lon="12.50682">
        <ele>1170</ele>
        <time>2026-05-12T23:05:24+00:00</time>
      </trkpt>
      <trkpt lat="47.43737" lon="12.50682">
        <ele>1171</ele>
        <time>2026-05-12T23:05:27+00:00</time>
      </trkpt>
      <trkpt lat="47.4372" lon="12.50677">
        <ele>1176</ele>
        <time>2026-05-12T23:05:30+00:00</time>
      </trkpt>
      <trkpt lat="47.4371" lon="12.50671">
        <ele>1176</ele>
        <time>2026-05-12T23:05:33+00:00</time>
      </trkpt>
      <trkpt lat="47.43696" lon="12.50665">
        <ele>1180</ele>
        <time>2026-05-12T23:05:36+00:00</time>
      </trkpt>
      <trkpt lat="47.43679" lon="12.50658">
        <ele>1186</ele>
        <time>2026-05-12T23:05:39+00:00</time>
      </trkpt>
      <trkpt lat="47.43661" lon="12.50657">
        <ele>1186</ele>
        <time>2026-05-12T23:05:42+00:00</time>
      </trkpt>
      <trkpt lat="47.43646" lon="12.5065">
        <ele>1187</ele>
        <time>2026-05-12T23:05:45+00:00</time>
      </trkpt>
      <trkpt lat="47.4363" lon="12.50644">
        <ele>1193</ele>
        <time>2026-05-12T23:05:48+00:00</time>
      </trkpt>
      <trkpt lat="47.43621" lon="12.50636">
        <ele>1198</ele>
        <time>2026-05-12T23:05:51+00:00</time>
      </trkpt>
      <trkpt lat="47.43609" lon="12.50624">
        <ele>1203</ele>
        <time>2026-05-12T23:05:54+00:00</time>
      </trkpt>
      <trkpt lat="47.43599" lon="12.50619">
        <ele>1207</ele>
        <time>2026-05-12T23:05:57+00:00</time>
      </trkpt>
      <trkpt lat="47.43583" lon="12.5061">
        <ele>1207</ele>
        <time>2026-05-12T23:06:00+00:00</time>
      </trkpt>
      <trkpt lat="47.43571" lon="12.50605">
        <ele>1211</ele>
        <time>2026-05-12T23:06:03+00:00</time>
      </trkpt>
      <trkpt lat="47.43562" lon="12.50601">
        <ele>1210</ele>
        <time>2026-05-12T23:06:06+00:00</time>
      </trkpt>
      <trkpt lat="47.43544" lon="12.50592">
        <ele>1213</ele>
        <time>2026-05-12T23:06:09+00:00</time>
      </trkpt>
      <trkpt lat="47.43527" lon="12.50587">
        <ele>1217</ele>
        <time>2026-05-12T23:06:12+00:00</time>
      </trkpt>
      <trkpt lat="47.43513" lon="12.50586">
        <ele>1213</ele>
        <time>2026-05-12T23:06:15+00:00</time>
      </trkpt>
      <trkpt lat="47.43503" lon="12.50584">
        <ele>1215</ele>
        <time>2026-05-12T23:06:18+00:00</time>
      </trkpt>
      <trkpt lat="47.43495" lon="12.50583">
        <ele>1214</ele>
        <time>2026-05-12T23:06:21+00:00</time>
      </trkpt>
      <trkpt lat="47.43482" lon="12.50581">
        <ele>1214</ele>
        <time>2026-05-12T23:06:24+00:00</time>
      </trkpt>
      <trkpt lat="47.43472" lon="12.5058">
        <ele>1217</ele>
        <time>2026-05-12T23:06:27+00:00</time>
      </trkpt>
      <trkpt lat="47.43462" lon="12.50575">
        <ele>1217</ele>
        <time>2026-05-12T23:06:30+00:00</time>
      </trkpt>
      <trkpt lat="47.4345" lon="12.50569">
        <ele>1217</ele>
        <time>2026-05-12T23:06:33+00:00</time>
      </trkpt>
      <trkpt lat="47.43438" lon="12.50565">
        <ele>1219</ele>
        <time>2026-05-12T23:06:36+00:00</time>
      </trkpt>
      <trkpt lat="47.43427" lon="12.50562">
        <ele>1218</ele>
        <time>2026-05-12T23:06:39+00:00</time>
      </trkpt>
      <trkpt lat="47.43419" lon="12.5056">
        <ele>1218</ele>
        <time>2026-05-12T23:06:42+00:00</time>
      </trkpt>
      <trkpt lat="47.43406" lon="12.50557">
        <ele>1221</ele>
        <time>2026-05-12T23:06:45+00:00</time>
      </trkpt>
      <trkpt lat="47.43397" lon="12.5055">
        <ele>1221</ele>
        <time>2026-05-12T23:06:48+00:00</time>
      </trkpt>
      <trkpt lat="47.43387" lon="12.50548">
        <ele>1225</ele>
        <time>2026-05-12T23:06:51+00:00</time>
      </trkpt>
      <trkpt lat="47.43373" lon="12.50539">
        <ele>1228</ele>
        <time>2026-05-12T23:06:54+00:00</time>
      </trkpt>
      <trkpt lat="47.43362" lon="12.50535">
        <ele>1227</ele>
        <time>2026-05-12T23:06:57+00:00</time>
      </trkpt>
      <trkpt lat="47.43353" lon="12.50531">
        <ele>1227</ele>
        <time>2026-05-12T23:07:00+00:00</time>
      </trkpt>
      <trkpt lat="47.4334" lon="12.50528">
        <ele>1230</ele>
        <time>2026-05-12T23:07:03+00:00</time>
      </trkpt>
      <trkpt lat="47.43328" lon="12.50525">
        <ele>1231</ele>
        <time>2026-05-12T23:07:06+00:00</time>
      </trkpt>
      <trkpt lat="47.4332" lon="12.50517">
        <ele>1234</ele>
        <time>2026-05-12T23:07:09+00:00</time>
      </trkpt>
      <trkpt lat="47.43307" lon="12.50504">
        <ele>1238</ele>
        <time>2026-05-12T23:07:12+00:00</time>
      </trkpt>
      <trkpt lat="47.43302" lon="12.50488">
        <ele>1237</ele>
        <time>2026-05-12T23:07:15+00:00</time>
      </trkpt>
      <trkpt lat="47.43295" lon="12.50481">
        <ele>1244</ele>
        <time>2026-05-12T23:07:18+00:00</time>
      </trkpt>
      <trkpt lat="47.43287" lon="12.50488">
        <ele>1244</ele>
        <time>2026-05-12T23:07:21+00:00</time>
      </trkpt>
      <trkpt lat="47.43279" lon="12.50496">
        <ele>1241</ele>
        <time>2026-05-12T23:07:24+00:00</time>
      </trkpt>
      <trkpt lat="47.4327" lon="12.50492">
        <ele>1241</ele>
        <time>2026-05-12T23:07:27+00:00</time>
      </trkpt>
      <trkpt lat="47.43261" lon="12.50488">
        <ele>1244</ele>
        <time>2026-05-12T23:07:30+00:00</time>
      </trkpt>
      <trkpt lat="47.43252" lon="12.50485">
        <ele>1244</ele>
        <time>2026-05-12T23:07:33+00:00</time>
      </trkpt>
      <trkpt lat="47.43243" lon="12.50481">
        <ele>1244</ele>
        <time>2026-05-12T23:07:36+00:00</time>
      </trkpt>
      <trkpt lat="47.43227" lon="12.50475">
        <ele>1247</ele>
        <time>2026-05-12T23:07:39+00:00</time>
      </trkpt>
      <trkpt lat="47.4322" lon="12.50466">
        <ele>1250</ele>
        <time>2026-05-12T23:07:42+00:00</time>
      </trkpt>
      <trkpt lat="47.43211" lon="12.50455">
        <ele>1253</ele>
        <time>2026-05-12T23:07:45+00:00</time>
      </trkpt>
      <trkpt lat="47.43204" lon="12.50446">
        <ele>1256</ele>
        <time>2026-05-12T23:07:48+00:00</time>
      </trkpt>
      <trkpt lat="47.43196" lon="12.50436">
        <ele>1260</ele>
        <time>2026-05-12T23:07:51+00:00</time>
      </trkpt>
      <trkpt lat="47.43182" lon="12.50422">
        <ele>1264</ele>
        <time>2026-05-12T23:07:54+00:00</time>
      </trkpt>
      <trkpt lat="47.43175" lon="12.50404">
        <ele>1270</ele>
        <time>2026-05-12T23:07:57+00:00</time>
      </trkpt>
      <trkpt lat="47.43167" lon="12.50386">
        <ele>1277</ele>
        <time>2026-05-12T23:08:00+00:00</time>
      </trkpt>
      <trkpt lat="47.43156" lon="12.50383">
        <ele>1277</ele>
        <time>2026-05-12T23:08:03+00:00</time>
      </trkpt>
      <trkpt lat="47.43146" lon="12.5038">
        <ele>1277</ele>
        <time>2026-05-12T23:08:06+00:00</time>
      </trkpt>
      <trkpt lat="47.43133" lon="12.50381">
        <ele>1279</ele>
        <time>2026-05-12T23:08:09+00:00</time>
      </trkpt>
      <trkpt lat="47.43118" lon="12.50382">
        <ele>1281</ele>
        <time>2026-05-12T23:08:12+00:00</time>
      </trkpt>
      <trkpt lat="47.431" lon="12.50384">
        <ele>1283</ele>
        <time>2026-05-12T23:08:15+00:00</time>
      </trkpt>
      <trkpt lat="47.43087" lon="12.50385">
        <ele>1286</ele>
        <time>2026-05-12T23:08:18+00:00</time>
      </trkpt>
      <trkpt lat="47.43069" lon="12.50386">
        <ele>1288</ele>
        <time>2026-05-12T23:08:21+00:00</time>
      </trkpt>
      <trkpt lat="47.43053" lon="12.50388">
        <ele>1289</ele>
        <time>2026-05-12T23:08:24+00:00</time>
      </trkpt>
      <trkpt lat="47.43039" lon="12.50389">
        <ele>1289</ele>
        <time>2026-05-12T23:08:27+00:00</time>
      </trkpt>
      <trkpt lat="47.43027" lon="12.5039">
        <ele>1292</ele>
        <time>2026-05-12T23:08:30+00:00</time>
      </trkpt>
      <trkpt lat="47.43014" lon="12.50391">
        <ele>1290</ele>
        <time>2026-05-12T23:08:33+00:00</time>
      </trkpt>
      <trkpt lat="47.43002" lon="12.50392">
        <ele>1292</ele>
        <time>2026-05-12T23:08:36+00:00</time>
      </trkpt>
      <trkpt lat="47.42994" lon="12.50392">
        <ele>1295</ele>
        <time>2026-05-12T23:08:39+00:00</time>
      </trkpt>
      <trkpt lat="47.42981" lon="12.50393">
        <ele>1298</ele>
        <time>2026-05-12T23:08:42+00:00</time>
      </trkpt>
      <trkpt lat="47.42968" lon="12.50396">
        <ele>1304</ele>
        <time>2026-05-12T23:08:45+00:00</time>
      </trkpt>
      <trkpt lat="47.42953" lon="12.50399">
        <ele>1307</ele>
        <time>2026-05-12T23:08:48+00:00</time>
      </trkpt>
      <trkpt lat="47.42944" lon="12.50398">
        <ele>1310</ele>
        <time>2026-05-12T23:08:51+00:00</time>
      </trkpt>
      <trkpt lat="47.4293" lon="12.50394">
        <ele>1316</ele>
        <time>2026-05-12T23:08:54+00:00</time>
      </trkpt>
      <trkpt lat="47.42918" lon="12.50387">
        <ele>1322</ele>
        <time>2026-05-12T23:08:57+00:00</time>
      </trkpt>
      <trkpt lat="47.42902" lon="12.50391">
        <ele>1321</ele>
        <time>2026-05-12T23:09:00+00:00</time>
      </trkpt>
      <trkpt lat="47.42891" lon="12.50394">
        <ele>1324</ele>
        <time>2026-05-12T23:09:03+00:00</time>
      </trkpt>
      <trkpt lat="47.42876" lon="12.50398">
        <ele>1329</ele>
        <time>2026-05-12T23:09:06+00:00</time>
      </trkpt>
      <trkpt lat="47.4286" lon="12.50399">
        <ele>1333</ele>
        <time>2026-05-12T23:09:09+00:00</time>
      </trkpt>
      <trkpt lat="47.42846" lon="12.50384">
        <ele>1340</ele>
        <time>2026-05-12T23:09:12+00:00</time>
      </trkpt>
      <trkpt lat="47.4284" lon="12.50369">
        <ele>1351</ele>
        <time>2026-05-12T23:09:15+00:00</time>
      </trkpt>
      <trkpt lat="47.42828" lon="12.50358">
        <ele>1357</ele>
        <time>2026-05-12T23:09:18+00:00</time>
      </trkpt>
      <trkpt lat="47.42818" lon="12.50363">
        <ele>1349</ele>
        <time>2026-05-12T23:09:21+00:00</time>
      </trkpt>
      <trkpt lat="47.42812" lon="12.50367">
        <ele>1355</ele>
        <time>2026-05-12T23:09:24+00:00</time>
      </trkpt>
      <trkpt lat="47.42805" lon="12.50386">
        <ele>1348</ele>
        <time>2026-05-12T23:09:27+00:00</time>
      </trkpt>
      <trkpt lat="47.42783" lon="12.50391">
        <ele>1349</ele>
        <time>2026-05-12T23:09:30+00:00</time>
      </trkpt>
      <trkpt lat="47.42772" lon="12.50388">
        <ele>1352</ele>
        <time>2026-05-12T23:09:33+00:00</time>
      </trkpt>
      <trkpt lat="47.42759" lon="12.50394">
        <ele>1351</ele>
        <time>2026-05-12T23:09:36+00:00</time>
      </trkpt>
      <trkpt lat="47.42749" lon="12.50398">
        <ele>1352</ele>
        <time>2026-05-12T23:09:39+00:00</time>
      </trkpt>
      <trkpt lat="47.42735" lon="12.50392">
        <ele>1354</ele>
        <time>2026-05-12T23:09:42+00:00</time>
      </trkpt>
      <trkpt lat="47.42721" lon="12.50387">
        <ele>1359</ele>
        <time>2026-05-12T23:09:45+00:00</time>
      </trkpt>
      <trkpt lat="47.42708" lon="12.50382">
        <ele>1360</ele>
        <time>2026-05-12T23:09:48+00:00</time>
      </trkpt>
      <trkpt lat="47.42695" lon="12.50371">
        <ele>1365</ele>
        <time>2026-05-12T23:09:51+00:00</time>
      </trkpt>
      <trkpt lat="47.42685" lon="12.50363">
        <ele>1370</ele>
        <time>2026-05-12T23:09:54+00:00</time>
      </trkpt>
      <trkpt lat="47.42672" lon="12.50351">
        <ele>1374</ele>
        <time>2026-05-12T23:09:57+00:00</time>
      </trkpt>
      <trkpt lat="47.42664" lon="12.50339">
        <ele>1383</ele>
        <time>2026-05-12T23:10:00+00:00</time>
      </trkpt>
      <trkpt lat="47.42656" lon="12.50326">
        <ele>1386</ele>
        <time>2026-05-12T23:10:03+00:00</time>
      </trkpt>
      <trkpt lat="47.42648" lon="12.50312">
        <ele>1388</ele>
        <time>2026-05-12T23:10:06+00:00</time>
      </trkpt>
      <trkpt lat="47.42635" lon="12.50308">
        <ele>1390</ele>
        <time>2026-05-12T23:10:09+00:00</time>
      </trkpt>
      <trkpt lat="47.42621" lon="12.50304">
        <ele>1388</ele>
        <time>2026-05-12T23:10:12+00:00</time>
      </trkpt>
      <trkpt lat="47.42617" lon="12.50296">
        <ele>1390</ele>
        <time>2026-05-12T23:10:15+00:00</time>
      </trkpt>
      <trkpt lat="47.42609" lon="12.50294">
        <ele>1388</ele>
        <time>2026-05-12T23:10:18+00:00</time>
      </trkpt>
      <trkpt lat="47.42596" lon="12.5029">
        <ele>1389</ele>
        <time>2026-05-12T23:10:21+00:00</time>
      </trkpt>
      <trkpt lat="47.42585" lon="12.50275">
        <ele>1392</ele>
        <time>2026-05-12T23:10:24+00:00</time>
      </trkpt>
      <trkpt lat="47.42568" lon="12.50263">
        <ele>1394</ele>
        <time>2026-05-12T23:10:27+00:00</time>
      </trkpt>
      <trkpt lat="47.42554" lon="12.50246">
        <ele>1399</ele>
        <time>2026-05-12T23:10:30+00:00</time>
      </trkpt>
      <trkpt lat="47.42541" lon="12.50236">
        <ele>1402</ele>
        <time>2026-05-12T23:10:33+00:00</time>
      </trkpt>
      <trkpt lat="47.42526" lon="12.50228">
        <ele>1404</ele>
        <time>2026-05-12T23:10:36+00:00</time>
      </trkpt>
      <trkpt lat="47.42511" lon="12.50227">
        <ele>1404</ele>
        <time>2026-05-12T23:10:39+00:00</time>
      </trkpt>
      <trkpt lat="47.42496" lon="12.50223">
        <ele>1405</ele>
        <time>2026-05-12T23:10:42+00:00</time>
      </trkpt>
      <trkpt lat="47.42479" lon="12.50213">
        <ele>1409</ele>
        <time>2026-05-12T23:10:45+00:00</time>
      </trkpt>
      <trkpt lat="47.42466" lon="12.50209">
        <ele>1412</ele>
        <time>2026-05-12T23:10:48+00:00</time>
      </trkpt>
      <trkpt lat="47.42465" lon="12.50199">
        <ele>1415</ele>
        <time>2026-05-12T23:10:51+00:00</time>
      </trkpt>
      <trkpt lat="47.42468" lon="12.50187">
        <ele>1417</ele>
        <time>2026-05-12T23:10:54+00:00</time>
      </trkpt>
      <trkpt lat="47.42485" lon="12.50177">
        <ele>1420</ele>
        <time>2026-05-12T23:10:57+00:00</time>
      </trkpt>
      <trkpt lat="47.42473" lon="12.50172">
        <ele>1420</ele>
        <time>2026-05-12T23:11:00+00:00</time>
      </trkpt>
      <trkpt lat="47.4246" lon="12.50166">
        <ele>1424</ele>
        <time>2026-05-12T23:11:03+00:00</time>
      </trkpt>
      <trkpt lat="47.42446" lon="12.5016">
        <ele>1426</ele>
        <time>2026-05-12T23:11:06+00:00</time>
      </trkpt>
      <trkpt lat="47.42433" lon="12.50149">
        <ele>1434</ele>
        <time>2026-05-12T23:11:09+00:00</time>
      </trkpt>
      <trkpt lat="47.42422" lon="12.50139">
        <ele>1438</ele>
        <time>2026-05-12T23:11:12+00:00</time>
      </trkpt>
      <trkpt lat="47.42407" lon="12.50126">
        <ele>1435</ele>
        <time>2026-05-12T23:11:15+00:00</time>
      </trkpt>
      <trkpt lat="47.42403" lon="12.50135">
        <ele>1440</ele>
        <time>2026-05-12T23:11:18+00:00</time>
      </trkpt>
      <trkpt lat="47.42399" lon="12.50148">
        <ele>1439</ele>
        <time>2026-05-12T23:11:21+00:00</time>
      </trkpt>
      <trkpt lat="47.42386" lon="12.50161">
        <ele>1436</ele>
        <time>2026-05-12T23:11:24+00:00</time>
      </trkpt>
      <trkpt lat="47.42377" lon="12.50169">
        <ele>1439</ele>
        <time>2026-05-12T23:11:27+00:00</time>
      </trkpt>
      <trkpt lat="47.42366" lon="12.5018">
        <ele>1437</ele>
        <time>2026-05-12T23:11:30+00:00</time>
      </trkpt>
      <trkpt lat="47.42355" lon="12.50191">
        <ele>1438</ele>
        <time>2026-05-12T23:11:33+00:00</time>
      </trkpt>
      <trkpt lat="47.4235" lon="12.50181">
        <ele>1443</ele>
        <time>2026-05-12T23:11:36+00:00</time>
      </trkpt>
      <trkpt lat="47.42343" lon="12.50168">
        <ele>1447</ele>
        <time>2026-05-12T23:11:39+00:00</time>
      </trkpt>
      <trkpt lat="47.42335" lon="12.50153">
        <ele>1451</ele>
        <time>2026-05-12T23:11:42+00:00</time>
      </trkpt>
      <trkpt lat="47.4233" lon="12.50143">
        <ele>1455</ele>
        <time>2026-05-12T23:11:45+00:00</time>
      </trkpt>
      <trkpt lat="47.42321" lon="12.50126">
        <ele>1458</ele>
        <time>2026-05-12T23:11:48+00:00</time>
      </trkpt>
      <trkpt lat="47.42315" lon="12.50114">
        <ele>1462</ele>
        <time>2026-05-12T23:11:51+00:00</time>
      </trkpt>
      <trkpt lat="47.42307" lon="12.50099">
        <ele>1468</ele>
        <time>2026-05-12T23:11:54+00:00</time>
      </trkpt>
      <trkpt lat="47.42301" lon="12.50077">
        <ele>1471</ele>
        <time>2026-05-12T23:11:57+00:00</time>
      </trkpt>
      <trkpt lat="47.4229" lon="12.50062">
        <ele>1475</ele>
        <time>2026-05-12T23:12:00+00:00</time>
      </trkpt>
      <trkpt lat="47.42274" lon="12.50058">
        <ele>1481</ele>
        <time>2026-05-12T23:12:03+00:00</time>
      </trkpt>
      <trkpt lat="47.42259" lon="12.50073">
        <ele>1483</ele>
        <time>2026-05-12T23:12:06+00:00</time>
      </trkpt>
      <trkpt lat="47.4225" lon="12.50082">
        <ele>1482</ele>
        <time>2026-05-12T23:12:09+00:00</time>
      </trkpt>
      <trkpt lat="47.42239" lon="12.50087">
        <ele>1487</ele>
        <time>2026-05-12T23:12:12+00:00</time>
      </trkpt>
      <trkpt lat="47.42221" lon="12.50095">
        <ele>1488</ele>
        <time>2026-05-12T23:12:15+00:00</time>
      </trkpt>
      <trkpt lat="47.42209" lon="12.5009">
        <ele>1495</ele>
        <time>2026-05-12T23:12:18+00:00</time>
      </trkpt>
      <trkpt lat="47.422" lon="12.50086">
        <ele>1498</ele>
        <time>2026-05-12T23:12:21+00:00</time>
      </trkpt>
      <trkpt lat="47.4219" lon="12.50081">
        <ele>1498</ele>
        <time>2026-05-12T23:12:24+00:00</time>
      </trkpt>
      <trkpt lat="47.42177" lon="12.50076">
        <ele>1505</ele>
        <time>2026-05-12T23:12:27+00:00</time>
      </trkpt>
      <trkpt lat="47.42166" lon="12.50071">
        <ele>1507</ele>
        <time>2026-05-12T23:12:30+00:00</time>
      </trkpt>
      <trkpt lat="47.42158" lon="12.50067">
        <ele>1511</ele>
        <time>2026-05-12T23:12:33+00:00</time>
      </trkpt>
      <trkpt lat="47.42149" lon="12.50068">
        <ele>1513</ele>
        <time>2026-05-12T23:12:36+00:00</time>
      </trkpt>
      <trkpt lat="47.42147" lon="12.50059">
        <ele>1515</ele>
        <time>2026-05-12T23:12:39+00:00</time>
      </trkpt>
      <trkpt lat="47.42139" lon="12.50052">
        <ele>1517</ele>
        <time>2026-05-12T23:12:42+00:00</time>
      </trkpt>
      <trkpt lat="47.42118" lon="12.50043">
        <ele>1523</ele>
        <time>2026-05-12T23:12:45+00:00</time>
      </trkpt>
      <trkpt lat="47.42115" lon="12.50035">
        <ele>1526</ele>
        <time>2026-05-12T23:12:48+00:00</time>
      </trkpt>
      <trkpt lat="47.42097" lon="12.50023">
        <ele>1531</ele>
        <time>2026-05-12T23:12:51+00:00</time>
      </trkpt>
      <trkpt lat="47.42088" lon="12.5001">
        <ele>1535</ele>
        <time>2026-05-12T23:12:54+00:00</time>
      </trkpt>
      <trkpt lat="47.4208" lon="12.50004">
        <ele>1539</ele>
        <time>2026-05-12T23:12:57+00:00</time>
      </trkpt>
      <trkpt lat="47.4208" lon="12.49985">
        <ele>1544</ele>
        <time>2026-05-12T23:13:00+00:00</time>
      </trkpt>
      <trkpt lat="47.42071" lon="12.49969">
        <ele>1548</ele>
        <time>2026-05-12T23:13:03+00:00</time>
      </trkpt>
      <trkpt lat="47.42061" lon="12.49978">
        <ele>1548</ele>
        <time>2026-05-12T23:13:06+00:00</time>
      </trkpt>
      <trkpt lat="47.42058" lon="12.49962">
        <ele>1552</ele>
        <time>2026-05-12T23:13:09+00:00</time>
      </trkpt>
      <trkpt lat="47.42052" lon="12.49951">
        <ele>1554</ele>
        <time>2026-05-12T23:13:12+00:00</time>
      </trkpt>
      <trkpt lat="47.4204" lon="12.49958">
        <ele>1559</ele>
        <time>2026-05-12T23:13:15+00:00</time>
      </trkpt>
      <trkpt lat="47.42028" lon="12.49952">
        <ele>1561</ele>
        <time>2026-05-12T23:13:18+00:00</time>
      </trkpt>
      <trkpt lat="47.42015" lon="12.49953">
        <ele>1561</ele>
        <time>2026-05-12T23:13:21+00:00</time>
      </trkpt>
      <trkpt lat="47.42" lon="12.49965">
        <ele>1563</ele>
        <time>2026-05-12T23:13:24+00:00</time>
      </trkpt>
      <trkpt lat="47.4199" lon="12.49973">
        <ele>1560</ele>
        <time>2026-05-12T23:13:27+00:00</time>
      </trkpt>
      <trkpt lat="47.41985" lon="12.49988">
        <ele>1564</ele>
        <time>2026-05-12T23:13:30+00:00</time>
      </trkpt>
      <trkpt lat="47.41981" lon="12.50001">
        <ele>1559</ele>
        <time>2026-05-12T23:13:33+00:00</time>
      </trkpt>
      <trkpt lat="47.41975" lon="12.50017">
        <ele>1560</ele>
        <time>2026-05-12T23:13:36+00:00</time>
      </trkpt>
      <trkpt lat="47.41968" lon="12.50034">
        <ele>1559</ele>
        <time>2026-05-12T23:13:39+00:00</time>
      </trkpt>
      <trkpt lat="47.41963" lon="12.50048">
        <ele>1557</ele>
        <time>2026-05-12T23:13:42+00:00</time>
      </trkpt>
      <trkpt lat="47.41956" lon="12.50065">
        <ele>1560</ele>
        <time>2026-05-12T23:13:45+00:00</time>
      </trkpt>
      <trkpt lat="47.4195" lon="12.5008">
        <ele>1555</ele>
        <time>2026-05-12T23:13:48+00:00</time>
      </trkpt>
      <trkpt lat="47.41939" lon="12.50083">
        <ele>1561</ele>
        <time>2026-05-12T23:13:51+00:00</time>
      </trkpt>
      <trkpt lat="47.41926" lon="12.50087">
        <ele>1565</ele>
        <time>2026-05-12T23:13:54+00:00</time>
      </trkpt>
      <trkpt lat="47.41908" lon="12.50092">
        <ele>1570</ele>
        <time>2026-05-12T23:13:57+00:00</time>
      </trkpt>
      <trkpt lat="47.41902" lon="12.50078">
        <ele>1575</ele>
        <time>2026-05-12T23:14:00+00:00</time>
      </trkpt>
      <trkpt lat="47.41893" lon="12.5006">
        <ele>1584</ele>
        <time>2026-05-12T23:14:03+00:00</time>
      </trkpt>
      <trkpt lat="47.41888" lon="12.50047">
        <ele>1591</ele>
        <time>2026-05-12T23:14:06+00:00</time>
      </trkpt>
      <trkpt lat="47.41882" lon="12.50033">
        <ele>1594</ele>
        <time>2026-05-12T23:14:09+00:00</time>
      </trkpt>
      <trkpt lat="47.41873" lon="12.50015">
        <ele>1603</ele>
        <time>2026-05-12T23:14:12+00:00</time>
      </trkpt>
      <trkpt lat="47.41877" lon="12.49999">
        <ele>1599</ele>
        <time>2026-05-12T23:14:15+00:00</time>
      </trkpt>
      <trkpt lat="47.41881" lon="12.49986">
        <ele>1606</ele>
        <time>2026-05-12T23:14:18+00:00</time>
      </trkpt>
      <trkpt lat="47.41892" lon="12.49973">
        <ele>1599</ele>
        <time>2026-05-12T23:14:21+00:00</time>
      </trkpt>
      <trkpt lat="47.41906" lon="12.49968">
        <ele>1602</ele>
        <time>2026-05-12T23:14:24+00:00</time>
      </trkpt>
      <trkpt lat="47.41917" lon="12.49952">
        <ele>1599</ele>
        <time>2026-05-12T23:14:27+00:00</time>
      </trkpt>
      <trkpt lat="47.41924" lon="12.4993">
        <ele>1601</ele>
        <time>2026-05-12T23:14:30+00:00</time>
      </trkpt>
      <trkpt lat="47.41926" lon="12.49916">
        <ele>1603</ele>
        <time>2026-05-12T23:14:33+00:00</time>
      </trkpt>
      <trkpt lat="47.41928" lon="12.49896">
        <ele>1607</ele>
        <time>2026-05-12T23:14:36+00:00</time>
      </trkpt>
      <trkpt lat="47.41931" lon="12.49873">
        <ele>1607</ele>
        <time>2026-05-12T23:14:39+00:00</time>
      </trkpt>
      <trkpt lat="47.41935" lon="12.49858">
        <ele>1610</ele>
        <time>2026-05-12T23:14:42+00:00</time>
      </trkpt>
      <trkpt lat="47.41941" lon="12.49834">
        <ele>1610</ele>
        <time>2026-05-12T23:14:45+00:00</time>
      </trkpt>
      <trkpt lat="47.41946" lon="12.49814">
        <ele>1614</ele>
        <time>2026-05-12T23:14:48+00:00</time>
      </trkpt>
      <trkpt lat="47.41946" lon="12.49795">
        <ele>1618</ele>
        <time>2026-05-12T23:14:51+00:00</time>
      </trkpt>
      <trkpt lat="47.41952" lon="12.49773">
        <ele>1618</ele>
        <time>2026-05-12T23:14:54+00:00</time>
      </trkpt>
      <trkpt lat="47.41952" lon="12.49747">
        <ele>1625</ele>
        <time>2026-05-12T23:14:57+00:00</time>
      </trkpt>
      <trkpt lat="47.41957" lon="12.49728">
        <ele>1629</ele>
        <time>2026-05-12T23:15:00+00:00</time>
      </trkpt>
      <trkpt lat="47.41957" lon="12.49693">
        <ele>1635</ele>
        <time>2026-05-12T23:15:03+00:00</time>
      </trkpt>
      <trkpt lat="47.41964" lon="12.49663">
        <ele>1638</ele>
        <time>2026-05-12T23:15:06+00:00</time>
      </trkpt>
      <trkpt lat="47.4196" lon="12.49641">
        <ele>1642</ele>
        <time>2026-05-12T23:15:09+00:00</time>
      </trkpt>
      <trkpt lat="47.4195" lon="12.49631">
        <ele>1648</ele>
        <time>2026-05-12T23:15:12+00:00</time>
      </trkpt>
      <trkpt lat="47.41934" lon="12.49627">
        <ele>1658</ele>
        <time>2026-05-12T23:15:15+00:00</time>
      </trkpt>
      <trkpt lat="47.41923" lon="12.49654">
        <ele>1648</ele>
        <time>2026-05-12T23:15:18+00:00</time>
      </trkpt>
      <trkpt lat="47.41914" lon="12.49673">
        <ele>1656</ele>
        <time>2026-05-12T23:15:21+00:00</time>
      </trkpt>
      <trkpt lat="47.4191" lon="12.49705">
        <ele>1649</ele>
        <time>2026-05-12T23:15:24+00:00</time>
      </trkpt>
      <trkpt lat="47.41904" lon="12.49681">
        <ele>1656</ele>
        <time>2026-05-12T23:15:27+00:00</time>
      </trkpt>
      <trkpt lat="47.41895" lon="12.49683">
        <ele>1657</ele>
        <time>2026-05-12T23:15:30+00:00</time>
      </trkpt>
      <trkpt lat="47.41893" lon="12.49673">
        <ele>1659</ele>
        <time>2026-05-12T23:15:33+00:00</time>
      </trkpt>
      <trkpt lat="47.41894" lon="12.49645">
        <ele>1665</ele>
        <time>2026-05-12T23:15:36+00:00</time>
      </trkpt>
      <trkpt lat="47.4189" lon="12.49635">
        <ele>1667</ele>
        <time>2026-05-12T23:15:39+00:00</time>
      </trkpt>
      <trkpt lat="47.41882" lon="12.49628">
        <ele>1669</ele>
        <time>2026-05-12T23:15:42+00:00</time>
      </trkpt>
      <trkpt lat="47.41874" lon="12.49637">
        <ele>1668</ele>
        <time>2026-05-12T23:15:45+00:00</time>
      </trkpt>
      <trkpt lat="47.4186" lon="12.49635">
        <ele>1669</ele>
        <time>2026-05-12T23:15:48+00:00</time>
      </trkpt>
      <trkpt lat="47.41844" lon="12.49616">
        <ele>1673</ele>
        <time>2026-05-12T23:15:51+00:00</time>
      </trkpt>
      <trkpt lat="47.41832" lon="12.49612">
        <ele>1674</ele>
        <time>2026-05-12T23:15:54+00:00</time>
      </trkpt>
      <trkpt lat="47.41822" lon="12.49609">
        <ele>1673</ele>
        <time>2026-05-12T23:15:57+00:00</time>
      </trkpt>
      <trkpt lat="47.41806" lon="12.49604">
        <ele>1678</ele>
        <time>2026-05-12T23:16:00+00:00</time>
      </trkpt>
      <trkpt lat="47.41805" lon="12.4963">
        <ele>1673</ele>
        <time>2026-05-12T23:16:03+00:00</time>
      </trkpt>
      <trkpt lat="47.41799" lon="12.49642">
        <ele>1674</ele>
        <time>2026-05-12T23:16:06+00:00</time>
      </trkpt>
      <trkpt lat="47.41787" lon="12.49667">
        <ele>1673</ele>
        <time>2026-05-12T23:16:09+00:00</time>
      </trkpt>
      <trkpt lat="47.4178" lon="12.49674">
        <ele>1672</ele>
        <time>2026-05-12T23:16:12+00:00</time>
      </trkpt>
      <trkpt lat="47.41768" lon="12.49687">
        <ele>1674</ele>
        <time>2026-05-12T23:16:15+00:00</time>
      </trkpt>
      <trkpt lat="47.41758" lon="12.49699">
        <ele>1675</ele>
        <time>2026-05-12T23:16:18+00:00</time>
      </trkpt>
      <trkpt lat="47.41746" lon="12.49713">
        <ele>1677</ele>
        <time>2026-05-12T23:16:21+00:00</time>
      </trkpt>
      <trkpt lat="47.41735" lon="12.49711">
        <ele>1678</ele>
        <time>2026-05-12T23:16:24+00:00</time>
      </trkpt>
      <trkpt lat="47.41727" lon="12.49724">
        <ele>1680</ele>
        <time>2026-05-12T23:16:27+00:00</time>
      </trkpt>
      <trkpt lat="47.41718" lon="12.49725">
        <ele>1682</ele>
        <time>2026-05-12T23:16:30+00:00</time>
      </trkpt>
      <trkpt lat="47.41707" lon="12.49726">
        <ele>1684</ele>
        <time>2026-05-12T23:16:33+00:00</time>
      </trkpt>
      <trkpt lat="47.41701" lon="12.4973">
        <ele>1684</ele>
        <time>2026-05-12T23:16:36+00:00</time>
      </trkpt>
      <trkpt lat="47.417" lon="12.49746">
        <ele>1688</ele>
        <time>2026-05-12T23:16:39+00:00</time>
      </trkpt>
      <trkpt lat="47.41699" lon="12.49766">
        <ele>1685</ele>
        <time>2026-05-12T23:16:42+00:00</time>
      </trkpt>
      <trkpt lat="47.41698" lon="12.49781">
        <ele>1687</ele>
        <time>2026-05-12T23:16:45+00:00</time>
      </trkpt>
      <trkpt lat="47.41697" lon="12.49801">
        <ele>1686</ele>
        <time>2026-05-12T23:16:48+00:00</time>
      </trkpt>
      <trkpt lat="47.41688" lon="12.49809">
        <ele>1690</ele>
        <time>2026-05-12T23:16:51+00:00</time>
      </trkpt>
      <trkpt lat="47.41678" lon="12.49821">
        <ele>1692</ele>
        <time>2026-05-12T23:16:54+00:00</time>
      </trkpt>
      <trkpt lat="47.41664" lon="12.49835">
        <ele>1695</ele>
        <time>2026-05-12T23:16:57+00:00</time>
      </trkpt>
      <trkpt lat="47.41651" lon="12.49848">
        <ele>1694</ele>
        <time>2026-05-12T23:17:00+00:00</time>
      </trkpt>
      <trkpt lat="47.41645" lon="12.49872">
        <ele>1696</ele>
        <time>2026-05-12T23:17:03+00:00</time>
      </trkpt>
      <trkpt lat="47.4164" lon="12.49892">
        <ele>1697</ele>
        <time>2026-05-12T23:17:06+00:00</time>
      </trkpt>
      <trkpt lat="47.41629" lon="12.49895">
        <ele>1702</ele>
        <time>2026-05-12T23:17:09+00:00</time>
      </trkpt>
      <trkpt lat="47.41606" lon="12.499">
        <ele>1710</ele>
        <time>2026-05-12T23:17:12+00:00</time>
      </trkpt>
      <trkpt lat="47.41593" lon="12.49909">
        <ele>1715</ele>
        <time>2026-05-12T23:17:15+00:00</time>
      </trkpt>
      <trkpt lat="47.41584" lon="12.49914">
        <ele>1717</ele>
        <time>2026-05-12T23:17:18+00:00</time>
      </trkpt>
      <trkpt lat="47.41575" lon="12.49921">
        <ele>1719</ele>
        <time>2026-05-12T23:17:21+00:00</time>
      </trkpt>
      <trkpt lat="47.41559" lon="12.4993">
        <ele>1722</ele>
        <time>2026-05-12T23:17:24+00:00</time>
      </trkpt>
      <trkpt lat="47.41554" lon="12.49946">
        <ele>1727</ele>
        <time>2026-05-12T23:17:27+00:00</time>
      </trkpt>
      <trkpt lat="47.41547" lon="12.49965">
        <ele>1724</ele>
        <time>2026-05-12T23:17:30+00:00</time>
      </trkpt>
      <trkpt lat="47.41542" lon="12.49977">
        <ele>1725</ele>
        <time>2026-05-12T23:17:33+00:00</time>
      </trkpt>
      <trkpt lat="47.41536" lon="12.49993">
        <ele>1720</ele>
        <time>2026-05-12T23:17:36+00:00</time>
      </trkpt>
      <trkpt lat="47.41535" lon="12.50019">
        <ele>1721</ele>
        <time>2026-05-12T23:17:39+00:00</time>
      </trkpt>
      <trkpt lat="47.41532" lon="12.5003">
        <ele>1720</ele>
        <time>2026-05-12T23:17:42+00:00</time>
      </trkpt>
      <trkpt lat="47.41524" lon="12.50053">
        <ele>1718</ele>
        <time>2026-05-12T23:17:45+00:00</time>
      </trkpt>
      <trkpt lat="47.41517" lon="12.50073">
        <ele>1720</ele>
        <time>2026-05-12T23:17:48+00:00</time>
      </trkpt>
      <trkpt lat="47.41503" lon="12.5008">
        <ele>1725</ele>
        <time>2026-05-12T23:17:51+00:00</time>
      </trkpt>
      <trkpt lat="47.41499" lon="12.50095">
        <ele>1732</ele>
        <time>2026-05-12T23:17:54+00:00</time>
      </trkpt>
      <trkpt lat="47.41488" lon="12.50139">
        <ele>1735</ele>
        <time>2026-05-12T23:17:57+00:00</time>
      </trkpt>
      <trkpt lat="47.41481" lon="12.50158">
        <ele>1730</ele>
        <time>2026-05-12T23:18:00+00:00</time>
      </trkpt>
      <trkpt lat="47.41475" lon="12.50175">
        <ele>1735</ele>
        <time>2026-05-12T23:18:03+00:00</time>
      </trkpt>
      <trkpt lat="47.41468" lon="12.50192">
        <ele>1740</ele>
        <time>2026-05-12T23:18:06+00:00</time>
      </trkpt>
      <trkpt lat="47.41458" lon="12.50221">
        <ele>1742</ele>
        <time>2026-05-12T23:18:09+00:00</time>
      </trkpt>
      <trkpt lat="47.41453" lon="12.50239">
        <ele>1739</ele>
        <time>2026-05-12T23:18:12+00:00</time>
      </trkpt>
      <trkpt lat="47.41444" lon="12.5027">
        <ele>1742</ele>
        <time>2026-05-12T23:18:15+00:00</time>
      </trkpt>
      <trkpt lat="47.41448" lon="12.50281">
        <ele>1739</ele>
        <time>2026-05-12T23:18:18+00:00</time>
      </trkpt>
      <trkpt lat="47.41456" lon="12.50302">
        <ele>1728</ele>
        <time>2026-05-12T23:18:21+00:00</time>
      </trkpt>
      <trkpt lat="47.41455" lon="12.50316">
        <ele>1726</ele>
        <time>2026-05-12T23:18:24+00:00</time>
      </trkpt>
      <trkpt lat="47.41454" lon="12.50338">
        <ele>1724</ele>
        <time>2026-05-12T23:18:27+00:00</time>
      </trkpt>
      <trkpt lat="47.41453" lon="12.50366">
        <ele>1724</ele>
        <time>2026-05-12T23:18:30+00:00</time>
      </trkpt>
      <trkpt lat="47.4145" lon="12.50395">
        <ele>1723</ele>
        <time>2026-05-12T23:18:33+00:00</time>
      </trkpt>
      <trkpt lat="47.41448" lon="12.50408">
        <ele>1724</ele>
        <time>2026-05-12T23:18:36+00:00</time>
      </trkpt>
      <trkpt lat="47.41445" lon="12.50427">
        <ele>1722</ele>
        <time>2026-05-12T23:18:39+00:00</time>
      </trkpt>
      <trkpt lat="47.41448" lon="12.5045">
        <ele>1720</ele>
        <time>2026-05-12T23:18:42+00:00</time>
      </trkpt>
      <trkpt lat="47.41448" lon="12.5047">
        <ele>1719</ele>
        <time>2026-05-12T23:18:45+00:00</time>
      </trkpt>
      <trkpt lat="47.41454" lon="12.50492">
        <ele>1710</ele>
        <time>2026-05-12T23:18:48+00:00</time>
      </trkpt>
      <trkpt lat="47.4146" lon="12.50513">
        <ele>1709</ele>
        <time>2026-05-12T23:18:51+00:00</time>
      </trkpt>
      <trkpt lat="47.41458" lon="12.50532">
        <ele>1711</ele>
        <time>2026-05-12T23:18:54+00:00</time>
      </trkpt>
      <trkpt lat="47.41466" lon="12.50543">
        <ele>1703</ele>
        <time>2026-05-12T23:18:57+00:00</time>
      </trkpt>
      <trkpt lat="47.41475" lon="12.50555">
        <ele>1695</ele>
        <time>2026-05-12T23:19:00+00:00</time>
      </trkpt>
      <trkpt lat="47.41484" lon="12.50568">
        <ele>1687</ele>
        <time>2026-05-12T23:19:03+00:00</time>
      </trkpt>
      <trkpt lat="47.4149" lon="12.50574">
        <ele>1688</ele>
        <time>2026-05-12T23:19:06+00:00</time>
      </trkpt>
      <trkpt lat="47.41504" lon="12.50587">
        <ele>1674</ele>
        <time>2026-05-12T23:19:09+00:00</time>
      </trkpt>
      <trkpt lat="47.41514" lon="12.50596">
        <ele>1670</ele>
        <time>2026-05-12T23:19:12+00:00</time>
      </trkpt>
      <trkpt lat="47.41523" lon="12.50604">
        <ele>1667</ele>
        <time>2026-05-12T23:19:15+00:00</time>
      </trkpt>
      <trkpt lat="47.41534" lon="12.50614">
        <ele>1665</ele>
        <time>2026-05-12T23:19:18+00:00</time>
      </trkpt>
      <trkpt lat="47.41552" lon="12.5062">
        <ele>1657</ele>
        <time>2026-05-12T23:19:21+00:00</time>
      </trkpt>
      <trkpt lat="47.41574" lon="12.50623">
        <ele>1653</ele>
        <time>2026-05-12T23:19:24+00:00</time>
      </trkpt>
      <trkpt lat="47.41587" lon="12.50635">
        <ele>1649</ele>
        <time>2026-05-12T23:19:27+00:00</time>
      </trkpt>
      <trkpt lat="47.41597" lon="12.50643">
        <ele>1649</ele>
        <time>2026-05-12T23:19:30+00:00</time>
      </trkpt>
      <trkpt lat="47.41609" lon="12.50648">
        <ele>1646</ele>
        <time>2026-05-12T23:19:33+00:00</time>
      </trkpt>
      <trkpt lat="47.41628" lon="12.50662">
        <ele>1649</ele>
        <time>2026-05-12T23:19:36+00:00</time>
      </trkpt>
      <trkpt lat="47.4164" lon="12.50676">
        <ele>1648</ele>
        <time>2026-05-12T23:19:39+00:00</time>
      </trkpt>
      <trkpt lat="47.41647" lon="12.5069">
        <ele>1649</ele>
        <time>2026-05-12T23:19:42+00:00</time>
      </trkpt>
      <trkpt lat="47.41649" lon="12.50715">
        <ele>1659</ele>
        <time>2026-05-12T23:19:45+00:00</time>
      </trkpt>
      <trkpt lat="47.41656" lon="12.50726">
        <ele>1660</ele>
        <time>2026-05-12T23:19:48+00:00</time>
      </trkpt>
      <trkpt lat="47.41668" lon="12.5074">
        <ele>1661</ele>
        <time>2026-05-12T23:19:51+00:00</time>
      </trkpt>
      <trkpt lat="47.41665" lon="12.50753">
        <ele>1662</ele>
        <time>2026-05-12T23:19:54+00:00</time>
      </trkpt>
      <trkpt lat="47.41661" lon="12.50769">
        <ele>1663</ele>
        <time>2026-05-12T23:19:57+00:00</time>
      </trkpt>
      <trkpt lat="47.41658" lon="12.50785">
        <ele>1667</ele>
        <time>2026-05-12T23:20:00+00:00</time>
      </trkpt>
      <trkpt lat="47.41651" lon="12.50802">
        <ele>1668</ele>
        <time>2026-05-12T23:20:03+00:00</time>
      </trkpt>
      <trkpt lat="47.41646" lon="12.50807">
        <ele>1670</ele>
        <time>2026-05-12T23:20:06+00:00</time>
      </trkpt>
      <trkpt lat="47.41642" lon="12.50812">
        <ele>1669</ele>
        <time>2026-05-12T23:20:09+00:00</time>
      </trkpt>
      <trkpt lat="47.41637" lon="12.50817">
        <ele>1671</ele>
        <time>2026-05-12T23:20:12+00:00</time>
      </trkpt>
      <trkpt lat="47.41634" lon="12.5082">
        <ele>1670</ele>
        <time>2026-05-12T23:20:15+00:00</time>
      </trkpt>
      <trkpt lat="47.41628" lon="12.50826">
        <ele>1670</ele>
        <time>2026-05-12T23:20:18+00:00</time>
      </trkpt>
      <trkpt lat="47.41626" lon="12.50833">
        <ele>1671</ele>
        <time>2026-05-12T23:20:21+00:00</time>
      </trkpt>
      <trkpt lat="47.41625" lon="12.50843">
        <ele>1670</ele>
        <time>2026-05-12T23:20:24+00:00</time>
      </trkpt>
      <trkpt lat="47.41623" lon="12.50852">
        <ele>1668</ele>
        <time>2026-05-12T23:20:27+00:00</time>
      </trkpt>
      <trkpt lat="47.41618" lon="12.5086">
        <ele>1669</ele>
        <time>2026-05-12T23:20:30+00:00</time>
      </trkpt>
      <trkpt lat="47.41615" lon="12.50869">
        <ele>1669</ele>
        <time>2026-05-12T23:20:33+00:00</time>
      </trkpt>
      <trkpt lat="47.41607" lon="12.50878">
        <ele>1669</ele>
        <time>2026-05-12T23:20:36+00:00</time>
      </trkpt>
      <trkpt lat="47.41604" lon="12.50878">
        <ele>1669</ele>
        <time>2026-05-12T23:20:39+00:00</time>
      </trkpt>
      <trkpt lat="47.41599" lon="12.50887">
        <ele>1669</ele>
        <time>2026-05-12T23:20:42+00:00</time>
      </trkpt>
      <trkpt lat="47.41594" lon="12.50897">
        <ele>1666</ele>
        <time>2026-05-12T23:20:45+00:00</time>
      </trkpt>
      <trkpt lat="47.4159" lon="12.50903">
        <ele>1663</ele>
        <time>2026-05-12T23:20:48+00:00</time>
      </trkpt>
      <trkpt lat="47.41587" lon="12.50909">
        <ele>1665</ele>
        <time>2026-05-12T23:20:51+00:00</time>
      </trkpt>
      <trkpt lat="47.41584" lon="12.50916">
        <ele>1663</ele>
        <time>2026-05-12T23:20:54+00:00</time>
      </trkpt>
      <trkpt lat="47.41581" lon="12.50921">
        <ele>1660</ele>
        <time>2026-05-12T23:20:57+00:00</time>
      </trkpt>
      <trkpt lat="47.41577" lon="12.50929">
        <ele>1663</ele>
        <time>2026-05-12T23:21:00+00:00</time>
      </trkpt>
      <trkpt lat="47.41568" lon="12.50932">
        <ele>1661</ele>
        <time>2026-05-12T23:21:03+00:00</time>
      </trkpt>
      <trkpt lat="47.41563" lon="12.50937">
        <ele>1661</ele>
        <time>2026-05-12T23:21:06+00:00</time>
      </trkpt>
      <trkpt lat="47.41557" lon="12.50943">
        <ele>1663</ele>
        <time>2026-05-12T23:21:09+00:00</time>
      </trkpt>
      <trkpt lat="47.4155" lon="12.5095">
        <ele>1661</ele>
        <time>2026-05-12T23:21:12+00:00</time>
      </trkpt>
      <trkpt lat="47.41547" lon="12.50954">
        <ele>1665</ele>
        <time>2026-05-12T23:21:15+00:00</time>
      </trkpt>
      <trkpt lat="47.41541" lon="12.5096">
        <ele>1665</ele>
        <time>2026-05-12T23:21:18+00:00</time>
      </trkpt>
      <trkpt lat="47.41535" lon="12.50967">
        <ele>1667</ele>
        <time>2026-05-12T23:21:21+00:00</time>
      </trkpt>
      <trkpt lat="47.41527" lon="12.50968">
        <ele>1671</ele>
        <time>2026-05-12T23:21:24+00:00</time>
      </trkpt>
      <trkpt lat="47.41518" lon="12.50969">
        <ele>1675</ele>
        <time>2026-05-12T23:21:27+00:00</time>
      </trkpt>
      <trkpt lat="47.4151" lon="12.5097">
        <ele>1679</ele>
        <time>2026-05-12T23:21:30+00:00</time>
      </trkpt>
      <trkpt lat="47.41502" lon="12.50971">
        <ele>1677</ele>
        <time>2026-05-12T23:21:33+00:00</time>
      </trkpt>
      <trkpt lat="47.41494" lon="12.50972">
        <ele>1683</ele>
        <time>2026-05-12T23:21:36+00:00</time>
      </trkpt>
      <trkpt lat="47.41489" lon="12.50972">
        <ele>1691</ele>
        <time>2026-05-12T23:21:39+00:00</time>
      </trkpt>
      <trkpt lat="47.41482" lon="12.50973">
        <ele>1691</ele>
        <time>2026-05-12T23:21:42+00:00</time>
      </trkpt>
      <trkpt lat="47.41473" lon="12.50978">
        <ele>1699</ele>
        <time>2026-05-12T23:21:45+00:00</time>
      </trkpt>
      <trkpt lat="47.41467" lon="12.50981">
        <ele>1704</ele>
        <time>2026-05-12T23:21:48+00:00</time>
      </trkpt>
      <trkpt lat="47.41459" lon="12.50986">
        <ele>1712</ele>
        <time>2026-05-12T23:21:51+00:00</time>
      </trkpt>
      <trkpt lat="47.41453" lon="12.50989">
        <ele>1712</ele>
        <time>2026-05-12T23:21:54+00:00</time>
      </trkpt>
      <trkpt lat="47.41446" lon="12.50994">
        <ele>1718</ele>
        <time>2026-05-12T23:21:57+00:00</time>
      </trkpt>
      <trkpt lat="47.41438" lon="12.50998">
        <ele>1726</ele>
        <time>2026-05-12T23:22:00+00:00</time>
      </trkpt>
      <trkpt lat="47.41431" lon="12.51002">
        <ele>1724</ele>
        <time>2026-05-12T23:22:03+00:00</time>
      </trkpt>
      <trkpt lat="47.41424" lon="12.51006">
        <ele>1732</ele>
        <time>2026-05-12T23:22:06+00:00</time>
      </trkpt>
      <trkpt lat="47.41417" lon="12.5101">
        <ele>1741</ele>
        <time>2026-05-12T23:22:09+00:00</time>
      </trkpt>
      <trkpt lat="47.41411" lon="12.51014">
        <ele>1737</ele>
        <time>2026-05-12T23:22:12+00:00</time>
      </trkpt>
      <trkpt lat="47.41404" lon="12.51017">
        <ele>1745</ele>
        <time>2026-05-12T23:22:15+00:00</time>
      </trkpt>
      <trkpt lat="47.41396" lon="12.51022">
        <ele>1750</ele>
        <time>2026-05-12T23:22:18+00:00</time>
      </trkpt>
      <trkpt lat="47.41389" lon="12.51026">
        <ele>1758</ele>
        <time>2026-05-12T23:22:21+00:00</time>
      </trkpt>
      <trkpt lat="47.41384" lon="12.51029">
        <ele>1758</ele>
        <time>2026-05-12T23:22:24+00:00</time>
      </trkpt>
      <trkpt lat="47.41376" lon="12.51033">
        <ele>1762</ele>
        <time>2026-05-12T23:22:27+00:00</time>
      </trkpt>
      <trkpt lat="47.4137" lon="12.51037">
        <ele>1762</ele>
        <time>2026-05-12T23:22:30+00:00</time>
      </trkpt>
      <trkpt lat="47.41364" lon="12.5104">
        <ele>1771</ele>
        <time>2026-05-12T23:22:33+00:00</time>
      </trkpt>
      <trkpt lat="47.41358" lon="12.51043">
        <ele>1773</ele>
        <time>2026-05-12T23:22:36+00:00</time>
      </trkpt>
      <trkpt lat="47.41352" lon="12.51047">
        <ele>1773</ele>
        <time>2026-05-12T23:22:39+00:00</time>
      </trkpt>
      <trkpt lat="47.41345" lon="12.51051">
        <ele>1773</ele>
        <time>2026-05-12T23:22:42+00:00</time>
      </trkpt>
      <trkpt lat="47.41338" lon="12.51055">
        <ele>1778</ele>
        <time>2026-05-12T23:22:45+00:00</time>
      </trkpt>
      <trkpt lat="47.41329" lon="12.5106">
        <ele>1769</ele>
        <time>2026-05-12T23:22:48+00:00</time>
      </trkpt>
      <trkpt lat="47.4133" lon="12.51077">
        <ele>1769</ele>
        <time>2026-05-12T23:22:51+00:00</time>
      </trkpt>
      <trkpt lat="47.41331" lon="12.51088">
        <ele>1765</ele>
        <time>2026-05-12T23:22:54+00:00</time>
      </trkpt>
      <trkpt lat="47.41332" lon="12.51096">
        <ele>1760</ele>
        <time>2026-05-12T23:22:57+00:00</time>
      </trkpt>
      <trkpt lat="47.41332" lon="12.51107">
        <ele>1756</ele>
        <time>2026-05-12T23:23:00+00:00</time>
      </trkpt>
      <trkpt lat="47.41333" lon="12.51116">
        <ele>1752</ele>
        <time>2026-05-12T23:23:03+00:00</time>
      </trkpt>
      <trkpt lat="47.41334" lon="12.51125">
        <ele>1747</ele>
        <time>2026-05-12T23:23:06+00:00</time>
      </trkpt>
      <trkpt lat="47.41334" lon="12.51134">
        <ele>1743</ele>
        <time>2026-05-12T23:23:09+00:00</time>
      </trkpt>
      <trkpt lat="47.41335" lon="12.51145">
        <ele>1739</ele>
        <time>2026-05-12T23:23:12+00:00</time>
      </trkpt>
      <trkpt lat="47.41336" lon="12.51154">
        <ele>1734</ele>
        <time>2026-05-12T23:23:15+00:00</time>
      </trkpt>
      <trkpt lat="47.41337" lon="12.51163">
        <ele>1730</ele>
        <time>2026-05-12T23:23:18+00:00</time>
      </trkpt>
      <trkpt lat="47.41337" lon="12.51172">
        <ele>1725</ele>
        <time>2026-05-12T23:23:21+00:00</time>
      </trkpt>
      <trkpt lat="47.41338" lon="12.51183">
        <ele>1721</ele>
        <time>2026-05-12T23:23:24+00:00</time>
      </trkpt>
      <trkpt lat="47.41339" lon="12.51192">
        <ele>1717</ele>
        <time>2026-05-12T23:23:27+00:00</time>
      </trkpt>
      <trkpt lat="47.4134" lon="12.51203">
        <ele>1712</ele>
        <time>2026-05-12T23:23:30+00:00</time>
      </trkpt>
      <trkpt lat="47.41341" lon="12.51214">
        <ele>1703</ele>
        <time>2026-05-12T23:23:33+00:00</time>
      </trkpt>
      <trkpt lat="47.41341" lon="12.51222">
        <ele>1700</ele>
        <time>2026-05-12T23:23:36+00:00</time>
      </trkpt>
      <trkpt lat="47.41342" lon="12.51232">
        <ele>1696</ele>
        <time>2026-05-12T23:23:39+00:00</time>
      </trkpt>
      <trkpt lat="47.41343" lon="12.51245">
        <ele>1692</ele>
        <time>2026-05-12T23:23:42+00:00</time>
      </trkpt>
      <trkpt lat="47.41339" lon="12.51264">
        <ele>1689</ele>
        <time>2026-05-12T23:23:45+00:00</time>
      </trkpt>
      <trkpt lat="47.41336" lon="12.51274">
        <ele>1685</ele>
        <time>2026-05-12T23:23:48+00:00</time>
      </trkpt>
      <trkpt lat="47.41333" lon="12.51287">
        <ele>1681</ele>
        <time>2026-05-12T23:23:51+00:00</time>
      </trkpt>
      <trkpt lat="47.41331" lon="12.51296">
        <ele>1678</ele>
        <time>2026-05-12T23:23:54+00:00</time>
      </trkpt>
      <trkpt lat="47.41328" lon="12.51309">
        <ele>1678</ele>
        <time>2026-05-12T23:23:57+00:00</time>
      </trkpt>
      <trkpt lat="47.41325" lon="12.5132">
        <ele>1671</ele>
        <time>2026-05-12T23:24:00+00:00</time>
      </trkpt>
      <trkpt lat="47.41322" lon="12.51333">
        <ele>1668</ele>
        <time>2026-05-12T23:24:03+00:00</time>
      </trkpt>
      <trkpt lat="47.4132" lon="12.51345">
        <ele>1669</ele>
        <time>2026-05-12T23:24:06+00:00</time>
      </trkpt>
      <trkpt lat="47.41316" lon="12.51359">
        <ele>1670</ele>
        <time>2026-05-12T23:24:09+00:00</time>
      </trkpt>
      <trkpt lat="47.4131" lon="12.51359">
        <ele>1670</ele>
        <time>2026-05-12T23:24:12+00:00</time>
      </trkpt>
      <trkpt lat="47.41301" lon="12.5136">
        <ele>1670</ele>
        <time>2026-05-12T23:24:15+00:00</time>
      </trkpt>
      <trkpt lat="47.41294" lon="12.5136">
        <ele>1672</ele>
        <time>2026-05-12T23:24:18+00:00</time>
      </trkpt>
      <trkpt lat="47.41288" lon="12.5136">
        <ele>1676</ele>
        <time>2026-05-12T23:24:21+00:00</time>
      </trkpt>
      <trkpt lat="47.41281" lon="12.51361">
        <ele>1676</ele>
        <time>2026-05-12T23:24:24+00:00</time>
      </trkpt>
      <trkpt lat="47.41277" lon="12.51365">
        <ele>1672</ele>
        <time>2026-05-12T23:24:27+00:00</time>
      </trkpt>
      <trkpt lat="47.41275" lon="12.51377">
        <ele>1676</ele>
        <time>2026-05-12T23:24:30+00:00</time>
      </trkpt>
      <trkpt lat="47.41271" lon="12.51385">
        <ele>1674</ele>
        <time>2026-05-12T23:24:33+00:00</time>
      </trkpt>
      <trkpt lat="47.41271" lon="12.51394">
        <ele>1672</ele>
        <time>2026-05-12T23:24:36+00:00</time>
      </trkpt>
      <trkpt lat="47.41269" lon="12.51401">
        <ele>1673</ele>
        <time>2026-05-12T23:24:39+00:00</time>
      </trkpt>
      <trkpt lat="47.41259" lon="12.51417">
        <ele>1674</ele>
        <time>2026-05-12T23:24:42+00:00</time>
      </trkpt>
      <trkpt lat="47.41255" lon="12.51417">
        <ele>1674</ele>
        <time>2026-05-12T23:24:45+00:00</time>
      </trkpt>
      <trkpt lat="47.41249" lon="12.51416">
        <ele>1678</ele>
        <time>2026-05-12T23:24:48+00:00</time>
      </trkpt>
      <trkpt lat="47.41235" lon="12.51422">
        <ele>1680</ele>
        <time>2026-05-12T23:24:51+00:00</time>
      </trkpt>
      <trkpt lat="47.41228" lon="12.51422">
        <ele>1684</ele>
        <time>2026-05-12T23:24:54+00:00</time>
      </trkpt>
      <trkpt lat="47.41222" lon="12.51425">
        <ele>1684</ele>
        <time>2026-05-12T23:24:57+00:00</time>
      </trkpt>
      <trkpt lat="47.41213" lon="12.51429">
        <ele>1686</ele>
        <time>2026-05-12T23:25:00+00:00</time>
      </trkpt>
      <trkpt lat="47.41208" lon="12.51442">
        <ele>1688</ele>
        <time>2026-05-12T23:25:03+00:00</time>
      </trkpt>
      <trkpt lat="47.41201" lon="12.51458">
        <ele>1688</ele>
        <time>2026-05-12T23:25:06+00:00</time>
      </trkpt>
      <trkpt lat="47.41198" lon="12.51473">
        <ele>1690</ele>
        <time>2026-05-12T23:25:09+00:00</time>
      </trkpt>
      <trkpt lat="47.41194" lon="12.51492">
        <ele>1689</ele>
        <time>2026-05-12T23:25:12+00:00</time>
      </trkpt>
      <trkpt lat="47.41188" lon="12.515">
        <ele>1692</ele>
        <time>2026-05-12T23:25:15+00:00</time>
      </trkpt>
      <trkpt lat="47.4118" lon="12.5151">
        <ele>1694</ele>
        <time>2026-05-12T23:25:18+00:00</time>
      </trkpt>
      <trkpt lat="47.41172" lon="12.5152">
        <ele>1693</ele>
        <time>2026-05-12T23:25:21+00:00</time>
      </trkpt>
      <trkpt lat="47.41164" lon="12.5152">
        <ele>1696</ele>
        <time>2026-05-12T23:25:24+00:00</time>
      </trkpt>
      <trkpt lat="47.41155" lon="12.51528">
        <ele>1699</ele>
        <time>2026-05-12T23:25:27+00:00</time>
      </trkpt>
      <trkpt lat="47.41142" lon="12.51538">
        <ele>1701</ele>
        <time>2026-05-12T23:25:30+00:00</time>
      </trkpt>
      <trkpt lat="47.41132" lon="12.51535">
        <ele>1703</ele>
        <time>2026-05-12T23:25:33+00:00</time>
      </trkpt>
      <trkpt lat="47.41122" lon="12.51532">
        <ele>1705</ele>
        <time>2026-05-12T23:25:36+00:00</time>
      </trkpt>
      <trkpt lat="47.41111" lon="12.51528">
        <ele>1707</ele>
        <time>2026-05-12T23:25:39+00:00</time>
      </trkpt>
      <trkpt lat="47.41099" lon="12.51534">
        <ele>1712</ele>
        <time>2026-05-12T23:25:42+00:00</time>
      </trkpt>
      <trkpt lat="47.41088" lon="12.51541">
        <ele>1714</ele>
        <time>2026-05-12T23:25:45+00:00</time>
      </trkpt>
      <trkpt lat="47.41078" lon="12.51548">
        <ele>1715</ele>
        <time>2026-05-12T23:25:48+00:00</time>
      </trkpt>
      <trkpt lat="47.41069" lon="12.51554">
        <ele>1717</ele>
        <time>2026-05-12T23:25:51+00:00</time>
      </trkpt>
      <trkpt lat="47.41059" lon="12.51561">
        <ele>1718</ele>
        <time>2026-05-12T23:25:54+00:00</time>
      </trkpt>
      <trkpt lat="47.41049" lon="12.51557">
        <ele>1720</ele>
        <time>2026-05-12T23:25:57+00:00</time>
      </trkpt>
      <trkpt lat="47.41039" lon="12.51553">
        <ele>1722</ele>
        <time>2026-05-12T23:26:00+00:00</time>
      </trkpt>
      <trkpt lat="47.41025" lon="12.51547">
        <ele>1723</ele>
        <time>2026-05-12T23:26:03+00:00</time>
      </trkpt>
      <trkpt lat="47.41019" lon="12.5154">
        <ele>1725</ele>
        <time>2026-05-12T23:26:06+00:00</time>
      </trkpt>
      <trkpt lat="47.41011" lon="12.51543">
        <ele>1725</ele>
        <time>2026-05-12T23:26:09+00:00</time>
      </trkpt>
      <trkpt lat="47.41" lon="12.51541">
        <ele>1727</ele>
        <time>2026-05-12T23:26:12+00:00</time>
      </trkpt>
      <trkpt lat="47.40997" lon="12.51546">
        <ele>1730</ele>
        <time>2026-05-12T23:26:15+00:00</time>
      </trkpt>
      <trkpt lat="47.40985" lon="12.51551">
        <ele>1732</ele>
        <time>2026-05-12T23:26:18+00:00</time>
      </trkpt>
      <trkpt lat="47.40972" lon="12.51554">
        <ele>1734</ele>
        <time>2026-05-12T23:26:21+00:00</time>
      </trkpt>
      <trkpt lat="47.40957" lon="12.51551">
        <ele>1739</ele>
        <time>2026-05-12T23:26:24+00:00</time>
      </trkpt>
      <trkpt lat="47.40947" lon="12.5155">
        <ele>1742</ele>
        <time>2026-05-12T23:26:27+00:00</time>
      </trkpt>
      <trkpt lat="47.40939" lon="12.51548">
        <ele>1745</ele>
        <time>2026-05-12T23:26:30+00:00</time>
      </trkpt>
      <trkpt lat="47.40927" lon="12.51547">
        <ele>1748</ele>
        <time>2026-05-12T23:26:33+00:00</time>
      </trkpt>
      <trkpt lat="47.40909" lon="12.51549">
        <ele>1754</ele>
        <time>2026-05-12T23:26:36+00:00</time>
      </trkpt>
      <trkpt lat="47.40895" lon="12.51547">
        <ele>1757</ele>
        <time>2026-05-12T23:26:39+00:00</time>
      </trkpt>
      <trkpt lat="47.40886" lon="12.51546">
        <ele>1760</ele>
        <time>2026-05-12T23:26:42+00:00</time>
      </trkpt>
      <trkpt lat="47.40881" lon="12.51548">
        <ele>1760</ele>
        <time>2026-05-12T23:26:45+00:00</time>
      </trkpt>
      <trkpt lat="47.40883" lon="12.51566">
        <ele>1760</ele>
        <time>2026-05-12T23:26:48+00:00</time>
      </trkpt>
      <trkpt lat="47.40885" lon="12.51584">
        <ele>1760</ele>
        <time>2026-05-12T23:26:51+00:00</time>
      </trkpt>
      <trkpt lat="47.40882" lon="12.51601">
        <ele>1759</ele>
        <time>2026-05-12T23:26:54+00:00</time>
      </trkpt>
      <trkpt lat="47.40894" lon="12.51614">
        <ele>1756</ele>
        <time>2026-05-12T23:26:57+00:00</time>
      </trkpt>
      <trkpt lat="47.40898" lon="12.51637">
        <ele>1756</ele>
        <time>2026-05-12T23:27:00+00:00</time>
      </trkpt>
      <trkpt lat="47.40901" lon="12.51661">
        <ele>1752</ele>
        <time>2026-05-12T23:27:03+00:00</time>
      </trkpt>
      <trkpt lat="47.40912" lon="12.51684">
        <ele>1749</ele>
        <time>2026-05-12T23:27:06+00:00</time>
      </trkpt>
      <trkpt lat="47.40921" lon="12.51695">
        <ele>1746</ele>
        <time>2026-05-12T23:27:09+00:00</time>
      </trkpt>
      <trkpt lat="47.40928" lon="12.51717">
        <ele>1748</ele>
        <time>2026-05-12T23:27:12+00:00</time>
      </trkpt>
      <trkpt lat="47.40938" lon="12.51729">
        <ele>1746</ele>
        <time>2026-05-12T23:27:15+00:00</time>
      </trkpt>
      <trkpt lat="47.40941" lon="12.51749">
        <ele>1745</ele>
        <time>2026-05-12T23:27:18+00:00</time>
      </trkpt>
      <trkpt lat="47.4095" lon="12.51754">
        <ele>1744</ele>
        <time>2026-05-12T23:27:21+00:00</time>
      </trkpt>
      <trkpt lat="47.40955" lon="12.51766">
        <ele>1745</ele>
        <time>2026-05-12T23:27:24+00:00</time>
      </trkpt>
      <trkpt lat="47.40954" lon="12.51777">
        <ele>1747</ele>
        <time>2026-05-12T23:27:27+00:00</time>
      </trkpt>
      <trkpt lat="47.40946" lon="12.51786">
        <ele>1751</ele>
        <time>2026-05-12T23:27:30+00:00</time>
      </trkpt>
      <trkpt lat="47.4094" lon="12.51784">
        <ele>1751</ele>
        <time>2026-05-12T23:27:33+00:00</time>
      </trkpt>
      <trkpt lat="47.40933" lon="12.51783">
        <ele>1753</ele>
        <time>2026-05-12T23:27:36+00:00</time>
      </trkpt>
      <trkpt lat="47.40927" lon="12.51781">
        <ele>1755</ele>
        <time>2026-05-12T23:27:39+00:00</time>
      </trkpt>
      <trkpt lat="47.40923" lon="12.51787">
        <ele>1755</ele>
        <time>2026-05-12T23:27:42+00:00</time>
      </trkpt>
      <trkpt lat="47.40919" lon="12.51793">
        <ele>1759</ele>
        <time>2026-05-12T23:27:45+00:00</time>
      </trkpt>
      <trkpt lat="47.40915" lon="12.51799">
        <ele>1759</ele>
        <time>2026-05-12T23:27:48+00:00</time>
      </trkpt>
      <trkpt lat="47.40914" lon="12.51809">
        <ele>1760</ele>
        <time>2026-05-12T23:27:51+00:00</time>
      </trkpt>
      <trkpt lat="47.40914" lon="12.51818">
        <ele>1762</ele>
        <time>2026-05-12T23:27:54+00:00</time>
      </trkpt>
      <trkpt lat="47.4092" lon="12.51827">
        <ele>1763</ele>
        <time>2026-05-12T23:27:57+00:00</time>
      </trkpt>
      <trkpt lat="47.40927" lon="12.51837">
        <ele>1763</ele>
        <time>2026-05-12T23:28:00+00:00</time>
      </trkpt>
      <trkpt lat="47.40933" lon="12.51851">
        <ele>1764</ele>
        <time>2026-05-12T23:28:03+00:00</time>
      </trkpt>
      <trkpt lat="47.40938" lon="12.51863">
        <ele>1765</ele>
        <time>2026-05-12T23:28:06+00:00</time>
      </trkpt>
      <trkpt lat="47.40942" lon="12.51873">
        <ele>1766</ele>
        <time>2026-05-12T23:28:09+00:00</time>
      </trkpt>
      <trkpt lat="47.40945" lon="12.51879">
        <ele>1766</ele>
        <time>2026-05-12T23:28:12+00:00</time>
      </trkpt>
      <trkpt lat="47.4095" lon="12.5189">
        <ele>1768</ele>
        <time>2026-05-12T23:28:15+00:00</time>
      </trkpt>
      <trkpt lat="47.40952" lon="12.51904">
        <ele>1769</ele>
        <time>2026-05-12T23:28:18+00:00</time>
      </trkpt>
      <trkpt lat="47.40953" lon="12.51916">
        <ele>1771</ele>
        <time>2026-05-12T23:28:21+00:00</time>
      </trkpt>
      <trkpt lat="47.40954" lon="12.51928">
        <ele>1772</ele>
        <time>2026-05-12T23:28:24+00:00</time>
      </trkpt>
      <trkpt lat="47.40955" lon="12.51939">
        <ele>1774</ele>
        <time>2026-05-12T23:28:27+00:00</time>
      </trkpt>
      <trkpt lat="47.40956" lon="12.51946">
        <ele>1776</ele>
        <time>2026-05-12T23:28:30+00:00</time>
      </trkpt>
      <trkpt lat="47.40952" lon="12.51957">
        <ele>1777</ele>
        <time>2026-05-12T23:28:33+00:00</time>
      </trkpt>
      <trkpt lat="47.40948" lon="12.51966">
        <ele>1779</ele>
        <time>2026-05-12T23:28:36+00:00</time>
      </trkpt>
      <trkpt lat="47.40944" lon="12.51977">
        <ele>1780</ele>
        <time>2026-05-12T23:28:39+00:00</time>
      </trkpt>
      <trkpt lat="47.40946" lon="12.51989">
        <ele>1781</ele>
        <time>2026-05-12T23:28:42+00:00</time>
      </trkpt>
      <trkpt lat="47.40948" lon="12.51998">
        <ele>1782</ele>
        <time>2026-05-12T23:28:45+00:00</time>
      </trkpt>
      <trkpt lat="47.40948" lon="12.52009">
        <ele>1782</ele>
        <time>2026-05-12T23:28:48+00:00</time>
      </trkpt>
      <trkpt lat="47.40953" lon="12.5202">
        <ele>1783</ele>
        <time>2026-05-12T23:28:51+00:00</time>
      </trkpt>
      <trkpt lat="47.40957" lon="12.52028">
        <ele>1784</ele>
        <time>2026-05-12T23:28:54+00:00</time>
      </trkpt>
      <trkpt lat="47.40959" lon="12.52034">
        <ele>1785</ele>
        <time>2026-05-12T23:28:57+00:00</time>
      </trkpt>
      <trkpt lat="47.40964" lon="12.52043">
        <ele>1785</ele>
        <time>2026-05-12T23:29:00+00:00</time>
      </trkpt>
      <trkpt lat="47.40967" lon="12.52051">
        <ele>1785</ele>
        <time>2026-05-12T23:29:03+00:00</time>
      </trkpt>
      <trkpt lat="47.40973" lon="12.52057">
        <ele>1786</ele>
        <time>2026-05-12T23:29:06+00:00</time>
      </trkpt>
      <trkpt lat="47.40979" lon="12.52062">
        <ele>1786</ele>
        <time>2026-05-12T23:29:09+00:00</time>
      </trkpt>
      <trkpt lat="47.40982" lon="12.52066">
        <ele>1787</ele>
        <time>2026-05-12T23:29:12+00:00</time>
      </trkpt>
      <trkpt lat="47.40987" lon="12.52071">
        <ele>1787</ele>
        <time>2026-05-12T23:29:15+00:00</time>
      </trkpt>
      <trkpt lat="47.40991" lon="12.5208">
        <ele>1788</ele>
        <time>2026-05-12T23:29:18+00:00</time>
      </trkpt>
      <trkpt lat="47.40996" lon="12.52089">
        <ele>1789</ele>
        <time>2026-05-12T23:29:21+00:00</time>
      </trkpt>
      <trkpt lat="47.41004" lon="12.52092">
        <ele>1791</ele>
        <time>2026-05-12T23:29:24+00:00</time>
      </trkpt>
      <trkpt lat="47.41011" lon="12.52094">
        <ele>1792</ele>
        <time>2026-05-12T23:29:27+00:00</time>
      </trkpt>
      <trkpt lat="47.41016" lon="12.52095">
        <ele>1792</ele>
        <time>2026-05-12T23:29:30+00:00</time>
      </trkpt>
      <trkpt lat="47.41023" lon="12.52098">
        <ele>1794</ele>
        <time>2026-05-12T23:29:33+00:00</time>
      </trkpt>
      <trkpt lat="47.4103" lon="12.52104">
        <ele>1798</ele>
        <time>2026-05-12T23:29:36+00:00</time>
      </trkpt>
      <trkpt lat="47.41037" lon="12.52111">
        <ele>1799</ele>
        <time>2026-05-12T23:29:39+00:00</time>
      </trkpt>
      <trkpt lat="47.41041" lon="12.52115">
        <ele>1802</ele>
        <time>2026-05-12T23:29:42+00:00</time>
      </trkpt>
      <trkpt lat="47.41048" lon="12.52122">
        <ele>1803</ele>
        <time>2026-05-12T23:29:45+00:00</time>
      </trkpt>
      <trkpt lat="47.41054" lon="12.52127">
        <ele>1806</ele>
        <time>2026-05-12T23:29:48+00:00</time>
      </trkpt>
      <trkpt lat="47.41059" lon="12.52125">
        <ele>1806</ele>
        <time>2026-05-12T23:29:51+00:00</time>
      </trkpt>
      <trkpt lat="47.41067" lon="12.5213">
        <ele>1810</ele>
        <time>2026-05-12T23:29:54+00:00</time>
      </trkpt>
      <trkpt lat="47.41073" lon="12.52127">
        <ele>1812</ele>
        <time>2026-05-12T23:29:57+00:00</time>
      </trkpt>
      <trkpt lat="47.41078" lon="12.52126">
        <ele>1812</ele>
        <time>2026-05-12T23:30:00+00:00</time>
      </trkpt>
      <trkpt lat="47.41082" lon="12.52124">
        <ele>1815</ele>
        <time>2026-05-12T23:30:03+00:00</time>
      </trkpt>
      <trkpt lat="47.41084" lon="12.52131">
        <ele>1817</ele>
        <time>2026-05-12T23:30:06+00:00</time>
      </trkpt>
      <trkpt lat="47.41089" lon="12.52136">
        <ele>1817</ele>
        <time>2026-05-12T23:30:09+00:00</time>
      </trkpt>
      <trkpt lat="47.41091" lon="12.52143">
        <ele>1822</ele>
        <time>2026-05-12T23:30:12+00:00</time>
      </trkpt>
      <trkpt lat="47.41096" lon="12.52137">
        <ele>1820</ele>
        <time>2026-05-12T23:30:15+00:00</time>
      </trkpt>
      <trkpt lat="47.41104" lon="12.52141">
        <ele>1826</ele>
        <time>2026-05-12T23:30:18+00:00</time>
      </trkpt>
      <trkpt lat="47.41112" lon="12.52136">
        <ele>1828</ele>
        <time>2026-05-12T23:30:21+00:00</time>
      </trkpt>
      <trkpt lat="47.41115" lon="12.52133">
        <ele>1828</ele>
        <time>2026-05-12T23:30:24+00:00</time>
      </trkpt>
      <trkpt lat="47.41119" lon="12.5213">
        <ele>1828</ele>
        <time>2026-05-12T23:30:27+00:00</time>
      </trkpt>
      <trkpt lat="47.41124" lon="12.52127">
        <ele>1830</ele>
        <time>2026-05-12T23:30:30+00:00</time>
      </trkpt>
      <trkpt lat="47.4113" lon="12.52123">
        <ele>1830</ele>
        <time>2026-05-12T23:30:33+00:00</time>
      </trkpt>
      <trkpt lat="47.41134" lon="12.5212">
        <ele>1833</ele>
        <time>2026-05-12T23:30:36+00:00</time>
      </trkpt>
      <trkpt lat="47.41139" lon="12.5212">
        <ele>1833</ele>
        <time>2026-05-12T23:30:39+00:00</time>
      </trkpt>
      <trkpt lat="47.41145" lon="12.52121">
        <ele>1837</ele>
        <time>2026-05-12T23:30:42+00:00</time>
      </trkpt>
      <trkpt lat="47.41148" lon="12.52115">
        <ele>1831</ele>
        <time>2026-05-12T23:30:45+00:00</time>
      </trkpt>
      <trkpt lat="47.41152" lon="12.52108">
        <ele>1835</ele>
        <time>2026-05-12T23:30:48+00:00</time>
      </trkpt>
      <trkpt lat="47.41156" lon="12.52102">
        <ele>1835</ele>
        <time>2026-05-12T23:30:51+00:00</time>
      </trkpt>
      <trkpt lat="47.41159" lon="12.52096">
        <ele>1831</ele>
        <time>2026-05-12T23:30:54+00:00</time>
      </trkpt>
      <trkpt lat="47.41166" lon="12.52094">
        <ele>1833</ele>
        <time>2026-05-12T23:30:57+00:00</time>
      </trkpt>
      <trkpt lat="47.41164" lon="12.52103">
        <ele>1837</ele>
        <time>2026-05-12T23:31:00+00:00</time>
      </trkpt>
      <trkpt lat="47.41173" lon="12.52099">
        <ele>1836</ele>
        <time>2026-05-12T23:31:03+00:00</time>
      </trkpt>
      <trkpt lat="47.41175" lon="12.52106">
        <ele>1840</ele>
        <time>2026-05-12T23:31:06+00:00</time>
      </trkpt>
      <trkpt lat="47.41181" lon="12.52105">
        <ele>1842</ele>
        <time>2026-05-12T23:31:09+00:00</time>
      </trkpt>
      <trkpt lat="47.41181" lon="12.5211">
        <ele>1845</ele>
        <time>2026-05-12T23:31:12+00:00</time>
      </trkpt>
      <trkpt lat="47.41187" lon="12.5211">
        <ele>1845</ele>
        <time>2026-05-12T23:31:15+00:00</time>
      </trkpt>
      <trkpt lat="47.41191" lon="12.5211">
        <ele>1843</ele>
        <time>2026-05-12T23:31:18+00:00</time>
      </trkpt>
      <trkpt lat="47.41197" lon="12.52108">
        <ele>1844</ele>
        <time>2026-05-12T23:31:21+00:00</time>
      </trkpt>
      <trkpt lat="47.41203" lon="12.52106">
        <ele>1846</ele>
        <time>2026-05-12T23:31:24+00:00</time>
      </trkpt>
      <trkpt lat="47.41209" lon="12.52103">
        <ele>1846</ele>
        <time>2026-05-12T23:31:27+00:00</time>
      </trkpt>
      <trkpt lat="47.41216" lon="12.521">
        <ele>1848</ele>
        <time>2026-05-12T23:31:30+00:00</time>
      </trkpt>
      <trkpt lat="47.41225" lon="12.52099">
        <ele>1846</ele>
        <time>2026-05-12T23:31:33+00:00</time>
      </trkpt>
      <trkpt lat="47.41235" lon="12.52101">
        <ele>1851</ele>
        <time>2026-05-12T23:31:36+00:00</time>
      </trkpt>
      <trkpt lat="47.41239" lon="12.52101">
        <ele>1851</ele>
        <time>2026-05-12T23:31:39+00:00</time>
      </trkpt>
      <trkpt lat="47.41245" lon="12.52103">
        <ele>1852</ele>
        <time>2026-05-12T23:31:42+00:00</time>
      </trkpt>
      <trkpt lat="47.41254" lon="12.52105">
        <ele>1852</ele>
        <time>2026-05-12T23:31:45+00:00</time>
      </trkpt>
      <trkpt lat="47.4126" lon="12.52106">
        <ele>1852</ele>
        <time>2026-05-12T23:31:48+00:00</time>
      </trkpt>
      <trkpt lat="47.41265" lon="12.52107">
        <ele>1853</ele>
        <time>2026-05-12T23:31:51+00:00</time>
      </trkpt>
      <trkpt lat="47.41268" lon="12.52104">
        <ele>1853</ele>
        <time>2026-05-12T23:31:54+00:00</time>
      </trkpt>
      <trkpt lat="47.41271" lon="12.52101">
        <ele>1848</ele>
        <time>2026-05-12T23:31:57+00:00</time>
      </trkpt>
      <trkpt lat="47.41276" lon="12.52096">
        <ele>1849</ele>
        <time>2026-05-12T23:32:00+00:00</time>
      </trkpt>
      <trkpt lat="47.41279" lon="12.52091">
        <ele>1849</ele>
        <time>2026-05-12T23:32:03+00:00</time>
      </trkpt>
      <trkpt lat="47.41283" lon="12.52085">
        <ele>1844</ele>
        <time>2026-05-12T23:32:06+00:00</time>
      </trkpt>
      <trkpt lat="47.41288" lon="12.52084">
        <ele>1844</ele>
        <time>2026-05-12T23:32:09+00:00</time>
      </trkpt>
      <trkpt lat="47.41292" lon="12.52082">
        <ele>1844</ele>
        <time>2026-05-12T23:32:12+00:00</time>
      </trkpt>
      <trkpt lat="47.41297" lon="12.52081">
        <ele>1844</ele>
        <time>2026-05-12T23:32:15+00:00</time>
      </trkpt>
      <trkpt lat="47.41302" lon="12.52086">
        <ele>1842</ele>
        <time>2026-05-12T23:32:18+00:00</time>
      </trkpt>
      <trkpt lat="47.41306" lon="12.5209">
        <ele>1846</ele>
        <time>2026-05-12T23:32:21+00:00</time>
      </trkpt>
      <trkpt lat="47.4131" lon="12.52094">
        <ele>1847</ele>
        <time>2026-05-12T23:32:24+00:00</time>
      </trkpt>
      <trkpt lat="47.41314" lon="12.52097">
        <ele>1845</ele>
        <time>2026-05-12T23:32:27+00:00</time>
      </trkpt>
      <trkpt lat="47.41318" lon="12.52101">
        <ele>1850</ele>
        <time>2026-05-12T23:32:30+00:00</time>
      </trkpt>
      <trkpt lat="47.41322" lon="12.52105">
        <ele>1849</ele>
        <time>2026-05-12T23:32:33+00:00</time>
      </trkpt>
      <trkpt lat="47.41326" lon="12.52109">
        <ele>1849</ele>
        <time>2026-05-12T23:32:36+00:00</time>
      </trkpt>
      <trkpt lat="47.4133" lon="12.52113">
        <ele>1851</ele>
        <time>2026-05-12T23:32:39+00:00</time>
      </trkpt>
      <trkpt lat="47.41335" lon="12.52118">
        <ele>1851</ele>
        <time>2026-05-12T23:32:42+00:00</time>
      </trkpt>
      <trkpt lat="47.41339" lon="12.52122">
        <ele>1855</ele>
        <time>2026-05-12T23:32:45+00:00</time>
      </trkpt>
      <trkpt lat="47.41344" lon="12.52127">
        <ele>1853</ele>
        <time>2026-05-12T23:32:48+00:00</time>
      </trkpt>
      <trkpt lat="47.41348" lon="12.52131">
        <ele>1857</ele>
        <time>2026-05-12T23:32:51+00:00</time>
      </trkpt>
      <trkpt lat="47.41353" lon="12.52134">
        <ele>1856</ele>
        <time>2026-05-12T23:32:54+00:00</time>
      </trkpt>
      <trkpt lat="47.41358" lon="12.52137">
        <ele>1854</ele>
        <time>2026-05-12T23:32:57+00:00</time>
      </trkpt>
      <trkpt lat="47.41363" lon="12.5214">
        <ele>1853</ele>
        <time>2026-05-12T23:33:00+00:00</time>
      </trkpt>
      <trkpt lat="47.41368" lon="12.52143">
        <ele>1857</ele>
        <time>2026-05-12T23:33:03+00:00</time>
      </trkpt>
      <trkpt lat="47.41374" lon="12.52146">
        <ele>1853</ele>
        <time>2026-05-12T23:33:06+00:00</time>
      </trkpt>
      <trkpt lat="47.41378" lon="12.52149">
        <ele>1853</ele>
        <time>2026-05-12T23:33:09+00:00</time>
      </trkpt>
      <trkpt lat="47.41384" lon="12.52152">
        <ele>1853</ele>
        <time>2026-05-12T23:33:12+00:00</time>
      </trkpt>
      <trkpt lat="47.41389" lon="12.52155">
        <ele>1853</ele>
        <time>2026-05-12T23:33:15+00:00</time>
      </trkpt>
      <trkpt lat="47.41394" lon="12.52158">
        <ele>1849</ele>
        <time>2026-05-12T23:33:18+00:00</time>
      </trkpt>
      <trkpt lat="47.41399" lon="12.52167">
        <ele>1853</ele>
        <time>2026-05-12T23:33:21+00:00</time>
      </trkpt>
      <trkpt lat="47.41403" lon="12.52175">
        <ele>1853</ele>
        <time>2026-05-12T23:33:24+00:00</time>
      </trkpt>
      <trkpt lat="47.41407" lon="12.52181">
        <ele>1855</ele>
        <time>2026-05-12T23:33:27+00:00</time>
      </trkpt>
      <trkpt lat="47.4141" lon="12.52188">
        <ele>1852</ele>
        <time>2026-05-12T23:33:30+00:00</time>
      </trkpt>
      <trkpt lat="47.41415" lon="12.52196">
        <ele>1854</ele>
        <time>2026-05-12T23:33:33+00:00</time>
      </trkpt>
      <trkpt lat="47.41419" lon="12.52204">
        <ele>1857</ele>
        <time>2026-05-12T23:33:36+00:00</time>
      </trkpt>
      <trkpt lat="47.41423" lon="12.52211">
        <ele>1857</ele>
        <time>2026-05-12T23:33:39+00:00</time>
      </trkpt>
      <trkpt lat="47.41428" lon="12.5222">
        <ele>1853</ele>
        <time>2026-05-12T23:33:42+00:00</time>
      </trkpt>
      <trkpt lat="47.41436" lon="12.52222">
        <ele>1858</ele>
        <time>2026-05-12T23:33:45+00:00</time>
      </trkpt>
      <trkpt lat="47.41441" lon="12.52223">
        <ele>1855</ele>
        <time>2026-05-12T23:33:48+00:00</time>
      </trkpt>
      <trkpt lat="47.41445" lon="12.52224">
        <ele>1855</ele>
        <time>2026-05-12T23:33:51+00:00</time>
      </trkpt>
      <trkpt lat="47.41452" lon="12.52226">
        <ele>1854</ele>
        <time>2026-05-12T23:33:54+00:00</time>
      </trkpt>
      <trkpt lat="47.41456" lon="12.52228">
        <ele>1852</ele>
        <time>2026-05-12T23:33:57+00:00</time>
      </trkpt>
      <trkpt lat="47.41461" lon="12.52237">
        <ele>1853</ele>
        <time>2026-05-12T23:34:00+00:00</time>
      </trkpt>
      <trkpt lat="47.41465" lon="12.52244">
        <ele>1855</ele>
        <time>2026-05-12T23:34:03+00:00</time>
      </trkpt>
      <trkpt lat="47.41468" lon="12.5225">
        <ele>1857</ele>
        <time>2026-05-12T23:34:06+00:00</time>
      </trkpt>
      <trkpt lat="47.41467" lon="12.52259">
        <ele>1857</ele>
        <time>2026-05-12T23:34:09+00:00</time>
      </trkpt>
      <trkpt lat="47.41468" lon="12.52273">
        <ele>1860</ele>
        <time>2026-05-12T23:34:12+00:00</time>
      </trkpt>
      <trkpt lat="47.41473" lon="12.52285">
        <ele>1860</ele>
        <time>2026-05-12T23:34:15+00:00</time>
      </trkpt>
      <trkpt lat="47.41477" lon="12.52292">
        <ele>1862</ele>
        <time>2026-05-12T23:34:18+00:00</time>
      </trkpt>
      <trkpt lat="47.41481" lon="12.523">
        <ele>1863</ele>
        <time>2026-05-12T23:34:21+00:00</time>
      </trkpt>
      <trkpt lat="47.41484" lon="12.52307">
        <ele>1863</ele>
        <time>2026-05-12T23:34:24+00:00</time>
      </trkpt>
      <trkpt lat="47.41488" lon="12.52316">
        <ele>1864</ele>
        <time>2026-05-12T23:34:27+00:00</time>
      </trkpt>
      <trkpt lat="47.41495" lon="12.52328">
        <ele>1863</ele>
        <time>2026-05-12T23:34:30+00:00</time>
      </trkpt>
      <trkpt lat="47.41502" lon="12.52331">
        <ele>1864</ele>
        <time>2026-05-12T23:34:33+00:00</time>
      </trkpt>
      <trkpt lat="47.41508" lon="12.52334">
        <ele>1864</ele>
        <time>2026-05-12T23:34:36+00:00</time>
      </trkpt>
      <trkpt lat="47.41513" lon="12.52342">
        <ele>1863</ele>
        <time>2026-05-12T23:34:39+00:00</time>
      </trkpt>
      <trkpt lat="47.41517" lon="12.52348">
        <ele>1863</ele>
        <time>2026-05-12T23:34:42+00:00</time>
      </trkpt>
      <trkpt lat="47.4152" lon="12.52354">
        <ele>1863</ele>
        <time>2026-05-12T23:34:45+00:00</time>
      </trkpt>
      <trkpt lat="47.41524" lon="12.52358">
        <ele>1863</ele>
        <time>2026-05-12T23:34:48+00:00</time>
      </trkpt>
      <trkpt lat="47.4153" lon="12.52363">
        <ele>1863</ele>
        <time>2026-05-12T23:34:51+00:00</time>
      </trkpt>
      <trkpt lat="47.41536" lon="12.52367">
        <ele>1863</ele>
        <time>2026-05-12T23:34:54+00:00</time>
      </trkpt>
      <trkpt lat="47.41541" lon="12.52372">
        <ele>1863</ele>
        <time>2026-05-12T23:34:57+00:00</time>
      </trkpt>
      <trkpt lat="47.41545" lon="12.52374">
        <ele>1863</ele>
        <time>2026-05-12T23:35:00+00:00</time>
      </trkpt>
      <trkpt lat="47.41551" lon="12.52377">
        <ele>1862</ele>
        <time>2026-05-12T23:35:03+00:00</time>
      </trkpt>
      <trkpt lat="47.41558" lon="12.52381">
        <ele>1863</ele>
        <time>2026-05-12T23:35:06+00:00</time>
      </trkpt>
      <trkpt lat="47.41563" lon="12.52384">
        <ele>1862</ele>
        <time>2026-05-12T23:35:09+00:00</time>
      </trkpt>
      <trkpt lat="47.4157" lon="12.52383">
        <ele>1862</ele>
        <time>2026-05-12T23:35:12+00:00</time>
      </trkpt>
      <trkpt lat="47.41574" lon="12.52383">
        <ele>1860</ele>
        <time>2026-05-12T23:35:15+00:00</time>
      </trkpt>
      <trkpt lat="47.4158" lon="12.52383">
        <ele>1857</ele>
        <time>2026-05-12T23:35:18+00:00</time>
      </trkpt>
      <trkpt lat="47.41586" lon="12.52382">
        <ele>1857</ele>
        <time>2026-05-12T23:35:21+00:00</time>
      </trkpt>
      <trkpt lat="47.41592" lon="12.52382">
        <ele>1855</ele>
        <time>2026-05-12T23:35:24+00:00</time>
      </trkpt>
      <trkpt lat="47.41599" lon="12.52381">
        <ele>1855</ele>
        <time>2026-05-12T23:35:27+00:00</time>
      </trkpt>
      <trkpt lat="47.41608" lon="12.52381">
        <ele>1853</ele>
        <time>2026-05-12T23:35:30+00:00</time>
      </trkpt>
      <trkpt lat="47.41617" lon="12.5238">
        <ele>1851</ele>
        <time>2026-05-12T23:35:33+00:00</time>
      </trkpt>
      <trkpt lat="47.41624" lon="12.52384">
        <ele>1848</ele>
        <time>2026-05-12T23:35:36+00:00</time>
      </trkpt>
      <trkpt lat="47.4163" lon="12.52386">
        <ele>1848</ele>
        <time>2026-05-12T23:35:39+00:00</time>
      </trkpt>
      <trkpt lat="47.41636" lon="12.52389">
        <ele>1850</ele>
        <time>2026-05-12T23:35:42+00:00</time>
      </trkpt>
      <trkpt lat="47.41642" lon="12.52397">
        <ele>1848</ele>
        <time>2026-05-12T23:35:45+00:00</time>
      </trkpt>
      <trkpt lat="47.41647" lon="12.52404">
        <ele>1851</ele>
        <time>2026-05-12T23:35:48+00:00</time>
      </trkpt>
      <trkpt lat="47.4165" lon="12.52409">
        <ele>1850</ele>
        <time>2026-05-12T23:35:51+00:00</time>
      </trkpt>
      <trkpt lat="47.41653" lon="12.52414">
        <ele>1853</ele>
        <time>2026-05-12T23:35:54+00:00</time>
      </trkpt>
      <trkpt lat="47.41657" lon="12.5242">
        <ele>1857</ele>
        <time>2026-05-12T23:35:57+00:00</time>
      </trkpt>
      <trkpt lat="47.41661" lon="12.52426">
        <ele>1855</ele>
        <time>2026-05-12T23:36:00+00:00</time>
      </trkpt>
      <trkpt lat="47.41668" lon="12.5243">
        <ele>1859</ele>
        <time>2026-05-12T23:36:03+00:00</time>
      </trkpt>
      <trkpt lat="47.41674" lon="12.52434">
        <ele>1857</ele>
        <time>2026-05-12T23:36:06+00:00</time>
      </trkpt>
      <trkpt lat="47.4168" lon="12.52438">
        <ele>1855</ele>
        <time>2026-05-12T23:36:09+00:00</time>
      </trkpt>
      <trkpt lat="47.41684" lon="12.52445">
        <ele>1859</ele>
        <time>2026-05-12T23:36:12+00:00</time>
      </trkpt>
      <trkpt lat="47.41688" lon="12.5245">
        <ele>1859</ele>
        <time>2026-05-12T23:36:15+00:00</time>
      </trkpt>
      <trkpt lat="47.41692" lon="12.52457">
        <ele>1861</ele>
        <time>2026-05-12T23:36:18+00:00</time>
      </trkpt>
      <trkpt lat="47.41695" lon="12.52461">
        <ele>1865</ele>
        <time>2026-05-12T23:36:21+00:00</time>
      </trkpt>
      <trkpt lat="47.41703" lon="12.52458">
        <ele>1859</ele>
        <time>2026-05-12T23:36:24+00:00</time>
      </trkpt>
      <trkpt lat="47.4171" lon="12.52456">
        <ele>1860</ele>
        <time>2026-05-12T23:36:27+00:00</time>
      </trkpt>
      <trkpt lat="47.41716" lon="12.52453">
        <ele>1859</ele>
        <time>2026-05-12T23:36:30+00:00</time>
      </trkpt>
      <trkpt lat="47.41722" lon="12.52456">
        <ele>1859</ele>
        <time>2026-05-12T23:36:33+00:00</time>
      </trkpt>
      <trkpt lat="47.41729" lon="12.52459">
        <ele>1859</ele>
        <time>2026-05-12T23:36:36+00:00</time>
      </trkpt>
      <trkpt lat="47.41735" lon="12.52462">
        <ele>1863</ele>
        <time>2026-05-12T23:36:39+00:00</time>
      </trkpt>
      <trkpt lat="47.41739" lon="12.52467">
        <ele>1863</ele>
        <time>2026-05-12T23:36:42+00:00</time>
      </trkpt>
      <trkpt lat="47.41743" lon="12.52471">
        <ele>1867</ele>
        <time>2026-05-12T23:36:45+00:00</time>
      </trkpt>
      <trkpt lat="47.41747" lon="12.52475">
        <ele>1867</ele>
        <time>2026-05-12T23:36:48+00:00</time>
      </trkpt>
      <trkpt lat="47.41754" lon="12.52474">
        <ele>1866</ele>
        <time>2026-05-12T23:36:51+00:00</time>
      </trkpt>
      <trkpt lat="47.41759" lon="12.52474">
        <ele>1863</ele>
        <time>2026-05-12T23:36:54+00:00</time>
      </trkpt>
      <trkpt lat="47.41765" lon="12.52472">
        <ele>1866</ele>
        <time>2026-05-12T23:36:57+00:00</time>
      </trkpt>
      <trkpt lat="47.4177" lon="12.52472">
        <ele>1866</ele>
        <time>2026-05-12T23:37:00+00:00</time>
      </trkpt>
      <trkpt lat="47.41774" lon="12.5247">
        <ele>1862</ele>
        <time>2026-05-12T23:37:03+00:00</time>
      </trkpt>
      <trkpt lat="47.4178" lon="12.52467">
        <ele>1864</ele>
        <time>2026-05-12T23:37:06+00:00</time>
      </trkpt>
      <trkpt lat="47.41785" lon="12.52466">
        <ele>1864</ele>
        <time>2026-05-12T23:37:09+00:00</time>
      </trkpt>
      <trkpt lat="47.41789" lon="12.52466">
        <ele>1864</ele>
        <time>2026-05-12T23:37:12+00:00</time>
      </trkpt>
      <trkpt lat="47.41794" lon="12.52465">
        <ele>1866</ele>
        <time>2026-05-12T23:37:15+00:00</time>
      </trkpt>
      <trkpt lat="47.41798" lon="12.52464">
        <ele>1866</ele>
        <time>2026-05-12T23:37:18+00:00</time>
      </trkpt>
      <trkpt lat="47.41802" lon="12.52465">
        <ele>1868</ele>
        <time>2026-05-12T23:37:21+00:00</time>
      </trkpt>
      <trkpt lat="47.41807" lon="12.52466">
        <ele>1868</ele>
        <time>2026-05-12T23:37:24+00:00</time>
      </trkpt>
      <trkpt lat="47.41814" lon="12.52467">
        <ele>1870</ele>
        <time>2026-05-12T23:37:27+00:00</time>
      </trkpt>
      <trkpt lat="47.41817" lon="12.52464">
        <ele>1870</ele>
        <time>2026-05-12T23:37:30+00:00</time>
      </trkpt>
      <trkpt lat="47.41821" lon="12.52461">
        <ele>1869</ele>
        <time>2026-05-12T23:37:33+00:00</time>
      </trkpt>
      <trkpt lat="47.41826" lon="12.52457">
        <ele>1867</ele>
        <time>2026-05-12T23:37:36+00:00</time>
      </trkpt>
      <trkpt lat="47.41831" lon="12.52453">
        <ele>1869</ele>
        <time>2026-05-12T23:37:39+00:00</time>
      </trkpt>
      <trkpt lat="47.41836" lon="12.52452">
        <ele>1869</ele>
        <time>2026-05-12T23:37:42+00:00</time>
      </trkpt>
      <trkpt lat="47.41841" lon="12.52452">
        <ele>1871</ele>
        <time>2026-05-12T23:37:45+00:00</time>
      </trkpt>
      <trkpt lat="47.41845" lon="12.52452">
        <ele>1871</ele>
        <time>2026-05-12T23:37:48+00:00</time>
      </trkpt>
      <trkpt lat="47.4185" lon="12.52449">
        <ele>1867</ele>
        <time>2026-05-12T23:37:51+00:00</time>
      </trkpt>
      <trkpt lat="47.41856" lon="12.52446">
        <ele>1869</ele>
        <time>2026-05-12T23:37:54+00:00</time>
      </trkpt>
      <trkpt lat="47.41862" lon="12.52443">
        <ele>1871</ele>
        <time>2026-05-12T23:37:57+00:00</time>
      </trkpt>
      <trkpt lat="47.41866" lon="12.52441">
        <ele>1871</ele>
        <time>2026-05-12T23:38:00+00:00</time>
      </trkpt>
      <trkpt lat="47.41872" lon="12.52437">
        <ele>1869</ele>
        <time>2026-05-12T23:38:03+00:00</time>
      </trkpt>
      <trkpt lat="47.41877" lon="12.52435">
        <ele>1869</ele>
        <time>2026-05-12T23:38:06+00:00</time>
      </trkpt>
      <trkpt lat="47.41882" lon="12.52432">
        <ele>1871</ele>
        <time>2026-05-12T23:38:09+00:00</time>
      </trkpt>
      <trkpt lat="47.41888" lon="12.52429">
        <ele>1866</ele>
        <time>2026-05-12T23:38:12+00:00</time>
      </trkpt>
      <trkpt lat="47.41892" lon="12.52425">
        <ele>1869</ele>
        <time>2026-05-12T23:38:15+00:00</time>
      </trkpt>
      <trkpt lat="47.41897" lon="12.5242">
        <ele>1869</ele>
        <time>2026-05-12T23:38:18+00:00</time>
      </trkpt>
      <trkpt lat="47.41903" lon="12.52415">
        <ele>1866</ele>
        <time>2026-05-12T23:38:21+00:00</time>
      </trkpt>
      <trkpt lat="47.41907" lon="12.52411">
        <ele>1866</ele>
        <time>2026-05-12T23:38:24+00:00</time>
      </trkpt>
      <trkpt lat="47.41911" lon="12.52407">
        <ele>1862</ele>
        <time>2026-05-12T23:38:27+00:00</time>
      </trkpt>
      <trkpt lat="47.41915" lon="12.52404">
        <ele>1862</ele>
        <time>2026-05-12T23:38:30+00:00</time>
      </trkpt>
      <trkpt lat="47.41919" lon="12.52402">
        <ele>1862</ele>
        <time>2026-05-12T23:38:33+00:00</time>
      </trkpt>
      <trkpt lat="47.41923" lon="12.52399">
        <ele>1857</ele>
        <time>2026-05-12T23:38:36+00:00</time>
      </trkpt>
      <trkpt lat="47.41928" lon="12.52396">
        <ele>1857</ele>
        <time>2026-05-12T23:38:39+00:00</time>
      </trkpt>
      <trkpt lat="47.41932" lon="12.52393">
        <ele>1856</ele>
        <time>2026-05-12T23:38:42+00:00</time>
      </trkpt>
      <trkpt lat="47.41938" lon="12.52396">
        <ele>1860</ele>
        <time>2026-05-12T23:38:45+00:00</time>
      </trkpt>
      <trkpt lat="47.41942" lon="12.52399">
        <ele>1856</ele>
        <time>2026-05-12T23:38:48+00:00</time>
      </trkpt>
      <trkpt lat="47.41947" lon="12.52401">
        <ele>1860</ele>
        <time>2026-05-12T23:38:51+00:00</time>
      </trkpt>
      <trkpt lat="47.41951" lon="12.52405">
        <ele>1859</ele>
        <time>2026-05-12T23:38:54+00:00</time>
      </trkpt>
      <trkpt lat="47.41955" lon="12.5241">
        <ele>1861</ele>
        <time>2026-05-12T23:38:57+00:00</time>
      </trkpt>
      <trkpt lat="47.41959" lon="12.52413">
        <ele>1864</ele>
        <time>2026-05-12T23:39:00+00:00</time>
      </trkpt>
      <trkpt lat="47.41966" lon="12.52414">
        <ele>1863</ele>
        <time>2026-05-12T23:39:03+00:00</time>
      </trkpt>
      <trkpt lat="47.4197" lon="12.52414">
        <ele>1863</ele>
        <time>2026-05-12T23:39:06+00:00</time>
      </trkpt>
      <trkpt lat="47.41976" lon="12.52415">
        <ele>1860</ele>
        <time>2026-05-12T23:39:09+00:00</time>
      </trkpt>
      <trkpt lat="47.41979" lon="12.52415">
        <ele>1863</ele>
        <time>2026-05-12T23:39:12+00:00</time>
      </trkpt>
      <trkpt lat="47.41984" lon="12.52416">
        <ele>1862</ele>
        <time>2026-05-12T23:39:15+00:00</time>
      </trkpt>
      <trkpt lat="47.41991" lon="12.52416">
        <ele>1860</ele>
        <time>2026-05-12T23:39:18+00:00</time>
      </trkpt>
      <trkpt lat="47.41997" lon="12.52417">
        <ele>1860</ele>
        <time>2026-05-12T23:39:21+00:00</time>
      </trkpt>
      <trkpt lat="47.42003" lon="12.52418">
        <ele>1859</ele>
        <time>2026-05-12T23:39:24+00:00</time>
      </trkpt>
      <trkpt lat="47.42009" lon="12.52418">
        <ele>1859</ele>
        <time>2026-05-12T23:39:27+00:00</time>
      </trkpt>
      <trkpt lat="47.42015" lon="12.52419">
        <ele>1858</ele>
        <time>2026-05-12T23:39:30+00:00</time>
      </trkpt>
      <trkpt lat="47.42021" lon="12.52418">
        <ele>1857</ele>
        <time>2026-05-12T23:39:33+00:00</time>
      </trkpt>
      <trkpt lat="47.42025" lon="12.52417">
        <ele>1857</ele>
        <time>2026-05-12T23:39:36+00:00</time>
      </trkpt>
      <trkpt lat="47.4203" lon="12.52416">
        <ele>1856</ele>
        <time>2026-05-12T23:39:39+00:00</time>
      </trkpt>
      <trkpt lat="47.42037" lon="12.52415">
        <ele>1856</ele>
        <time>2026-05-12T23:39:42+00:00</time>
      </trkpt>
      <trkpt lat="47.42043" lon="12.52414">
        <ele>1854</ele>
        <time>2026-05-12T23:39:45+00:00</time>
      </trkpt>
      <trkpt lat="47.42049" lon="12.52412">
        <ele>1854</ele>
        <time>2026-05-12T23:39:48+00:00</time>
      </trkpt>
      <trkpt lat="47.42054" lon="12.52412">
        <ele>1853</ele>
        <time>2026-05-12T23:39:51+00:00</time>
      </trkpt>
      <trkpt lat="47.42061" lon="12.52414">
        <ele>1855</ele>
        <time>2026-05-12T23:39:54+00:00</time>
      </trkpt>
      <trkpt lat="47.42066" lon="12.52416">
        <ele>1852</ele>
        <time>2026-05-12T23:39:57+00:00</time>
      </trkpt>
      <trkpt lat="47.4207" lon="12.52418">
        <ele>1851</ele>
        <time>2026-05-12T23:40:00+00:00</time>
      </trkpt>
      <trkpt lat="47.42077" lon="12.5242">
        <ele>1857</ele>
        <time>2026-05-12T23:40:03+00:00</time>
      </trkpt>
      <trkpt lat="47.42083" lon="12.52423">
        <ele>1854</ele>
        <time>2026-05-12T23:40:06+00:00</time>
      </trkpt>
      <trkpt lat="47.42089" lon="12.52425">
        <ele>1856</ele>
        <time>2026-05-12T23:40:09+00:00</time>
      </trkpt>
      <trkpt lat="47.42094" lon="12.52427">
        <ele>1855</ele>
        <time>2026-05-12T23:40:12+00:00</time>
      </trkpt>
      <trkpt lat="47.421" lon="12.52427">
        <ele>1854</ele>
        <time>2026-05-12T23:40:15+00:00</time>
      </trkpt>
      <trkpt lat="47.42107" lon="12.52428">
        <ele>1854</ele>
        <time>2026-05-12T23:40:18+00:00</time>
      </trkpt>
      <trkpt lat="47.42112" lon="12.52428">
        <ele>1853</ele>
        <time>2026-05-12T23:40:21+00:00</time>
      </trkpt>
      <trkpt lat="47.42117" lon="12.52428">
        <ele>1853</ele>
        <time>2026-05-12T23:40:24+00:00</time>
      </trkpt>
      <trkpt lat="47.42123" lon="12.52429">
        <ele>1853</ele>
        <time>2026-05-12T23:40:27+00:00</time>
      </trkpt>
      <trkpt lat="47.42129" lon="12.52428">
        <ele>1853</ele>
        <time>2026-05-12T23:40:30+00:00</time>
      </trkpt>
      <trkpt lat="47.42133" lon="12.52427">
        <ele>1852</ele>
        <time>2026-05-12T23:40:33+00:00</time>
      </trkpt>
      <trkpt lat="47.42137" lon="12.52427">
        <ele>1852</ele>
        <time>2026-05-12T23:40:36+00:00</time>
      </trkpt>
      <trkpt lat="47.42142" lon="12.52426">
        <ele>1852</ele>
        <time>2026-05-12T23:40:39+00:00</time>
      </trkpt>
      <trkpt lat="47.42148" lon="12.52425">
        <ele>1852</ele>
        <time>2026-05-12T23:40:42+00:00</time>
      </trkpt>
      <trkpt lat="47.42153" lon="12.52425">
        <ele>1852</ele>
        <time>2026-05-12T23:40:45+00:00</time>
      </trkpt>
      <trkpt lat="47.42158" lon="12.52424">
        <ele>1852</ele>
        <time>2026-05-12T23:40:48+00:00</time>
      </trkpt>
      <trkpt lat="47.42162" lon="12.52423">
        <ele>1851</ele>
        <time>2026-05-12T23:40:51+00:00</time>
      </trkpt>
      <trkpt lat="47.42169" lon="12.52421">
        <ele>1851</ele>
        <time>2026-05-12T23:40:54+00:00</time>
      </trkpt>
      <trkpt lat="47.42173" lon="12.5242">
        <ele>1851</ele>
        <time>2026-05-12T23:40:57+00:00</time>
      </trkpt>
      <trkpt lat="47.42178" lon="12.52419">
        <ele>1846</ele>
        <time>2026-05-12T23:41:00+00:00</time>
      </trkpt>
      <trkpt lat="47.42182" lon="12.52418">
        <ele>1848</ele>
        <time>2026-05-12T23:41:03+00:00</time>
      </trkpt>
      <trkpt lat="47.42186" lon="12.52417">
        <ele>1845</ele>
        <time>2026-05-12T23:41:06+00:00</time>
      </trkpt>
      <trkpt lat="47.42191" lon="12.52416">
        <ele>1846</ele>
        <time>2026-05-12T23:41:09+00:00</time>
      </trkpt>
      <trkpt lat="47.42195" lon="12.52415">
        <ele>1846</ele>
        <time>2026-05-12T23:41:12+00:00</time>
      </trkpt>
      <trkpt lat="47.422" lon="12.52413">
        <ele>1846</ele>
        <time>2026-05-12T23:41:15+00:00</time>
      </trkpt>
      <trkpt lat="47.42204" lon="12.52412">
        <ele>1846</ele>
        <time>2026-05-12T23:41:18+00:00</time>
      </trkpt>
      <trkpt lat="47.4221" lon="12.52411">
        <ele>1846</ele>
        <time>2026-05-12T23:41:21+00:00</time>
      </trkpt>
      <trkpt lat="47.42215" lon="12.5241">
        <ele>1842</ele>
        <time>2026-05-12T23:41:24+00:00</time>
      </trkpt>
      <trkpt lat="47.42221" lon="12.52408">
        <ele>1842</ele>
        <time>2026-05-12T23:41:27+00:00</time>
      </trkpt>
      <trkpt lat="47.42226" lon="12.52409">
        <ele>1844</ele>
        <time>2026-05-12T23:41:30+00:00</time>
      </trkpt>
      <trkpt lat="47.4223" lon="12.52409">
        <ele>1842</ele>
        <time>2026-05-12T23:41:33+00:00</time>
      </trkpt>
      <trkpt lat="47.42235" lon="12.5241">
        <ele>1848</ele>
        <time>2026-05-12T23:41:36+00:00</time>
      </trkpt>
      <trkpt lat="47.42239" lon="12.52411">
        <ele>1848</ele>
        <time>2026-05-12T23:41:39+00:00</time>
      </trkpt>
      <trkpt lat="47.42244" lon="12.52409">
        <ele>1843</ele>
        <time>2026-05-12T23:41:42+00:00</time>
      </trkpt>
      <trkpt lat="47.42249" lon="12.52407">
        <ele>1843</ele>
        <time>2026-05-12T23:41:45+00:00</time>
      </trkpt>
      <trkpt lat="47.42254" lon="12.52406">
        <ele>1844</ele>
        <time>2026-05-12T23:41:48+00:00</time>
      </trkpt>
      <trkpt lat="47.42261" lon="12.52402">
        <ele>1845</ele>
        <time>2026-05-12T23:41:51+00:00</time>
      </trkpt>
      <trkpt lat="47.42266" lon="12.52399">
        <ele>1841</ele>
        <time>2026-05-12T23:41:54+00:00</time>
      </trkpt>
      <trkpt lat="47.4227" lon="12.52397">
        <ele>1842</ele>
        <time>2026-05-12T23:41:57+00:00</time>
      </trkpt>
      <trkpt lat="47.42276" lon="12.52393">
        <ele>1842</ele>
        <time>2026-05-12T23:42:00+00:00</time>
      </trkpt>
      <trkpt lat="47.4228" lon="12.52391">
        <ele>1842</ele>
        <time>2026-05-12T23:42:03+00:00</time>
      </trkpt>
      <trkpt lat="47.42285" lon="12.52389">
        <ele>1839</ele>
        <time>2026-05-12T23:42:06+00:00</time>
      </trkpt>
      <trkpt lat="47.4229" lon="12.52387">
        <ele>1840</ele>
        <time>2026-05-12T23:42:09+00:00</time>
      </trkpt>
      <trkpt lat="47.42296" lon="12.52384">
        <ele>1840</ele>
        <time>2026-05-12T23:42:12+00:00</time>
      </trkpt>
      <trkpt lat="47.42303" lon="12.52378">
        <ele>1839</ele>
        <time>2026-05-12T23:42:15+00:00</time>
      </trkpt>
      <trkpt lat="47.42307" lon="12.52375">
        <ele>1837</ele>
        <time>2026-05-12T23:42:18+00:00</time>
      </trkpt>
      <trkpt lat="47.42314" lon="12.52376">
        <ele>1839</ele>
        <time>2026-05-12T23:42:21+00:00</time>
      </trkpt>
      <trkpt lat="47.42319" lon="12.52377">
        <ele>1839</ele>
        <time>2026-05-12T23:42:24+00:00</time>
      </trkpt>
      <trkpt lat="47.42325" lon="12.52371">
        <ele>1839</ele>
        <time>2026-05-12T23:42:27+00:00</time>
      </trkpt>
      <trkpt lat="47.42328" lon="12.52368">
        <ele>1836</ele>
        <time>2026-05-12T23:42:30+00:00</time>
      </trkpt>
      <trkpt lat="47.42332" lon="12.52365">
        <ele>1836</ele>
        <time>2026-05-12T23:42:33+00:00</time>
      </trkpt>
      <trkpt lat="47.42337" lon="12.52361">
        <ele>1836</ele>
        <time>2026-05-12T23:42:36+00:00</time>
      </trkpt>
      <trkpt lat="47.42342" lon="12.52357">
        <ele>1837</ele>
        <time>2026-05-12T23:42:39+00:00</time>
      </trkpt>
      <trkpt lat="47.42349" lon="12.52358">
        <ele>1833</ele>
        <time>2026-05-12T23:42:42+00:00</time>
      </trkpt>
      <trkpt lat="47.42355" lon="12.52359">
        <ele>1833</ele>
        <time>2026-05-12T23:42:45+00:00</time>
      </trkpt>
      <trkpt lat="47.42361" lon="12.5236">
        <ele>1839</ele>
        <time>2026-05-12T23:42:48+00:00</time>
      </trkpt>
      <trkpt lat="47.42368" lon="12.52365">
        <ele>1836</ele>
        <time>2026-05-12T23:42:51+00:00</time>
      </trkpt>
      <trkpt lat="47.42372" lon="12.52368">
        <ele>1836</ele>
        <time>2026-05-12T23:42:54+00:00</time>
      </trkpt>
      <trkpt lat="47.42375" lon="12.52376">
        <ele>1838</ele>
        <time>2026-05-12T23:42:57+00:00</time>
      </trkpt>
      <trkpt lat="47.42378" lon="12.52383">
        <ele>1841</ele>
        <time>2026-05-12T23:43:00+00:00</time>
      </trkpt>
      <trkpt lat="47.42379" lon="12.5239">
        <ele>1843</ele>
        <time>2026-05-12T23:43:03+00:00</time>
      </trkpt>
      <trkpt lat="47.42381" lon="12.52398">
        <ele>1842</ele>
        <time>2026-05-12T23:43:06+00:00</time>
      </trkpt>
      <trkpt lat="47.42382" lon="12.52405">
        <ele>1845</ele>
        <time>2026-05-12T23:43:09+00:00</time>
      </trkpt>
      <trkpt lat="47.42384" lon="12.52414">
        <ele>1847</ele>
        <time>2026-05-12T23:43:12+00:00</time>
      </trkpt>
      <trkpt lat="47.42386" lon="12.52422">
        <ele>1849</ele>
        <time>2026-05-12T23:43:15+00:00</time>
      </trkpt>
      <trkpt lat="47.42387" lon="12.5243">
        <ele>1851</ele>
        <time>2026-05-12T23:43:18+00:00</time>
      </trkpt>
      <trkpt lat="47.42389" lon="12.52438">
        <ele>1851</ele>
        <time>2026-05-12T23:43:21+00:00</time>
      </trkpt>
      <trkpt lat="47.42392" lon="12.52443">
        <ele>1851</ele>
        <time>2026-05-12T23:43:24+00:00</time>
      </trkpt>
      <trkpt lat="47.42395" lon="12.52448">
        <ele>1851</ele>
        <time>2026-05-12T23:43:27+00:00</time>
      </trkpt>
      <trkpt lat="47.42398" lon="12.52454">
        <ele>1853</ele>
        <time>2026-05-12T23:43:30+00:00</time>
      </trkpt>
      <trkpt lat="47.42402" lon="12.5246">
        <ele>1849</ele>
        <time>2026-05-12T23:43:33+00:00</time>
      </trkpt>
      <trkpt lat="47.42403" lon="12.52467">
        <ele>1851</ele>
        <time>2026-05-12T23:43:36+00:00</time>
      </trkpt>
      <trkpt lat="47.42405" lon="12.52473">
        <ele>1853</ele>
        <time>2026-05-12T23:43:39+00:00</time>
      </trkpt>
      <trkpt lat="47.42406" lon="12.5248">
        <ele>1853</ele>
        <time>2026-05-12T23:43:42+00:00</time>
      </trkpt>
      <trkpt lat="47.42408" lon="12.52487">
        <ele>1855</ele>
        <time>2026-05-12T23:43:45+00:00</time>
      </trkpt>
      <trkpt lat="47.4241" lon="12.52496">
        <ele>1852</ele>
        <time>2026-05-12T23:43:48+00:00</time>
      </trkpt>
      <trkpt lat="47.4241" lon="12.52502">
        <ele>1854</ele>
        <time>2026-05-12T23:43:51+00:00</time>
      </trkpt>
      <trkpt lat="47.4241" lon="12.52512">
        <ele>1856</ele>
        <time>2026-05-12T23:43:54+00:00</time>
      </trkpt>
      <trkpt lat="47.42411" lon="12.52518">
        <ele>1856</ele>
        <time>2026-05-12T23:43:57+00:00</time>
      </trkpt>
      <trkpt lat="47.42411" lon="12.52526">
        <ele>1858</ele>
        <time>2026-05-12T23:44:00+00:00</time>
      </trkpt>
      <trkpt lat="47.42412" lon="12.52534">
        <ele>1859</ele>
        <time>2026-05-12T23:44:03+00:00</time>
      </trkpt>
      <trkpt lat="47.42412" lon="12.52541">
        <ele>1861</ele>
        <time>2026-05-12T23:44:06+00:00</time>
      </trkpt>
      <trkpt lat="47.42412" lon="12.52551">
        <ele>1863</ele>
        <time>2026-05-12T23:44:09+00:00</time>
      </trkpt>
      <trkpt lat="47.42411" lon="12.52558">
        <ele>1863</ele>
        <time>2026-05-12T23:44:12+00:00</time>
      </trkpt>
      <trkpt lat="47.4241" lon="12.52564">
        <ele>1869</ele>
        <time>2026-05-12T23:44:15+00:00</time>
      </trkpt>
      <trkpt lat="47.42408" lon="12.52571">
        <ele>1871</ele>
        <time>2026-05-12T23:44:18+00:00</time>
      </trkpt>
      <trkpt lat="47.42411" lon="12.5258">
        <ele>1866</ele>
        <time>2026-05-12T23:44:21+00:00</time>
      </trkpt>
      <trkpt lat="47.42413" lon="12.52587">
        <ele>1868</ele>
        <time>2026-05-12T23:44:24+00:00</time>
      </trkpt>
      <trkpt lat="47.42415" lon="12.52594">
        <ele>1869</ele>
        <time>2026-05-12T23:44:27+00:00</time>
      </trkpt>
      <trkpt lat="47.42417" lon="12.526">
        <ele>1871</ele>
        <time>2026-05-12T23:44:30+00:00</time>
      </trkpt>
      <trkpt lat="47.42419" lon="12.52607">
        <ele>1871</ele>
        <time>2026-05-12T23:44:33+00:00</time>
      </trkpt>
      <trkpt lat="47.42421" lon="12.52614">
        <ele>1868</ele>
        <time>2026-05-12T23:44:36+00:00</time>
      </trkpt>
      <trkpt lat="47.42423" lon="12.52621">
        <ele>1869</ele>
        <time>2026-05-12T23:44:39+00:00</time>
      </trkpt>
      <trkpt lat="47.42425" lon="12.52627">
        <ele>1869</ele>
        <time>2026-05-12T23:44:42+00:00</time>
      </trkpt>
      <trkpt lat="47.42427" lon="12.52636">
        <ele>1871</ele>
        <time>2026-05-12T23:44:45+00:00</time>
      </trkpt>
      <trkpt lat="47.42429" lon="12.52643">
        <ele>1872</ele>
        <time>2026-05-12T23:44:48+00:00</time>
      </trkpt>
      <trkpt lat="47.42431" lon="12.52649">
        <ele>1868</ele>
        <time>2026-05-12T23:44:51+00:00</time>
      </trkpt>
      <trkpt lat="47.42434" lon="12.52657">
        <ele>1869</ele>
        <time>2026-05-12T23:44:54+00:00</time>
      </trkpt>
      <trkpt lat="47.42436" lon="12.52665">
        <ele>1871</ele>
        <time>2026-05-12T23:44:57+00:00</time>
      </trkpt>
      <trkpt lat="47.42438" lon="12.52673">
        <ele>1872</ele>
        <time>2026-05-12T23:45:00+00:00</time>
      </trkpt>
      <trkpt lat="47.4244" lon="12.5268">
        <ele>1868</ele>
        <time>2026-05-12T23:45:03+00:00</time>
      </trkpt>
      <trkpt lat="47.42443" lon="12.52688">
        <ele>1869</ele>
        <time>2026-05-12T23:45:06+00:00</time>
      </trkpt>
      <trkpt lat="47.42445" lon="12.52695">
        <ele>1870</ele>
        <time>2026-05-12T23:45:09+00:00</time>
      </trkpt>
      <trkpt lat="47.42447" lon="12.52701">
        <ele>1872</ele>
        <time>2026-05-12T23:45:12+00:00</time>
      </trkpt>
      <trkpt lat="47.42449" lon="12.52708">
        <ele>1872</ele>
        <time>2026-05-12T23:45:15+00:00</time>
      </trkpt>
      <trkpt lat="47.42451" lon="12.52714">
        <ele>1869</ele>
        <time>2026-05-12T23:45:18+00:00</time>
      </trkpt>
      <trkpt lat="47.42453" lon="12.52721">
        <ele>1870</ele>
        <time>2026-05-12T23:45:21+00:00</time>
      </trkpt>
      <trkpt lat="47.42455" lon="12.52729">
        <ele>1871</ele>
        <time>2026-05-12T23:45:24+00:00</time>
      </trkpt>
      <trkpt lat="47.42457" lon="12.52736">
        <ele>1872</ele>
        <time>2026-05-12T23:45:27+00:00</time>
      </trkpt>
      <trkpt lat="47.4246" lon="12.52744">
        <ele>1873</ele>
        <time>2026-05-12T23:45:30+00:00</time>
      </trkpt>
      <trkpt lat="47.42462" lon="12.52751">
        <ele>1871</ele>
        <time>2026-05-12T23:45:33+00:00</time>
      </trkpt>
      <trkpt lat="47.42463" lon="12.52758">
        <ele>1871</ele>
        <time>2026-05-12T23:45:36+00:00</time>
      </trkpt>
      <trkpt lat="47.42465" lon="12.52765">
        <ele>1872</ele>
        <time>2026-05-12T23:45:39+00:00</time>
      </trkpt>
      <trkpt lat="47.42467" lon="12.52775">
        <ele>1874</ele>
        <time>2026-05-12T23:45:42+00:00</time>
      </trkpt>
      <trkpt lat="47.42468" lon="12.52781">
        <ele>1875</ele>
        <time>2026-05-12T23:45:45+00:00</time>
      </trkpt>
      <trkpt lat="47.42469" lon="12.52788">
        <ele>1875</ele>
        <time>2026-05-12T23:45:48+00:00</time>
      </trkpt>
      <trkpt lat="47.42471" lon="12.52793">
        <ele>1874</ele>
        <time>2026-05-12T23:45:51+00:00</time>
      </trkpt>
      <trkpt lat="47.42472" lon="12.528">
        <ele>1874</ele>
        <time>2026-05-12T23:45:54+00:00</time>
      </trkpt>
      <trkpt lat="47.42474" lon="12.52807">
        <ele>1875</ele>
        <time>2026-05-12T23:45:57+00:00</time>
      </trkpt>
      <trkpt lat="47.42476" lon="12.52815">
        <ele>1877</ele>
        <time>2026-05-12T23:46:00+00:00</time>
      </trkpt>
      <trkpt lat="47.42478" lon="12.5282">
        <ele>1879</ele>
        <time>2026-05-12T23:46:03+00:00</time>
      </trkpt>
      <trkpt lat="47.4248" lon="12.52826">
        <ele>1876</ele>
        <time>2026-05-12T23:46:06+00:00</time>
      </trkpt>
      <trkpt lat="47.42482" lon="12.52831">
        <ele>1878</ele>
        <time>2026-05-12T23:46:09+00:00</time>
      </trkpt>
      <trkpt lat="47.42484" lon="12.52837">
        <ele>1878</ele>
        <time>2026-05-12T23:46:12+00:00</time>
      </trkpt>
      <trkpt lat="47.42486" lon="12.52842">
        <ele>1880</ele>
        <time>2026-05-12T23:46:15+00:00</time>
      </trkpt>
      <trkpt lat="47.42489" lon="12.5285">
        <ele>1881</ele>
        <time>2026-05-12T23:46:18+00:00</time>
      </trkpt>
      <trkpt lat="47.42491" lon="12.52855">
        <ele>1879</ele>
        <time>2026-05-12T23:46:21+00:00</time>
      </trkpt>
      <trkpt lat="47.42493" lon="12.52863">
        <ele>1881</ele>
        <time>2026-05-12T23:46:24+00:00</time>
      </trkpt>
      <trkpt lat="47.42496" lon="12.5287">
        <ele>1881</ele>
        <time>2026-05-12T23:46:27+00:00</time>
      </trkpt>
      <trkpt lat="47.42498" lon="12.52875">
        <ele>1882</ele>
        <time>2026-05-12T23:46:30+00:00</time>
      </trkpt>
      <trkpt lat="47.425" lon="12.52881">
        <ele>1884</ele>
        <time>2026-05-12T23:46:33+00:00</time>
      </trkpt>
      <trkpt lat="47.42502" lon="12.52886">
        <ele>1882</ele>
        <time>2026-05-12T23:46:36+00:00</time>
      </trkpt>
      <trkpt lat="47.42503" lon="12.52891">
        <ele>1883</ele>
        <time>2026-05-12T23:46:39+00:00</time>
      </trkpt>
      <trkpt lat="47.42506" lon="12.52897">
        <ele>1883</ele>
        <time>2026-05-12T23:46:42+00:00</time>
      </trkpt>
      <trkpt lat="47.42507" lon="12.52902">
        <ele>1885</ele>
        <time>2026-05-12T23:46:45+00:00</time>
      </trkpt>
      <trkpt lat="47.42509" lon="12.52908">
        <ele>1885</ele>
        <time>2026-05-12T23:46:48+00:00</time>
      </trkpt>
      <trkpt lat="47.42511" lon="12.52913">
        <ele>1885</ele>
        <time>2026-05-12T23:46:51+00:00</time>
      </trkpt>
      <trkpt lat="47.42513" lon="12.52919">
        <ele>1885</ele>
        <time>2026-05-12T23:46:54+00:00</time>
      </trkpt>
      <trkpt lat="47.42515" lon="12.52924">
        <ele>1886</ele>
        <time>2026-05-12T23:46:57+00:00</time>
      </trkpt>
      <trkpt lat="47.42517" lon="12.5293">
        <ele>1888</ele>
        <time>2026-05-12T23:47:00+00:00</time>
      </trkpt>
      <trkpt lat="47.42519" lon="12.52935">
        <ele>1888</ele>
        <time>2026-05-12T23:47:03+00:00</time>
      </trkpt>
      <trkpt lat="47.42521" lon="12.52942">
        <ele>1887</ele>
        <time>2026-05-12T23:47:06+00:00</time>
      </trkpt>
      <trkpt lat="47.42522" lon="12.52948">
        <ele>1887</ele>
        <time>2026-05-12T23:47:09+00:00</time>
      </trkpt>
      <trkpt lat="47.42524" lon="12.52954">
        <ele>1889</ele>
        <time>2026-05-12T23:47:12+00:00</time>
      </trkpt>
      <trkpt lat="47.42525" lon="12.52961">
        <ele>1890</ele>
        <time>2026-05-12T23:47:15+00:00</time>
      </trkpt>
      <trkpt lat="47.42527" lon="12.52968">
        <ele>1890</ele>
        <time>2026-05-12T23:47:18+00:00</time>
      </trkpt>
      <trkpt lat="47.42528" lon="12.52973">
        <ele>1891</ele>
        <time>2026-05-12T23:47:21+00:00</time>
      </trkpt>
      <trkpt lat="47.4253" lon="12.52979">
        <ele>1891</ele>
        <time>2026-05-12T23:47:24+00:00</time>
      </trkpt>
      <trkpt lat="47.42531" lon="12.52984">
        <ele>1894</ele>
        <time>2026-05-12T23:47:27+00:00</time>
      </trkpt>
      <trkpt lat="47.42532" lon="12.5299">
        <ele>1895</ele>
        <time>2026-05-12T23:47:30+00:00</time>
      </trkpt>
      <trkpt lat="47.42531" lon="12.52997">
        <ele>1895</ele>
        <time>2026-05-12T23:47:33+00:00</time>
      </trkpt>
      <trkpt lat="47.4253" lon="12.53005">
        <ele>1894</ele>
        <time>2026-05-12T23:47:36+00:00</time>
      </trkpt>
      <trkpt lat="47.42531" lon="12.53011">
        <ele>1896</ele>
        <time>2026-05-12T23:47:39+00:00</time>
      </trkpt>
      <trkpt lat="47.42531" lon="12.53019">
        <ele>1896</ele>
        <time>2026-05-12T23:47:42+00:00</time>
      </trkpt>
      <trkpt lat="47.42535" lon="12.53024">
        <ele>1897</ele>
        <time>2026-05-12T23:47:45+00:00</time>
      </trkpt>
      <trkpt lat="47.42539" lon="12.53031">
        <ele>1897</ele>
        <time>2026-05-12T23:47:48+00:00</time>
      </trkpt>
      <trkpt lat="47.42538" lon="12.53042">
        <ele>1897</ele>
        <time>2026-05-12T23:47:51+00:00</time>
      </trkpt>
      <trkpt lat="47.42539" lon="12.53051">
        <ele>1898</ele>
        <time>2026-05-12T23:47:54+00:00</time>
      </trkpt>
      <trkpt lat="47.4254" lon="12.53062">
        <ele>1898</ele>
        <time>2026-05-12T23:47:57+00:00</time>
      </trkpt>
      <trkpt lat="47.42543" lon="12.53067">
        <ele>1902</ele>
        <time>2026-05-12T23:48:00+00:00</time>
      </trkpt>
      <trkpt lat="47.42545" lon="12.53071">
        <ele>1903</ele>
        <time>2026-05-12T23:48:03+00:00</time>
      </trkpt>
      <trkpt lat="47.42548" lon="12.53077">
        <ele>1903</ele>
        <time>2026-05-12T23:48:06+00:00</time>
      </trkpt>
      <trkpt lat="47.42552" lon="12.53084">
        <ele>1907</ele>
        <time>2026-05-12T23:48:09+00:00</time>
      </trkpt>
      <trkpt lat="47.42555" lon="12.53095">
        <ele>1907</ele>
        <time>2026-05-12T23:48:12+00:00</time>
      </trkpt>
      <trkpt lat="47.42557" lon="12.53106">
        <ele>1908</ele>
        <time>2026-05-12T23:48:15+00:00</time>
      </trkpt>
      <trkpt lat="47.42559" lon="12.53114">
        <ele>1908</ele>
        <time>2026-05-12T23:48:18+00:00</time>
      </trkpt>
      <trkpt lat="47.42561" lon="12.53122">
        <ele>1913</ele>
        <time>2026-05-12T23:48:21+00:00</time>
      </trkpt>
      <trkpt lat="47.42565" lon="12.53127">
        <ele>1913</ele>
        <time>2026-05-12T23:48:24+00:00</time>
      </trkpt>
      <trkpt lat="47.42569" lon="12.53133">
        <ele>1914</ele>
        <time>2026-05-12T23:48:27+00:00</time>
      </trkpt>
      <trkpt lat="47.42573" lon="12.53137">
        <ele>1919</ele>
        <time>2026-05-12T23:48:30+00:00</time>
      </trkpt>
      <trkpt lat="47.42574" lon="12.53147">
        <ele>1919</ele>
        <time>2026-05-12T23:48:33+00:00</time>
      </trkpt>
      <trkpt lat="47.42575" lon="12.53154">
        <ele>1919</ele>
        <time>2026-05-12T23:48:36+00:00</time>
      </trkpt>
      <trkpt lat="47.42576" lon="12.53161">
        <ele>1919</ele>
        <time>2026-05-12T23:48:39+00:00</time>
      </trkpt>
      <trkpt lat="47.42577" lon="12.53168">
        <ele>1919</ele>
        <time>2026-05-12T23:48:42+00:00</time>
      </trkpt>
      <trkpt lat="47.42581" lon="12.53176">
        <ele>1925</ele>
        <time>2026-05-12T23:48:45+00:00</time>
      </trkpt>
      <trkpt lat="47.42583" lon="12.53182">
        <ele>1925</ele>
        <time>2026-05-12T23:48:48+00:00</time>
      </trkpt>
      <trkpt lat="47.42586" lon="12.53187">
        <ele>1925</ele>
        <time>2026-05-12T23:48:51+00:00</time>
      </trkpt>
      <trkpt lat="47.42589" lon="12.53192">
        <ele>1925</ele>
        <time>2026-05-12T23:48:54+00:00</time>
      </trkpt>
      <trkpt lat="47.42592" lon="12.53198">
        <ele>1930</ele>
        <time>2026-05-12T23:48:57+00:00</time>
      </trkpt>
      <trkpt lat="47.42595" lon="12.53206">
        <ele>1930</ele>
        <time>2026-05-12T23:49:00+00:00</time>
      </trkpt>
      <trkpt lat="47.426" lon="12.53213">
        <ele>1937</ele>
        <time>2026-05-12T23:49:03+00:00</time>
      </trkpt>
      <trkpt lat="47.42603" lon="12.53217">
        <ele>1937</ele>
        <time>2026-05-12T23:49:06+00:00</time>
      </trkpt>
      <trkpt lat="47.42606" lon="12.53222">
        <ele>1937</ele>
        <time>2026-05-12T23:49:09+00:00</time>
      </trkpt>
      <trkpt lat="47.42609" lon="12.53226">
        <ele>1937</ele>
        <time>2026-05-12T23:49:12+00:00</time>
      </trkpt>
      <trkpt lat="47.42612" lon="12.53231">
        <ele>1944</ele>
        <time>2026-05-12T23:49:15+00:00</time>
      </trkpt>
      <trkpt lat="47.42615" lon="12.53236">
        <ele>1944</ele>
        <time>2026-05-12T23:49:18+00:00</time>
      </trkpt>
      <trkpt lat="47.42618" lon="12.53241">
        <ele>1944</ele>
        <time>2026-05-12T23:49:21+00:00</time>
      </trkpt>
      <trkpt lat="47.42621" lon="12.53246">
        <ele>1951</ele>
        <time>2026-05-12T23:49:24+00:00</time>
      </trkpt>
      <trkpt lat="47.42624" lon="12.5325">
        <ele>1951</ele>
        <time>2026-05-12T23:49:27+00:00</time>
      </trkpt>
      <trkpt lat="47.42627" lon="12.53255">
        <ele>1951</ele>
        <time>2026-05-12T23:49:30+00:00</time>
      </trkpt>
      <trkpt lat="47.42628" lon="12.53261">
        <ele>1951</ele>
        <time>2026-05-12T23:49:33+00:00</time>
      </trkpt>
      <trkpt lat="47.4263" lon="12.53267">
        <ele>1951</ele>
        <time>2026-05-12T23:49:36+00:00</time>
      </trkpt>
      <trkpt lat="47.42632" lon="12.53274">
        <ele>1954</ele>
        <time>2026-05-12T23:49:39+00:00</time>
      </trkpt>
      <trkpt lat="47.42633" lon="12.53279">
        <ele>1959</ele>
        <time>2026-05-12T23:49:42+00:00</time>
      </trkpt>
      <trkpt lat="47.42635" lon="12.53286">
        <ele>1958</ele>
        <time>2026-05-12T23:49:45+00:00</time>
      </trkpt>
      <trkpt lat="47.42636" lon="12.53292">
        <ele>1958</ele>
        <time>2026-05-12T23:49:48+00:00</time>
      </trkpt>
      <trkpt lat="47.42638" lon="12.53299">
        <ele>1958</ele>
        <time>2026-05-12T23:49:51+00:00</time>
      </trkpt>
      <trkpt lat="47.42639" lon="12.53305">
        <ele>1958</ele>
        <time>2026-05-12T23:49:54+00:00</time>
      </trkpt>
      <trkpt lat="47.42641" lon="12.5331">
        <ele>1965</ele>
        <time>2026-05-12T23:49:57+00:00</time>
      </trkpt>
      <trkpt lat="47.42641" lon="12.53317">
        <ele>1965</ele>
        <time>2026-05-12T23:50:00+00:00</time>
      </trkpt>
      <trkpt lat="47.42641" lon="12.53327">
        <ele>1965</ele>
        <time>2026-05-12T23:50:03+00:00</time>
      </trkpt>
      <trkpt lat="47.42642" lon="12.53336">
        <ele>1960</ele>
        <time>2026-05-12T23:50:06+00:00</time>
      </trkpt>
      <trkpt lat="47.42643" lon="12.53343">
        <ele>1964</ele>
        <time>2026-05-12T23:50:09+00:00</time>
      </trkpt>
      <trkpt lat="47.42644" lon="12.53351">
        <ele>1963</ele>
        <time>2026-05-12T23:50:12+00:00</time>
      </trkpt>
      <trkpt lat="47.42645" lon="12.53358">
        <ele>1963</ele>
        <time>2026-05-12T23:50:15+00:00</time>
      </trkpt>
      <trkpt lat="47.42646" lon="12.53367">
        <ele>1962</ele>
        <time>2026-05-12T23:50:18+00:00</time>
      </trkpt>
      <trkpt lat="47.42647" lon="12.53372">
        <ele>1961</ele>
        <time>2026-05-12T23:50:21+00:00</time>
      </trkpt>
      <trkpt lat="47.42649" lon="12.5338">
        <ele>1960</ele>
        <time>2026-05-12T23:50:24+00:00</time>
      </trkpt>
      <trkpt lat="47.42651" lon="12.53389">
        <ele>1969</ele>
        <time>2026-05-12T23:50:27+00:00</time>
      </trkpt>
      <trkpt lat="47.42651" lon="12.53395">
        <ele>1968</ele>
        <time>2026-05-12T23:50:30+00:00</time>
      </trkpt>
      <trkpt lat="47.42652" lon="12.53402">
        <ele>1967</ele>
        <time>2026-05-12T23:50:33+00:00</time>
      </trkpt>
      <trkpt lat="47.42652" lon="12.5341">
        <ele>1967</ele>
        <time>2026-05-12T23:50:36+00:00</time>
      </trkpt>
      <trkpt lat="47.42657" lon="12.53415">
        <ele>1965</ele>
        <time>2026-05-12T23:50:39+00:00</time>
      </trkpt>
      <trkpt lat="47.4266" lon="12.53418">
        <ele>1973</ele>
        <time>2026-05-12T23:50:42+00:00</time>
      </trkpt>
      <trkpt lat="47.42661" lon="12.53427">
        <ele>1971</ele>
        <time>2026-05-12T23:50:45+00:00</time>
      </trkpt>
      <trkpt lat="47.42663" lon="12.53433">
        <ele>1969</ele>
        <time>2026-05-12T23:50:48+00:00</time>
      </trkpt>
      <trkpt lat="47.42665" lon="12.53439">
        <ele>1969</ele>
        <time>2026-05-12T23:50:51+00:00</time>
      </trkpt>
      <trkpt lat="47.4267" lon="12.53438">
        <ele>1970</ele>
        <time>2026-05-12T23:50:54+00:00</time>
      </trkpt>
      <trkpt lat="47.42675" lon="12.53442">
        <ele>1972</ele>
        <time>2026-05-12T23:50:57+00:00</time>
      </trkpt>
      <trkpt lat="47.42677" lon="12.53447">
        <ele>1972</ele>
        <time>2026-05-12T23:51:00+00:00</time>
      </trkpt>
      <trkpt lat="47.42678" lon="12.53454">
        <ele>1970</ele>
        <time>2026-05-12T23:51:03+00:00</time>
      </trkpt>
      <trkpt lat="47.42679" lon="12.53461">
        <ele>1972</ele>
        <time>2026-05-12T23:51:06+00:00</time>
      </trkpt>
      <trkpt lat="47.42685" lon="12.53464">
        <ele>1972</ele>
        <time>2026-05-12T23:51:09+00:00</time>
      </trkpt>
      <trkpt lat="47.42691" lon="12.53468">
        <ele>1977</ele>
        <time>2026-05-12T23:51:12+00:00</time>
      </trkpt>
      <trkpt lat="47.42697" lon="12.53475">
        <ele>1975</ele>
        <time>2026-05-12T23:51:15+00:00</time>
      </trkpt>
      <trkpt lat="47.42703" lon="12.5348">
        <ele>1979</ele>
        <time>2026-05-12T23:51:18+00:00</time>
      </trkpt>
      <trkpt lat="47.42709" lon="12.53485">
        <ele>1975</ele>
        <time>2026-05-12T23:51:21+00:00</time>
      </trkpt>
      <trkpt lat="47.42713" lon="12.53492">
        <ele>1974</ele>
        <time>2026-05-12T23:51:24+00:00</time>
      </trkpt>
      <trkpt lat="47.42718" lon="12.53498">
        <ele>1976</ele>
        <time>2026-05-12T23:51:27+00:00</time>
      </trkpt>
      <trkpt lat="47.42723" lon="12.53507">
        <ele>1977</ele>
        <time>2026-05-12T23:51:30+00:00</time>
      </trkpt>
      <trkpt lat="47.4273" lon="12.5351">
        <ele>1973</ele>
        <time>2026-05-12T23:51:33+00:00</time>
      </trkpt>
      <trkpt lat="47.42732" lon="12.53516">
        <ele>1977</ele>
        <time>2026-05-12T23:51:36+00:00</time>
      </trkpt>
      <trkpt lat="47.42737" lon="12.53521">
        <ele>1973</ele>
        <time>2026-05-12T23:51:39+00:00</time>
      </trkpt>
      <trkpt lat="47.42743" lon="12.5353">
        <ele>1971</ele>
        <time>2026-05-12T23:51:42+00:00</time>
      </trkpt>
      <trkpt lat="47.42749" lon="12.53536">
        <ele>1968</ele>
        <time>2026-05-12T23:51:45+00:00</time>
      </trkpt>
      <trkpt lat="47.42754" lon="12.53546">
        <ele>1963</ele>
        <time>2026-05-12T23:51:48+00:00</time>
      </trkpt>
      <trkpt lat="47.42759" lon="12.53553">
        <ele>1959</ele>
        <time>2026-05-12T23:51:51+00:00</time>
      </trkpt>
      <trkpt lat="47.42767" lon="12.53561">
        <ele>1955</ele>
        <time>2026-05-12T23:51:54+00:00</time>
      </trkpt>
      <trkpt lat="47.42772" lon="12.53568">
        <ele>1954</ele>
        <time>2026-05-12T23:51:57+00:00</time>
      </trkpt>
      <trkpt lat="47.42778" lon="12.53579">
        <ele>1951</ele>
        <time>2026-05-12T23:52:00+00:00</time>
      </trkpt>
      <trkpt lat="47.42784" lon="12.53585">
        <ele>1947</ele>
        <time>2026-05-12T23:52:03+00:00</time>
      </trkpt>
      <trkpt lat="47.42787" lon="12.53597">
        <ele>1944</ele>
        <time>2026-05-12T23:52:06+00:00</time>
      </trkpt>
      <trkpt lat="47.42791" lon="12.536">
        <ele>1941</ele>
        <time>2026-05-12T23:52:09+00:00</time>
      </trkpt>
      <trkpt lat="47.42792" lon="12.53605">
        <ele>1941</ele>
        <time>2026-05-12T23:52:12+00:00</time>
      </trkpt>
      <trkpt lat="47.42791" lon="12.53612">
        <ele>1939</ele>
        <time>2026-05-12T23:52:15+00:00</time>
      </trkpt>
      <trkpt lat="47.4279" lon="12.53619">
        <ele>1939</ele>
        <time>2026-05-12T23:52:18+00:00</time>
      </trkpt>
      <trkpt lat="47.4279" lon="12.53629">
        <ele>1937</ele>
        <time>2026-05-12T23:52:21+00:00</time>
      </trkpt>
      <trkpt lat="47.42791" lon="12.53637">
        <ele>1935</ele>
        <time>2026-05-12T23:52:24+00:00</time>
      </trkpt>
      <trkpt lat="47.42792" lon="12.53645">
        <ele>1932</ele>
        <time>2026-05-12T23:52:27+00:00</time>
      </trkpt>
      <trkpt lat="47.42794" lon="12.53651">
        <ele>1930</ele>
        <time>2026-05-12T23:52:30+00:00</time>
      </trkpt>
      <trkpt lat="47.42795" lon="12.53656">
        <ele>1930</ele>
        <time>2026-05-12T23:52:33+00:00</time>
      </trkpt>
      <trkpt lat="47.42797" lon="12.53664">
        <ele>1928</ele>
        <time>2026-05-12T23:52:36+00:00</time>
      </trkpt>
      <trkpt lat="47.42795" lon="12.5367">
        <ele>1928</ele>
        <time>2026-05-12T23:52:39+00:00</time>
      </trkpt>
      <trkpt lat="47.42797" lon="12.53677">
        <ele>1926</ele>
        <time>2026-05-12T23:52:42+00:00</time>
      </trkpt>
      <trkpt lat="47.42803" lon="12.53688">
        <ele>1926</ele>
        <time>2026-05-12T23:52:45+00:00</time>
      </trkpt>
      <trkpt lat="47.42804" lon="12.53697">
        <ele>1924</ele>
        <time>2026-05-12T23:52:48+00:00</time>
      </trkpt>
      <trkpt lat="47.42805" lon="12.53705">
        <ele>1923</ele>
        <time>2026-05-12T23:52:51+00:00</time>
      </trkpt>
      <trkpt lat="47.42805" lon="12.53713">
        <ele>1922</ele>
        <time>2026-05-12T23:52:54+00:00</time>
      </trkpt>
      <trkpt lat="47.42808" lon="12.53722">
        <ele>1921</ele>
        <time>2026-05-12T23:52:57+00:00</time>
      </trkpt>
      <trkpt lat="47.42808" lon="12.53729">
        <ele>1921</ele>
        <time>2026-05-12T23:53:00+00:00</time>
      </trkpt>
      <trkpt lat="47.4281" lon="12.53735">
        <ele>1918</ele>
        <time>2026-05-12T23:53:03+00:00</time>
      </trkpt>
      <trkpt lat="47.42813" lon="12.53741">
        <ele>1917</ele>
        <time>2026-05-12T23:53:06+00:00</time>
      </trkpt>
      <trkpt lat="47.42817" lon="12.53748">
        <ele>1917</ele>
        <time>2026-05-12T23:53:09+00:00</time>
      </trkpt>
      <trkpt lat="47.42819" lon="12.53756">
        <ele>1916</ele>
        <time>2026-05-12T23:53:12+00:00</time>
      </trkpt>
      <trkpt lat="47.42819" lon="12.53763">
        <ele>1915</ele>
        <time>2026-05-12T23:53:15+00:00</time>
      </trkpt>
      <trkpt lat="47.4282" lon="12.53771">
        <ele>1914</ele>
        <time>2026-05-12T23:53:18+00:00</time>
      </trkpt>
      <trkpt lat="47.42821" lon="12.53779">
        <ele>1913</ele>
        <time>2026-05-12T23:53:21+00:00</time>
      </trkpt>
      <trkpt lat="47.42821" lon="12.53789">
        <ele>1913</ele>
        <time>2026-05-12T23:53:24+00:00</time>
      </trkpt>
      <trkpt lat="47.42825" lon="12.53801">
        <ele>1911</ele>
        <time>2026-05-12T23:53:27+00:00</time>
      </trkpt>
      <trkpt lat="47.4283" lon="12.53807">
        <ele>1911</ele>
        <time>2026-05-12T23:53:30+00:00</time>
      </trkpt>
      <trkpt lat="47.42833" lon="12.53826">
        <ele>1910</ele>
        <time>2026-05-12T23:53:33+00:00</time>
      </trkpt>
      <trkpt lat="47.42829" lon="12.53841">
        <ele>1910</ele>
        <time>2026-05-12T23:53:36+00:00</time>
      </trkpt>
      <trkpt lat="47.42825" lon="12.53848">
        <ele>1910</ele>
        <time>2026-05-12T23:53:39+00:00</time>
      </trkpt>
      <trkpt lat="47.42832" lon="12.53875">
        <ele>1910</ele>
        <time>2026-05-12T23:53:42+00:00</time>
      </trkpt>
      <trkpt lat="47.42833" lon="12.53894">
        <ele>1910</ele>
        <time>2026-05-12T23:53:45+00:00</time>
      </trkpt>
      <trkpt lat="47.4284" lon="12.53914">
        <ele>1911</ele>
        <time>2026-05-12T23:53:48+00:00</time>
      </trkpt>
      <trkpt lat="47.42842" lon="12.53934">
        <ele>1912</ele>
        <time>2026-05-12T23:53:51+00:00</time>
      </trkpt>
      <trkpt lat="47.42847" lon="12.53952">
        <ele>1913</ele>
        <time>2026-05-12T23:53:54+00:00</time>
      </trkpt>
      <trkpt lat="47.42858" lon="12.53992">
        <ele>1918</ele>
        <time>2026-05-12T23:53:57+00:00</time>
      </trkpt>
      <trkpt lat="47.4287" lon="12.54018">
        <ele>1918</ele>
        <time>2026-05-12T23:54:00+00:00</time>
      </trkpt>
      <trkpt lat="47.4287" lon="12.54029">
        <ele>1921</ele>
        <time>2026-05-12T23:54:03+00:00</time>
      </trkpt>
      <trkpt lat="47.42862" lon="12.54042">
        <ele>1926</ele>
        <time>2026-05-12T23:54:06+00:00</time>
      </trkpt>
      <trkpt lat="47.42858" lon="12.54047">
        <ele>1927</ele>
        <time>2026-05-12T23:54:09+00:00</time>
      </trkpt>
      <trkpt lat="47.42849" lon="12.54051">
        <ele>1930</ele>
        <time>2026-05-12T23:54:12+00:00</time>
      </trkpt>
      <trkpt lat="47.42837" lon="12.54053">
        <ele>1930</ele>
        <time>2026-05-12T23:54:15+00:00</time>
      </trkpt>
      <trkpt lat="47.42831" lon="12.54055">
        <ele>1930</ele>
        <time>2026-05-12T23:54:18+00:00</time>
      </trkpt>
      <trkpt lat="47.42824" lon="12.5406">
        <ele>1931</ele>
        <time>2026-05-12T23:54:21+00:00</time>
      </trkpt>
      <trkpt lat="47.42816" lon="12.54066">
        <ele>1934</ele>
        <time>2026-05-12T23:54:24+00:00</time>
      </trkpt>
      <trkpt lat="47.4281" lon="12.54069">
        <ele>1934</ele>
        <time>2026-05-12T23:54:27+00:00</time>
      </trkpt>
      <trkpt lat="47.42801" lon="12.54078">
        <ele>1936</ele>
        <time>2026-05-12T23:54:30+00:00</time>
      </trkpt>
      <trkpt lat="47.42796" lon="12.54087">
        <ele>1936</ele>
        <time>2026-05-12T23:54:33+00:00</time>
      </trkpt>
      <trkpt lat="47.42793" lon="12.54094">
        <ele>1939</ele>
        <time>2026-05-12T23:54:36+00:00</time>
      </trkpt>
      <trkpt lat="47.42787" lon="12.54105">
        <ele>1939</ele>
        <time>2026-05-12T23:54:39+00:00</time>
      </trkpt>
      <trkpt lat="47.42778" lon="12.54118">
        <ele>1939</ele>
        <time>2026-05-12T23:54:42+00:00</time>
      </trkpt>
      <trkpt lat="47.42776" lon="12.54132">
        <ele>1945</ele>
        <time>2026-05-12T23:54:45+00:00</time>
      </trkpt>
      <trkpt lat="47.42767" lon="12.54139">
        <ele>1942</ele>
        <time>2026-05-12T23:54:48+00:00</time>
      </trkpt>
      <trkpt lat="47.42759" lon="12.54154">
        <ele>1945</ele>
        <time>2026-05-12T23:54:51+00:00</time>
      </trkpt>
      <trkpt lat="47.42753" lon="12.54163">
        <ele>1948</ele>
        <time>2026-05-12T23:54:54+00:00</time>
      </trkpt>
      <trkpt lat="47.42747" lon="12.54179">
        <ele>1949</ele>
        <time>2026-05-12T23:54:57+00:00</time>
      </trkpt>
      <trkpt lat="47.42741" lon="12.54196">
        <ele>1956</ele>
        <time>2026-05-12T23:55:00+00:00</time>
      </trkpt>
      <trkpt lat="47.42735" lon="12.54208">
        <ele>1956</ele>
        <time>2026-05-12T23:55:03+00:00</time>
      </trkpt>
      <trkpt lat="47.42731" lon="12.54227">
        <ele>1963</ele>
        <time>2026-05-12T23:55:06+00:00</time>
      </trkpt>
      <trkpt lat="47.42726" lon="12.5425">
        <ele>1966</ele>
        <time>2026-05-12T23:55:09+00:00</time>
      </trkpt>
      <trkpt lat="47.4272" lon="12.54268">
        <ele>1964</ele>
        <time>2026-05-12T23:55:12+00:00</time>
      </trkpt>
      <trkpt lat="47.42713" lon="12.54286">
        <ele>1969</ele>
        <time>2026-05-12T23:55:15+00:00</time>
      </trkpt>
      <trkpt lat="47.42706" lon="12.54296">
        <ele>1966</ele>
        <time>2026-05-12T23:55:18+00:00</time>
      </trkpt>
      <trkpt lat="47.42701" lon="12.54326">
        <ele>1969</ele>
        <time>2026-05-12T23:55:21+00:00</time>
      </trkpt>
      <trkpt lat="47.42693" lon="12.54345">
        <ele>1974</ele>
        <time>2026-05-12T23:55:24+00:00</time>
      </trkpt>
      <trkpt lat="47.42687" lon="12.5436">
        <ele>1973</ele>
        <time>2026-05-12T23:55:27+00:00</time>
      </trkpt>
      <trkpt lat="47.42683" lon="12.54376">
        <ele>1976</ele>
        <time>2026-05-12T23:55:30+00:00</time>
      </trkpt>
      <trkpt lat="47.42677" lon="12.54393">
        <ele>1974</ele>
        <time>2026-05-12T23:55:33+00:00</time>
      </trkpt>
      <trkpt lat="47.42677" lon="12.54407">
        <ele>1976</ele>
        <time>2026-05-12T23:55:36+00:00</time>
      </trkpt>
      <trkpt lat="47.42676" lon="12.54425">
        <ele>1980</ele>
        <time>2026-05-12T23:55:39+00:00</time>
      </trkpt>
      <trkpt lat="47.42676" lon="12.54441">
        <ele>1984</ele>
        <time>2026-05-12T23:55:42+00:00</time>
      </trkpt>
      <trkpt lat="47.42667" lon="12.5445">
        <ele>1980</ele>
        <time>2026-05-12T23:55:45+00:00</time>
      </trkpt>
      <trkpt lat="47.42662" lon="12.54461">
        <ele>1982</ele>
        <time>2026-05-12T23:55:48+00:00</time>
      </trkpt>
      <trkpt lat="47.42648" lon="12.54466">
        <ele>1977</ele>
        <time>2026-05-12T23:55:51+00:00</time>
      </trkpt>
      <trkpt lat="47.42643" lon="12.54476">
        <ele>1976</ele>
        <time>2026-05-12T23:55:54+00:00</time>
      </trkpt>
      <trkpt lat="47.42632" lon="12.54483">
        <ele>1981</ele>
        <time>2026-05-12T23:55:57+00:00</time>
      </trkpt>
      <trkpt lat="47.42642" lon="12.54493">
        <ele>1981</ele>
        <time>2026-05-12T23:56:00+00:00</time>
      </trkpt>
      <trkpt lat="47.42654" lon="12.54504">
        <ele>1986</ele>
        <time>2026-05-12T23:56:03+00:00</time>
      </trkpt>
      <trkpt lat="47.42671" lon="12.5451">
        <ele>1991</ele>
        <time>2026-05-12T23:56:06+00:00</time>
      </trkpt>
      <trkpt lat="47.42682" lon="12.54521">
        <ele>1991</ele>
        <time>2026-05-12T23:56:09+00:00</time>
      </trkpt>
      <trkpt lat="47.42699" lon="12.5453">
        <ele>1994</ele>
        <time>2026-05-12T23:56:12+00:00</time>
      </trkpt>
      <trkpt lat="47.42707" lon="12.54535">
        <ele>1994</ele>
        <time>2026-05-12T23:56:15+00:00</time>
      </trkpt>
      <trkpt lat="47.42716" lon="12.54529">
        <ele>1999</ele>
        <time>2026-05-12T23:56:18+00:00</time>
      </trkpt>
      <trkpt lat="47.42727" lon="12.54537">
        <ele>1999</ele>
        <time>2026-05-12T23:56:21+00:00</time>
      </trkpt>
      <trkpt lat="47.42741" lon="12.54543">
        <ele>2003</ele>
        <time>2026-05-12T23:56:24+00:00</time>
      </trkpt>
      <trkpt lat="47.42749" lon="12.54545">
        <ele>1998</ele>
        <time>2026-05-12T23:56:27+00:00</time>
      </trkpt>
      <trkpt lat="47.42759" lon="12.5456">
        <ele>2001</ele>
        <time>2026-05-12T23:56:30+00:00</time>
      </trkpt>
      <trkpt lat="47.42758" lon="12.54577">
        <ele>1998</ele>
        <time>2026-05-12T23:56:33+00:00</time>
      </trkpt>
      <trkpt lat="47.42766" lon="12.54587">
        <ele>2000</ele>
        <time>2026-05-12T23:56:36+00:00</time>
      </trkpt>
      <trkpt lat="47.42771" lon="12.54603">
        <ele>1994</ele>
        <time>2026-05-12T23:56:39+00:00</time>
      </trkpt>
      <trkpt lat="47.42775" lon="12.54619">
        <ele>1996</ele>
        <time>2026-05-12T23:56:42+00:00</time>
      </trkpt>
      <trkpt lat="47.42773" lon="12.5464">
        <ele>1991</ele>
        <time>2026-05-12T23:56:45+00:00</time>
      </trkpt>
      <trkpt lat="47.42777" lon="12.54657">
        <ele>1987</ele>
        <time>2026-05-12T23:56:48+00:00</time>
      </trkpt>
      <trkpt lat="47.42776" lon="12.54681">
        <ele>1981</ele>
        <time>2026-05-12T23:56:51+00:00</time>
      </trkpt>
      <trkpt lat="47.42777" lon="12.54707">
        <ele>1976</ele>
        <time>2026-05-12T23:56:54+00:00</time>
      </trkpt>
      <trkpt lat="47.42778" lon="12.54714">
        <ele>1974</ele>
        <time>2026-05-12T23:56:57+00:00</time>
      </trkpt>
      <trkpt lat="47.4277" lon="12.54721">
        <ele>1972</ele>
        <time>2026-05-12T23:57:00+00:00</time>
      </trkpt>
      <trkpt lat="47.42763" lon="12.54727">
        <ele>1967</ele>
        <time>2026-05-12T23:57:03+00:00</time>
      </trkpt>
      <trkpt lat="47.42763" lon="12.54735">
        <ele>1965</ele>
        <time>2026-05-12T23:57:06+00:00</time>
      </trkpt>
      <trkpt lat="47.42755" lon="12.54748">
        <ele>1958</ele>
        <time>2026-05-12T23:57:09+00:00</time>
      </trkpt>
      <trkpt lat="47.42751" lon="12.54754">
        <ele>1956</ele>
        <time>2026-05-12T23:57:12+00:00</time>
      </trkpt>
      <trkpt lat="47.42744" lon="12.54781">
        <ele>1944</ele>
        <time>2026-05-12T23:57:15+00:00</time>
      </trkpt>
      <trkpt lat="47.42733" lon="12.54774">
        <ele>1942</ele>
        <time>2026-05-12T23:57:18+00:00</time>
      </trkpt>
      <trkpt lat="47.42732" lon="12.54789">
        <ele>1940</ele>
        <time>2026-05-12T23:57:21+00:00</time>
      </trkpt>
      <trkpt lat="47.42729" lon="12.54808">
        <ele>1931</ele>
        <time>2026-05-12T23:57:24+00:00</time>
      </trkpt>
      <trkpt lat="47.42723" lon="12.5483">
        <ele>1924</ele>
        <time>2026-05-12T23:57:27+00:00</time>
      </trkpt>
      <trkpt lat="47.42721" lon="12.54844">
        <ele>1922</ele>
        <time>2026-05-12T23:57:30+00:00</time>
      </trkpt>
      <trkpt lat="47.42707" lon="12.5484">
        <ele>1915</ele>
        <time>2026-05-12T23:57:33+00:00</time>
      </trkpt>
      <trkpt lat="47.42709" lon="12.54859">
        <ele>1910</ele>
        <time>2026-05-12T23:57:36+00:00</time>
      </trkpt>
      <trkpt lat="47.42706" lon="12.54872">
        <ele>1905</ele>
        <time>2026-05-12T23:57:39+00:00</time>
      </trkpt>
      <trkpt lat="47.42706" lon="12.54882">
        <ele>1902</ele>
        <time>2026-05-12T23:57:42+00:00</time>
      </trkpt>
      <trkpt lat="47.42718" lon="12.54896">
        <ele>1904</ele>
        <time>2026-05-12T23:57:45+00:00</time>
      </trkpt>
      <trkpt lat="47.42731" lon="12.5491">
        <ele>1906</ele>
        <time>2026-05-12T23:57:48+00:00</time>
      </trkpt>
      <trkpt lat="47.42742" lon="12.54931">
        <ele>1904</ele>
        <time>2026-05-12T23:57:51+00:00</time>
      </trkpt>
      <trkpt lat="47.42745" lon="12.54943">
        <ele>1901</ele>
        <time>2026-05-12T23:57:54+00:00</time>
      </trkpt>
      <trkpt lat="47.42752" lon="12.54966">
        <ele>1899</ele>
        <time>2026-05-12T23:57:57+00:00</time>
      </trkpt>
      <trkpt lat="47.42756" lon="12.54997">
        <ele>1891</ele>
        <time>2026-05-12T23:58:00+00:00</time>
      </trkpt>
      <trkpt lat="47.42765" lon="12.55021">
        <ele>1887</ele>
        <time>2026-05-12T23:58:03+00:00</time>
      </trkpt>
      <trkpt lat="47.42765" lon="12.55049">
        <ele>1882</ele>
        <time>2026-05-12T23:58:06+00:00</time>
      </trkpt>
      <trkpt lat="47.42769" lon="12.55071">
        <ele>1876</ele>
        <time>2026-05-12T23:58:09+00:00</time>
      </trkpt>
      <trkpt lat="47.42772" lon="12.55103">
        <ele>1871</ele>
        <time>2026-05-12T23:58:12+00:00</time>
      </trkpt>
      <trkpt lat="47.42775" lon="12.55127">
        <ele>1867</ele>
        <time>2026-05-12T23:58:15+00:00</time>
      </trkpt>
      <trkpt lat="47.42779" lon="12.5515">
        <ele>1862</ele>
        <time>2026-05-12T23:58:18+00:00</time>
      </trkpt>
      <trkpt lat="47.42783" lon="12.55178">
        <ele>1859</ele>
        <time>2026-05-12T23:58:21+00:00</time>
      </trkpt>
      <trkpt lat="47.42793" lon="12.55194">
        <ele>1856</ele>
        <time>2026-05-12T23:58:24+00:00</time>
      </trkpt>
      <trkpt lat="47.42803" lon="12.55208">
        <ele>1854</ele>
        <time>2026-05-12T23:58:27+00:00</time>
      </trkpt>
      <trkpt lat="47.42814" lon="12.55219">
        <ele>1849</ele>
        <time>2026-05-12T23:58:30+00:00</time>
      </trkpt>
      <trkpt lat="47.42825" lon="12.55233">
        <ele>1844</ele>
        <time>2026-05-12T23:58:33+00:00</time>
      </trkpt>
      <trkpt lat="47.42833" lon="12.55236">
        <ele>1840</ele>
        <time>2026-05-12T23:58:36+00:00</time>
      </trkpt>
      <trkpt lat="47.42839" lon="12.55225">
        <ele>1841</ele>
        <time>2026-05-12T23:58:39+00:00</time>
      </trkpt>
      <trkpt lat="47.42844" lon="12.55204">
        <ele>1843</ele>
        <time>2026-05-12T23:58:42+00:00</time>
      </trkpt>
      <trkpt lat="47.42852" lon="12.55184">
        <ele>1837</ele>
        <time>2026-05-12T23:58:45+00:00</time>
      </trkpt>
      <trkpt lat="47.42859" lon="12.55164">
        <ele>1842</ele>
        <time>2026-05-12T23:58:48+00:00</time>
      </trkpt>
      <trkpt lat="47.42868" lon="12.5515">
        <ele>1842</ele>
        <time>2026-05-12T23:58:51+00:00</time>
      </trkpt>
      <trkpt lat="47.42873" lon="12.55137">
        <ele>1840</ele>
        <time>2026-05-12T23:58:54+00:00</time>
      </trkpt>
      <trkpt lat="47.42882" lon="12.55117">
        <ele>1840</ele>
        <time>2026-05-12T23:58:57+00:00</time>
      </trkpt>
      <trkpt lat="47.42893" lon="12.55104">
        <ele>1838</ele>
        <time>2026-05-12T23:59:00+00:00</time>
      </trkpt>
      <trkpt lat="47.42905" lon="12.55096">
        <ele>1835</ele>
        <time>2026-05-12T23:59:03+00:00</time>
      </trkpt>
      <trkpt lat="47.42922" lon="12.5509">
        <ele>1827</ele>
        <time>2026-05-12T23:59:06+00:00</time>
      </trkpt>
      <trkpt lat="47.42933" lon="12.5509">
        <ele>1822</ele>
        <time>2026-05-12T23:59:09+00:00</time>
      </trkpt>
      <trkpt lat="47.42944" lon="12.5509">
        <ele>1818</ele>
        <time>2026-05-12T23:59:12+00:00</time>
      </trkpt>
      <trkpt lat="47.42959" lon="12.55083">
        <ele>1815</ele>
        <time>2026-05-12T23:59:15+00:00</time>
      </trkpt>
      <trkpt lat="47.42968" lon="12.55082">
        <ele>1812</ele>
        <time>2026-05-12T23:59:18+00:00</time>
      </trkpt>
      <trkpt lat="47.4299" lon="12.55081">
        <ele>1806</ele>
        <time>2026-05-12T23:59:21+00:00</time>
      </trkpt>
      <trkpt lat="47.43009" lon="12.55076">
        <ele>1802</ele>
        <time>2026-05-12T23:59:24+00:00</time>
      </trkpt>
      <trkpt lat="47.43019" lon="12.55078">
        <ele>1800</ele>
        <time>2026-05-12T23:59:27+00:00</time>
      </trkpt>
      <trkpt lat="47.43028" lon="12.55082">
        <ele>1796</ele>
        <time>2026-05-12T23:59:30+00:00</time>
      </trkpt>
      <trkpt lat="47.43035" lon="12.55087">
        <ele>1794</ele>
        <time>2026-05-12T23:59:33+00:00</time>
      </trkpt>
      <trkpt lat="47.4304" lon="12.55099">
        <ele>1790</ele>
        <time>2026-05-12T23:59:36+00:00</time>
      </trkpt>
      <trkpt lat="47.43051" lon="12.55108">
        <ele>1785</ele>
        <time>2026-05-12T23:59:39+00:00</time>
      </trkpt>
      <trkpt lat="47.43065" lon="12.55119">
        <ele>1781</ele>
        <time>2026-05-12T23:59:42+00:00</time>
      </trkpt>
      <trkpt lat="47.4307" lon="12.55127">
        <ele>1778</ele>
        <time>2026-05-12T23:59:45+00:00</time>
      </trkpt>
      <trkpt lat="47.43086" lon="12.55133">
        <ele>1770</ele>
        <time>2026-05-12T23:59:48+00:00</time>
      </trkpt>
      <trkpt lat="47.43097" lon="12.55135">
        <ele>1767</ele>
        <time>2026-05-12T23:59:51+00:00</time>
      </trkpt>
      <trkpt lat="47.43111" lon="12.5513">
        <ele>1763</ele>
        <time>2026-05-12T23:59:54+00:00</time>
      </trkpt>
      <trkpt lat="47.43121" lon="12.5513">
        <ele>1760</ele>
        <time>2026-05-12T23:59:57+00:00</time>
      </trkpt>
      <trkpt lat="47.43129" lon="12.5513">
        <ele>1760</ele>
        <time>2026-05-13T00:00:00+00:00</time>
      </trkpt>
      <trkpt lat="47.43138" lon="12.55141">
        <ele>1751</ele>
        <time>2026-05-13T00:00:03+00:00</time>
      </trkpt>
      <trkpt lat="47.43137" lon="12.55153">
        <ele>1747</ele>
        <time>2026-05-13T00:00:06+00:00</time>
      </trkpt>
      <trkpt lat="47.43147" lon="12.55163">
        <ele>1741</ele>
        <time>2026-05-13T00:00:09+00:00</time>
      </trkpt>
      <trkpt lat="47.43156" lon="12.55166">
        <ele>1737</ele>
        <time>2026-05-13T00:00:12+00:00</time>
      </trkpt>
      <trkpt lat="47.43153" lon="12.55185">
        <ele>1731</ele>
        <time>2026-05-13T00:00:15+00:00</time>
      </trkpt>
      <trkpt lat="47.43145" lon="12.55199">
        <ele>1731</ele>
        <time>2026-05-13T00:00:18+00:00</time>
      </trkpt>
      <trkpt lat="47.43142" lon="12.55216">
        <ele>1726</ele>
        <time>2026-05-13T00:00:21+00:00</time>
      </trkpt>
      <trkpt lat="47.43152" lon="12.55211">
        <ele>1722</ele>
        <time>2026-05-13T00:00:24+00:00</time>
      </trkpt>
      <trkpt lat="47.43161" lon="12.5521">
        <ele>1721</ele>
        <time>2026-05-13T00:00:27+00:00</time>
      </trkpt>
      <trkpt lat="47.43173" lon="12.55208">
        <ele>1717</ele>
        <time>2026-05-13T00:00:30+00:00</time>
      </trkpt>
      <trkpt lat="47.43182" lon="12.5521">
        <ele>1711</ele>
        <time>2026-05-13T00:00:33+00:00</time>
      </trkpt>
      <trkpt lat="47.43195" lon="12.55203">
        <ele>1710</ele>
        <time>2026-05-13T00:00:36+00:00</time>
      </trkpt>
      <trkpt lat="47.43208" lon="12.55199">
        <ele>1709</ele>
        <time>2026-05-13T00:00:39+00:00</time>
      </trkpt>
      <trkpt lat="47.43216" lon="12.55195">
        <ele>1705</ele>
        <time>2026-05-13T00:00:42+00:00</time>
      </trkpt>
      <trkpt lat="47.43223" lon="12.55184">
        <ele>1704</ele>
        <time>2026-05-13T00:00:45+00:00</time>
      </trkpt>
      <trkpt lat="47.43234" lon="12.55197">
        <ele>1696</ele>
        <time>2026-05-13T00:00:48+00:00</time>
      </trkpt>
      <trkpt lat="47.43242" lon="12.55209">
        <ele>1689</ele>
        <time>2026-05-13T00:00:51+00:00</time>
      </trkpt>
      <trkpt lat="47.43247" lon="12.55228">
        <ele>1684</ele>
        <time>2026-05-13T00:00:54+00:00</time>
      </trkpt>
      <trkpt lat="47.4325" lon="12.55242">
        <ele>1678</ele>
        <time>2026-05-13T00:00:57+00:00</time>
      </trkpt>
      <trkpt lat="47.43258" lon="12.55263">
        <ele>1669</ele>
        <time>2026-05-13T00:01:00+00:00</time>
      </trkpt>
      <trkpt lat="47.43263" lon="12.55274">
        <ele>1662</ele>
        <time>2026-05-13T00:01:03+00:00</time>
      </trkpt>
      <trkpt lat="47.43266" lon="12.55289">
        <ele>1660</ele>
        <time>2026-05-13T00:01:06+00:00</time>
      </trkpt>
      <trkpt lat="47.43274" lon="12.55279">
        <ele>1658</ele>
        <time>2026-05-13T00:01:09+00:00</time>
      </trkpt>
      <trkpt lat="47.43282" lon="12.55283">
        <ele>1651</ele>
        <time>2026-05-13T00:01:12+00:00</time>
      </trkpt>
      <trkpt lat="47.43288" lon="12.55301">
        <ele>1647</ele>
        <time>2026-05-13T00:01:15+00:00</time>
      </trkpt>
      <trkpt lat="47.43292" lon="12.55315">
        <ele>1639</ele>
        <time>2026-05-13T00:01:18+00:00</time>
      </trkpt>
      <trkpt lat="47.43291" lon="12.55331">
        <ele>1635</ele>
        <time>2026-05-13T00:01:21+00:00</time>
      </trkpt>
      <trkpt lat="47.43294" lon="12.55347">
        <ele>1634</ele>
        <time>2026-05-13T00:01:24+00:00</time>
      </trkpt>
      <trkpt lat="47.43299" lon="12.55362">
        <ele>1631</ele>
        <time>2026-05-13T00:01:27+00:00</time>
      </trkpt>
      <trkpt lat="47.43306" lon="12.55357">
        <ele>1626</ele>
        <time>2026-05-13T00:01:30+00:00</time>
      </trkpt>
      <trkpt lat="47.43311" lon="12.55369">
        <ele>1619</ele>
        <time>2026-05-13T00:01:33+00:00</time>
      </trkpt>
      <trkpt lat="47.43315" lon="12.55375">
        <ele>1617</ele>
        <time>2026-05-13T00:01:36+00:00</time>
      </trkpt>
      <trkpt lat="47.43321" lon="12.55382">
        <ele>1610</ele>
        <time>2026-05-13T00:01:39+00:00</time>
      </trkpt>
      <trkpt lat="47.43325" lon="12.55396">
        <ele>1609</ele>
        <time>2026-05-13T00:01:42+00:00</time>
      </trkpt>
      <trkpt lat="47.43328" lon="12.5541">
        <ele>1606</ele>
        <time>2026-05-13T00:01:45+00:00</time>
      </trkpt>
      <trkpt lat="47.4333" lon="12.55422">
        <ele>1605</ele>
        <time>2026-05-13T00:01:48+00:00</time>
      </trkpt>
      <trkpt lat="47.43327" lon="12.55443">
        <ele>1602</ele>
        <time>2026-05-13T00:01:51+00:00</time>
      </trkpt>
      <trkpt lat="47.43331" lon="12.55457">
        <ele>1595</ele>
        <time>2026-05-13T00:01:54+00:00</time>
      </trkpt>
      <trkpt lat="47.4334" lon="12.55434">
        <ele>1598</ele>
        <time>2026-05-13T00:01:57+00:00</time>
      </trkpt>
      <trkpt lat="47.43345" lon="12.55418">
        <ele>1595</ele>
        <time>2026-05-13T00:02:00+00:00</time>
      </trkpt>
      <trkpt lat="47.43351" lon="12.55397">
        <ele>1598</ele>
        <time>2026-05-13T00:02:03+00:00</time>
      </trkpt>
      <trkpt lat="47.43354" lon="12.55375">
        <ele>1594</ele>
        <time>2026-05-13T00:02:06+00:00</time>
      </trkpt>
      <trkpt lat="47.43356" lon="12.55349">
        <ele>1598</ele>
        <time>2026-05-13T00:02:09+00:00</time>
      </trkpt>
      <trkpt lat="47.43363" lon="12.55336">
        <ele>1593</ele>
        <time>2026-05-13T00:02:12+00:00</time>
      </trkpt>
      <trkpt lat="47.4337" lon="12.55326">
        <ele>1589</ele>
        <time>2026-05-13T00:02:15+00:00</time>
      </trkpt>
      <trkpt lat="47.43373" lon="12.55333">
        <ele>1587</ele>
        <time>2026-05-13T00:02:18+00:00</time>
      </trkpt>
      <trkpt lat="47.43381" lon="12.55354">
        <ele>1579</ele>
        <time>2026-05-13T00:02:21+00:00</time>
      </trkpt>
      <trkpt lat="47.43385" lon="12.55363">
        <ele>1577</ele>
        <time>2026-05-13T00:02:24+00:00</time>
      </trkpt>
      <trkpt lat="47.43394" lon="12.55397">
        <ele>1568</ele>
        <time>2026-05-13T00:02:27+00:00</time>
      </trkpt>
      <trkpt lat="47.43398" lon="12.55416">
        <ele>1566</ele>
        <time>2026-05-13T00:02:30+00:00</time>
      </trkpt>
      <trkpt lat="47.43402" lon="12.55433">
        <ele>1558</ele>
        <time>2026-05-13T00:02:33+00:00</time>
      </trkpt>
      <trkpt lat="47.43409" lon="12.55452">
        <ele>1556</ele>
        <time>2026-05-13T00:02:36+00:00</time>
      </trkpt>
      <trkpt lat="47.4341" lon="12.55471">
        <ele>1554</ele>
        <time>2026-05-13T00:02:39+00:00</time>
      </trkpt>
      <trkpt lat="47.4341" lon="12.55503">
        <ele>1546</ele>
        <time>2026-05-13T00:02:42+00:00</time>
      </trkpt>
      <trkpt lat="47.43414" lon="12.55518">
        <ele>1545</ele>
        <time>2026-05-13T00:02:45+00:00</time>
      </trkpt>
      <trkpt lat="47.4342" lon="12.55507">
        <ele>1542</ele>
        <time>2026-05-13T00:02:48+00:00</time>
      </trkpt>
      <trkpt lat="47.43426" lon="12.55502">
        <ele>1542</ele>
        <time>2026-05-13T00:02:51+00:00</time>
      </trkpt>
      <trkpt lat="47.4343" lon="12.55472">
        <ele>1544</ele>
        <time>2026-05-13T00:02:54+00:00</time>
      </trkpt>
      <trkpt lat="47.43431" lon="12.55449">
        <ele>1544</ele>
        <time>2026-05-13T00:02:57+00:00</time>
      </trkpt>
      <trkpt lat="47.43434" lon="12.55413">
        <ele>1547</ele>
        <time>2026-05-13T00:03:00+00:00</time>
      </trkpt>
      <trkpt lat="47.43437" lon="12.55383">
        <ele>1550</ele>
        <time>2026-05-13T00:03:03+00:00</time>
      </trkpt>
      <trkpt lat="47.43439" lon="12.55359">
        <ele>1553</ele>
        <time>2026-05-13T00:03:06+00:00</time>
      </trkpt>
      <trkpt lat="47.43444" lon="12.55345">
        <ele>1550</ele>
        <time>2026-05-13T00:03:09+00:00</time>
      </trkpt>
      <trkpt lat="47.43451" lon="12.55325">
        <ele>1552</ele>
        <time>2026-05-13T00:03:12+00:00</time>
      </trkpt>
      <trkpt lat="47.43462" lon="12.55322">
        <ele>1550</ele>
        <time>2026-05-13T00:03:15+00:00</time>
      </trkpt>
      <trkpt lat="47.43471" lon="12.55323">
        <ele>1547</ele>
        <time>2026-05-13T00:03:18+00:00</time>
      </trkpt>
      <trkpt lat="47.43484" lon="12.55319">
        <ele>1547</ele>
        <time>2026-05-13T00:03:21+00:00</time>
      </trkpt>
      <trkpt lat="47.43499" lon="12.55318">
        <ele>1545</ele>
        <time>2026-05-13T00:03:24+00:00</time>
      </trkpt>
      <trkpt lat="47.4351" lon="12.55317">
        <ele>1543</ele>
        <time>2026-05-13T00:03:27+00:00</time>
      </trkpt>
      <trkpt lat="47.43517" lon="12.55312">
        <ele>1541</ele>
        <time>2026-05-13T00:03:30+00:00</time>
      </trkpt>
      <trkpt lat="47.43523" lon="12.55308">
        <ele>1541</ele>
        <time>2026-05-13T00:03:33+00:00</time>
      </trkpt>
      <trkpt lat="47.4353" lon="12.55302">
        <ele>1539</ele>
        <time>2026-05-13T00:03:36+00:00</time>
      </trkpt>
      <trkpt lat="47.43537" lon="12.55299">
        <ele>1541</ele>
        <time>2026-05-13T00:03:39+00:00</time>
      </trkpt>
      <trkpt lat="47.43552" lon="12.55309">
        <ele>1535</ele>
        <time>2026-05-13T00:03:42+00:00</time>
      </trkpt>
      <trkpt lat="47.43557" lon="12.55313">
        <ele>1533</ele>
        <time>2026-05-13T00:03:45+00:00</time>
      </trkpt>
      <trkpt lat="47.43566" lon="12.55318">
        <ele>1530</ele>
        <time>2026-05-13T00:03:48+00:00</time>
      </trkpt>
      <trkpt lat="47.4357" lon="12.55326">
        <ele>1528</ele>
        <time>2026-05-13T00:03:51+00:00</time>
      </trkpt>
      <trkpt lat="47.43571" lon="12.55348">
        <ele>1522</ele>
        <time>2026-05-13T00:03:54+00:00</time>
      </trkpt>
      <trkpt lat="47.43569" lon="12.55362">
        <ele>1523</ele>
        <time>2026-05-13T00:03:57+00:00</time>
      </trkpt>
      <trkpt lat="47.43573" lon="12.55368">
        <ele>1520</ele>
        <time>2026-05-13T00:04:00+00:00</time>
      </trkpt>
      <trkpt lat="47.4358" lon="12.55359">
        <ele>1518</ele>
        <time>2026-05-13T00:04:03+00:00</time>
      </trkpt>
      <trkpt lat="47.43586" lon="12.5534">
        <ele>1519</ele>
        <time>2026-05-13T00:04:06+00:00</time>
      </trkpt>
      <trkpt lat="47.43594" lon="12.55327">
        <ele>1519</ele>
        <time>2026-05-13T00:04:09+00:00</time>
      </trkpt>
      <trkpt lat="47.43608" lon="12.55303">
        <ele>1519</ele>
        <time>2026-05-13T00:04:12+00:00</time>
      </trkpt>
      <trkpt lat="47.43618" lon="12.55286">
        <ele>1520</ele>
        <time>2026-05-13T00:04:15+00:00</time>
      </trkpt>
      <trkpt lat="47.43628" lon="12.55276">
        <ele>1518</ele>
        <time>2026-05-13T00:04:18+00:00</time>
      </trkpt>
      <trkpt lat="47.43636" lon="12.55264">
        <ele>1515</ele>
        <time>2026-05-13T00:04:21+00:00</time>
      </trkpt>
      <trkpt lat="47.43644" lon="12.55252">
        <ele>1513</ele>
        <time>2026-05-13T00:04:24+00:00</time>
      </trkpt>
      <trkpt lat="47.43652" lon="12.55243">
        <ele>1511</ele>
        <time>2026-05-13T00:04:27+00:00</time>
      </trkpt>
      <trkpt lat="47.43663" lon="12.55235">
        <ele>1508</ele>
        <time>2026-05-13T00:04:30+00:00</time>
      </trkpt>
      <trkpt lat="47.43672" lon="12.55227">
        <ele>1505</ele>
        <time>2026-05-13T00:04:33+00:00</time>
      </trkpt>
      <trkpt lat="47.43681" lon="12.5522">
        <ele>1501</ele>
        <time>2026-05-13T00:04:36+00:00</time>
      </trkpt>
      <trkpt lat="47.43688" lon="12.55209">
        <ele>1505</ele>
        <time>2026-05-13T00:04:39+00:00</time>
      </trkpt>
      <trkpt lat="47.43696" lon="12.55201">
        <ele>1499</ele>
        <time>2026-05-13T00:04:42+00:00</time>
      </trkpt>
      <trkpt lat="47.43707" lon="12.55187">
        <ele>1499</ele>
        <time>2026-05-13T00:04:45+00:00</time>
      </trkpt>
      <trkpt lat="47.43718" lon="12.55176">
        <ele>1496</ele>
        <time>2026-05-13T00:04:48+00:00</time>
      </trkpt>
      <trkpt lat="47.43728" lon="12.55163">
        <ele>1493</ele>
        <time>2026-05-13T00:04:51+00:00</time>
      </trkpt>
      <trkpt lat="47.43738" lon="12.55146">
        <ele>1492</ele>
        <time>2026-05-13T00:04:54+00:00</time>
      </trkpt>
      <trkpt lat="47.43748" lon="12.55131">
        <ele>1488</ele>
        <time>2026-05-13T00:04:57+00:00</time>
      </trkpt>
      <trkpt lat="47.43759" lon="12.55118">
        <ele>1487</ele>
        <time>2026-05-13T00:05:00+00:00</time>
      </trkpt>
      <trkpt lat="47.43767" lon="12.55104">
        <ele>1483</ele>
        <time>2026-05-13T00:05:03+00:00</time>
      </trkpt>
      <trkpt lat="47.43781" lon="12.55084">
        <ele>1479</ele>
        <time>2026-05-13T00:05:06+00:00</time>
      </trkpt>
      <trkpt lat="47.43793" lon="12.55074">
        <ele>1476</ele>
        <time>2026-05-13T00:05:09+00:00</time>
      </trkpt>
      <trkpt lat="47.43803" lon="12.55055">
        <ele>1478</ele>
        <time>2026-05-13T00:05:12+00:00</time>
      </trkpt>
      <trkpt lat="47.43808" lon="12.55042">
        <ele>1479</ele>
        <time>2026-05-13T00:05:15+00:00</time>
      </trkpt>
      <trkpt lat="47.43814" lon="12.55027">
        <ele>1478</ele>
        <time>2026-05-13T00:05:18+00:00</time>
      </trkpt>
      <trkpt lat="47.43823" lon="12.55009">
        <ele>1478</ele>
        <time>2026-05-13T00:05:21+00:00</time>
      </trkpt>
      <trkpt lat="47.43834" lon="12.54998">
        <ele>1478</ele>
        <time>2026-05-13T00:05:24+00:00</time>
      </trkpt>
      <trkpt lat="47.43844" lon="12.54987">
        <ele>1477</ele>
        <time>2026-05-13T00:05:27+00:00</time>
      </trkpt>
      <trkpt lat="47.43852" lon="12.54975">
        <ele>1478</ele>
        <time>2026-05-13T00:05:30+00:00</time>
      </trkpt>
      <trkpt lat="47.43862" lon="12.54971">
        <ele>1477</ele>
        <time>2026-05-13T00:05:33+00:00</time>
      </trkpt>
      <trkpt lat="47.43871" lon="12.54963">
        <ele>1478</ele>
        <time>2026-05-13T00:05:36+00:00</time>
      </trkpt>
      <trkpt lat="47.43876" lon="12.54963">
        <ele>1478</ele>
        <time>2026-05-13T00:05:39+00:00</time>
      </trkpt>
      <trkpt lat="47.43877" lon="12.54975">
        <ele>1476</ele>
        <time>2026-05-13T00:05:42+00:00</time>
      </trkpt>
      <trkpt lat="47.43871" lon="12.54992">
        <ele>1471</ele>
        <time>2026-05-13T00:05:45+00:00</time>
      </trkpt>
      <trkpt lat="47.43863" lon="12.5501">
        <ele>1468</ele>
        <time>2026-05-13T00:05:48+00:00</time>
      </trkpt>
      <trkpt lat="47.43855" lon="12.55032">
        <ele>1465</ele>
        <time>2026-05-13T00:05:51+00:00</time>
      </trkpt>
      <trkpt lat="47.43851" lon="12.55048">
        <ele>1463</ele>
        <time>2026-05-13T00:05:54+00:00</time>
      </trkpt>
      <trkpt lat="47.43864" lon="12.5505">
        <ele>1459</ele>
        <time>2026-05-13T00:05:57+00:00</time>
      </trkpt>
      <trkpt lat="47.43875" lon="12.55044">
        <ele>1460</ele>
        <time>2026-05-13T00:06:00+00:00</time>
      </trkpt>
      <trkpt lat="47.43887" lon="12.5504">
        <ele>1459</ele>
        <time>2026-05-13T00:06:03+00:00</time>
      </trkpt>
      <trkpt lat="47.43897" lon="12.55036">
        <ele>1459</ele>
        <time>2026-05-13T00:06:06+00:00</time>
      </trkpt>
      <trkpt lat="47.43905" lon="12.5503">
        <ele>1460</ele>
        <time>2026-05-13T00:06:09+00:00</time>
      </trkpt>
      <trkpt lat="47.43917" lon="12.55025">
        <ele>1465</ele>
        <time>2026-05-13T00:06:12+00:00</time>
      </trkpt>
      <trkpt lat="47.43922" lon="12.55019">
        <ele>1471</ele>
        <time>2026-05-13T00:06:15+00:00</time>
      </trkpt>
      <trkpt lat="47.43929" lon="12.55022">
        <ele>1469</ele>
        <time>2026-05-13T00:06:18+00:00</time>
      </trkpt>
      <trkpt lat="47.4394" lon="12.55031">
        <ele>1469</ele>
        <time>2026-05-13T00:06:21+00:00</time>
      </trkpt>
      <trkpt lat="47.43943" lon="12.5505">
        <ele>1471</ele>
        <time>2026-05-13T00:06:24+00:00</time>
      </trkpt>
      <trkpt lat="47.43948" lon="12.5507">
        <ele>1467</ele>
        <time>2026-05-13T00:06:27+00:00</time>
      </trkpt>
      <trkpt lat="47.43948" lon="12.55094">
        <ele>1461</ele>
        <time>2026-05-13T00:06:30+00:00</time>
      </trkpt>
      <trkpt lat="47.43951" lon="12.55105">
        <ele>1463</ele>
        <time>2026-05-13T00:06:33+00:00</time>
      </trkpt>
      <trkpt lat="47.43958" lon="12.55121">
        <ele>1459</ele>
        <time>2026-05-13T00:06:36+00:00</time>
      </trkpt>
      <trkpt lat="47.43963" lon="12.5514">
        <ele>1458</ele>
        <time>2026-05-13T00:06:39+00:00</time>
      </trkpt>
      <trkpt lat="47.43965" lon="12.55157">
        <ele>1456</ele>
        <time>2026-05-13T00:06:42+00:00</time>
      </trkpt>
      <trkpt lat="47.43966" lon="12.55173">
        <ele>1451</ele>
        <time>2026-05-13T00:06:45+00:00</time>
      </trkpt>
      <trkpt lat="47.43964" lon="12.55199">
        <ele>1447</ele>
        <time>2026-05-13T00:06:48+00:00</time>
      </trkpt>
      <trkpt lat="47.43962" lon="12.55221">
        <ele>1439</ele>
        <time>2026-05-13T00:06:51+00:00</time>
      </trkpt>
      <trkpt lat="47.4396" lon="12.55237">
        <ele>1437</ele>
        <time>2026-05-13T00:06:54+00:00</time>
      </trkpt>
      <trkpt lat="47.4397" lon="12.55254">
        <ele>1432</ele>
        <time>2026-05-13T00:06:57+00:00</time>
      </trkpt>
      <trkpt lat="47.43981" lon="12.55286">
        <ele>1431</ele>
        <time>2026-05-13T00:07:00+00:00</time>
      </trkpt>
      <trkpt lat="47.43996" lon="12.55311">
        <ele>1427</ele>
        <time>2026-05-13T00:07:03+00:00</time>
      </trkpt>
      <trkpt lat="47.44008" lon="12.55333">
        <ele>1427</ele>
        <time>2026-05-13T00:07:06+00:00</time>
      </trkpt>
      <trkpt lat="47.44021" lon="12.55352">
        <ele>1431</ele>
        <time>2026-05-13T00:07:09+00:00</time>
      </trkpt>
      <trkpt lat="47.4404" lon="12.55368">
        <ele>1430</ele>
        <time>2026-05-13T00:07:12+00:00</time>
      </trkpt>
      <trkpt lat="47.44045" lon="12.55394">
        <ele>1429</ele>
        <time>2026-05-13T00:07:15+00:00</time>
      </trkpt>
      <trkpt lat="47.4405" lon="12.55412">
        <ele>1435</ele>
        <time>2026-05-13T00:07:18+00:00</time>
      </trkpt>
      <trkpt lat="47.44051" lon="12.5544">
        <ele>1428</ele>
        <time>2026-05-13T00:07:21+00:00</time>
      </trkpt>
      <trkpt lat="47.44057" lon="12.55468">
        <ele>1424</ele>
        <time>2026-05-13T00:07:24+00:00</time>
      </trkpt>
      <trkpt lat="47.44066" lon="12.55493">
        <ele>1423</ele>
        <time>2026-05-13T00:07:27+00:00</time>
      </trkpt>
      <trkpt lat="47.44073" lon="12.55511">
        <ele>1425</ele>
        <time>2026-05-13T00:07:30+00:00</time>
      </trkpt>
      <trkpt lat="47.44076" lon="12.55534">
        <ele>1421</ele>
        <time>2026-05-13T00:07:33+00:00</time>
      </trkpt>
      <trkpt lat="47.44086" lon="12.55572">
        <ele>1419</ele>
        <time>2026-05-13T00:07:36+00:00</time>
      </trkpt>
      <trkpt lat="47.4408" lon="12.55595">
        <ele>1416</ele>
        <time>2026-05-13T00:07:39+00:00</time>
      </trkpt>
      <trkpt lat="47.44082" lon="12.55634">
        <ele>1411</ele>
        <time>2026-05-13T00:07:42+00:00</time>
      </trkpt>
      <trkpt lat="47.44095" lon="12.55684">
        <ele>1410</ele>
        <time>2026-05-13T00:07:45+00:00</time>
      </trkpt>
      <trkpt lat="47.44114" lon="12.55722">
        <ele>1409</ele>
        <time>2026-05-13T00:07:48+00:00</time>
      </trkpt>
      <trkpt lat="47.44124" lon="12.55765">
        <ele>1408</ele>
        <time>2026-05-13T00:07:51+00:00</time>
      </trkpt>
      <trkpt lat="47.44145" lon="12.55787">
        <ele>1408</ele>
        <time>2026-05-13T00:07:54+00:00</time>
      </trkpt>
      <trkpt lat="47.44172" lon="12.55824">
        <ele>1406</ele>
        <time>2026-05-13T00:07:57+00:00</time>
      </trkpt>
      <trkpt lat="47.4419" lon="12.55851">
        <ele>1403</ele>
        <time>2026-05-13T00:08:00+00:00</time>
      </trkpt>
      <trkpt lat="47.44204" lon="12.55871">
        <ele>1403</ele>
        <time>2026-05-13T00:08:03+00:00</time>
      </trkpt>
      <trkpt lat="47.44222" lon="12.55897">
        <ele>1399</ele>
        <time>2026-05-13T00:08:06+00:00</time>
      </trkpt>
      <trkpt lat="47.4423" lon="12.55921">
        <ele>1402</ele>
        <time>2026-05-13T00:08:09+00:00</time>
      </trkpt>
      <trkpt lat="47.4424" lon="12.55953">
        <ele>1396</ele>
        <time>2026-05-13T00:08:12+00:00</time>
      </trkpt>
      <trkpt lat="47.44241" lon="12.55988">
        <ele>1396</ele>
        <time>2026-05-13T00:08:15+00:00</time>
      </trkpt>
      <trkpt lat="47.44251" lon="12.56052">
        <ele>1387</ele>
        <time>2026-05-13T00:08:18+00:00</time>
      </trkpt>
      <trkpt lat="47.4425" lon="12.56096">
        <ele>1382</ele>
        <time>2026-05-13T00:08:21+00:00</time>
      </trkpt>
      <trkpt lat="47.44254" lon="12.56134">
        <ele>1381</ele>
        <time>2026-05-13T00:08:24+00:00</time>
      </trkpt>
      <trkpt lat="47.44269" lon="12.56159">
        <ele>1380</ele>
        <time>2026-05-13T00:08:27+00:00</time>
      </trkpt>
      <trkpt lat="47.44292" lon="12.56164">
        <ele>1379</ele>
        <time>2026-05-13T00:08:30+00:00</time>
      </trkpt>
      <trkpt lat="47.44318" lon="12.56165">
        <ele>1379</ele>
        <time>2026-05-13T00:08:33+00:00</time>
      </trkpt>
      <trkpt lat="47.44336" lon="12.56164">
        <ele>1374</ele>
        <time>2026-05-13T00:08:36+00:00</time>
      </trkpt>
      <trkpt lat="47.4436" lon="12.56162">
        <ele>1369</ele>
        <time>2026-05-13T00:08:39+00:00</time>
      </trkpt>
      <trkpt lat="47.44378" lon="12.56151">
        <ele>1366</ele>
        <time>2026-05-13T00:08:42+00:00</time>
      </trkpt>
      <trkpt lat="47.44402" lon="12.5613">
        <ele>1362</ele>
        <time>2026-05-13T00:08:45+00:00</time>
      </trkpt>
      <trkpt lat="47.44421" lon="12.56104">
        <ele>1358</ele>
        <time>2026-05-13T00:08:48+00:00</time>
      </trkpt>
      <trkpt lat="47.44432" lon="12.56084">
        <ele>1358</ele>
        <time>2026-05-13T00:08:51+00:00</time>
      </trkpt>
      <trkpt lat="47.44445" lon="12.56073">
        <ele>1354</ele>
        <time>2026-05-13T00:08:54+00:00</time>
      </trkpt>
      <trkpt lat="47.44458" lon="12.56061">
        <ele>1351</ele>
        <time>2026-05-13T00:08:57+00:00</time>
      </trkpt>
      <trkpt lat="47.44469" lon="12.56068">
        <ele>1348</ele>
        <time>2026-05-13T00:09:00+00:00</time>
      </trkpt>
      <trkpt lat="47.44486" lon="12.56075">
        <ele>1342</ele>
        <time>2026-05-13T00:09:03+00:00</time>
      </trkpt>
      <trkpt lat="47.44497" lon="12.56063">
        <ele>1340</ele>
        <time>2026-05-13T00:09:06+00:00</time>
      </trkpt>
      <trkpt lat="47.44497" lon="12.56029">
        <ele>1344</ele>
        <time>2026-05-13T00:09:09+00:00</time>
      </trkpt>
      <trkpt lat="47.44481" lon="12.55999">
        <ele>1346</ele>
        <time>2026-05-13T00:09:12+00:00</time>
      </trkpt>
      <trkpt lat="47.44497" lon="12.55978">
        <ele>1342</ele>
        <time>2026-05-13T00:09:15+00:00</time>
      </trkpt>
      <trkpt lat="47.44524" lon="12.55986">
        <ele>1338</ele>
        <time>2026-05-13T00:09:18+00:00</time>
      </trkpt>
      <trkpt lat="47.44553" lon="12.55977">
        <ele>1332</ele>
        <time>2026-05-13T00:09:21+00:00</time>
      </trkpt>
      <trkpt lat="47.44581" lon="12.55975">
        <ele>1324</ele>
        <time>2026-05-13T00:09:24+00:00</time>
      </trkpt>
      <trkpt lat="47.44606" lon="12.55972">
        <ele>1320</ele>
        <time>2026-05-13T00:09:27+00:00</time>
      </trkpt>
      <trkpt lat="47.44621" lon="12.55968">
        <ele>1317</ele>
        <time>2026-05-13T00:09:30+00:00</time>
      </trkpt>
      <trkpt lat="47.44635" lon="12.5597">
        <ele>1313</ele>
        <time>2026-05-13T00:09:33+00:00</time>
      </trkpt>
      <trkpt lat="47.44645" lon="12.5597">
        <ele>1311</ele>
        <time>2026-05-13T00:09:36+00:00</time>
      </trkpt>
      <trkpt lat="47.44663" lon="12.55949">
        <ele>1308</ele>
        <time>2026-05-13T00:09:39+00:00</time>
      </trkpt>
      <trkpt lat="47.44667" lon="12.55928">
        <ele>1307</ele>
        <time>2026-05-13T00:09:42+00:00</time>
      </trkpt>
      <trkpt lat="47.4468" lon="12.55896">
        <ele>1298</ele>
        <time>2026-05-13T00:09:45+00:00</time>
      </trkpt>
      <trkpt lat="47.44677" lon="12.55879">
        <ele>1300</ele>
        <time>2026-05-13T00:09:48+00:00</time>
      </trkpt>
      <trkpt lat="47.44695" lon="12.55872">
        <ele>1293</ele>
        <time>2026-05-13T00:09:51+00:00</time>
      </trkpt>
      <trkpt lat="47.44707" lon="12.55876">
        <ele>1289</ele>
        <time>2026-05-13T00:09:54+00:00</time>
      </trkpt>
      <trkpt lat="47.44716" lon="12.55886">
        <ele>1287</ele>
        <time>2026-05-13T00:09:57+00:00</time>
      </trkpt>
      <trkpt lat="47.44725" lon="12.55912">
        <ele>1287</ele>
        <time>2026-05-13T00:10:00+00:00</time>
      </trkpt>
      <trkpt lat="47.44743" lon="12.55919">
        <ele>1278</ele>
        <time>2026-05-13T00:10:03+00:00</time>
      </trkpt>
      <trkpt lat="47.44754" lon="12.55928">
        <ele>1276</ele>
        <time>2026-05-13T00:10:06+00:00</time>
      </trkpt>
      <trkpt lat="47.44765" lon="12.55927">
        <ele>1271</ele>
        <time>2026-05-13T00:10:09+00:00</time>
      </trkpt>
      <trkpt lat="47.44776" lon="12.55933">
        <ele>1269</ele>
        <time>2026-05-13T00:10:12+00:00</time>
      </trkpt>
      <trkpt lat="47.44784" lon="12.55915">
        <ele>1262</ele>
        <time>2026-05-13T00:10:15+00:00</time>
      </trkpt>
      <trkpt lat="47.44798" lon="12.55918">
        <ele>1257</ele>
        <time>2026-05-13T00:10:18+00:00</time>
      </trkpt>
      <trkpt lat="47.44808" lon="12.55908">
        <ele>1251</ele>
        <time>2026-05-13T00:10:21+00:00</time>
      </trkpt>
      <trkpt lat="47.4482" lon="12.55919">
        <ele>1247</ele>
        <time>2026-05-13T00:10:24+00:00</time>
      </trkpt>
      <trkpt lat="47.44829" lon="12.55941">
        <ele>1251</ele>
        <time>2026-05-13T00:10:27+00:00</time>
      </trkpt>
      <trkpt lat="47.44833" lon="12.55967">
        <ele>1246</ele>
        <time>2026-05-13T00:10:30+00:00</time>
      </trkpt>
      <trkpt lat="47.44838" lon="12.56004">
        <ele>1251</ele>
        <time>2026-05-13T00:10:33+00:00</time>
      </trkpt>
      <trkpt lat="47.44843" lon="12.56031">
        <ele>1251</ele>
        <time>2026-05-13T00:10:36+00:00</time>
      </trkpt>
      <trkpt lat="47.44842" lon="12.56053">
        <ele>1253</ele>
        <time>2026-05-13T00:10:39+00:00</time>
      </trkpt>
      <trkpt lat="47.44854" lon="12.56069">
        <ele>1250</ele>
        <time>2026-05-13T00:10:42+00:00</time>
      </trkpt>
      <trkpt lat="47.44854" lon="12.56085">
        <ele>1253</ele>
        <time>2026-05-13T00:10:45+00:00</time>
      </trkpt>
      <trkpt lat="47.44851" lon="12.56132">
        <ele>1250</ele>
        <time>2026-05-13T00:10:48+00:00</time>
      </trkpt>
      <trkpt lat="47.44837" lon="12.56155">
        <ele>1249</ele>
        <time>2026-05-13T00:10:51+00:00</time>
      </trkpt>
      <trkpt lat="47.44824" lon="12.56174">
        <ele>1249</ele>
        <time>2026-05-13T00:10:54+00:00</time>
      </trkpt>
      <trkpt lat="47.44825" lon="12.56205">
        <ele>1244</ele>
        <time>2026-05-13T00:10:57+00:00</time>
      </trkpt>
      <trkpt lat="47.44848" lon="12.56223">
        <ele>1238</ele>
        <time>2026-05-13T00:11:00+00:00</time>
      </trkpt>
      <trkpt lat="47.44855" lon="12.56234">
        <ele>1234</ele>
        <time>2026-05-13T00:11:03+00:00</time>
      </trkpt>
      <trkpt lat="47.44871" lon="12.56239">
        <ele>1231</ele>
        <time>2026-05-13T00:11:06+00:00</time>
      </trkpt>
      <trkpt lat="47.4488" lon="12.56242">
        <ele>1229</ele>
        <time>2026-05-13T00:11:09+00:00</time>
      </trkpt>
      <trkpt lat="47.44894" lon="12.56237">
        <ele>1227</ele>
        <time>2026-05-13T00:11:12+00:00</time>
      </trkpt>
      <trkpt lat="47.44903" lon="12.56226">
        <ele>1227</ele>
        <time>2026-05-13T00:11:15+00:00</time>
      </trkpt>
      <trkpt lat="47.44912" lon="12.56215">
        <ele>1226</ele>
        <time>2026-05-13T00:11:18+00:00</time>
      </trkpt>
      <trkpt lat="47.44928" lon="12.56228">
        <ele>1222</ele>
        <time>2026-05-13T00:11:21+00:00</time>
      </trkpt>
      <trkpt lat="47.44938" lon="12.56245">
        <ele>1217</ele>
        <time>2026-05-13T00:11:24+00:00</time>
      </trkpt>
      <trkpt lat="47.44947" lon="12.56248">
        <ele>1213</ele>
        <time>2026-05-13T00:11:27+00:00</time>
      </trkpt>
      <trkpt lat="47.44957" lon="12.56266">
        <ele>1208</ele>
        <time>2026-05-13T00:11:30+00:00</time>
      </trkpt>
      <trkpt lat="47.44978" lon="12.56267">
        <ele>1202</ele>
        <time>2026-05-13T00:11:33+00:00</time>
      </trkpt>
      <trkpt lat="47.44993" lon="12.56267">
        <ele>1196</ele>
        <time>2026-05-13T00:11:36+00:00</time>
      </trkpt>
      <trkpt lat="47.45007" lon="12.56261">
        <ele>1193</ele>
        <time>2026-05-13T00:11:39+00:00</time>
      </trkpt>
      <trkpt lat="47.45013" lon="12.56259">
        <ele>1189</ele>
        <time>2026-05-13T00:11:42+00:00</time>
      </trkpt>
      <trkpt lat="47.45028" lon="12.56259">
        <ele>1190</ele>
        <time>2026-05-13T00:11:45+00:00</time>
      </trkpt>
      <trkpt lat="47.45034" lon="12.56244">
        <ele>1180</ele>
        <time>2026-05-13T00:11:48+00:00</time>
      </trkpt>
      <trkpt lat="47.45027" lon="12.56202">
        <ele>1187</ele>
        <time>2026-05-13T00:11:51+00:00</time>
      </trkpt>
      <trkpt lat="47.45027" lon="12.56175">
        <ele>1187</ele>
        <time>2026-05-13T00:11:54+00:00</time>
      </trkpt>
      <trkpt lat="47.4503" lon="12.56146">
        <ele>1186</ele>
        <time>2026-05-13T00:11:57+00:00</time>
      </trkpt>
      <trkpt lat="47.45031" lon="12.56115">
        <ele>1178</ele>
        <time>2026-05-13T00:12:00+00:00</time>
      </trkpt>
      <trkpt lat="47.45034" lon="12.56083">
        <ele>1174</ele>
        <time>2026-05-13T00:12:03+00:00</time>
      </trkpt>
      <trkpt lat="47.4505" lon="12.56097">
        <ele>1171</ele>
        <time>2026-05-13T00:12:06+00:00</time>
      </trkpt>
      <trkpt lat="47.45057" lon="12.56115">
        <ele>1169</ele>
        <time>2026-05-13T00:12:09+00:00</time>
      </trkpt>
      <trkpt lat="47.45069" lon="12.56129">
        <ele>1165</ele>
        <time>2026-05-13T00:12:12+00:00</time>
      </trkpt>
      <trkpt lat="47.45087" lon="12.56154">
        <ele>1162</ele>
        <time>2026-05-13T00:12:15+00:00</time>
      </trkpt>
      <trkpt lat="47.45076" lon="12.56122">
        <ele>1161</ele>
        <time>2026-05-13T00:12:18+00:00</time>
      </trkpt>
      <trkpt lat="47.45066" lon="12.56089">
        <ele>1161</ele>
        <time>2026-05-13T00:12:21+00:00</time>
      </trkpt>
      <trkpt lat="47.45062" lon="12.56074">
        <ele>1158</ele>
        <time>2026-05-13T00:12:24+00:00</time>
      </trkpt>
      <trkpt lat="47.4505" lon="12.56044">
        <ele>1160</ele>
        <time>2026-05-13T00:12:27+00:00</time>
      </trkpt>
      <trkpt lat="47.45038" lon="12.56026">
        <ele>1158</ele>
        <time>2026-05-13T00:12:30+00:00</time>
      </trkpt>
      <trkpt lat="47.45025" lon="12.56">
        <ele>1159</ele>
        <time>2026-05-13T00:12:33+00:00</time>
      </trkpt>
      <trkpt lat="47.45015" lon="12.55969">
        <ele>1157</ele>
        <time>2026-05-13T00:12:36+00:00</time>
      </trkpt>
      <trkpt lat="47.45003" lon="12.55934">
        <ele>1160</ele>
        <time>2026-05-13T00:12:39+00:00</time>
      </trkpt>
      <trkpt lat="47.44991" lon="12.55909">
        <ele>1163</ele>
        <time>2026-05-13T00:12:42+00:00</time>
      </trkpt>
      <trkpt lat="47.4498" lon="12.55883">
        <ele>1172</ele>
        <time>2026-05-13T00:12:45+00:00</time>
      </trkpt>
      <trkpt lat="47.44973" lon="12.55855">
        <ele>1180</ele>
        <time>2026-05-13T00:12:48+00:00</time>
      </trkpt>
      <trkpt lat="47.45001" lon="12.55838">
        <ele>1180</ele>
        <time>2026-05-13T00:12:51+00:00</time>
      </trkpt>
      <trkpt lat="47.45013" lon="12.5585">
        <ele>1173</ele>
        <time>2026-05-13T00:12:54+00:00</time>
      </trkpt>
      <trkpt lat="47.45033" lon="12.55855">
        <ele>1165</ele>
        <time>2026-05-13T00:12:57+00:00</time>
      </trkpt>
      <trkpt lat="47.45052" lon="12.55865">
        <ele>1156</ele>
        <time>2026-05-13T00:13:00+00:00</time>
      </trkpt>
      <trkpt lat="47.45066" lon="12.55872">
        <ele>1151</ele>
        <time>2026-05-13T00:13:03+00:00</time>
      </trkpt>
      <trkpt lat="47.45082" lon="12.55872">
        <ele>1146</ele>
        <time>2026-05-13T00:13:06+00:00</time>
      </trkpt>
      <trkpt lat="47.45098" lon="12.55875">
        <ele>1143</ele>
        <time>2026-05-13T00:13:09+00:00</time>
      </trkpt>
      <trkpt lat="47.45111" lon="12.55886">
        <ele>1142</ele>
        <time>2026-05-13T00:13:12+00:00</time>
      </trkpt>
      <trkpt lat="47.45129" lon="12.55859">
        <ele>1139</ele>
        <time>2026-05-13T00:13:15+00:00</time>
      </trkpt>
      <trkpt lat="47.45147" lon="12.55827">
        <ele>1139</ele>
        <time>2026-05-13T00:13:18+00:00</time>
      </trkpt>
      <trkpt lat="47.45156" lon="12.55809">
        <ele>1138</ele>
        <time>2026-05-13T00:13:21+00:00</time>
      </trkpt>
      <trkpt lat="47.45165" lon="12.55798">
        <ele>1136</ele>
        <time>2026-05-13T00:13:24+00:00</time>
      </trkpt>
      <trkpt lat="47.45171" lon="12.55783">
        <ele>1133</ele>
        <time>2026-05-13T00:13:27+00:00</time>
      </trkpt>
      <trkpt lat="47.45187" lon="12.5578">
        <ele>1129</ele>
        <time>2026-05-13T00:13:30+00:00</time>
      </trkpt>
      <trkpt lat="47.45202" lon="12.5577">
        <ele>1122</ele>
        <time>2026-05-13T00:13:33+00:00</time>
      </trkpt>
      <trkpt lat="47.45212" lon="12.5577">
        <ele>1124</ele>
        <time>2026-05-13T00:13:36+00:00</time>
      </trkpt>
      <trkpt lat="47.45215" lon="12.55742">
        <ele>1120</ele>
        <time>2026-05-13T00:13:39+00:00</time>
      </trkpt>
      <trkpt lat="47.45226" lon="12.55724">
        <ele>1119</ele>
        <time>2026-05-13T00:13:42+00:00</time>
      </trkpt>
      <trkpt lat="47.45232" lon="12.55708">
        <ele>1117</ele>
        <time>2026-05-13T00:13:45+00:00</time>
      </trkpt>
      <trkpt lat="47.45244" lon="12.55688">
        <ele>1115</ele>
        <time>2026-05-13T00:13:48+00:00</time>
      </trkpt>
      <trkpt lat="47.45261" lon="12.55665">
        <ele>1110</ele>
        <time>2026-05-13T00:13:51+00:00</time>
      </trkpt>
      <trkpt lat="47.45271" lon="12.55634">
        <ele>1107</ele>
        <time>2026-05-13T00:13:54+00:00</time>
      </trkpt>
      <trkpt lat="47.45284" lon="12.55602">
        <ele>1104</ele>
        <time>2026-05-13T00:13:57+00:00</time>
      </trkpt>
      <trkpt lat="47.45294" lon="12.55577">
        <ele>1102</ele>
        <time>2026-05-13T00:14:00+00:00</time>
      </trkpt>
      <trkpt lat="47.45303" lon="12.55554">
        <ele>1099</ele>
        <time>2026-05-13T00:14:03+00:00</time>
      </trkpt>
      <trkpt lat="47.45311" lon="12.55537">
        <ele>1096</ele>
        <time>2026-05-13T00:14:06+00:00</time>
      </trkpt>
      <trkpt lat="47.45317" lon="12.55525">
        <ele>1097</ele>
        <time>2026-05-13T00:14:09+00:00</time>
      </trkpt>
      <trkpt lat="47.45325" lon="12.55516">
        <ele>1094</ele>
        <time>2026-05-13T00:14:12+00:00</time>
      </trkpt>
      <trkpt lat="47.45329" lon="12.55499">
        <ele>1095</ele>
        <time>2026-05-13T00:14:15+00:00</time>
      </trkpt>
      <trkpt lat="47.45334" lon="12.5549">
        <ele>1092</ele>
        <time>2026-05-13T00:14:18+00:00</time>
      </trkpt>
      <trkpt lat="47.45336" lon="12.55478">
        <ele>1092</ele>
        <time>2026-05-13T00:14:21+00:00</time>
      </trkpt>
      <trkpt lat="47.45342" lon="12.55465">
        <ele>1089</ele>
        <time>2026-05-13T00:14:24+00:00</time>
      </trkpt>
      <trkpt lat="47.45347" lon="12.55451">
        <ele>1090</ele>
        <time>2026-05-13T00:14:27+00:00</time>
      </trkpt>
      <trkpt lat="47.45353" lon="12.55435">
        <ele>1087</ele>
        <time>2026-05-13T00:14:30+00:00</time>
      </trkpt>
      <trkpt lat="47.45362" lon="12.55421">
        <ele>1084</ele>
        <time>2026-05-13T00:14:33+00:00</time>
      </trkpt>
      <trkpt lat="47.45367" lon="12.5541">
        <ele>1085</ele>
        <time>2026-05-13T00:14:36+00:00</time>
      </trkpt>
      <trkpt lat="47.45375" lon="12.55403">
        <ele>1082</ele>
        <time>2026-05-13T00:14:39+00:00</time>
      </trkpt>
      <trkpt lat="47.45379" lon="12.55396">
        <ele>1083</ele>
        <time>2026-05-13T00:14:42+00:00</time>
      </trkpt>
      <trkpt lat="47.45386" lon="12.5539">
        <ele>1079</ele>
        <time>2026-05-13T00:14:45+00:00</time>
      </trkpt>
      <trkpt lat="47.45393" lon="12.55385">
        <ele>1077</ele>
        <time>2026-05-13T00:14:48+00:00</time>
      </trkpt>
      <trkpt lat="47.45401" lon="12.55379">
        <ele>1074</ele>
        <time>2026-05-13T00:14:51+00:00</time>
      </trkpt>
      <trkpt lat="47.4541" lon="12.55376">
        <ele>1071</ele>
        <time>2026-05-13T00:14:54+00:00</time>
      </trkpt>
      <trkpt lat="47.45419" lon="12.55371">
        <ele>1071</ele>
        <time>2026-05-13T00:14:57+00:00</time>
      </trkpt>
      <trkpt lat="47.45428" lon="12.55368">
        <ele>1070</ele>
        <time>2026-05-13T00:15:00+00:00</time>
      </trkpt>
      <trkpt lat="47.45438" lon="12.55359">
        <ele>1068</ele>
        <time>2026-05-13T00:15:03+00:00</time>
      </trkpt>
      <trkpt lat="47.45449" lon="12.55356">
        <ele>1066</ele>
        <time>2026-05-13T00:15:06+00:00</time>
      </trkpt>
      <trkpt lat="47.45457" lon="12.55354">
        <ele>1064</ele>
        <time>2026-05-13T00:15:09+00:00</time>
      </trkpt>
      <trkpt lat="47.45463" lon="12.5535">
        <ele>1062</ele>
        <time>2026-05-13T00:15:12+00:00</time>
      </trkpt>
      <trkpt lat="47.45474" lon="12.55348">
        <ele>1061</ele>
        <time>2026-05-13T00:15:15+00:00</time>
      </trkpt>
      <trkpt lat="47.45483" lon="12.55343">
        <ele>1059</ele>
        <time>2026-05-13T00:15:18+00:00</time>
      </trkpt>
      <trkpt lat="47.45493" lon="12.55337">
        <ele>1058</ele>
        <time>2026-05-13T00:15:21+00:00</time>
      </trkpt>
      <trkpt lat="47.45498" lon="12.55332">
        <ele>1058</ele>
        <time>2026-05-13T00:15:24+00:00</time>
      </trkpt>
      <trkpt lat="47.45506" lon="12.55329">
        <ele>1056</ele>
        <time>2026-05-13T00:15:27+00:00</time>
      </trkpt>
      <trkpt lat="47.45515" lon="12.55329">
        <ele>1053</ele>
        <time>2026-05-13T00:15:30+00:00</time>
      </trkpt>
      <trkpt lat="47.45519" lon="12.55329">
        <ele>1053</ele>
        <time>2026-05-13T00:15:33+00:00</time>
      </trkpt>
      <trkpt lat="47.45521" lon="12.55337">
        <ele>1050</ele>
        <time>2026-05-13T00:15:36+00:00</time>
      </trkpt>
      <trkpt lat="47.45527" lon="12.55354">
        <ele>1048</ele>
        <time>2026-05-13T00:15:39+00:00</time>
      </trkpt>
      <trkpt lat="47.45527" lon="12.55378">
        <ele>1046</ele>
        <time>2026-05-13T00:15:42+00:00</time>
      </trkpt>
      <trkpt lat="47.4553" lon="12.55394">
        <ele>1044</ele>
        <time>2026-05-13T00:15:45+00:00</time>
      </trkpt>
      <trkpt lat="47.45538" lon="12.5539">
        <ele>1042</ele>
        <time>2026-05-13T00:15:48+00:00</time>
      </trkpt>
      <trkpt lat="47.45549" lon="12.55383">
        <ele>1040</ele>
        <time>2026-05-13T00:15:51+00:00</time>
      </trkpt>
      <trkpt lat="47.45549" lon="12.5538">
        <ele>1041</ele>
        <time>2026-05-13T00:15:54+00:00</time>
      </trkpt>
      <trkpt lat="47.45553" lon="12.55374">
        <ele>1038</ele>
        <time>2026-05-13T00:15:57+00:00</time>
      </trkpt>
      <trkpt lat="47.45556" lon="12.55375">
        <ele>1038</ele>
        <time>2026-05-13T00:16:00+00:00</time>
      </trkpt>
      <trkpt lat="47.4556" lon="12.55381">
        <ele>1034</ele>
        <time>2026-05-13T00:16:03+00:00</time>
      </trkpt>
      <trkpt lat="47.45569" lon="12.55381">
        <ele>1034</ele>
        <time>2026-05-13T00:16:06+00:00</time>
      </trkpt>
      <trkpt lat="47.45576" lon="12.55381">
        <ele>1030</ele>
        <time>2026-05-13T00:16:09+00:00</time>
      </trkpt>
      <trkpt lat="47.45585" lon="12.55377">
        <ele>1028</ele>
        <time>2026-05-13T00:16:12+00:00</time>
      </trkpt>
      <trkpt lat="47.4559" lon="12.55386">
        <ele>1024</ele>
        <time>2026-05-13T00:16:15+00:00</time>
      </trkpt>
      <trkpt lat="47.45593" lon="12.55392">
        <ele>1023</ele>
        <time>2026-05-13T00:16:18+00:00</time>
      </trkpt>
      <trkpt lat="47.45598" lon="12.55394">
        <ele>1023</ele>
        <time>2026-05-13T00:16:21+00:00</time>
      </trkpt>
      <trkpt lat="47.45604" lon="12.5539">
        <ele>1020</ele>
        <time>2026-05-13T00:16:24+00:00</time>
      </trkpt>
      <trkpt lat="47.45607" lon="12.55384">
        <ele>1020</ele>
        <time>2026-05-13T00:16:27+00:00</time>
      </trkpt>
      <trkpt lat="47.45614" lon="12.55384">
        <ele>1017</ele>
        <time>2026-05-13T00:16:30+00:00</time>
      </trkpt>
      <trkpt lat="47.45622" lon="12.55383">
        <ele>1013</ele>
        <time>2026-05-13T00:16:33+00:00</time>
      </trkpt>
      <trkpt lat="47.4563" lon="12.55394">
        <ele>1012</ele>
        <time>2026-05-13T00:16:36+00:00</time>
      </trkpt>
      <trkpt lat="47.45635" lon="12.55403">
        <ele>1007</ele>
        <time>2026-05-13T00:16:39+00:00</time>
      </trkpt>
      <trkpt lat="47.45639" lon="12.55405">
        <ele>1007</ele>
        <time>2026-05-13T00:16:42+00:00</time>
      </trkpt>
      <trkpt lat="47.45642" lon="12.55392">
        <ele>1010</ele>
        <time>2026-05-13T00:16:45+00:00</time>
      </trkpt>
      <trkpt lat="47.45643" lon="12.55382">
        <ele>1006</ele>
        <time>2026-05-13T00:16:48+00:00</time>
      </trkpt>
      <trkpt lat="47.45646" lon="12.5537">
        <ele>1007</ele>
        <time>2026-05-13T00:16:51+00:00</time>
      </trkpt>
      <trkpt lat="47.45648" lon="12.5536">
        <ele>1009</ele>
        <time>2026-05-13T00:16:54+00:00</time>
      </trkpt>
      <trkpt lat="47.45652" lon="12.55349">
        <ele>1006</ele>
        <time>2026-05-13T00:16:57+00:00</time>
      </trkpt>
      <trkpt lat="47.45659" lon="12.55335">
        <ele>1008</ele>
        <time>2026-05-13T00:17:00+00:00</time>
      </trkpt>
      <trkpt lat="47.45664" lon="12.55335">
        <ele>1004</ele>
        <time>2026-05-13T00:17:03+00:00</time>
      </trkpt>
      <trkpt lat="47.45673" lon="12.55334">
        <ele>1000</ele>
        <time>2026-05-13T00:17:06+00:00</time>
      </trkpt>
      <trkpt lat="47.45684" lon="12.55333">
        <ele>997</ele>
        <time>2026-05-13T00:17:09+00:00</time>
      </trkpt>
      <trkpt lat="47.45699" lon="12.55325">
        <ele>993</ele>
        <time>2026-05-13T00:17:12+00:00</time>
      </trkpt>
      <trkpt lat="47.45708" lon="12.55315">
        <ele>990</ele>
        <time>2026-05-13T00:17:15+00:00</time>
      </trkpt>
      <trkpt lat="47.45716" lon="12.55302">
        <ele>987</ele>
        <time>2026-05-13T00:17:18+00:00</time>
      </trkpt>
      <trkpt lat="47.45719" lon="12.55292">
        <ele>988</ele>
        <time>2026-05-13T00:17:21+00:00</time>
      </trkpt>
      <trkpt lat="47.45725" lon="12.55284">
        <ele>985</ele>
        <time>2026-05-13T00:17:24+00:00</time>
      </trkpt>
      <trkpt lat="47.45726" lon="12.55271">
        <ele>986</ele>
        <time>2026-05-13T00:17:27+00:00</time>
      </trkpt>
      <trkpt lat="47.45729" lon="12.55265">
        <ele>987</ele>
        <time>2026-05-13T00:17:30+00:00</time>
      </trkpt>
      <trkpt lat="47.45737" lon="12.55261">
        <ele>983</ele>
        <time>2026-05-13T00:17:33+00:00</time>
      </trkpt>
      <trkpt lat="47.45739" lon="12.55258">
        <ele>984</ele>
        <time>2026-05-13T00:17:36+00:00</time>
      </trkpt>
      <trkpt lat="47.45742" lon="12.55256">
        <ele>981</ele>
        <time>2026-05-13T00:17:39+00:00</time>
      </trkpt>
      <trkpt lat="47.45748" lon="12.55257">
        <ele>981</ele>
        <time>2026-05-13T00:17:42+00:00</time>
      </trkpt>
      <trkpt lat="47.45755" lon="12.55254">
        <ele>977</ele>
        <time>2026-05-13T00:17:45+00:00</time>
      </trkpt>
      <trkpt lat="47.45762" lon="12.55247">
        <ele>976</ele>
        <time>2026-05-13T00:17:48+00:00</time>
      </trkpt>
      <trkpt lat="47.45769" lon="12.55247">
        <ele>976</ele>
        <time>2026-05-13T00:17:51+00:00</time>
      </trkpt>
      <trkpt lat="47.45773" lon="12.55246">
        <ele>974</ele>
        <time>2026-05-13T00:17:54+00:00</time>
      </trkpt>
      <trkpt lat="47.45778" lon="12.55243">
        <ele>974</ele>
        <time>2026-05-13T00:17:57+00:00</time>
      </trkpt>
      <trkpt lat="47.45783" lon="12.55236">
        <ele>974</ele>
        <time>2026-05-13T00:18:00+00:00</time>
      </trkpt>
      <trkpt lat="47.4579" lon="12.55236">
        <ele>972</ele>
        <time>2026-05-13T00:18:03+00:00</time>
      </trkpt>
      <trkpt lat="47.45795" lon="12.55238">
        <ele>972</ele>
        <time>2026-05-13T00:18:06+00:00</time>
      </trkpt>
      <trkpt lat="47.45801" lon="12.55244">
        <ele>968</ele>
        <time>2026-05-13T00:18:09+00:00</time>
      </trkpt>
      <trkpt lat="47.45811" lon="12.55244">
        <ele>966</ele>
        <time>2026-05-13T00:18:12+00:00</time>
      </trkpt>
      <trkpt lat="47.45819" lon="12.55245">
        <ele>966</ele>
        <time>2026-05-13T00:18:15+00:00</time>
      </trkpt>
      <trkpt lat="47.45828" lon="12.55245">
        <ele>964</ele>
        <time>2026-05-13T00:18:18+00:00</time>
      </trkpt>
      <trkpt lat="47.45835" lon="12.55246">
        <ele>961</ele>
        <time>2026-05-13T00:18:21+00:00</time>
      </trkpt>
      <trkpt lat="47.4584" lon="12.55245">
        <ele>961</ele>
        <time>2026-05-13T00:18:24+00:00</time>
      </trkpt>
      <trkpt lat="47.45846" lon="12.55253">
        <ele>956</ele>
        <time>2026-05-13T00:18:27+00:00</time>
      </trkpt>
      <trkpt lat="47.45853" lon="12.55256">
        <ele>953</ele>
        <time>2026-05-13T00:18:30+00:00</time>
      </trkpt>
      <trkpt lat="47.45859" lon="12.5526">
        <ele>953</ele>
        <time>2026-05-13T00:18:33+00:00</time>
      </trkpt>
      <trkpt lat="47.45867" lon="12.55262">
        <ele>949</ele>
        <time>2026-05-13T00:18:36+00:00</time>
      </trkpt>
      <trkpt lat="47.45875" lon="12.55271">
        <ele>943</ele>
        <time>2026-05-13T00:18:39+00:00</time>
      </trkpt>
      <trkpt lat="47.45878" lon="12.55279">
        <ele>943</ele>
        <time>2026-05-13T00:18:42+00:00</time>
      </trkpt>
      <trkpt lat="47.45882" lon="12.55282">
        <ele>938</ele>
        <time>2026-05-13T00:18:45+00:00</time>
      </trkpt>
      <trkpt lat="47.45894" lon="12.55276">
        <ele>937</ele>
        <time>2026-05-13T00:18:48+00:00</time>
      </trkpt>
      <trkpt lat="47.45901" lon="12.55269">
        <ele>936</ele>
        <time>2026-05-13T00:18:51+00:00</time>
      </trkpt>
      <trkpt lat="47.45904" lon="12.55261">
        <ele>936</ele>
        <time>2026-05-13T00:18:54+00:00</time>
      </trkpt>
      <trkpt lat="47.4591" lon="12.55257">
        <ele>937</ele>
        <time>2026-05-13T00:18:57+00:00</time>
      </trkpt>
      <trkpt lat="47.45917" lon="12.55253">
        <ele>933</ele>
        <time>2026-05-13T00:19:00+00:00</time>
      </trkpt>
      <trkpt lat="47.45921" lon="12.55256">
        <ele>930</ele>
        <time>2026-05-13T00:19:03+00:00</time>
      </trkpt>
      <trkpt lat="47.45936" lon="12.55256">
        <ele>927</ele>
        <time>2026-05-13T00:19:06+00:00</time>
      </trkpt>
      <trkpt lat="47.45944" lon="12.55259">
        <ele>923</ele>
        <time>2026-05-13T00:19:09+00:00</time>
      </trkpt>
      <trkpt lat="47.45952" lon="12.55262">
        <ele>919</ele>
        <time>2026-05-13T00:19:12+00:00</time>
      </trkpt>
      <trkpt lat="47.45959" lon="12.55264">
        <ele>919</ele>
        <time>2026-05-13T00:19:15+00:00</time>
      </trkpt>
      <trkpt lat="47.45963" lon="12.55272">
        <ele>916</ele>
        <time>2026-05-13T00:19:18+00:00</time>
      </trkpt>
      <trkpt lat="47.45962" lon="12.55276">
        <ele>916</ele>
        <time>2026-05-13T00:19:21+00:00</time>
      </trkpt>
      <trkpt lat="47.45968" lon="12.55282">
        <ele>916</ele>
        <time>2026-05-13T00:19:24+00:00</time>
      </trkpt>
      <trkpt lat="47.45976" lon="12.55293">
        <ele>914</ele>
        <time>2026-05-13T00:19:27+00:00</time>
      </trkpt>
      <trkpt lat="47.4598" lon="12.55288">
        <ele>914</ele>
        <time>2026-05-13T00:19:30+00:00</time>
      </trkpt>
      <trkpt lat="47.4599" lon="12.55287">
        <ele>913</ele>
        <time>2026-05-13T00:19:33+00:00</time>
      </trkpt>
      <trkpt lat="47.45993" lon="12.55288">
        <ele>913</ele>
        <time>2026-05-13T00:19:36+00:00</time>
      </trkpt>
      <trkpt lat="47.45998" lon="12.55294">
        <ele>911</ele>
        <time>2026-05-13T00:19:39+00:00</time>
      </trkpt>
      <trkpt lat="47.45996" lon="12.55306">
        <ele>911</ele>
        <time>2026-05-13T00:19:42+00:00</time>
      </trkpt>
      <trkpt lat="47.4599" lon="12.55318">
        <ele>912</ele>
        <time>2026-05-13T00:19:45+00:00</time>
      </trkpt>
      <trkpt lat="47.45984" lon="12.55325">
        <ele>912</ele>
        <time>2026-05-13T00:19:48+00:00</time>
      </trkpt>
      <trkpt lat="47.45993" lon="12.55328">
        <ele>911</ele>
        <time>2026-05-13T00:19:51+00:00</time>
      </trkpt>
      <trkpt lat="47.46" lon="12.55323">
        <ele>911</ele>
        <time>2026-05-13T00:19:54+00:00</time>
      </trkpt>
      <trkpt lat="47.46005" lon="12.55321">
        <ele>910</ele>
        <time>2026-05-13T00:19:57+00:00</time>
      </trkpt>
      <trkpt lat="47.46013" lon="12.55311">
        <ele>908</ele>
        <time>2026-05-13T00:20:00+00:00</time>
      </trkpt>
      <trkpt lat="47.46022" lon="12.55303">
        <ele>906</ele>
        <time>2026-05-13T00:20:03+00:00</time>
      </trkpt>
      <trkpt lat="47.46028" lon="12.55291">
        <ele>906</ele>
        <time>2026-05-13T00:20:06+00:00</time>
      </trkpt>
      <trkpt lat="47.46035" lon="12.55289">
        <ele>904</ele>
        <time>2026-05-13T00:20:09+00:00</time>
      </trkpt>
      <trkpt lat="47.46041" lon="12.55286">
        <ele>904</ele>
        <time>2026-05-13T00:20:12+00:00</time>
      </trkpt>
      <trkpt lat="47.46049" lon="12.55295">
        <ele>904</ele>
        <time>2026-05-13T00:20:15+00:00</time>
      </trkpt>
      <trkpt lat="47.46053" lon="12.55291">
        <ele>903</ele>
        <time>2026-05-13T00:20:18+00:00</time>
      </trkpt>
      <trkpt lat="47.46061" lon="12.55296">
        <ele>902</ele>
        <time>2026-05-13T00:20:21+00:00</time>
      </trkpt>
      <trkpt lat="47.4607" lon="12.55297">
        <ele>902</ele>
        <time>2026-05-13T00:20:24+00:00</time>
      </trkpt>
      <trkpt lat="47.46077" lon="12.55298">
        <ele>902</ele>
        <time>2026-05-13T00:20:27+00:00</time>
      </trkpt>
      <trkpt lat="47.46082" lon="12.553">
        <ele>901</ele>
        <time>2026-05-13T00:20:30+00:00</time>
      </trkpt>
      <trkpt lat="47.46093" lon="12.553">
        <ele>900</ele>
        <time>2026-05-13T00:20:33+00:00</time>
      </trkpt>
      <trkpt lat="47.46107" lon="12.55305">
        <ele>899</ele>
        <time>2026-05-13T00:20:36+00:00</time>
      </trkpt>
      <trkpt lat="47.46113" lon="12.5531">
        <ele>897</ele>
        <time>2026-05-13T00:20:39+00:00</time>
      </trkpt>
      <trkpt lat="47.46122" lon="12.55319">
        <ele>897</ele>
        <time>2026-05-13T00:20:42+00:00</time>
      </trkpt>
      <trkpt lat="47.46131" lon="12.55326">
        <ele>895</ele>
        <time>2026-05-13T00:20:45+00:00</time>
      </trkpt>
      <trkpt lat="47.46138" lon="12.5533">
        <ele>895</ele>
        <time>2026-05-13T00:20:48+00:00</time>
      </trkpt>
      <trkpt lat="47.46149" lon="12.55329">
        <ele>894</ele>
        <time>2026-05-13T00:20:51+00:00</time>
      </trkpt>
      <trkpt lat="47.4616" lon="12.55326">
        <ele>893</ele>
        <time>2026-05-13T00:20:54+00:00</time>
      </trkpt>
      <trkpt lat="47.46168" lon="12.55323">
        <ele>892</ele>
        <time>2026-05-13T00:20:57+00:00</time>
      </trkpt>
      <trkpt lat="47.46175" lon="12.55322">
        <ele>891</ele>
        <time>2026-05-13T00:21:00+00:00</time>
      </trkpt>
      <trkpt lat="47.46185" lon="12.55321">
        <ele>891</ele>
        <time>2026-05-13T00:21:03+00:00</time>
      </trkpt>
      <trkpt lat="47.46192" lon="12.55323">
        <ele>890</ele>
        <time>2026-05-13T00:21:06+00:00</time>
      </trkpt>
      <trkpt lat="47.46198" lon="12.55327">
        <ele>890</ele>
        <time>2026-05-13T00:21:09+00:00</time>
      </trkpt>
      <trkpt lat="47.46202" lon="12.55329">
        <ele>889</ele>
        <time>2026-05-13T00:21:12+00:00</time>
      </trkpt>
      <trkpt lat="47.46208" lon="12.55336">
        <ele>888</ele>
        <time>2026-05-13T00:21:15+00:00</time>
      </trkpt>
      <trkpt lat="47.46214" lon="12.55342">
        <ele>886</ele>
        <time>2026-05-13T00:21:18+00:00</time>
      </trkpt>
      <trkpt lat="47.46223" lon="12.55347">
        <ele>885</ele>
        <time>2026-05-13T00:21:21+00:00</time>
      </trkpt>
      <trkpt lat="47.46226" lon="12.55345">
        <ele>885</ele>
        <time>2026-05-13T00:21:24+00:00</time>
      </trkpt>
      <trkpt lat="47.46238" lon="12.55342">
        <ele>885</ele>
        <time>2026-05-13T00:21:27+00:00</time>
      </trkpt>
      <trkpt lat="47.46245" lon="12.55341">
        <ele>885</ele>
        <time>2026-05-13T00:21:30+00:00</time>
      </trkpt>
      <trkpt lat="47.46255" lon="12.55341">
        <ele>884</ele>
        <time>2026-05-13T00:21:33+00:00</time>
      </trkpt>
      <trkpt lat="47.46261" lon="12.5534">
        <ele>883</ele>
        <time>2026-05-13T00:21:36+00:00</time>
      </trkpt>
      <trkpt lat="47.46269" lon="12.55339">
        <ele>885</ele>
        <time>2026-05-13T00:21:39+00:00</time>
      </trkpt>
      <trkpt lat="47.46278" lon="12.5534">
        <ele>883</ele>
        <time>2026-05-13T00:21:42+00:00</time>
      </trkpt>
      <trkpt lat="47.46286" lon="12.55342">
        <ele>883</ele>
        <time>2026-05-13T00:21:45+00:00</time>
      </trkpt>
      <trkpt lat="47.46295" lon="12.55347">
        <ele>882</ele>
        <time>2026-05-13T00:21:48+00:00</time>
      </trkpt>
      <trkpt lat="47.46303" lon="12.55351">
        <ele>881</ele>
        <time>2026-05-13T00:21:51+00:00</time>
      </trkpt>
      <trkpt lat="47.46311" lon="12.55356">
        <ele>880</ele>
        <time>2026-05-13T00:21:54+00:00</time>
      </trkpt>
      <trkpt lat="47.46317" lon="12.55363">
        <ele>878</ele>
        <time>2026-05-13T00:21:57+00:00</time>
      </trkpt>
      <trkpt lat="47.46324" lon="12.5537">
        <ele>875</ele>
        <time>2026-05-13T00:22:00+00:00</time>
      </trkpt>
      <trkpt lat="47.46332" lon="12.55376">
        <ele>874</ele>
        <time>2026-05-13T00:22:03+00:00</time>
      </trkpt>
      <trkpt lat="47.4634" lon="12.55378">
        <ele>873</ele>
        <time>2026-05-13T00:22:06+00:00</time>
      </trkpt>
      <trkpt lat="47.46347" lon="12.55375">
        <ele>873</ele>
        <time>2026-05-13T00:22:09+00:00</time>
      </trkpt>
      <trkpt lat="47.46354" lon="12.55373">
        <ele>872</ele>
        <time>2026-05-13T00:22:12+00:00</time>
      </trkpt>
      <trkpt lat="47.46363" lon="12.55372">
        <ele>871</ele>
        <time>2026-05-13T00:22:15+00:00</time>
      </trkpt>
      <trkpt lat="47.4637" lon="12.55371">
        <ele>870</ele>
        <time>2026-05-13T00:22:18+00:00</time>
      </trkpt>
      <trkpt lat="47.46381" lon="12.55374">
        <ele>869</ele>
        <time>2026-05-13T00:22:21+00:00</time>
      </trkpt>
      <trkpt lat="47.46387" lon="12.55374">
        <ele>869</ele>
        <time>2026-05-13T00:22:24+00:00</time>
      </trkpt>
      <trkpt lat="47.46395" lon="12.55372">
        <ele>867</ele>
        <time>2026-05-13T00:22:27+00:00</time>
      </trkpt>
      <trkpt lat="47.46401" lon="12.55368">
        <ele>867</ele>
        <time>2026-05-13T00:22:30+00:00</time>
      </trkpt>
      <trkpt lat="47.46408" lon="12.55364">
        <ele>867</ele>
        <time>2026-05-13T00:22:33+00:00</time>
      </trkpt>
      <trkpt lat="47.46414" lon="12.55356">
        <ele>866</ele>
        <time>2026-05-13T00:22:36+00:00</time>
      </trkpt>
      <trkpt lat="47.46421" lon="12.5535">
        <ele>866</ele>
        <time>2026-05-13T00:22:39+00:00</time>
      </trkpt>
      <trkpt lat="47.46428" lon="12.55343">
        <ele>866</ele>
        <time>2026-05-13T00:22:42+00:00</time>
      </trkpt>
      <trkpt lat="47.46438" lon="12.55339">
        <ele>865</ele>
        <time>2026-05-13T00:22:45+00:00</time>
      </trkpt>
      <trkpt lat="47.46446" lon="12.55337">
        <ele>863</ele>
        <time>2026-05-13T00:22:48+00:00</time>
      </trkpt>
      <trkpt lat="47.46453" lon="12.55335">
        <ele>862</ele>
        <time>2026-05-13T00:22:51+00:00</time>
      </trkpt>
      <trkpt lat="47.46461" lon="12.55333">
        <ele>860</ele>
        <time>2026-05-13T00:22:54+00:00</time>
      </trkpt>
      <trkpt lat="47.4647" lon="12.5533">
        <ele>860</ele>
        <time>2026-05-13T00:22:57+00:00</time>
      </trkpt>
      <trkpt lat="47.46479" lon="12.55326">
        <ele>860</ele>
        <time>2026-05-13T00:23:00+00:00</time>
      </trkpt>
      <trkpt lat="47.46485" lon="12.55319">
        <ele>860</ele>
        <time>2026-05-13T00:23:03+00:00</time>
      </trkpt>
      <trkpt lat="47.46496" lon="12.55308">
        <ele>859</ele>
        <time>2026-05-13T00:23:06+00:00</time>
      </trkpt>
      <trkpt lat="47.46505" lon="12.55292">
        <ele>858</ele>
        <time>2026-05-13T00:23:09+00:00</time>
      </trkpt>
      <trkpt lat="47.46512" lon="12.55282">
        <ele>857</ele>
        <time>2026-05-13T00:23:12+00:00</time>
      </trkpt>
      <trkpt lat="47.46519" lon="12.55277">
        <ele>858</ele>
        <time>2026-05-13T00:23:15+00:00</time>
      </trkpt>
      <trkpt lat="47.46532" lon="12.55268">
        <ele>855</ele>
        <time>2026-05-13T00:23:18+00:00</time>
      </trkpt>
      <trkpt lat="47.4654" lon="12.55264">
        <ele>854</ele>
        <time>2026-05-13T00:23:21+00:00</time>
      </trkpt>
      <trkpt lat="47.4655" lon="12.5526">
        <ele>854</ele>
        <time>2026-05-13T00:23:24+00:00</time>
      </trkpt>
      <trkpt lat="47.46558" lon="12.55251">
        <ele>853</ele>
        <time>2026-05-13T00:23:27+00:00</time>
      </trkpt>
      <trkpt lat="47.46566" lon="12.55239">
        <ele>853</ele>
        <time>2026-05-13T00:23:30+00:00</time>
      </trkpt>
      <trkpt lat="47.46576" lon="12.55225">
        <ele>852</ele>
        <time>2026-05-13T00:23:33+00:00</time>
      </trkpt>
      <trkpt lat="47.46583" lon="12.55219">
        <ele>851</ele>
        <time>2026-05-13T00:23:36+00:00</time>
      </trkpt>
      <trkpt lat="47.46588" lon="12.55218">
        <ele>851</ele>
        <time>2026-05-13T00:23:39+00:00</time>
      </trkpt>
      <trkpt lat="47.46599" lon="12.5522">
        <ele>849</ele>
        <time>2026-05-13T00:23:42+00:00</time>
      </trkpt>
      <trkpt lat="47.4661" lon="12.55216">
        <ele>848</ele>
        <time>2026-05-13T00:23:45+00:00</time>
      </trkpt>
      <trkpt lat="47.46623" lon="12.55212">
        <ele>845</ele>
        <time>2026-05-13T00:23:48+00:00</time>
      </trkpt>
      <trkpt lat="47.46641" lon="12.55207">
        <ele>842</ele>
        <time>2026-05-13T00:23:51+00:00</time>
      </trkpt>
      <trkpt lat="47.46656" lon="12.55202">
        <ele>840</ele>
        <time>2026-05-13T00:23:54+00:00</time>
      </trkpt>
      <trkpt lat="47.46669" lon="12.552">
        <ele>839</ele>
        <time>2026-05-13T00:23:57+00:00</time>
      </trkpt>
      <trkpt lat="47.46681" lon="12.55196">
        <ele>837</ele>
        <time>2026-05-13T00:24:00+00:00</time>
      </trkpt>
      <trkpt lat="47.46691" lon="12.55193">
        <ele>835</ele>
        <time>2026-05-13T00:24:03+00:00</time>
      </trkpt>
      <trkpt lat="47.46699" lon="12.55191">
        <ele>835</ele>
        <time>2026-05-13T00:24:06+00:00</time>
      </trkpt>
      <trkpt lat="47.46709" lon="12.55191">
        <ele>834</ele>
        <time>2026-05-13T00:24:09+00:00</time>
      </trkpt>
      <trkpt lat="47.46714" lon="12.55187">
        <ele>834</ele>
        <time>2026-05-13T00:24:12+00:00</time>
      </trkpt>
      <trkpt lat="47.46719" lon="12.55182">
        <ele>833</ele>
        <time>2026-05-13T00:24:15+00:00</time>
      </trkpt>
      <trkpt lat="47.46726" lon="12.55172">
        <ele>834</ele>
        <time>2026-05-13T00:24:18+00:00</time>
      </trkpt>
      <trkpt lat="47.46732" lon="12.55169">
        <ele>834</ele>
        <time>2026-05-13T00:24:21+00:00</time>
      </trkpt>
      <trkpt lat="47.46742" lon="12.55166">
        <ele>833</ele>
        <time>2026-05-13T00:24:24+00:00</time>
      </trkpt>
      <trkpt lat="47.46744" lon="12.55161">
        <ele>833</ele>
        <time>2026-05-13T00:24:27+00:00</time>
      </trkpt>
      <trkpt lat="47.46746" lon="12.55151">
        <ele>834</ele>
        <time>2026-05-13T00:24:30+00:00</time>
      </trkpt>
      <trkpt lat="47.46751" lon="12.55143">
        <ele>834</ele>
        <time>2026-05-13T00:24:33+00:00</time>
      </trkpt>
      <trkpt lat="47.46755" lon="12.55136">
        <ele>835</ele>
        <time>2026-05-13T00:24:36+00:00</time>
      </trkpt>
      <trkpt lat="47.46761" lon="12.55129">
        <ele>836</ele>
        <time>2026-05-13T00:24:39+00:00</time>
      </trkpt>
      <trkpt lat="47.46764" lon="12.55122">
        <ele>836</ele>
        <time>2026-05-13T00:24:42+00:00</time>
      </trkpt>
      <trkpt lat="47.46769" lon="12.55109">
        <ele>837</ele>
        <time>2026-05-13T00:24:45+00:00</time>
      </trkpt>
      <trkpt lat="47.46775" lon="12.55103">
        <ele>837</ele>
        <time>2026-05-13T00:24:48+00:00</time>
      </trkpt>
      <trkpt lat="47.46783" lon="12.55101">
        <ele>836</ele>
        <time>2026-05-13T00:24:51+00:00</time>
      </trkpt>
      <trkpt lat="47.4679" lon="12.55099">
        <ele>837</ele>
        <time>2026-05-13T00:24:54+00:00</time>
      </trkpt>
      <trkpt lat="47.46801" lon="12.55097">
        <ele>837</ele>
        <time>2026-05-13T00:24:57+00:00</time>
      </trkpt>
      <trkpt lat="47.46808" lon="12.55096">
        <ele>837</ele>
        <time>2026-05-13T00:25:00+00:00</time>
      </trkpt>
      <trkpt lat="47.46817" lon="12.55093">
        <ele>836</ele>
        <time>2026-05-13T00:25:03+00:00</time>
      </trkpt>
      <trkpt lat="47.46829" lon="12.55092">
        <ele>837</ele>
        <time>2026-05-13T00:25:06+00:00</time>
      </trkpt>
      <trkpt lat="47.46834" lon="12.55089">
        <ele>837</ele>
        <time>2026-05-13T00:25:09+00:00</time>
      </trkpt>
      <trkpt lat="47.46842" lon="12.55088">
        <ele>837</ele>
        <time>2026-05-13T00:25:12+00:00</time>
      </trkpt>
      <trkpt lat="47.46848" lon="12.55088">
        <ele>837</ele>
        <time>2026-05-13T00:25:15+00:00</time>
      </trkpt>
      <trkpt lat="47.46855" lon="12.55085">
        <ele>836</ele>
        <time>2026-05-13T00:25:18+00:00</time>
      </trkpt>
      <trkpt lat="47.46862" lon="12.55082">
        <ele>836</ele>
        <time>2026-05-13T00:25:21+00:00</time>
      </trkpt>
      <trkpt lat="47.46867" lon="12.55076">
        <ele>837</ele>
        <time>2026-05-13T00:25:24+00:00</time>
      </trkpt>
      <trkpt lat="47.46872" lon="12.55069">
        <ele>837</ele>
        <time>2026-05-13T00:25:27+00:00</time>
      </trkpt>
      <trkpt lat="47.46876" lon="12.55062">
        <ele>837</ele>
        <time>2026-05-13T00:25:30+00:00</time>
      </trkpt>
      <trkpt lat="47.46881" lon="12.55051">
        <ele>838</ele>
        <time>2026-05-13T00:25:33+00:00</time>
      </trkpt>
      <trkpt lat="47.46883" lon="12.55041">
        <ele>838</ele>
        <time>2026-05-13T00:25:36+00:00</time>
      </trkpt>
      <trkpt lat="47.46886" lon="12.55031">
        <ele>838</ele>
        <time>2026-05-13T00:25:39+00:00</time>
      </trkpt>
      <trkpt lat="47.46889" lon="12.55019">
        <ele>839</ele>
        <time>2026-05-13T00:25:42+00:00</time>
      </trkpt>
      <trkpt lat="47.4689" lon="12.55007">
        <ele>839</ele>
        <time>2026-05-13T00:25:45+00:00</time>
      </trkpt>
      <trkpt lat="47.46888" lon="12.54995">
        <ele>839</ele>
        <time>2026-05-13T00:25:48+00:00</time>
      </trkpt>
      <trkpt lat="47.46886" lon="12.54983">
        <ele>840</ele>
        <time>2026-05-13T00:25:51+00:00</time>
      </trkpt>
      <trkpt lat="47.46886" lon="12.54971">
        <ele>840</ele>
        <time>2026-05-13T00:25:54+00:00</time>
      </trkpt>
      <trkpt lat="47.46884" lon="12.5496">
        <ele>840</ele>
        <time>2026-05-13T00:25:57+00:00</time>
      </trkpt>
      <trkpt lat="47.46886" lon="12.54948">
        <ele>840</ele>
        <time>2026-05-13T00:26:00+00:00</time>
      </trkpt>
      <trkpt lat="47.46887" lon="12.54935">
        <ele>840</ele>
        <time>2026-05-13T00:26:03+00:00</time>
      </trkpt>
      <trkpt lat="47.46886" lon="12.54923">
        <ele>840</ele>
        <time>2026-05-13T00:26:06+00:00</time>
      </trkpt>
      <trkpt lat="47.46885" lon="12.54909">
        <ele>840</ele>
        <time>2026-05-13T00:26:09+00:00</time>
      </trkpt>
      <trkpt lat="47.46886" lon="12.54899">
        <ele>840</ele>
        <time>2026-05-13T00:26:12+00:00</time>
      </trkpt>
      <trkpt lat="47.46883" lon="12.54889">
        <ele>839</ele>
        <time>2026-05-13T00:26:15+00:00</time>
      </trkpt>
      <trkpt lat="47.46876" lon="12.54882">
        <ele>840</ele>
        <time>2026-05-13T00:26:18+00:00</time>
      </trkpt>
      <trkpt lat="47.4687" lon="12.54876">
        <ele>840</ele>
        <time>2026-05-13T00:26:21+00:00</time>
      </trkpt>
      <trkpt lat="47.46863" lon="12.5487">
        <ele>841</ele>
        <time>2026-05-13T00:26:24+00:00</time>
      </trkpt>
      <trkpt lat="47.46856" lon="12.54864">
        <ele>842</ele>
        <time>2026-05-13T00:26:27+00:00</time>
      </trkpt>
      <trkpt lat="47.46851" lon="12.54862">
        <ele>842</ele>
        <time>2026-05-13T00:26:30+00:00</time>
      </trkpt>
      <trkpt lat="47.46843" lon="12.54857">
        <ele>843</ele>
        <time>2026-05-13T00:26:33+00:00</time>
      </trkpt>
      <trkpt lat="47.46837" lon="12.54855">
        <ele>844</ele>
        <time>2026-05-13T00:26:36+00:00</time>
      </trkpt>
      <trkpt lat="47.46833" lon="12.54851">
        <ele>844</ele>
        <time>2026-05-13T00:26:39+00:00</time>
      </trkpt>
      <trkpt lat="47.46824" lon="12.54852">
        <ele>845</ele>
        <time>2026-05-13T00:26:42+00:00</time>
      </trkpt>
      <trkpt lat="47.46818" lon="12.54852">
        <ele>844</ele>
        <time>2026-05-13T00:26:45+00:00</time>
      </trkpt>
      <trkpt lat="47.46813" lon="12.54851">
        <ele>847</ele>
        <time>2026-05-13T00:26:48+00:00</time>
      </trkpt>
      <trkpt lat="47.46819" lon="12.54837">
        <ele>846</ele>
        <time>2026-05-13T00:26:51+00:00</time>
      </trkpt>
      <trkpt lat="47.46823" lon="12.54826">
        <ele>845</ele>
        <time>2026-05-13T00:26:54+00:00</time>
      </trkpt>
      <trkpt lat="47.46825" lon="12.5482">
        <ele>845</ele>
        <time>2026-05-13T00:26:57+00:00</time>
      </trkpt>
      <trkpt lat="47.46826" lon="12.5481">
        <ele>845</ele>
        <time>2026-05-13T00:27:00+00:00</time>
      </trkpt>
      <trkpt lat="47.46829" lon="12.54791">
        <ele>845</ele>
        <time>2026-05-13T00:27:03+00:00</time>
      </trkpt>
      <trkpt lat="47.46829" lon="12.54775">
        <ele>844</ele>
        <time>2026-05-13T00:27:06+00:00</time>
      </trkpt>
      <trkpt lat="47.46831" lon="12.54757">
        <ele>844</ele>
        <time>2026-05-13T00:27:09+00:00</time>
      </trkpt>
      <trkpt lat="47.46833" lon="12.54741">
        <ele>843</ele>
        <time>2026-05-13T00:27:12+00:00</time>
      </trkpt>
      <trkpt lat="47.46833" lon="12.54719">
        <ele>844</ele>
        <time>2026-05-13T00:27:15+00:00</time>
      </trkpt>
      <trkpt lat="47.46834" lon="12.547">
        <ele>844</ele>
        <time>2026-05-13T00:27:18+00:00</time>
      </trkpt>
      <trkpt lat="47.46833" lon="12.54673">
        <ele>844</ele>
        <time>2026-05-13T00:27:21+00:00</time>
      </trkpt>
      <trkpt lat="47.46834" lon="12.54651">
        <ele>845</ele>
        <time>2026-05-13T00:27:24+00:00</time>
      </trkpt>
      <trkpt lat="47.46835" lon="12.54637">
        <ele>845</ele>
        <time>2026-05-13T00:27:27+00:00</time>
      </trkpt>
      <trkpt lat="47.46836" lon="12.54623">
        <ele>846</ele>
        <time>2026-05-13T00:27:30+00:00</time>
      </trkpt>
      <trkpt lat="47.46837" lon="12.54609">
        <ele>847</ele>
        <time>2026-05-13T00:27:33+00:00</time>
      </trkpt>
      <trkpt lat="47.46841" lon="12.54596">
        <ele>846</ele>
        <time>2026-05-13T00:27:36+00:00</time>
      </trkpt>
      <trkpt lat="47.46845" lon="12.54587">
        <ele>847</ele>
        <time>2026-05-13T00:27:39+00:00</time>
      </trkpt>
      <trkpt lat="47.4685" lon="12.54576">
        <ele>847</ele>
        <time>2026-05-13T00:27:42+00:00</time>
      </trkpt>
      <trkpt lat="47.46852" lon="12.54562">
        <ele>847</ele>
        <time>2026-05-13T00:27:45+00:00</time>
      </trkpt>
      <trkpt lat="47.46855" lon="12.54549">
        <ele>848</ele>
        <time>2026-05-13T00:27:48+00:00</time>
      </trkpt>
      <trkpt lat="47.46858" lon="12.54539">
        <ele>848</ele>
        <time>2026-05-13T00:27:51+00:00</time>
      </trkpt>
      <trkpt lat="47.46863" lon="12.54532">
        <ele>847</ele>
        <time>2026-05-13T00:27:54+00:00</time>
      </trkpt>
      <trkpt lat="47.46867" lon="12.54518">
        <ele>848</ele>
        <time>2026-05-13T00:27:57+00:00</time>
      </trkpt>
      <trkpt lat="47.4687" lon="12.54503">
        <ele>847</ele>
        <time>2026-05-13T00:28:00+00:00</time>
      </trkpt>
      <trkpt lat="47.46872" lon="12.54492">
        <ele>848</ele>
        <time>2026-05-13T00:28:03+00:00</time>
      </trkpt>
      <trkpt lat="47.46876" lon="12.54482">
        <ele>848</ele>
        <time>2026-05-13T00:28:06+00:00</time>
      </trkpt>
      <trkpt lat="47.46878" lon="12.54473">
        <ele>849</ele>
        <time>2026-05-13T00:28:09+00:00</time>
      </trkpt>
      <trkpt lat="47.46882" lon="12.5446">
        <ele>849</ele>
        <time>2026-05-13T00:28:12+00:00</time>
      </trkpt>
      <trkpt lat="47.46885" lon="12.54451">
        <ele>849</ele>
        <time>2026-05-13T00:28:15+00:00</time>
      </trkpt>
      <trkpt lat="47.46888" lon="12.54437">
        <ele>851</ele>
        <time>2026-05-13T00:28:18+00:00</time>
      </trkpt>
      <trkpt lat="47.46889" lon="12.54422">
        <ele>851</ele>
        <time>2026-05-13T00:28:21+00:00</time>
      </trkpt>
      <trkpt lat="47.4689" lon="12.54408">
        <ele>852</ele>
        <time>2026-05-13T00:28:24+00:00</time>
      </trkpt>
      <trkpt lat="47.46893" lon="12.54395">
        <ele>852</ele>
        <time>2026-05-13T00:28:27+00:00</time>
      </trkpt>
      <trkpt lat="47.46894" lon="12.54385">
        <ele>853</ele>
        <time>2026-05-13T00:28:30+00:00</time>
      </trkpt>
      <trkpt lat="47.46892" lon="12.54365">
        <ele>854</ele>
        <time>2026-05-13T00:28:33+00:00</time>
      </trkpt>
      <trkpt lat="47.46892" lon="12.54349">
        <ele>855</ele>
        <time>2026-05-13T00:28:36+00:00</time>
      </trkpt>
      <trkpt lat="47.46887" lon="12.54328">
        <ele>857</ele>
        <time>2026-05-13T00:28:39+00:00</time>
      </trkpt>
      <trkpt lat="47.46883" lon="12.54303">
        <ele>859</ele>
        <time>2026-05-13T00:28:42+00:00</time>
      </trkpt>
      <trkpt lat="47.46878" lon="12.54286">
        <ele>861</ele>
        <time>2026-05-13T00:28:45+00:00</time>
      </trkpt>
      <trkpt lat="47.46874" lon="12.54273">
        <ele>861</ele>
        <time>2026-05-13T00:28:48+00:00</time>
      </trkpt>
      <trkpt lat="47.46872" lon="12.54256">
        <ele>862</ele>
        <time>2026-05-13T00:28:51+00:00</time>
      </trkpt>
      <trkpt lat="47.46867" lon="12.54242">
        <ele>864</ele>
        <time>2026-05-13T00:28:54+00:00</time>
      </trkpt>
      <trkpt lat="47.46863" lon="12.54223">
        <ele>865</ele>
        <time>2026-05-13T00:28:57+00:00</time>
      </trkpt>
      <trkpt lat="47.46862" lon="12.54212">
        <ele>865</ele>
        <time>2026-05-13T00:29:00+00:00</time>
      </trkpt>
      <trkpt lat="47.46858" lon="12.54196">
        <ele>867</ele>
        <time>2026-05-13T00:29:03+00:00</time>
      </trkpt>
      <trkpt lat="47.46859" lon="12.54185">
        <ele>867</ele>
        <time>2026-05-13T00:29:06+00:00</time>
      </trkpt>
      <trkpt lat="47.46857" lon="12.54175">
        <ele>868</ele>
        <time>2026-05-13T00:29:09+00:00</time>
      </trkpt>
      <trkpt lat="47.46857" lon="12.54164">
        <ele>868</ele>
        <time>2026-05-13T00:29:12+00:00</time>
      </trkpt>
      <trkpt lat="47.46859" lon="12.54153">
        <ele>869</ele>
        <time>2026-05-13T00:29:15+00:00</time>
      </trkpt>
      <trkpt lat="47.46861" lon="12.54142">
        <ele>869</ele>
        <time>2026-05-13T00:29:18+00:00</time>
      </trkpt>
      <trkpt lat="47.46861" lon="12.54132">
        <ele>869</ele>
        <time>2026-05-13T00:29:21+00:00</time>
      </trkpt>
      <trkpt lat="47.46863" lon="12.54122">
        <ele>870</ele>
        <time>2026-05-13T00:29:24+00:00</time>
      </trkpt>
      <trkpt lat="47.46864" lon="12.54109">
        <ele>871</ele>
        <time>2026-05-13T00:29:27+00:00</time>
      </trkpt>
      <trkpt lat="47.46862" lon="12.5409">
        <ele>872</ele>
        <time>2026-05-13T00:29:30+00:00</time>
      </trkpt>
      <trkpt lat="47.4686" lon="12.5407">
        <ele>873</ele>
        <time>2026-05-13T00:29:33+00:00</time>
      </trkpt>
      <trkpt lat="47.46862" lon="12.54055">
        <ele>873</ele>
        <time>2026-05-13T00:29:36+00:00</time>
      </trkpt>
      <trkpt lat="47.46866" lon="12.54031">
        <ele>875</ele>
        <time>2026-05-13T00:29:39+00:00</time>
      </trkpt>
      <trkpt lat="47.46869" lon="12.54013">
        <ele>875</ele>
        <time>2026-05-13T00:29:42+00:00</time>
      </trkpt>
      <trkpt lat="47.46872" lon="12.53995">
        <ele>875</ele>
        <time>2026-05-13T00:29:45+00:00</time>
      </trkpt>
      <trkpt lat="47.46876" lon="12.53974">
        <ele>875</ele>
        <time>2026-05-13T00:29:48+00:00</time>
      </trkpt>
      <trkpt lat="47.46877" lon="12.53962">
        <ele>876</ele>
        <time>2026-05-13T00:29:51+00:00</time>
      </trkpt>
      <trkpt lat="47.4688" lon="12.53947">
        <ele>875</ele>
        <time>2026-05-13T00:29:54+00:00</time>
      </trkpt>
      <trkpt lat="47.46884" lon="12.53929">
        <ele>876</ele>
        <time>2026-05-13T00:29:57+00:00</time>
      </trkpt>
      <trkpt lat="47.46886" lon="12.53916">
        <ele>876</ele>
        <time>2026-05-13T00:30:00+00:00</time>
      </trkpt>
      <trkpt lat="47.46886" lon="12.53897">
        <ele>876</ele>
        <time>2026-05-13T00:30:03+00:00</time>
      </trkpt>
      <trkpt lat="47.46888" lon="12.53882">
        <ele>877</ele>
        <time>2026-05-13T00:30:06+00:00</time>
      </trkpt>
      <trkpt lat="47.46888" lon="12.53866">
        <ele>877</ele>
        <time>2026-05-13T00:30:09+00:00</time>
      </trkpt>
      <trkpt lat="47.4689" lon="12.5385">
        <ele>877</ele>
        <time>2026-05-13T00:30:12+00:00</time>
      </trkpt>
      <trkpt lat="47.46891" lon="12.53835">
        <ele>875</ele>
        <time>2026-05-13T00:30:15+00:00</time>
      </trkpt>
      <trkpt lat="47.46893" lon="12.53823">
        <ele>875</ele>
        <time>2026-05-13T00:30:18+00:00</time>
      </trkpt>
      <trkpt lat="47.46893" lon="12.53808">
        <ele>876</ele>
        <time>2026-05-13T00:30:21+00:00</time>
      </trkpt>
      <trkpt lat="47.46896" lon="12.53793">
        <ele>876</ele>
        <time>2026-05-13T00:30:24+00:00</time>
      </trkpt>
      <trkpt lat="47.46899" lon="12.53781">
        <ele>876</ele>
        <time>2026-05-13T00:30:27+00:00</time>
      </trkpt>
      <trkpt lat="47.46904" lon="12.53766">
        <ele>874</ele>
        <time>2026-05-13T00:30:30+00:00</time>
      </trkpt>
      <trkpt lat="47.4691" lon="12.53747">
        <ele>874</ele>
        <time>2026-05-13T00:30:33+00:00</time>
      </trkpt>
      <trkpt lat="47.46915" lon="12.53737">
        <ele>871</ele>
        <time>2026-05-13T00:30:36+00:00</time>
      </trkpt>
      <trkpt lat="47.46918" lon="12.53725">
        <ele>872</ele>
        <time>2026-05-13T00:30:39+00:00</time>
      </trkpt>
      <trkpt lat="47.46926" lon="12.5371">
        <ele>870</ele>
        <time>2026-05-13T00:30:42+00:00</time>
      </trkpt>
      <trkpt lat="47.46933" lon="12.53691">
        <ele>870</ele>
        <time>2026-05-13T00:30:45+00:00</time>
      </trkpt>
      <trkpt lat="47.46941" lon="12.5368">
        <ele>870</ele>
        <time>2026-05-13T00:30:48+00:00</time>
      </trkpt>
      <trkpt lat="47.46946" lon="12.53667">
        <ele>870</ele>
        <time>2026-05-13T00:30:51+00:00</time>
      </trkpt>
      <trkpt lat="47.4695" lon="12.5366">
        <ele>870</ele>
        <time>2026-05-13T00:30:54+00:00</time>
      </trkpt>
      <trkpt lat="47.46953" lon="12.53644">
        <ele>870</ele>
        <time>2026-05-13T00:30:57+00:00</time>
      </trkpt>
      <trkpt lat="47.46958" lon="12.53637">
        <ele>870</ele>
        <time>2026-05-13T00:31:00+00:00</time>
      </trkpt>
      <trkpt lat="47.46962" lon="12.53623">
        <ele>869</ele>
        <time>2026-05-13T00:31:03+00:00</time>
      </trkpt>
      <trkpt lat="47.46968" lon="12.53635">
        <ele>868</ele>
        <time>2026-05-13T00:31:06+00:00</time>
      </trkpt>
      <trkpt lat="47.46971" lon="12.53642">
        <ele>866</ele>
        <time>2026-05-13T00:31:09+00:00</time>
      </trkpt>
      <trkpt lat="47.46978" lon="12.53652">
        <ele>866</ele>
        <time>2026-05-13T00:31:12+00:00</time>
      </trkpt>
      <trkpt lat="47.46984" lon="12.53662">
        <ele>864</ele>
        <time>2026-05-13T00:31:15+00:00</time>
      </trkpt>
      <trkpt lat="47.46992" lon="12.53668">
        <ele>863</ele>
        <time>2026-05-13T00:31:18+00:00</time>
      </trkpt>
      <trkpt lat="47.46999" lon="12.53674">
        <ele>863</ele>
        <time>2026-05-13T00:31:21+00:00</time>
      </trkpt>
      <trkpt lat="47.47006" lon="12.53678">
        <ele>864</ele>
        <time>2026-05-13T00:31:24+00:00</time>
      </trkpt>
      <trkpt lat="47.47015" lon="12.53682">
        <ele>863</ele>
        <time>2026-05-13T00:31:27+00:00</time>
      </trkpt>
      <trkpt lat="47.47033" lon="12.53699">
        <ele>864</ele>
        <time>2026-05-13T00:31:30+00:00</time>
      </trkpt>
      <trkpt lat="47.4706" lon="12.5374">
        <ele>866</ele>
        <time>2026-05-13T00:31:33+00:00</time>
      </trkpt>
      <trkpt lat="47.47066" lon="12.53751">
        <ele>867</ele>
        <time>2026-05-13T00:31:36+00:00</time>
      </trkpt>
      <trkpt lat="47.47085" lon="12.53786">
        <ele>871</ele>
        <time>2026-05-13T00:31:39+00:00</time>
      </trkpt>
      <trkpt lat="47.47096" lon="12.53796">
        <ele>872</ele>
        <time>2026-05-13T00:31:42+00:00</time>
      </trkpt>
      <trkpt lat="47.47105" lon="12.53801">
        <ele>873</ele>
        <time>2026-05-13T00:31:45+00:00</time>
      </trkpt>
      <trkpt lat="47.47108" lon="12.53806">
        <ele>873</ele>
        <time>2026-05-13T00:31:48+00:00</time>
      </trkpt>
      <trkpt lat="47.47121" lon="12.5381">
        <ele>875</ele>
        <time>2026-05-13T00:31:51+00:00</time>
      </trkpt>
      <trkpt lat="47.47141" lon="12.5382">
        <ele>876</ele>
        <time>2026-05-13T00:31:54+00:00</time>
      </trkpt>
      <trkpt lat="47.47151" lon="12.53823">
        <ele>877</ele>
        <time>2026-05-13T00:31:57+00:00</time>
      </trkpt>
      <trkpt lat="47.47157" lon="12.5383">
        <ele>877</ele>
        <time>2026-05-13T00:32:00+00:00</time>
      </trkpt>
      <trkpt lat="47.47164" lon="12.53835">
        <ele>877</ele>
        <time>2026-05-13T00:32:03+00:00</time>
      </trkpt>
      <trkpt lat="47.47169" lon="12.53838">
        <ele>877</ele>
        <time>2026-05-13T00:32:06+00:00</time>
      </trkpt>
      <trkpt lat="47.47177" lon="12.53852">
        <ele>877</ele>
        <time>2026-05-13T00:32:09+00:00</time>
      </trkpt>
      <trkpt lat="47.47181" lon="12.53855">
        <ele>878</ele>
        <time>2026-05-13T00:32:12+00:00</time>
      </trkpt>
      <trkpt lat="47.47186" lon="12.53857">
        <ele>878</ele>
        <time>2026-05-13T00:32:15+00:00</time>
      </trkpt>
      <trkpt lat="47.47195" lon="12.53851">
        <ele>877</ele>
        <time>2026-05-13T00:32:18+00:00</time>
      </trkpt>
      <trkpt lat="47.47205" lon="12.53847">
        <ele>878</ele>
        <time>2026-05-13T00:32:21+00:00</time>
      </trkpt>
      <trkpt lat="47.47209" lon="12.53845">
        <ele>878</ele>
        <time>2026-05-13T00:32:24+00:00</time>
      </trkpt>
      <trkpt lat="47.47218" lon="12.53844">
        <ele>877</ele>
        <time>2026-05-13T00:32:27+00:00</time>
      </trkpt>
      <trkpt lat="47.47225" lon="12.53847">
        <ele>876</ele>
        <time>2026-05-13T00:32:30+00:00</time>
      </trkpt>
      <trkpt lat="47.47234" lon="12.53859">
        <ele>875</ele>
        <time>2026-05-13T00:32:33+00:00</time>
      </trkpt>
      <trkpt lat="47.47242" lon="12.53868">
        <ele>874</ele>
        <time>2026-05-13T00:32:36+00:00</time>
      </trkpt>
      <trkpt lat="47.4725" lon="12.5388">
        <ele>874</ele>
        <time>2026-05-13T00:32:39+00:00</time>
      </trkpt>
      <trkpt lat="47.47251" lon="12.53892">
        <ele>873</ele>
        <time>2026-05-13T00:32:42+00:00</time>
      </trkpt>
      <trkpt lat="47.47251" lon="12.53902">
        <ele>873</ele>
        <time>2026-05-13T00:32:45+00:00</time>
      </trkpt>
      <trkpt lat="47.47252" lon="12.53912">
        <ele>873</ele>
        <time>2026-05-13T00:32:48+00:00</time>
      </trkpt>
      <trkpt lat="47.47255" lon="12.53922">
        <ele>873</ele>
        <time>2026-05-13T00:32:51+00:00</time>
      </trkpt>
      <trkpt lat="47.47256" lon="12.5393">
        <ele>873</ele>
        <time>2026-05-13T00:32:54+00:00</time>
      </trkpt>
      <trkpt lat="47.4726" lon="12.53928">
        <ele>872</ele>
        <time>2026-05-13T00:32:57+00:00</time>
      </trkpt>
      <trkpt lat="47.47264" lon="12.53924">
        <ele>872</ele>
        <time>2026-05-13T00:33:00+00:00</time>
      </trkpt>
      <trkpt lat="47.47274" lon="12.53917">
        <ele>872</ele>
        <time>2026-05-13T00:33:03+00:00</time>
      </trkpt>
      <trkpt lat="47.47283" lon="12.53917">
        <ele>871</ele>
        <time>2026-05-13T00:33:06+00:00</time>
      </trkpt>
      <trkpt lat="47.47306" lon="12.53914">
        <ele>869</ele>
        <time>2026-05-13T00:33:09+00:00</time>
      </trkpt>
      <trkpt lat="47.47311" lon="12.53914">
        <ele>869</ele>
        <time>2026-05-13T00:33:12+00:00</time>
      </trkpt>
      <trkpt lat="47.47315" lon="12.53914">
        <ele>869</ele>
        <time>2026-05-13T00:33:15+00:00</time>
      </trkpt>
      <trkpt lat="47.47317" lon="12.5392">
        <ele>869</ele>
        <time>2026-05-13T00:33:18+00:00</time>
      </trkpt>
      <trkpt lat="47.47329" lon="12.53928">
        <ele>868</ele>
        <time>2026-05-13T00:33:21+00:00</time>
      </trkpt>
      <trkpt lat="47.4734" lon="12.53931">
        <ele>868</ele>
        <time>2026-05-13T00:33:24+00:00</time>
      </trkpt>
      <trkpt lat="47.47344" lon="12.53933">
        <ele>868</ele>
        <time>2026-05-13T00:33:27+00:00</time>
      </trkpt>
      <trkpt lat="47.47349" lon="12.53936">
        <ele>868</ele>
        <time>2026-05-13T00:33:30+00:00</time>
      </trkpt>
      <trkpt lat="47.47365" lon="12.53941">
        <ele>868</ele>
        <time>2026-05-13T00:33:33+00:00</time>
      </trkpt>
      <trkpt lat="47.47368" lon="12.53946">
        <ele>868</ele>
        <time>2026-05-13T00:33:36+00:00</time>
      </trkpt>
      <trkpt lat="47.47371" lon="12.53952">
        <ele>868</ele>
        <time>2026-05-13T00:33:39+00:00</time>
      </trkpt>
      <trkpt lat="47.47379" lon="12.53989">
        <ele>868</ele>
        <time>2026-05-13T00:33:42+00:00</time>
      </trkpt>
      <trkpt lat="47.47381" lon="12.53997">
        <ele>868</ele>
        <time>2026-05-13T00:33:45+00:00</time>
      </trkpt>
      <trkpt lat="47.47384" lon="12.54003">
        <ele>868</ele>
        <time>2026-05-13T00:33:48+00:00</time>
      </trkpt>
      <trkpt lat="47.47386" lon="12.54015">
        <ele>868</ele>
        <time>2026-05-13T00:33:51+00:00</time>
      </trkpt>
      <trkpt lat="47.47388" lon="12.54031">
        <ele>868</ele>
        <time>2026-05-13T00:33:54+00:00</time>
      </trkpt>
      <trkpt lat="47.47391" lon="12.54042">
        <ele>868</ele>
        <time>2026-05-13T00:33:57+00:00</time>
      </trkpt>
      <trkpt lat="47.47393" lon="12.54049">
        <ele>868</ele>
        <time>2026-05-13T00:34:00+00:00</time>
      </trkpt>
      <trkpt lat="47.47394" lon="12.54056">
        <ele>868</ele>
        <time>2026-05-13T00:34:03+00:00</time>
      </trkpt>
      <trkpt lat="47.47395" lon="12.54066">
        <ele>868</ele>
        <time>2026-05-13T00:34:06+00:00</time>
      </trkpt>
      <trkpt lat="47.47395" lon="12.54073">
        <ele>868</ele>
        <time>2026-05-13T00:34:09+00:00</time>
      </trkpt>
      <trkpt lat="47.47389" lon="12.54101">
        <ele>867</ele>
        <time>2026-05-13T00:34:12+00:00</time>
      </trkpt>
      <trkpt lat="47.47387" lon="12.54107">
        <ele>867</ele>
        <time>2026-05-13T00:34:15+00:00</time>
      </trkpt>
      <trkpt lat="47.47384" lon="12.54117">
        <ele>867</ele>
        <time>2026-05-13T00:34:18+00:00</time>
      </trkpt>
      <trkpt lat="47.47384" lon="12.54129">
        <ele>866</ele>
        <time>2026-05-13T00:34:21+00:00</time>
      </trkpt>
      <trkpt lat="47.47382" lon="12.54136">
        <ele>866</ele>
        <time>2026-05-13T00:34:24+00:00</time>
      </trkpt>
      <trkpt lat="47.4738" lon="12.54157">
        <ele>866</ele>
        <time>2026-05-13T00:34:27+00:00</time>
      </trkpt>
      <trkpt lat="47.47377" lon="12.54163">
        <ele>865</ele>
        <time>2026-05-13T00:34:30+00:00</time>
      </trkpt>
      <trkpt lat="47.47376" lon="12.54171">
        <ele>864</ele>
        <time>2026-05-13T00:34:33+00:00</time>
      </trkpt>
      <trkpt lat="47.47376" lon="12.54177">
        <ele>864</ele>
        <time>2026-05-13T00:34:36+00:00</time>
      </trkpt>
      <trkpt lat="47.47379" lon="12.54181">
        <ele>863</ele>
        <time>2026-05-13T00:34:39+00:00</time>
      </trkpt>
      <trkpt lat="47.47383" lon="12.54183">
        <ele>862</ele>
        <time>2026-05-13T00:34:42+00:00</time>
      </trkpt>
      <trkpt lat="47.47387" lon="12.54183">
        <ele>862</ele>
        <time>2026-05-13T00:34:45+00:00</time>
      </trkpt>
      <trkpt lat="47.47393" lon="12.54179">
        <ele>863</ele>
        <time>2026-05-13T00:34:48+00:00</time>
      </trkpt>
      <trkpt lat="47.47404" lon="12.54174">
        <ele>862</ele>
        <time>2026-05-13T00:34:51+00:00</time>
      </trkpt>
      <trkpt lat="47.4741" lon="12.54172">
        <ele>860</ele>
        <time>2026-05-13T00:34:54+00:00</time>
      </trkpt>
      <trkpt lat="47.47416" lon="12.54166">
        <ele>861</ele>
        <time>2026-05-13T00:34:57+00:00</time>
      </trkpt>
      <trkpt lat="47.47426" lon="12.54161">
        <ele>859</ele>
        <time>2026-05-13T00:35:00+00:00</time>
      </trkpt>
      <trkpt lat="47.4743" lon="12.54159">
        <ele>860</ele>
        <time>2026-05-13T00:35:03+00:00</time>
      </trkpt>
      <trkpt lat="47.47433" lon="12.54155">
        <ele>858</ele>
        <time>2026-05-13T00:35:06+00:00</time>
      </trkpt>
      <trkpt lat="47.4744" lon="12.54147">
        <ele>856</ele>
        <time>2026-05-13T00:35:09+00:00</time>
      </trkpt>
      <trkpt lat="47.4745" lon="12.54154">
        <ele>853</ele>
        <time>2026-05-13T00:35:12+00:00</time>
      </trkpt>
      <trkpt lat="47.4746" lon="12.54155">
        <ele>853</ele>
        <time>2026-05-13T00:35:15+00:00</time>
      </trkpt>
      <trkpt lat="47.47466" lon="12.54154">
        <ele>851</ele>
        <time>2026-05-13T00:35:18+00:00</time>
      </trkpt>
      <trkpt lat="47.47474" lon="12.5415">
        <ele>850</ele>
        <time>2026-05-13T00:35:21+00:00</time>
      </trkpt>
      <trkpt lat="47.47485" lon="12.54139">
        <ele>848</ele>
        <time>2026-05-13T00:35:24+00:00</time>
      </trkpt>
      <trkpt lat="47.47489" lon="12.54131">
        <ele>849</ele>
        <time>2026-05-13T00:35:27+00:00</time>
      </trkpt>
      <trkpt lat="47.47491" lon="12.54121">
        <ele>846</ele>
        <time>2026-05-13T00:35:30+00:00</time>
      </trkpt>
      <trkpt lat="47.47495" lon="12.54111">
        <ele>848</ele>
        <time>2026-05-13T00:35:33+00:00</time>
      </trkpt>
      <trkpt lat="47.47498" lon="12.54101">
        <ele>849</ele>
        <time>2026-05-13T00:35:36+00:00</time>
      </trkpt>
      <trkpt lat="47.47502" lon="12.54092">
        <ele>847</ele>
        <time>2026-05-13T00:35:39+00:00</time>
      </trkpt>
      <trkpt lat="47.47505" lon="12.54084">
        <ele>848</ele>
        <time>2026-05-13T00:35:42+00:00</time>
      </trkpt>
      <trkpt lat="47.47508" lon="12.54078">
        <ele>847</ele>
        <time>2026-05-13T00:35:45+00:00</time>
      </trkpt>
      <trkpt lat="47.47517" lon="12.54073">
        <ele>847</ele>
        <time>2026-05-13T00:35:48+00:00</time>
      </trkpt>
      <trkpt lat="47.47528" lon="12.54065">
        <ele>845</ele>
        <time>2026-05-13T00:35:51+00:00</time>
      </trkpt>
      <trkpt lat="47.47535" lon="12.54063">
        <ele>843</ele>
        <time>2026-05-13T00:35:54+00:00</time>
      </trkpt>
      <trkpt lat="47.4754" lon="12.54058">
        <ele>844</ele>
        <time>2026-05-13T00:35:57+00:00</time>
      </trkpt>
      <trkpt lat="47.47547" lon="12.54053">
        <ele>841</ele>
        <time>2026-05-13T00:36:00+00:00</time>
      </trkpt>
      <trkpt lat="47.47553" lon="12.54048">
        <ele>839</ele>
        <time>2026-05-13T00:36:03+00:00</time>
      </trkpt>
      <trkpt lat="47.47561" lon="12.54045">
        <ele>836</ele>
        <time>2026-05-13T00:36:06+00:00</time>
      </trkpt>
      <trkpt lat="47.47587" lon="12.54028">
        <ele>831</ele>
        <time>2026-05-13T00:36:09+00:00</time>
      </trkpt>
      <trkpt lat="47.476" lon="12.54023">
        <ele>828</ele>
        <time>2026-05-13T00:36:12+00:00</time>
      </trkpt>
      <trkpt lat="47.47593" lon="12.54024">
        <ele>828</ele>
        <time>2026-05-13T00:36:15+00:00</time>
      </trkpt>
      <trkpt lat="47.4761" lon="12.54018">
        <ele>822</ele>
        <time>2026-05-13T00:36:18+00:00</time>
      </trkpt>
      <trkpt lat="47.47618" lon="12.54013">
        <ele>822</ele>
        <time>2026-05-13T00:36:21+00:00</time>
      </trkpt>
      <trkpt lat="47.47625" lon="12.54009">
        <ele>819</ele>
        <time>2026-05-13T00:36:24+00:00</time>
      </trkpt>
      <trkpt lat="47.47642" lon="12.53996">
        <ele>814</ele>
        <time>2026-05-13T00:36:27+00:00</time>
      </trkpt>
      <trkpt lat="47.47645" lon="12.53989">
        <ele>815</ele>
        <time>2026-05-13T00:36:30+00:00</time>
      </trkpt>
      <trkpt lat="47.47649" lon="12.53986">
        <ele>815</ele>
        <time>2026-05-13T00:36:33+00:00</time>
      </trkpt>
      <trkpt lat="47.47653" lon="12.53981">
        <ele>812</ele>
        <time>2026-05-13T00:36:36+00:00</time>
      </trkpt>
      <trkpt lat="47.47657" lon="12.53978">
        <ele>813</ele>
        <time>2026-05-13T00:36:39+00:00</time>
      </trkpt>
      <trkpt lat="47.4766" lon="12.53974">
        <ele>810</ele>
        <time>2026-05-13T00:36:42+00:00</time>
      </trkpt>
      <trkpt lat="47.47664" lon="12.5396">
        <ele>811</ele>
        <time>2026-05-13T00:36:45+00:00</time>
      </trkpt>
      <trkpt lat="47.47667" lon="12.53955">
        <ele>813</ele>
        <time>2026-05-13T00:36:48+00:00</time>
      </trkpt>
      <trkpt lat="47.47674" lon="12.53945">
        <ele>811</ele>
        <time>2026-05-13T00:36:51+00:00</time>
      </trkpt>
      <trkpt lat="47.47677" lon="12.53939">
        <ele>812</ele>
        <time>2026-05-13T00:36:54+00:00</time>
      </trkpt>
      <trkpt lat="47.47681" lon="12.53915">
        <ele>812</ele>
        <time>2026-05-13T00:36:57+00:00</time>
      </trkpt>
      <trkpt lat="47.47686" lon="12.53915">
        <ele>812</ele>
        <time>2026-05-13T00:37:00+00:00</time>
      </trkpt>
      <trkpt lat="47.47686" lon="12.53953">
        <ele>808</ele>
        <time>2026-05-13T00:37:03+00:00</time>
      </trkpt>
      <trkpt lat="47.47685" lon="12.53962">
        <ele>806</ele>
        <time>2026-05-13T00:37:06+00:00</time>
      </trkpt>
      <trkpt lat="47.47683" lon="12.53971">
        <ele>805</ele>
        <time>2026-05-13T00:37:09+00:00</time>
      </trkpt>
      <trkpt lat="47.47682" lon="12.53978">
        <ele>805</ele>
        <time>2026-05-13T00:37:12+00:00</time>
      </trkpt>
      <trkpt lat="47.47679" lon="12.53992">
        <ele>805</ele>
        <time>2026-05-13T00:37:15+00:00</time>
      </trkpt>
      <trkpt lat="47.4768" lon="12.54">
        <ele>805</ele>
        <time>2026-05-13T00:37:18+00:00</time>
      </trkpt>
      <trkpt lat="47.47679" lon="12.54013">
        <ele>803</ele>
        <time>2026-05-13T00:37:21+00:00</time>
      </trkpt>
      <trkpt lat="47.47677" lon="12.54018">
        <ele>803</ele>
        <time>2026-05-13T00:37:24+00:00</time>
      </trkpt>
      <trkpt lat="47.47673" lon="12.54036">
        <ele>801</ele>
        <time>2026-05-13T00:37:27+00:00</time>
      </trkpt>
      <trkpt lat="47.47672" lon="12.54048">
        <ele>800</ele>
        <time>2026-05-13T00:37:30+00:00</time>
      </trkpt>
      <trkpt lat="47.47669" lon="12.54065">
        <ele>802</ele>
        <time>2026-05-13T00:37:33+00:00</time>
      </trkpt>
      <trkpt lat="47.47668" lon="12.54095">
        <ele>799</ele>
        <time>2026-05-13T00:37:36+00:00</time>
      </trkpt>
      <trkpt lat="47.47668" lon="12.54101">
        <ele>799</ele>
        <time>2026-05-13T00:37:39+00:00</time>
      </trkpt>
      <trkpt lat="47.47672" lon="12.54103">
        <ele>796</ele>
        <time>2026-05-13T00:37:42+00:00</time>
      </trkpt>
      <trkpt lat="47.47675" lon="12.54103">
        <ele>796</ele>
        <time>2026-05-13T00:37:45+00:00</time>
      </trkpt>
      <trkpt lat="47.47679" lon="12.54102">
        <ele>796</ele>
        <time>2026-05-13T00:37:48+00:00</time>
      </trkpt>
      <trkpt lat="47.47683" lon="12.54103">
        <ele>794</ele>
        <time>2026-05-13T00:37:51+00:00</time>
      </trkpt>
      <trkpt lat="47.47687" lon="12.54105">
        <ele>794</ele>
        <time>2026-05-13T00:37:54+00:00</time>
      </trkpt>
      <trkpt lat="47.477" lon="12.54113">
        <ele>792</ele>
        <time>2026-05-13T00:37:57+00:00</time>
      </trkpt>
      <trkpt lat="47.47704" lon="12.54116">
        <ele>791</ele>
        <time>2026-05-13T00:38:00+00:00</time>
      </trkpt>
      <trkpt lat="47.47711" lon="12.54122">
        <ele>789</ele>
        <time>2026-05-13T00:38:03+00:00</time>
      </trkpt>
      <trkpt lat="47.4772" lon="12.54127">
        <ele>789</ele>
        <time>2026-05-13T00:38:06+00:00</time>
      </trkpt>
      <trkpt lat="47.47733" lon="12.54139">
        <ele>786</ele>
        <time>2026-05-13T00:38:09+00:00</time>
      </trkpt>
      <trkpt lat="47.47735" lon="12.54142">
        <ele>785</ele>
        <time>2026-05-13T00:38:12+00:00</time>
      </trkpt>
      <trkpt lat="47.47735" lon="12.54153">
        <ele>784</ele>
        <time>2026-05-13T00:38:15+00:00</time>
      </trkpt>
      <trkpt lat="47.4773" lon="12.54174">
        <ele>783</ele>
        <time>2026-05-13T00:38:18+00:00</time>
      </trkpt>
      <trkpt lat="47.47739" lon="12.54177">
        <ele>783</ele>
        <time>2026-05-13T00:38:21+00:00</time>
      </trkpt>
      <trkpt lat="47.47742" lon="12.54171">
        <ele>782</ele>
        <time>2026-05-13T00:38:24+00:00</time>
      </trkpt>
      <trkpt lat="47.47751" lon="12.54163">
        <ele>782</ele>
        <time>2026-05-13T00:38:27+00:00</time>
      </trkpt>
      <trkpt lat="47.4776" lon="12.54149">
        <ele>783</ele>
        <time>2026-05-13T00:38:30+00:00</time>
      </trkpt>
      <trkpt lat="47.47767" lon="12.54142">
        <ele>782</ele>
        <time>2026-05-13T00:38:33+00:00</time>
      </trkpt>
      <trkpt lat="47.47774" lon="12.54135">
        <ele>782</ele>
        <time>2026-05-13T00:38:36+00:00</time>
      </trkpt>
      <trkpt lat="47.47783" lon="12.54123">
        <ele>781</ele>
        <time>2026-05-13T00:38:39+00:00</time>
      </trkpt>
      <trkpt lat="47.47789" lon="12.54117">
        <ele>782</ele>
        <time>2026-05-13T00:38:42+00:00</time>
      </trkpt>
      <trkpt lat="47.47795" lon="12.54117">
        <ele>781</ele>
        <time>2026-05-13T00:38:45+00:00</time>
      </trkpt>
      <trkpt lat="47.47803" lon="12.54122">
        <ele>779</ele>
        <time>2026-05-13T00:38:48+00:00</time>
      </trkpt>
      <trkpt lat="47.47808" lon="12.54124">
        <ele>779</ele>
        <time>2026-05-13T00:38:51+00:00</time>
      </trkpt>
      <trkpt lat="47.47817" lon="12.54126">
        <ele>778</ele>
        <time>2026-05-13T00:38:54+00:00</time>
      </trkpt>
      <trkpt lat="47.47821" lon="12.54135">
        <ele>777</ele>
        <time>2026-05-13T00:38:57+00:00</time>
      </trkpt>
      <trkpt lat="47.47825" lon="12.54138">
        <ele>777</ele>
        <time>2026-05-13T00:39:00+00:00</time>
      </trkpt>
      <trkpt lat="47.47836" lon="12.54151">
        <ele>776</ele>
        <time>2026-05-13T00:39:03+00:00</time>
      </trkpt>
      <trkpt lat="47.47842" lon="12.54165">
        <ele>775</ele>
        <time>2026-05-13T00:39:06+00:00</time>
      </trkpt>
      <trkpt lat="47.4784" lon="12.54172">
        <ele>775</ele>
        <time>2026-05-13T00:39:09+00:00</time>
      </trkpt>
      <trkpt lat="47.47828" lon="12.54187">
        <ele>776</ele>
        <time>2026-05-13T00:39:12+00:00</time>
      </trkpt>
      <trkpt lat="47.47818" lon="12.54205">
        <ele>776</ele>
        <time>2026-05-13T00:39:15+00:00</time>
      </trkpt>
      <trkpt lat="47.47816" lon="12.54213">
        <ele>776</ele>
        <time>2026-05-13T00:39:18+00:00</time>
      </trkpt>
      <trkpt lat="47.47811" lon="12.54221">
        <ele>776</ele>
        <time>2026-05-13T00:39:21+00:00</time>
      </trkpt>
      <trkpt lat="47.47809" lon="12.54224">
        <ele>776</ele>
        <time>2026-05-13T00:39:24+00:00</time>
      </trkpt>
      <trkpt lat="47.47805" lon="12.54237">
        <ele>776</ele>
        <time>2026-05-13T00:39:27+00:00</time>
      </trkpt>
      <trkpt lat="47.47801" lon="12.54243">
        <ele>776</ele>
        <time>2026-05-13T00:39:30+00:00</time>
      </trkpt>
      <trkpt lat="47.47799" lon="12.54253">
        <ele>776</ele>
        <time>2026-05-13T00:39:33+00:00</time>
      </trkpt>
      <trkpt lat="47.47785" lon="12.5427">
        <ele>777</ele>
        <time>2026-05-13T00:39:36+00:00</time>
      </trkpt>
      <trkpt lat="47.47775" lon="12.54279">
        <ele>777</ele>
        <time>2026-05-13T00:39:39+00:00</time>
      </trkpt>
      <trkpt lat="47.47759" lon="12.54297">
        <ele>777</ele>
        <time>2026-05-13T00:39:42+00:00</time>
      </trkpt>
      <trkpt lat="47.47738" lon="12.5431">
        <ele>778</ele>
        <time>2026-05-13T00:39:45+00:00</time>
      </trkpt>
      <trkpt lat="47.4773" lon="12.54315">
        <ele>778</ele>
        <time>2026-05-13T00:39:48+00:00</time>
      </trkpt>
      <trkpt lat="47.4772" lon="12.54318">
        <ele>779</ele>
        <time>2026-05-13T00:39:51+00:00</time>
      </trkpt>
      <trkpt lat="47.47705" lon="12.54325">
        <ele>779</ele>
        <time>2026-05-13T00:39:54+00:00</time>
      </trkpt>
      <trkpt lat="47.47685" lon="12.54338">
        <ele>780</ele>
        <time>2026-05-13T00:39:57+00:00</time>
      </trkpt>
      <trkpt lat="47.47679" lon="12.54342">
        <ele>781</ele>
        <time>2026-05-13T00:40:00+00:00</time>
      </trkpt>
      <trkpt lat="47.47672" lon="12.54351">
        <ele>780</ele>
        <time>2026-05-13T00:40:03+00:00</time>
      </trkpt>
      <trkpt lat="47.47666" lon="12.54358">
        <ele>782</ele>
        <time>2026-05-13T00:40:06+00:00</time>
      </trkpt>
      <trkpt lat="47.47656" lon="12.54366">
        <ele>782</ele>
        <time>2026-05-13T00:40:09+00:00</time>
      </trkpt>
      <trkpt lat="47.47647" lon="12.54375">
        <ele>783</ele>
        <time>2026-05-13T00:40:12+00:00</time>
      </trkpt>
      <trkpt lat="47.47645" lon="12.54377">
        <ele>783</ele>
        <time>2026-05-13T00:40:15+00:00</time>
      </trkpt>
    </trkseg>
  </trk>
</gpx>
