<?xml version='1.0' encoding='UTF-8'?>
<gpx version="1.1" creator="https://www.komoot.de" xmlns="http://www.topografix.com/GPX/1/1" xmlns:xsi="http://www.w3.org/2001/XMLSchema-instance" xsi:schemaLocation="http://www.topografix.com/GPX/1/1 http://www.topografix.com/GPX/1/1/gpx.xsd">
  <metadata>
    <name>Elfsteden - Oog voor Maja</name>
    <author>
      <link href="https://www.komoot.de">
        <text>komoot</text>
        <type>text/html</type>
      </link>
    </author>
  </metadata>
  <trk>
    <name>Elfsteden - Oog voor Maja</name>
    <type>touring_bicycle</type>
    <trkseg>
      <trkpt lat="53.202338" lon="5.769497">
        <ele>0.585173</ele>
        <time>2026-06-20T08:55:58.848Z</time>
      </trkpt>
      <trkpt lat="53.202211" lon="5.769473">
        <ele>0.579479</ele>
        <time>2026-06-20T08:56:02.510Z</time>
      </trkpt>
      <trkpt lat="53.202173" lon="5.769700">
        <ele>0.527268</ele>
        <time>2026-06-20T08:56:06.538Z</time>
      </trkpt>
      <trkpt lat="53.202134" lon="5.769935">
        <ele>0.481335</ele>
        <time>2026-06-20T08:56:10.660Z</time>
      </trkpt>
      <trkpt lat="53.201881" lon="5.769888">
        <ele>0.395580</ele>
        <time>2026-06-20T08:56:17.764Z</time>
      </trkpt>
      <trkpt lat="53.201672" lon="5.769845">
        <ele>0.303846</ele>
        <time>2026-06-20T08:56:23.630Z</time>
      </trkpt>
      <trkpt lat="53.201619" lon="5.769834">
        <ele>0.280465</ele>
        <time>2026-06-20T08:56:25.095Z</time>
      </trkpt>
      <trkpt lat="53.201596" lon="5.769829">
        <ele>0.270311</ele>
        <time>2026-06-20T08:56:25.709Z</time>
      </trkpt>
      <trkpt lat="53.201610" lon="5.769649">
        <ele>0.219138</ele>
        <time>2026-06-20T08:56:27.880Z</time>
      </trkpt>
      <trkpt lat="53.201692" lon="5.768559">
        <ele>-0.103850</ele>
        <time>2026-06-20T08:56:41.393Z</time>
      </trkpt>
      <trkpt lat="53.201710" lon="5.768324">
        <ele>-0.171327</ele>
        <time>2026-06-20T08:56:44.442Z</time>
      </trkpt>
      <trkpt lat="53.201764" lon="5.767603">
        <ele>-0.200000</ele>
        <time>2026-06-20T08:56:53.931Z</time>
      </trkpt>
      <trkpt lat="53.201780" lon="5.767391">
        <ele>-0.200000</ele>
        <time>2026-06-20T08:56:56.772Z</time>
      </trkpt>
      <trkpt lat="53.201803" lon="5.767117">
        <ele>-0.199536</ele>
        <time>2026-06-20T08:57:00.505Z</time>
      </trkpt>
      <trkpt lat="53.201869" lon="5.766821">
        <ele>-0.189664</ele>
        <time>2026-06-20T08:57:04.829Z</time>
      </trkpt>
      <trkpt lat="53.201885" lon="5.766751">
        <ele>-0.181151</ele>
        <time>2026-06-20T08:57:05.847Z</time>
      </trkpt>
      <trkpt lat="53.201845" lon="5.766744">
        <ele>-0.165362</ele>
        <time>2026-06-20T08:57:06.773Z</time>
      </trkpt>
      <trkpt lat="53.201792" lon="5.766717">
        <ele>-0.143609</ele>
        <time>2026-06-20T08:57:08.067Z</time>
      </trkpt>
      <trkpt lat="53.201735" lon="5.766653">
        <ele>-0.116643</ele>
        <time>2026-06-20T08:57:09.615Z</time>
      </trkpt>
      <trkpt lat="53.201680" lon="5.766505">
        <ele>-0.086299</ele>
        <time>2026-06-20T08:57:12.012Z</time>
      </trkpt>
      <trkpt lat="53.201622" lon="5.766462">
        <ele>-0.072256</ele>
        <time>2026-06-20T08:57:13.495Z</time>
      </trkpt>
      <trkpt lat="53.201040" lon="5.766206">
        <ele>0.173299</ele>
        <time>2026-06-20T08:57:28.072Z</time>
      </trkpt>
      <trkpt lat="53.200519" lon="5.766080">
        <ele>0.200000</ele>
        <time>2026-06-20T08:57:39.874Z</time>
      </trkpt>
      <trkpt lat="53.200173" lon="5.766040">
        <ele>0.186598</ele>
        <time>2026-06-20T08:57:47.405Z</time>
      </trkpt>
      <trkpt lat="53.199569" lon="5.766006">
        <ele>0.038220</ele>
        <time>2026-06-20T08:58:00.371Z</time>
      </trkpt>
      <trkpt lat="53.199386" lon="5.765996">
        <ele>0.074064</ele>
        <time>2026-06-20T08:58:04.440Z</time>
      </trkpt>
      <trkpt lat="53.198829" lon="5.765934">
        <ele>0.090837</ele>
        <time>2026-06-20T08:58:16.941Z</time>
      </trkpt>
      <trkpt lat="53.198428" lon="5.765914">
        <ele>-0.006969</ele>
        <time>2026-06-20T08:58:25.573Z</time>
      </trkpt>
      <trkpt lat="53.197740" lon="5.765883">
        <ele>-0.302893</ele>
        <time>2026-06-20T08:58:39.780Z</time>
      </trkpt>
      <trkpt lat="53.196408" lon="5.765932">
        <ele>-0.995674</ele>
        <time>2026-06-20T08:59:07.072Z</time>
      </trkpt>
      <trkpt lat="53.196166" lon="5.765911">
        <ele>-1.077767</ele>
        <time>2026-06-20T08:59:12.344Z</time>
      </trkpt>
      <trkpt lat="53.195813" lon="5.765810">
        <ele>-0.986937</ele>
        <time>2026-06-20T08:59:20.537Z</time>
      </trkpt>
      <trkpt lat="53.195618" lon="5.765815">
        <ele>-0.891381</ele>
        <time>2026-06-20T08:59:25.264Z</time>
      </trkpt>
      <trkpt lat="53.195471" lon="5.765990">
        <ele>-0.767212</ele>
        <time>2026-06-20T08:59:29.810Z</time>
      </trkpt>
      <trkpt lat="53.195435" lon="5.765985">
        <ele>-0.734241</ele>
        <time>2026-06-20T08:59:30.738Z</time>
      </trkpt>
      <trkpt lat="53.195372" lon="5.765951">
        <ele>-0.673810</ele>
        <time>2026-06-20T08:59:32.367Z</time>
      </trkpt>
      <trkpt lat="53.195243" lon="5.765782">
        <ele>-0.522388</ele>
        <time>2026-06-20T08:59:36.640Z</time>
      </trkpt>
      <trkpt lat="53.194982" lon="5.765765">
        <ele>-0.314768</ele>
        <time>2026-06-20T08:59:43.358Z</time>
      </trkpt>
      <trkpt lat="53.194184" lon="5.765667">
        <ele>0.095145</ele>
        <time>2026-06-20T09:00:02.845Z</time>
      </trkpt>
      <trkpt lat="53.193410" lon="5.765480">
        <ele>0.395312</ele>
        <time>2026-06-20T09:00:21.466Z</time>
      </trkpt>
      <trkpt lat="53.193336" lon="5.765493">
        <ele>0.421273</ele>
        <time>2026-06-20T09:00:23.207Z</time>
      </trkpt>
      <trkpt lat="53.193222" lon="5.765611">
        <ele>0.465356</ele>
        <time>2026-06-20T09:00:26.325Z</time>
      </trkpt>
      <trkpt lat="53.193197" lon="5.765408">
        <ele>0.499947</ele>
        <time>2026-06-20T09:00:29.176Z</time>
      </trkpt>
      <trkpt lat="53.193186" lon="5.765309">
        <ele>0.499994</ele>
        <time>2026-06-20T09:00:30.585Z</time>
      </trkpt>
      <trkpt lat="53.193162" lon="5.765148">
        <ele>0.500072</ele>
        <time>2026-06-20T09:00:32.834Z</time>
      </trkpt>
      <trkpt lat="53.193062" lon="5.764969">
        <ele>0.516661</ele>
        <time>2026-06-20T09:00:36.181Z</time>
      </trkpt>
      <trkpt lat="53.192988" lon="5.764425">
        <ele>0.589828</ele>
        <time>2026-06-20T09:00:43.719Z</time>
      </trkpt>
      <trkpt lat="53.192880" lon="5.763680">
        <ele>0.593523</ele>
        <time>2026-06-20T09:00:53.897Z</time>
      </trkpt>
      <trkpt lat="53.192877" lon="5.763656">
        <ele>0.591048</ele>
        <time>2026-06-20T09:00:54.233Z</time>
      </trkpt>
      <trkpt lat="53.192367" lon="5.760767">
        <ele>0.090081</ele>
        <time>2026-06-20T09:01:32.523Z</time>
      </trkpt>
      <trkpt lat="53.192266" lon="5.759911">
        <ele>-0.204436</ele>
        <time>2026-06-20T09:01:43.173Z</time>
      </trkpt>
      <trkpt lat="53.192213" lon="5.758865">
        <ele>-0.590763</ele>
        <time>2026-06-20T09:01:56.007Z</time>
      </trkpt>
      <trkpt lat="53.192225" lon="5.758073">
        <ele>-0.811057</ele>
        <time>2026-06-20T09:02:05.744Z</time>
      </trkpt>
      <trkpt lat="53.192294" lon="5.757251">
        <ele>-1.116741</ele>
        <time>2026-06-20T09:02:15.834Z</time>
      </trkpt>
      <trkpt lat="53.192386" lon="5.756717">
        <ele>-1.395874</ele>
        <time>2026-06-20T09:02:22.457Z</time>
      </trkpt>
      <trkpt lat="53.192760" lon="5.755072">
        <ele>-2.193224</ele>
        <time>2026-06-20T09:02:43.313Z</time>
      </trkpt>
      <trkpt lat="53.192812" lon="5.754547">
        <ele>-2.384170</ele>
        <time>2026-06-20T09:02:49.779Z</time>
      </trkpt>
      <trkpt lat="53.192823" lon="5.753663">
        <ele>-2.489460</ele>
        <time>2026-06-20T09:03:00.992Z</time>
      </trkpt>
      <trkpt lat="53.192814" lon="5.753593">
        <ele>-2.493130</ele>
        <time>2026-06-20T09:03:01.925Z</time>
      </trkpt>
      <trkpt lat="53.192794" lon="5.753424">
        <ele>-2.498342</ele>
        <time>2026-06-20T09:03:04.231Z</time>
      </trkpt>
      <trkpt lat="53.192776" lon="5.753285">
        <ele>-2.492180</ele>
        <time>2026-06-20T09:03:06.135Z</time>
      </trkpt>
      <trkpt lat="53.192723" lon="5.753173">
        <ele>-2.485996</ele>
        <time>2026-06-20T09:03:08.114Z</time>
      </trkpt>
      <trkpt lat="53.192563" lon="5.752270">
        <ele>-2.290680</ele>
        <time>2026-06-20T09:03:21.521Z</time>
      </trkpt>
      <trkpt lat="53.192259" lon="5.751380">
        <ele>-1.997859</ele>
        <time>2026-06-20T09:03:36.354Z</time>
      </trkpt>
      <trkpt lat="53.192027" lon="5.750909">
        <ele>-1.802657</ele>
        <time>2026-06-20T09:03:45.372Z</time>
      </trkpt>
      <trkpt lat="53.191325" lon="5.749688">
        <ele>-1.332565</ele>
        <time>2026-06-20T09:04:09.843Z</time>
      </trkpt>
      <trkpt lat="53.191048" lon="5.749031">
        <ele>-1.412420</ele>
        <time>2026-06-20T09:04:20.326Z</time>
      </trkpt>
      <trkpt lat="53.190946" lon="5.748692">
        <ele>-1.492093</ele>
        <time>2026-06-20T09:04:25.071Z</time>
      </trkpt>
      <trkpt lat="53.190831" lon="5.748158">
        <ele>-1.589264</ele>
        <time>2026-06-20T09:04:32.209Z</time>
      </trkpt>
      <trkpt lat="53.190784" lon="5.747807">
        <ele>-1.616952</ele>
        <time>2026-06-20T09:04:36.832Z</time>
      </trkpt>
      <trkpt lat="53.190766" lon="5.747433">
        <ele>-1.683206</ele>
        <time>2026-06-20T09:04:41.623Z</time>
      </trkpt>
      <trkpt lat="53.190774" lon="5.746777">
        <ele>-1.700000</ele>
        <time>2026-06-20T09:04:50.179Z</time>
      </trkpt>
      <trkpt lat="53.190775" lon="5.746106">
        <ele>-1.678358</ele>
        <time>2026-06-20T09:04:59.273Z</time>
      </trkpt>
      <trkpt lat="53.190751" lon="5.745688">
        <ele>-1.599884</ele>
        <time>2026-06-20T09:05:05.168Z</time>
      </trkpt>
      <trkpt lat="53.190734" lon="5.744853">
        <ele>-1.393555</ele>
        <time>2026-06-20T09:05:17.321Z</time>
      </trkpt>
      <trkpt lat="53.190694" lon="5.744231">
        <ele>-1.257203</ele>
        <time>2026-06-20T09:05:26.097Z</time>
      </trkpt>
      <trkpt lat="53.190160" lon="5.739642">
        <ele>-1.487736</ele>
        <time>2026-06-20T09:06:27.228Z</time>
      </trkpt>
      <trkpt lat="53.190098" lon="5.738836">
        <ele>-1.392512</ele>
        <time>2026-06-20T09:06:38.787Z</time>
      </trkpt>
      <trkpt lat="53.190089" lon="5.738094">
        <ele>-1.194139</ele>
        <time>2026-06-20T09:06:49.431Z</time>
      </trkpt>
      <trkpt lat="53.190124" lon="5.737330">
        <ele>-0.899404</ele>
        <time>2026-06-20T09:07:00.829Z</time>
      </trkpt>
      <trkpt lat="53.190221" lon="5.736349">
        <ele>-0.533278</ele>
        <time>2026-06-20T09:07:15.569Z</time>
      </trkpt>
      <trkpt lat="53.190296" lon="5.736132">
        <ele>-0.474935</ele>
        <time>2026-06-20T09:07:19.066Z</time>
      </trkpt>
      <trkpt lat="53.190418" lon="5.735320">
        <ele>-0.318266</ele>
        <time>2026-06-20T09:07:30.862Z</time>
      </trkpt>
      <trkpt lat="53.190306" lon="5.735246">
        <ele>-0.285002</ele>
        <time>2026-06-20T09:07:33.740Z</time>
      </trkpt>
      <trkpt lat="53.189838" lon="5.734912">
        <ele>-0.104562</ele>
        <time>2026-06-20T09:07:45.780Z</time>
      </trkpt>
      <trkpt lat="53.189811" lon="5.734893">
        <ele>-0.094391</ele>
        <time>2026-06-20T09:07:46.489Z</time>
      </trkpt>
      <trkpt lat="53.189577" lon="5.734745">
        <ele>-0.021233</ele>
        <time>2026-06-20T09:07:52.454Z</time>
      </trkpt>
      <trkpt lat="53.189369" lon="5.734604">
        <ele>-0.010753</ele>
        <time>2026-06-20T09:07:57.612Z</time>
      </trkpt>
      <trkpt lat="53.188906" lon="5.734246">
        <ele>-0.093009</ele>
        <time>2026-06-20T09:08:09.182Z</time>
      </trkpt>
      <trkpt lat="53.188708" lon="5.734059">
        <ele>-0.099709</ele>
        <time>2026-06-20T09:08:14.415Z</time>
      </trkpt>
      <trkpt lat="53.188495" lon="5.733919">
        <ele>-0.104160</ele>
        <time>2026-06-20T09:08:19.665Z</time>
      </trkpt>
      <trkpt lat="53.187713" lon="5.733654">
        <ele>-0.192959</ele>
        <time>2026-06-20T09:08:37.972Z</time>
      </trkpt>
      <trkpt lat="53.187704" lon="5.733651">
        <ele>-0.193521</ele>
        <time>2026-06-20T09:08:38.159Z</time>
      </trkpt>
      <trkpt lat="53.187511" lon="5.733585">
        <ele>-0.200000</ele>
        <time>2026-06-20T09:08:42.559Z</time>
      </trkpt>
      <trkpt lat="53.186805" lon="5.733352">
        <ele>-0.200000</ele>
        <time>2026-06-20T09:08:58.518Z</time>
      </trkpt>
      <trkpt lat="53.186655" lon="5.733265">
        <ele>-0.200116</ele>
        <time>2026-06-20T09:09:02.008Z</time>
      </trkpt>
      <trkpt lat="53.186440" lon="5.733072">
        <ele>-0.223274</ele>
        <time>2026-06-20T09:09:07.319Z</time>
      </trkpt>
      <trkpt lat="53.185946" lon="5.732434">
        <ele>-0.404407</ele>
        <time>2026-06-20T09:09:20.611Z</time>
      </trkpt>
      <trkpt lat="53.185759" lon="5.732186">
        <ele>-0.507999</ele>
        <time>2026-06-20T09:09:25.470Z</time>
      </trkpt>
      <trkpt lat="53.185493" lon="5.731835">
        <ele>-0.671943</ele>
        <time>2026-06-20T09:09:32.432Z</time>
      </trkpt>
      <trkpt lat="53.185343" lon="5.731681">
        <ele>-0.731207</ele>
        <time>2026-06-20T09:09:36.327Z</time>
      </trkpt>
      <trkpt lat="53.185209" lon="5.731550">
        <ele>-0.770709</ele>
        <time>2026-06-20T09:09:39.787Z</time>
      </trkpt>
      <trkpt lat="53.185007" lon="5.731452">
        <ele>-0.800000</ele>
        <time>2026-06-20T09:09:44.540Z</time>
      </trkpt>
      <trkpt lat="53.184979" lon="5.731446">
        <ele>-0.800000</ele>
        <time>2026-06-20T09:09:45.168Z</time>
      </trkpt>
      <trkpt lat="53.184828" lon="5.731422">
        <ele>-0.800000</ele>
        <time>2026-06-20T09:09:48.719Z</time>
      </trkpt>
      <trkpt lat="53.184792" lon="5.731442">
        <ele>-0.796760</ele>
        <time>2026-06-20T09:09:49.631Z</time>
      </trkpt>
      <trkpt lat="53.184781" lon="5.731494">
        <ele>-0.792992</ele>
        <time>2026-06-20T09:09:50.471Z</time>
      </trkpt>
      <trkpt lat="53.184671" lon="5.731463">
        <ele>-0.780270</ele>
        <time>2026-06-20T09:09:53.175Z</time>
      </trkpt>
      <trkpt lat="53.183508" lon="5.731253">
        <ele>-0.313002</ele>
        <time>2026-06-20T09:10:21.910Z</time>
      </trkpt>
      <trkpt lat="53.183356" lon="5.731225">
        <ele>-0.303726</ele>
        <time>2026-06-20T09:10:25.508Z</time>
      </trkpt>
      <trkpt lat="53.183166" lon="5.731184">
        <ele>-0.333612</ele>
        <time>2026-06-20T09:10:29.942Z</time>
      </trkpt>
      <trkpt lat="53.183019" lon="5.731154">
        <ele>-0.372315</ele>
        <time>2026-06-20T09:10:33.303Z</time>
      </trkpt>
      <trkpt lat="53.182817" lon="5.731085">
        <ele>-0.405898</ele>
        <time>2026-06-20T09:10:37.877Z</time>
      </trkpt>
      <trkpt lat="53.182797" lon="5.731078">
        <ele>-0.410708</ele>
        <time>2026-06-20T09:10:38.336Z</time>
      </trkpt>
      <trkpt lat="53.182770" lon="5.731068">
        <ele>-0.417218</ele>
        <time>2026-06-20T09:10:38.930Z</time>
      </trkpt>
      <trkpt lat="53.182486" lon="5.730964">
        <ele>-0.531073</ele>
        <time>2026-06-20T09:10:45.258Z</time>
      </trkpt>
      <trkpt lat="53.182396" lon="5.730927">
        <ele>-0.584750</ele>
        <time>2026-06-20T09:10:47.285Z</time>
      </trkpt>
      <trkpt lat="53.182213" lon="5.730816">
        <ele>-0.688335</ele>
        <time>2026-06-20T09:10:51.489Z</time>
      </trkpt>
      <trkpt lat="53.181878" lon="5.730540">
        <ele>-0.817544</ele>
        <time>2026-06-20T09:10:59.563Z</time>
      </trkpt>
      <trkpt lat="53.181720" lon="5.730500">
        <ele>-0.870807</ele>
        <time>2026-06-20T09:11:03.092Z</time>
      </trkpt>
      <trkpt lat="53.181517" lon="5.730539">
        <ele>-0.896638</ele>
        <time>2026-06-20T09:11:07.688Z</time>
      </trkpt>
      <trkpt lat="53.181354" lon="5.730649">
        <ele>-0.878806</ele>
        <time>2026-06-20T09:11:11.820Z</time>
      </trkpt>
      <trkpt lat="53.181224" lon="5.730806">
        <ele>-0.828466</ele>
        <time>2026-06-20T09:11:15.756Z</time>
      </trkpt>
      <trkpt lat="53.181103" lon="5.731058">
        <ele>-0.785156</ele>
        <time>2026-06-20T09:11:20.406Z</time>
      </trkpt>
      <trkpt lat="53.180977" lon="5.731623">
        <ele>-0.681031</ele>
        <time>2026-06-20T09:11:29.215Z</time>
      </trkpt>
      <trkpt lat="53.180918" lon="5.731728">
        <ele>-0.643487</ele>
        <time>2026-06-20T09:11:31.375Z</time>
      </trkpt>
      <trkpt lat="53.180837" lon="5.731767">
        <ele>-0.606793</ele>
        <time>2026-06-20T09:11:33.494Z</time>
      </trkpt>
      <trkpt lat="53.180763" lon="5.731743">
        <ele>-0.571375</ele>
        <time>2026-06-20T09:11:35.404Z</time>
      </trkpt>
      <trkpt lat="53.180644" lon="5.731555">
        <ele>-0.490770</ele>
        <time>2026-06-20T09:11:39.525Z</time>
      </trkpt>
      <trkpt lat="53.180560" lon="5.731407">
        <ele>-0.443636</ele>
        <time>2026-06-20T09:11:42.582Z</time>
      </trkpt>
      <trkpt lat="53.180421" lon="5.731661">
        <ele>-0.400000</ele>
        <time>2026-06-20T09:11:47.589Z</time>
      </trkpt>
      <trkpt lat="53.180426" lon="5.731772">
        <ele>-0.400000</ele>
        <time>2026-06-20T09:11:49.168Z</time>
      </trkpt>
      <trkpt lat="53.180392" lon="5.731826">
        <ele>-0.400000</ele>
        <time>2026-06-20T09:11:50.213Z</time>
      </trkpt>
      <trkpt lat="53.180373" lon="5.731857">
        <ele>-0.400000</ele>
        <time>2026-06-20T09:11:50.813Z</time>
      </trkpt>
      <trkpt lat="53.180153" lon="5.732155">
        <ele>-0.385987</ele>
        <time>2026-06-20T09:11:57.402Z</time>
      </trkpt>
      <trkpt lat="53.180103" lon="5.732282">
        <ele>-0.365561</ele>
        <time>2026-06-20T09:11:59.536Z</time>
      </trkpt>
      <trkpt lat="53.179999" lon="5.732440">
        <ele>-0.334278</ele>
        <time>2026-06-20T09:12:02.778Z</time>
      </trkpt>
      <trkpt lat="53.179801" lon="5.732754">
        <ele>-0.320098</ele>
        <time>2026-06-20T09:12:08.833Z</time>
      </trkpt>
      <trkpt lat="53.179747" lon="5.732840">
        <ele>-0.332845</ele>
        <time>2026-06-20T09:12:10.458Z</time>
      </trkpt>
      <trkpt lat="53.179744" lon="5.732845">
        <ele>-0.333569</ele>
        <time>2026-06-20T09:12:10.557Z</time>
      </trkpt>
      <trkpt lat="53.179667" lon="5.732973">
        <ele>-0.363693</ele>
        <time>2026-06-20T09:12:12.893Z</time>
      </trkpt>
      <trkpt lat="53.179610" lon="5.733067">
        <ele>-0.388898</ele>
        <time>2026-06-20T09:12:14.622Z</time>
      </trkpt>
      <trkpt lat="53.179530" lon="5.733197">
        <ele>-0.427662</ele>
        <time>2026-06-20T09:12:17.006Z</time>
      </trkpt>
      <trkpt lat="53.179446" lon="5.733297">
        <ele>-0.468045</ele>
        <time>2026-06-20T09:12:19.127Z</time>
      </trkpt>
      <trkpt lat="53.179293" lon="5.733444">
        <ele>-0.538465</ele>
        <time>2026-06-20T09:12:22.754Z</time>
      </trkpt>
      <trkpt lat="53.179208" lon="5.733518">
        <ele>-0.577229</ele>
        <time>2026-06-20T09:12:24.733Z</time>
      </trkpt>
      <trkpt lat="53.179168" lon="5.733560">
        <ele>-0.600605</ele>
        <time>2026-06-20T09:12:25.704Z</time>
      </trkpt>
      <trkpt lat="53.179111" lon="5.733610">
        <ele>-0.639962</ele>
        <time>2026-06-20T09:12:27.045Z</time>
      </trkpt>
      <trkpt lat="53.179082" lon="5.733636">
        <ele>-0.660082</ele>
        <time>2026-06-20T09:12:27.718Z</time>
      </trkpt>
      <trkpt lat="53.179050" lon="5.733664">
        <ele>-0.682165</ele>
        <time>2026-06-20T09:12:28.460Z</time>
      </trkpt>
      <trkpt lat="53.178805" lon="5.733927">
        <ele>-0.806104</ele>
        <time>2026-06-20T09:12:34.511Z</time>
      </trkpt>
      <trkpt lat="53.178506" lon="5.734276">
        <ele>-0.982524</ele>
        <time>2026-06-20T09:12:42.091Z</time>
      </trkpt>
      <trkpt lat="53.178136" lon="5.734672">
        <ele>-1.105445</ele>
        <time>2026-06-20T09:12:51.241Z</time>
      </trkpt>
      <trkpt lat="53.177854" lon="5.734876">
        <ele>-1.201691</ele>
        <time>2026-06-20T09:12:57.649Z</time>
      </trkpt>
      <trkpt lat="53.177600" lon="5.735013">
        <ele>-1.289440</ele>
        <time>2026-06-20T09:13:03.331Z</time>
      </trkpt>
      <trkpt lat="53.177588" lon="5.735117">
        <ele>-1.301994</ele>
        <time>2026-06-20T09:13:04.768Z</time>
      </trkpt>
      <trkpt lat="53.176603" lon="5.735393">
        <ele>-1.491739</ele>
        <time>2026-06-20T09:13:26.258Z</time>
      </trkpt>
      <trkpt lat="53.176068" lon="5.735601">
        <ele>-1.491064</ele>
        <time>2026-06-20T09:13:38.526Z</time>
      </trkpt>
      <trkpt lat="53.175432" lon="5.735898">
        <ele>-1.397035</ele>
        <time>2026-06-20T09:13:53.506Z</time>
      </trkpt>
      <trkpt lat="53.174014" lon="5.736533">
        <ele>-1.093035</ele>
        <time>2026-06-20T09:14:27.638Z</time>
      </trkpt>
      <trkpt lat="53.173182" lon="5.736858">
        <ele>-0.819590</ele>
        <time>2026-06-20T09:14:47.852Z</time>
      </trkpt>
      <trkpt lat="53.172337" lon="5.737277">
        <ele>-0.800587</ele>
        <time>2026-06-20T09:15:07.376Z</time>
      </trkpt>
      <trkpt lat="53.172172" lon="5.737476">
        <ele>-0.831091</ele>
        <time>2026-06-20T09:15:11.694Z</time>
      </trkpt>
      <trkpt lat="53.172042" lon="5.737551">
        <ele>-0.879586</ele>
        <time>2026-06-20T09:15:14.642Z</time>
      </trkpt>
      <trkpt lat="53.171443" lon="5.738025">
        <ele>-0.900684</ele>
        <time>2026-06-20T09:15:29.086Z</time>
      </trkpt>
      <trkpt lat="53.171337" lon="5.738072">
        <ele>-0.929717</ele>
        <time>2026-06-20T09:15:31.520Z</time>
      </trkpt>
      <trkpt lat="53.171253" lon="5.738109">
        <ele>-0.956077</ele>
        <time>2026-06-20T09:15:33.436Z</time>
      </trkpt>
      <trkpt lat="53.170213" lon="5.738936">
        <ele>-0.585233</ele>
        <time>2026-06-20T09:16:00.458Z</time>
      </trkpt>
      <trkpt lat="53.169985" lon="5.739122">
        <ele>-0.397931</ele>
        <time>2026-06-20T09:16:07.032Z</time>
      </trkpt>
      <trkpt lat="53.169775" lon="5.739297">
        <ele>-0.202877</ele>
        <time>2026-06-20T09:16:13.043Z</time>
      </trkpt>
      <trkpt lat="53.169548" lon="5.739491">
        <ele>-0.020882</ele>
        <time>2026-06-20T09:16:19.365Z</time>
      </trkpt>
      <trkpt lat="53.169286" lon="5.739715">
        <ele>0.089163</ele>
        <time>2026-06-20T09:16:26.392Z</time>
      </trkpt>
      <trkpt lat="53.169193" lon="5.739730">
        <ele>0.112748</ele>
        <time>2026-06-20T09:16:29.205Z</time>
      </trkpt>
      <trkpt lat="53.168993" lon="5.739870">
        <ele>0.185202</ele>
        <time>2026-06-20T09:16:35.688Z</time>
      </trkpt>
      <trkpt lat="53.168725" lon="5.740060">
        <ele>0.194014</ele>
        <time>2026-06-20T09:16:44.313Z</time>
      </trkpt>
      <trkpt lat="53.168636" lon="5.740149">
        <ele>0.181896</ele>
        <time>2026-06-20T09:16:47.327Z</time>
      </trkpt>
      <trkpt lat="53.168604" lon="5.740192">
        <ele>0.177097</ele>
        <time>2026-06-20T09:16:48.512Z</time>
      </trkpt>
      <trkpt lat="53.168130" lon="5.740488">
        <ele>-0.082520</ele>
        <time>2026-06-20T09:17:02.516Z</time>
      </trkpt>
      <trkpt lat="53.168083" lon="5.740514">
        <ele>-0.097539</ele>
        <time>2026-06-20T09:17:03.533Z</time>
      </trkpt>
      <trkpt lat="53.168044" lon="5.740536">
        <ele>-0.110026</ele>
        <time>2026-06-20T09:17:04.395Z</time>
      </trkpt>
      <trkpt lat="53.167816" lon="5.740714">
        <ele>-0.178979</ele>
        <time>2026-06-20T09:17:09.717Z</time>
      </trkpt>
      <trkpt lat="53.167626" lon="5.740895">
        <ele>-0.170910</ele>
        <time>2026-06-20T09:17:14.634Z</time>
      </trkpt>
      <trkpt lat="53.167480" lon="5.741091">
        <ele>-0.129812</ele>
        <time>2026-06-20T09:17:18.945Z</time>
      </trkpt>
      <trkpt lat="53.167315" lon="5.741216">
        <ele>-0.109169</ele>
        <time>2026-06-20T09:17:23.070Z</time>
      </trkpt>
      <trkpt lat="53.166752" lon="5.741629">
        <ele>-0.195358</ele>
        <time>2026-06-20T09:17:36.301Z</time>
      </trkpt>
      <trkpt lat="53.166674" lon="5.741666">
        <ele>-0.196633</ele>
        <time>2026-06-20T09:17:38.120Z</time>
      </trkpt>
      <trkpt lat="53.166497" lon="5.741776">
        <ele>-0.185194</ele>
        <time>2026-06-20T09:17:42.448Z</time>
      </trkpt>
      <trkpt lat="53.166466" lon="5.741798">
        <ele>-0.174890</ele>
        <time>2026-06-20T09:17:43.225Z</time>
      </trkpt>
      <trkpt lat="53.166284" lon="5.741927">
        <ele>-0.123155</ele>
        <time>2026-06-20T09:17:47.922Z</time>
      </trkpt>
      <trkpt lat="53.165984" lon="5.742142">
        <ele>-0.139519</ele>
        <time>2026-06-20T09:17:55.140Z</time>
      </trkpt>
      <trkpt lat="53.165627" lon="5.742409">
        <ele>-0.405758</ele>
        <time>2026-06-20T09:18:03.017Z</time>
      </trkpt>
      <trkpt lat="53.165317" lon="5.742659">
        <ele>-0.671772</ele>
        <time>2026-06-20T09:18:09.671Z</time>
      </trkpt>
      <trkpt lat="53.164939" lon="5.742994">
        <ele>-0.685212</ele>
        <time>2026-06-20T09:18:19.068Z</time>
      </trkpt>
      <trkpt lat="53.164439" lon="5.743348">
        <ele>-0.486387</ele>
        <time>2026-06-20T09:18:32.250Z</time>
      </trkpt>
      <trkpt lat="53.164011" lon="5.743641">
        <ele>-0.205525</ele>
        <time>2026-06-20T09:18:43.424Z</time>
      </trkpt>
      <trkpt lat="53.163663" lon="5.743847">
        <ele>0.002719</ele>
        <time>2026-06-20T09:18:52.580Z</time>
      </trkpt>
      <trkpt lat="53.163509" lon="5.743911">
        <ele>0.095992</ele>
        <time>2026-06-20T09:18:56.502Z</time>
      </trkpt>
      <trkpt lat="53.162962" lon="5.744085">
        <ele>0.378188</ele>
        <time>2026-06-20T09:19:10.112Z</time>
      </trkpt>
      <trkpt lat="53.162650" lon="5.744141">
        <ele>0.400000</ele>
        <time>2026-06-20T09:19:17.187Z</time>
      </trkpt>
      <trkpt lat="53.162564" lon="5.744137">
        <ele>0.400000</ele>
        <time>2026-06-20T09:19:19.060Z</time>
      </trkpt>
      <trkpt lat="53.162463" lon="5.744083">
        <ele>0.400000</ele>
        <time>2026-06-20T09:19:21.376Z</time>
      </trkpt>
      <trkpt lat="53.162299" lon="5.744132">
        <ele>0.394920</ele>
        <time>2026-06-20T09:19:24.968Z</time>
      </trkpt>
      <trkpt lat="53.162259" lon="5.744130">
        <ele>0.388583</ele>
        <time>2026-06-20T09:19:25.843Z</time>
      </trkpt>
      <trkpt lat="53.162202" lon="5.744127">
        <ele>0.379553</ele>
        <time>2026-06-20T09:19:27.080Z</time>
      </trkpt>
      <trkpt lat="53.161935" lon="5.744054">
        <ele>0.316805</ele>
        <time>2026-06-20T09:19:33.002Z</time>
      </trkpt>
      <trkpt lat="53.161852" lon="5.744011">
        <ele>0.302679</ele>
        <time>2026-06-20T09:19:34.893Z</time>
      </trkpt>
      <trkpt lat="53.161682" lon="5.743970">
        <ele>0.300230</ele>
        <time>2026-06-20T09:19:38.687Z</time>
      </trkpt>
      <trkpt lat="53.161558" lon="5.744004">
        <ele>0.300000</ele>
        <time>2026-06-20T09:19:41.455Z</time>
      </trkpt>
      <trkpt lat="53.161490" lon="5.744012">
        <ele>0.300000</ele>
        <time>2026-06-20T09:19:42.974Z</time>
      </trkpt>
      <trkpt lat="53.161275" lon="5.744038">
        <ele>0.300000</ele>
        <time>2026-06-20T09:19:47.849Z</time>
      </trkpt>
      <trkpt lat="53.160912" lon="5.744088">
        <ele>0.273031</ele>
        <time>2026-06-20T09:19:55.873Z</time>
      </trkpt>
      <trkpt lat="53.160710" lon="5.744116">
        <ele>0.187981</ele>
        <time>2026-06-20T09:20:00.058Z</time>
      </trkpt>
      <trkpt lat="53.160441" lon="5.744161">
        <ele>-0.040903</ele>
        <time>2026-06-20T09:20:05.338Z</time>
      </trkpt>
      <trkpt lat="53.160240" lon="5.744205">
        <ele>-0.260737</ele>
        <time>2026-06-20T09:20:09.184Z</time>
      </trkpt>
      <trkpt lat="53.159975" lon="5.744255">
        <ele>-0.514980</ele>
        <time>2026-06-20T09:20:14.333Z</time>
      </trkpt>
      <trkpt lat="53.159891" lon="5.744259">
        <ele>-0.587978</ele>
        <time>2026-06-20T09:20:15.975Z</time>
      </trkpt>
      <trkpt lat="53.159753" lon="5.744288">
        <ele>-0.691418</ele>
        <time>2026-06-20T09:20:18.749Z</time>
      </trkpt>
      <trkpt lat="53.159445" lon="5.744356">
        <ele>-0.920703</ele>
        <time>2026-06-20T09:20:24.880Z</time>
      </trkpt>
      <trkpt lat="53.159361" lon="5.744378">
        <ele>-1.004652</ele>
        <time>2026-06-20T09:20:26.547Z</time>
      </trkpt>
      <trkpt lat="53.159311" lon="5.744395">
        <ele>-1.057606</ele>
        <time>2026-06-20T09:20:27.568Z</time>
      </trkpt>
      <trkpt lat="53.159258" lon="5.744426">
        <ele>-1.115890</ele>
        <time>2026-06-20T09:20:28.684Z</time>
      </trkpt>
      <trkpt lat="53.159187" lon="5.744445">
        <ele>-1.181826</ele>
        <time>2026-06-20T09:20:30.106Z</time>
      </trkpt>
      <trkpt lat="53.158688" lon="5.744550">
        <ele>-1.455207</ele>
        <time>2026-06-20T09:20:40.097Z</time>
      </trkpt>
      <trkpt lat="53.157530" lon="5.744796">
        <ele>-1.467963</ele>
        <time>2026-06-20T09:21:06.356Z</time>
      </trkpt>
      <trkpt lat="53.156837" lon="5.744943">
        <ele>-1.089031</ele>
        <time>2026-06-20T09:21:23.487Z</time>
      </trkpt>
      <trkpt lat="53.156070" lon="5.745045">
        <ele>-0.507127</ele>
        <time>2026-06-20T09:21:42.933Z</time>
      </trkpt>
      <trkpt lat="53.155544" lon="5.745095">
        <ele>-0.235103</ele>
        <time>2026-06-20T09:21:55.804Z</time>
      </trkpt>
      <trkpt lat="53.155391" lon="5.745124">
        <ele>-0.219725</ele>
        <time>2026-06-20T09:21:59.339Z</time>
      </trkpt>
      <trkpt lat="53.154407" lon="5.745325">
        <ele>-0.700107</ele>
        <time>2026-06-20T09:22:19.647Z</time>
      </trkpt>
      <trkpt lat="53.154370" lon="5.745331">
        <ele>-0.718891</ele>
        <time>2026-06-20T09:22:20.410Z</time>
      </trkpt>
      <trkpt lat="53.154251" lon="5.745354">
        <ele>-0.770861</ele>
        <time>2026-06-20T09:22:22.884Z</time>
      </trkpt>
      <trkpt lat="53.154126" lon="5.745376">
        <ele>-0.810981</ele>
        <time>2026-06-20T09:22:25.493Z</time>
      </trkpt>
      <trkpt lat="53.153908" lon="5.745389">
        <ele>-0.907622</ele>
        <time>2026-06-20T09:22:29.920Z</time>
      </trkpt>
      <trkpt lat="53.153070" lon="5.745447">
        <ele>-1.352143</ele>
        <time>2026-06-20T09:22:46.991Z</time>
      </trkpt>
      <trkpt lat="53.152557" lon="5.745538">
        <ele>-1.397900</ele>
        <time>2026-06-20T09:22:58.379Z</time>
      </trkpt>
      <trkpt lat="53.150334" lon="5.745853">
        <ele>-1.290748</ele>
        <time>2026-06-20T09:23:48.348Z</time>
      </trkpt>
      <trkpt lat="53.150244" lon="5.745870">
        <ele>-1.269372</ele>
        <time>2026-06-20T09:23:50.619Z</time>
      </trkpt>
      <trkpt lat="53.149789" lon="5.745948">
        <ele>-0.895518</ele>
        <time>2026-06-20T09:24:02.393Z</time>
      </trkpt>
      <trkpt lat="53.148980" lon="5.746099">
        <ele>-0.101046</ele>
        <time>2026-06-20T09:24:23.490Z</time>
      </trkpt>
      <trkpt lat="53.148773" lon="5.746063">
        <ele>0.103567</ele>
        <time>2026-06-20T09:24:29.027Z</time>
      </trkpt>
      <trkpt lat="53.148753" lon="5.745887">
        <ele>0.213832</ele>
        <time>2026-06-20T09:24:31.907Z</time>
      </trkpt>
      <trkpt lat="53.148620" lon="5.745844">
        <ele>0.365686</ele>
        <time>2026-06-20T09:24:36.444Z</time>
      </trkpt>
      <trkpt lat="53.148597" lon="5.745819">
        <ele>0.396460</ele>
        <time>2026-06-20T09:24:37.181Z</time>
      </trkpt>
      <trkpt lat="53.148495" lon="5.745774">
        <ele>0.483496</ele>
        <time>2026-06-20T09:24:40.001Z</time>
      </trkpt>
      <trkpt lat="53.148444" lon="5.745791">
        <ele>0.520394</ele>
        <time>2026-06-20T09:24:41.344Z</time>
      </trkpt>
      <trkpt lat="53.148229" lon="5.745725">
        <ele>0.659744</ele>
        <time>2026-06-20T09:24:48.293Z</time>
      </trkpt>
      <trkpt lat="53.148142" lon="5.745698">
        <ele>0.711076</ele>
        <time>2026-06-20T09:24:51.030Z</time>
      </trkpt>
      <trkpt lat="53.147962" lon="5.745655">
        <ele>0.776653</ele>
        <time>2026-06-20T09:24:56.596Z</time>
      </trkpt>
      <trkpt lat="53.147924" lon="5.745649">
        <ele>0.789685</ele>
        <time>2026-06-20T09:24:57.486Z</time>
      </trkpt>
      <trkpt lat="53.147620" lon="5.745595">
        <ele>0.834619</ele>
        <time>2026-06-20T09:25:04.614Z</time>
      </trkpt>
      <trkpt lat="53.147538" lon="5.745581">
        <ele>0.871661</ele>
        <time>2026-06-20T09:25:06.544Z</time>
      </trkpt>
      <trkpt lat="53.147462" lon="5.745569">
        <ele>0.905966</ele>
        <time>2026-06-20T09:25:08.367Z</time>
      </trkpt>
      <trkpt lat="53.147179" lon="5.745523">
        <ele>0.994169</ele>
        <time>2026-06-20T09:25:15.006Z</time>
      </trkpt>
      <trkpt lat="53.146742" lon="5.745452">
        <ele>1.090012</ele>
        <time>2026-06-20T09:25:25.262Z</time>
      </trkpt>
      <trkpt lat="53.146673" lon="5.745441">
        <ele>1.093847</ele>
        <time>2026-06-20T09:25:26.844Z</time>
      </trkpt>
      <trkpt lat="53.146448" lon="5.745405">
        <ele>1.140375</ele>
        <time>2026-06-20T09:25:32.018Z</time>
      </trkpt>
      <trkpt lat="53.146359" lon="5.745392">
        <ele>1.171794</ele>
        <time>2026-06-20T09:25:34.025Z</time>
      </trkpt>
      <trkpt lat="53.146301" lon="5.745384">
        <ele>1.181719</ele>
        <time>2026-06-20T09:25:35.344Z</time>
      </trkpt>
      <trkpt lat="53.146092" lon="5.745354">
        <ele>1.189799</ele>
        <time>2026-06-20T09:25:40.021Z</time>
      </trkpt>
      <trkpt lat="53.145737" lon="5.745292">
        <ele>1.099255</ele>
        <time>2026-06-20T09:25:47.677Z</time>
      </trkpt>
      <trkpt lat="53.145704" lon="5.745282">
        <ele>1.089697</ele>
        <time>2026-06-20T09:25:48.392Z</time>
      </trkpt>
      <trkpt lat="53.145487" lon="5.745176">
        <ele>1.009687</ele>
        <time>2026-06-20T09:25:53.095Z</time>
      </trkpt>
      <trkpt lat="53.145433" lon="5.745140">
        <ele>0.986561</ele>
        <time>2026-06-20T09:25:54.297Z</time>
      </trkpt>
      <trkpt lat="53.145082" lon="5.744853">
        <ele>0.810369</ele>
        <time>2026-06-20T09:26:02.346Z</time>
      </trkpt>
      <trkpt lat="53.144737" lon="5.744567">
        <ele>0.686497</ele>
        <time>2026-06-20T09:26:10.577Z</time>
      </trkpt>
      <trkpt lat="53.144562" lon="5.744408">
        <ele>0.600358</ele>
        <time>2026-06-20T09:26:14.791Z</time>
      </trkpt>
      <trkpt lat="53.144405" lon="5.744213">
        <ele>0.519792</ele>
        <time>2026-06-20T09:26:18.890Z</time>
      </trkpt>
      <trkpt lat="53.144311" lon="5.744047">
        <ele>0.484605</ele>
        <time>2026-06-20T09:26:21.700Z</time>
      </trkpt>
      <trkpt lat="53.144090" lon="5.743536">
        <ele>0.289610</ele>
        <time>2026-06-20T09:26:29.455Z</time>
      </trkpt>
      <trkpt lat="53.143938" lon="5.743148">
        <ele>0.123874</ele>
        <time>2026-06-20T09:26:35.182Z</time>
      </trkpt>
      <trkpt lat="53.143927" lon="5.743118">
        <ele>0.111400</ele>
        <time>2026-06-20T09:26:35.638Z</time>
      </trkpt>
      <trkpt lat="53.143356" lon="5.741666">
        <ele>-0.111496</ele>
        <time>2026-06-20T09:26:58.033Z</time>
      </trkpt>
      <trkpt lat="53.143219" lon="5.741316">
        <ele>-0.179480</ele>
        <time>2026-06-20T09:27:03.256Z</time>
      </trkpt>
      <trkpt lat="53.143173" lon="5.741302">
        <ele>-0.191807</ele>
        <time>2026-06-20T09:27:04.250Z</time>
      </trkpt>
      <trkpt lat="53.143022" lon="5.740917">
        <ele>-0.216754</ele>
        <time>2026-06-20T09:27:10.426Z</time>
      </trkpt>
      <trkpt lat="53.142916" lon="5.740650">
        <ele>-0.277160</ele>
        <time>2026-06-20T09:27:14.808Z</time>
      </trkpt>
      <trkpt lat="53.142690" lon="5.740075">
        <ele>-0.224355</ele>
        <time>2026-06-20T09:27:24.620Z</time>
      </trkpt>
      <trkpt lat="53.142103" lon="5.738800">
        <ele>-0.502777</ele>
        <time>2026-06-20T09:27:45.864Z</time>
      </trkpt>
      <trkpt lat="53.141743" lon="5.738189">
        <ele>-0.702645</ele>
        <time>2026-06-20T09:27:57.103Z</time>
      </trkpt>
      <trkpt lat="53.141562" lon="5.737957">
        <ele>-0.802154</ele>
        <time>2026-06-20T09:28:02.057Z</time>
      </trkpt>
      <trkpt lat="53.141383" lon="5.737795">
        <ele>-0.873981</ele>
        <time>2026-06-20T09:28:06.477Z</time>
      </trkpt>
      <trkpt lat="53.140437" lon="5.737073">
        <ele>-1.000286</ele>
        <time>2026-06-20T09:28:29.917Z</time>
      </trkpt>
      <trkpt lat="53.139566" lon="5.736409">
        <ele>-1.098537</ele>
        <time>2026-06-20T09:28:51.900Z</time>
      </trkpt>
      <trkpt lat="53.138364" lon="5.735479">
        <ele>-1.194362</ele>
        <time>2026-06-20T09:29:22.221Z</time>
      </trkpt>
      <trkpt lat="53.137241" lon="5.734420">
        <ele>-1.103327</ele>
        <time>2026-06-20T09:29:52.433Z</time>
      </trkpt>
      <trkpt lat="53.136961" lon="5.734188">
        <ele>-1.091996</ele>
        <time>2026-06-20T09:29:59.733Z</time>
      </trkpt>
      <trkpt lat="53.135146" lon="5.732602">
        <ele>-0.774828</ele>
        <time>2026-06-20T09:30:48.466Z</time>
      </trkpt>
      <trkpt lat="53.134869" lon="5.732353">
        <ele>-0.631253</ele>
        <time>2026-06-20T09:30:56.343Z</time>
      </trkpt>
      <trkpt lat="53.134723" lon="5.732195">
        <ele>-0.568543</ele>
        <time>2026-06-20T09:31:00.685Z</time>
      </trkpt>
      <trkpt lat="53.134431" lon="5.731910">
        <ele>-0.416629</ele>
        <time>2026-06-20T09:31:08.992Z</time>
      </trkpt>
      <trkpt lat="53.133996" lon="5.731518">
        <ele>-0.435173</ele>
        <time>2026-06-20T09:31:20.549Z</time>
      </trkpt>
      <trkpt lat="53.133763" lon="5.731363">
        <ele>-0.604901</ele>
        <time>2026-06-20T09:31:25.863Z</time>
      </trkpt>
      <trkpt lat="53.132639" lon="5.730383">
        <ele>-1.695310</ele>
        <time>2026-06-20T09:31:51.806Z</time>
      </trkpt>
      <trkpt lat="53.132233" lon="5.730223">
        <ele>-1.980528</ele>
        <time>2026-06-20T09:32:00.617Z</time>
      </trkpt>
      <trkpt lat="53.131860" lon="5.730182">
        <ele>-2.078176</ele>
        <time>2026-06-20T09:32:08.828Z</time>
      </trkpt>
      <trkpt lat="53.131396" lon="5.730145">
        <ele>-2.085249</ele>
        <time>2026-06-20T09:32:19.575Z</time>
      </trkpt>
      <trkpt lat="53.129880" lon="5.730199">
        <ele>-1.659404</ele>
        <time>2026-06-20T09:32:56.335Z</time>
      </trkpt>
      <trkpt lat="53.129708" lon="5.730205">
        <ele>-1.519212</ele>
        <time>2026-06-20T09:33:00.817Z</time>
      </trkpt>
      <trkpt lat="53.129525" lon="5.730214">
        <ele>-1.389746</ele>
        <time>2026-06-20T09:33:05.631Z</time>
      </trkpt>
      <trkpt lat="53.128730" lon="5.730231">
        <ele>-0.713215</ele>
        <time>2026-06-20T09:33:25.933Z</time>
      </trkpt>
      <trkpt lat="53.128574" lon="5.730183">
        <ele>-0.597670</ele>
        <time>2026-06-20T09:33:29.969Z</time>
      </trkpt>
      <trkpt lat="53.128287" lon="5.730185">
        <ele>-0.468218</ele>
        <time>2026-06-20T09:33:37.301Z</time>
      </trkpt>
      <trkpt lat="53.126678" lon="5.730229">
        <ele>-0.643035</ele>
        <time>2026-06-20T09:34:12.188Z</time>
      </trkpt>
      <trkpt lat="53.126557" lon="5.730222">
        <ele>-0.712985</ele>
        <time>2026-06-20T09:34:14.494Z</time>
      </trkpt>
      <trkpt lat="53.125879" lon="5.730243">
        <ele>-1.494485</ele>
        <time>2026-06-20T09:34:27.389Z</time>
      </trkpt>
      <trkpt lat="53.125490" lon="5.730274">
        <ele>-1.874873</ele>
        <time>2026-06-20T09:34:35.032Z</time>
      </trkpt>
      <trkpt lat="53.125027" lon="5.730179">
        <ele>-2.084504</ele>
        <time>2026-06-20T09:34:44.521Z</time>
      </trkpt>
      <trkpt lat="53.124695" lon="5.730260">
        <ele>-2.067804</ele>
        <time>2026-06-20T09:34:51.970Z</time>
      </trkpt>
      <trkpt lat="53.124008" lon="5.730670">
        <ele>-1.803319</ele>
        <time>2026-06-20T09:35:09.641Z</time>
      </trkpt>
      <trkpt lat="53.123462" lon="5.730963">
        <ele>-1.623944</ele>
        <time>2026-06-20T09:35:23.135Z</time>
      </trkpt>
      <trkpt lat="53.122995" lon="5.731248">
        <ele>-1.696583</ele>
        <time>2026-06-20T09:35:33.937Z</time>
      </trkpt>
      <trkpt lat="53.122400" lon="5.731672">
        <ele>-1.823854</ele>
        <time>2026-06-20T09:35:47.704Z</time>
      </trkpt>
      <trkpt lat="53.121743" lon="5.732152">
        <ele>-2.160059</ele>
        <time>2026-06-20T09:36:02.450Z</time>
      </trkpt>
      <trkpt lat="53.120960" lon="5.732848">
        <ele>-2.300595</ele>
        <time>2026-06-20T09:36:21.771Z</time>
      </trkpt>
      <trkpt lat="53.120235" lon="5.733534">
        <ele>-2.395006</ele>
        <time>2026-06-20T09:36:39.767Z</time>
      </trkpt>
      <trkpt lat="53.119724" lon="5.734016">
        <ele>-2.381810</ele>
        <time>2026-06-20T09:36:53.044Z</time>
      </trkpt>
      <trkpt lat="53.118806" lon="5.734883">
        <ele>-1.994351</ele>
        <time>2026-06-20T09:37:17.948Z</time>
      </trkpt>
      <trkpt lat="53.118197" lon="5.735319">
        <ele>-1.685108</ele>
        <time>2026-06-20T09:37:34.046Z</time>
      </trkpt>
      <trkpt lat="53.118091" lon="5.735338">
        <ele>-1.619330</ele>
        <time>2026-06-20T09:37:36.628Z</time>
      </trkpt>
      <trkpt lat="53.117780" lon="5.735537">
        <ele>-1.490634</ele>
        <time>2026-06-20T09:37:44.696Z</time>
      </trkpt>
      <trkpt lat="53.117591" lon="5.735690">
        <ele>-1.396882</ele>
        <time>2026-06-20T09:37:49.748Z</time>
      </trkpt>
      <trkpt lat="53.117454" lon="5.735875">
        <ele>-1.307602</ele>
        <time>2026-06-20T09:37:54.088Z</time>
      </trkpt>
      <trkpt lat="53.116678" lon="5.736527">
        <ele>-1.011926</ele>
        <time>2026-06-20T09:38:15.331Z</time>
      </trkpt>
      <trkpt lat="53.116371" lon="5.736620">
        <ele>-1.029869</ele>
        <time>2026-06-20T09:38:22.528Z</time>
      </trkpt>
      <trkpt lat="53.116245" lon="5.736656">
        <ele>-1.078756</ele>
        <time>2026-06-20T09:38:25.329Z</time>
      </trkpt>
      <trkpt lat="53.116146" lon="5.736736">
        <ele>-1.141136</ele>
        <time>2026-06-20T09:38:27.692Z</time>
      </trkpt>
      <trkpt lat="53.115930" lon="5.736774">
        <ele>-1.287534</ele>
        <time>2026-06-20T09:38:32.249Z</time>
      </trkpt>
      <trkpt lat="53.115799" lon="5.736735">
        <ele>-1.388952</ele>
        <time>2026-06-20T09:38:35.008Z</time>
      </trkpt>
      <trkpt lat="53.115582" lon="5.736781">
        <ele>-1.516567</ele>
        <time>2026-06-20T09:38:39.549Z</time>
      </trkpt>
      <trkpt lat="53.115369" lon="5.736835">
        <ele>-1.694665</ele>
        <time>2026-06-20T09:38:44.025Z</time>
      </trkpt>
      <trkpt lat="53.114860" lon="5.737040">
        <ele>-2.093847</ele>
        <time>2026-06-20T09:38:54.963Z</time>
      </trkpt>
      <trkpt lat="53.114683" lon="5.737021">
        <ele>-2.212672</ele>
        <time>2026-06-20T09:38:58.623Z</time>
      </trkpt>
      <trkpt lat="53.114486" lon="5.736951">
        <ele>-2.350112</ele>
        <time>2026-06-20T09:39:02.793Z</time>
      </trkpt>
      <trkpt lat="53.112722" lon="5.736365">
        <ele>-1.787156</ele>
        <time>2026-06-20T09:39:46.846Z</time>
      </trkpt>
      <trkpt lat="53.112447" lon="5.736164">
        <ele>-1.608535</ele>
        <time>2026-06-20T09:39:54.661Z</time>
      </trkpt>
      <trkpt lat="53.112265" lon="5.735971">
        <ele>-1.487677</ele>
        <time>2026-06-20T09:40:00.127Z</time>
      </trkpt>
      <trkpt lat="53.112148" lon="5.735809">
        <ele>-1.377122</ele>
        <time>2026-06-20T09:40:03.998Z</time>
      </trkpt>
      <trkpt lat="53.112073" lon="5.735556">
        <ele>-1.220519</ele>
        <time>2026-06-20T09:40:08.449Z</time>
      </trkpt>
      <trkpt lat="53.111868" lon="5.735276">
        <ele>-0.982068</ele>
        <time>2026-06-20T09:40:15.332Z</time>
      </trkpt>
      <trkpt lat="53.111433" lon="5.734795">
        <ele>-0.429491</ele>
        <time>2026-06-20T09:40:29.141Z</time>
      </trkpt>
      <trkpt lat="53.111378" lon="5.734729">
        <ele>-0.381048</ele>
        <time>2026-06-20T09:40:30.898Z</time>
      </trkpt>
      <trkpt lat="53.111091" lon="5.734393">
        <ele>-0.107639</ele>
        <time>2026-06-20T09:40:39.810Z</time>
      </trkpt>
      <trkpt lat="53.110958" lon="5.734235">
        <ele>-0.017591</ele>
        <time>2026-06-20T09:40:43.843Z</time>
      </trkpt>
      <trkpt lat="53.110910" lon="5.734175">
        <ele>0.014562</ele>
        <time>2026-06-20T09:40:45.305Z</time>
      </trkpt>
      <trkpt lat="53.110791" lon="5.734026">
        <ele>0.070513</ele>
        <time>2026-06-20T09:40:48.865Z</time>
      </trkpt>
      <trkpt lat="53.110746" lon="5.733968">
        <ele>0.091218</ele>
        <time>2026-06-20T09:40:50.200Z</time>
      </trkpt>
      <trkpt lat="53.110655" lon="5.733855">
        <ele>0.137166</ele>
        <time>2026-06-20T09:40:52.847Z</time>
      </trkpt>
      <trkpt lat="53.110608" lon="5.733791">
        <ele>0.162610</ele>
        <time>2026-06-20T09:40:54.238Z</time>
      </trkpt>
      <trkpt lat="53.110448" lon="5.733579">
        <ele>0.156684</ele>
        <time>2026-06-20T09:40:58.800Z</time>
      </trkpt>
      <trkpt lat="53.110381" lon="5.733485">
        <ele>0.128883</ele>
        <time>2026-06-20T09:41:00.693Z</time>
      </trkpt>
      <trkpt lat="53.110276" lon="5.733342">
        <ele>0.098455</ele>
        <time>2026-06-20T09:41:03.552Z</time>
      </trkpt>
      <trkpt lat="53.110198" lon="5.733283">
        <ele>0.080069</ele>
        <time>2026-06-20T09:41:05.332Z</time>
      </trkpt>
      <trkpt lat="53.110158" lon="5.733284">
        <ele>0.063630</ele>
        <time>2026-06-20T09:41:06.172Z</time>
      </trkpt>
      <trkpt lat="53.110089" lon="5.733324">
        <ele>0.023655</ele>
        <time>2026-06-20T09:41:07.670Z</time>
      </trkpt>
      <trkpt lat="53.109886" lon="5.733635">
        <ele>-0.124889</ele>
        <time>2026-06-20T09:41:13.324Z</time>
      </trkpt>
      <trkpt lat="53.109803" lon="5.733766">
        <ele>-0.187158</ele>
        <time>2026-06-20T09:41:15.682Z</time>
      </trkpt>
      <trkpt lat="53.109688" lon="5.733946">
        <ele>-0.277505</ele>
        <time>2026-06-20T09:41:18.893Z</time>
      </trkpt>
      <trkpt lat="53.109610" lon="5.734079">
        <ele>-0.351002</ele>
        <time>2026-06-20T09:41:21.156Z</time>
      </trkpt>
      <trkpt lat="53.109574" lon="5.734136">
        <ele>-0.385267</ele>
        <time>2026-06-20T09:41:22.152Z</time>
      </trkpt>
      <trkpt lat="53.109442" lon="5.734353">
        <ele>-0.531668</ele>
        <time>2026-06-20T09:41:25.822Z</time>
      </trkpt>
      <trkpt lat="53.109316" lon="5.734568">
        <ele>-0.708389</ele>
        <time>2026-06-20T09:41:29.292Z</time>
      </trkpt>
      <trkpt lat="53.109217" lon="5.734741">
        <ele>-0.884745</ele>
        <time>2026-06-20T09:41:32.027Z</time>
      </trkpt>
      <trkpt lat="53.109077" lon="5.735000">
        <ele>-1.069076</ele>
        <time>2026-06-20T09:41:36.067Z</time>
      </trkpt>
      <trkpt lat="53.108204" lon="5.736635">
        <ele>-1.483594</ele>
        <time>2026-06-20T09:42:03.673Z</time>
      </trkpt>
      <trkpt lat="53.108193" lon="5.736655">
        <ele>-1.486644</ele>
        <time>2026-06-20T09:42:04.016Z</time>
      </trkpt>
      <trkpt lat="53.107561" lon="5.738006">
        <ele>-1.502142</ele>
        <time>2026-06-20T09:42:27.046Z</time>
      </trkpt>
      <trkpt lat="53.107520" lon="5.737973">
        <ele>-1.503758</ele>
        <time>2026-06-20T09:42:28.377Z</time>
      </trkpt>
      <trkpt lat="53.107445" lon="5.737954">
        <ele>-1.506451</ele>
        <time>2026-06-20T09:42:30.591Z</time>
      </trkpt>
      <trkpt lat="53.107386" lon="5.738034">
        <ele>-1.525941</ele>
        <time>2026-06-20T09:42:32.849Z</time>
      </trkpt>
      <trkpt lat="53.106537" lon="5.736165">
        <ele>-2.268856</ele>
        <time>2026-06-20T09:43:01.568Z</time>
      </trkpt>
      <trkpt lat="53.106474" lon="5.736166">
        <ele>-2.283517</ele>
        <time>2026-06-20T09:43:02.856Z</time>
      </trkpt>
      <trkpt lat="53.106359" lon="5.736302">
        <ele>-2.300000</ele>
        <time>2026-06-20T09:43:05.801Z</time>
      </trkpt>
      <trkpt lat="53.105751" lon="5.737130">
        <ele>-2.298817</ele>
        <time>2026-06-20T09:43:23.282Z</time>
      </trkpt>
      <trkpt lat="53.105695" lon="5.737161">
        <ele>-2.290949</ele>
        <time>2026-06-20T09:43:24.698Z</time>
      </trkpt>
      <trkpt lat="53.105648" lon="5.737094">
        <ele>-2.260150</ele>
        <time>2026-06-20T09:43:26.188Z</time>
      </trkpt>
      <trkpt lat="53.104699" lon="5.735134">
        <ele>-1.520714</ele>
        <time>2026-06-20T09:44:02.899Z</time>
      </trkpt>
      <trkpt lat="53.103502" lon="5.732441">
        <ele>-1.604606</ele>
        <time>2026-06-20T09:44:47.098Z</time>
      </trkpt>
      <trkpt lat="53.103240" lon="5.731765">
        <ele>-1.691444</ele>
        <time>2026-06-20T09:44:57.653Z</time>
      </trkpt>
      <trkpt lat="53.103102" lon="5.731337">
        <ele>-1.700000</ele>
        <time>2026-06-20T09:45:04.092Z</time>
      </trkpt>
      <trkpt lat="53.102825" lon="5.730390">
        <ele>-1.700000</ele>
        <time>2026-06-20T09:45:18.190Z</time>
      </trkpt>
      <trkpt lat="53.102662" lon="5.729687">
        <ele>-1.699608</ele>
        <time>2026-06-20T09:45:28.324Z</time>
      </trkpt>
      <trkpt lat="53.102557" lon="5.729406">
        <ele>-1.694693</ele>
        <time>2026-06-20T09:45:32.782Z</time>
      </trkpt>
      <trkpt lat="53.101878" lon="5.728435">
        <ele>-1.601716</ele>
        <time>2026-06-20T09:45:52.875Z</time>
      </trkpt>
      <trkpt lat="53.100834" lon="5.727028">
        <ele>-1.502848</ele>
        <time>2026-06-20T09:46:23.051Z</time>
      </trkpt>
      <trkpt lat="53.100648" lon="5.726626">
        <ele>-1.490759</ele>
        <time>2026-06-20T09:46:29.934Z</time>
      </trkpt>
      <trkpt lat="53.100169" lon="5.725117">
        <ele>-1.391621</ele>
        <time>2026-06-20T09:46:53.301Z</time>
      </trkpt>
      <trkpt lat="53.100012" lon="5.724750">
        <ele>-1.316931</ele>
        <time>2026-06-20T09:46:59.475Z</time>
      </trkpt>
      <trkpt lat="53.099880" lon="5.724533">
        <ele>-1.297508</ele>
        <time>2026-06-20T09:47:03.702Z</time>
      </trkpt>
      <trkpt lat="53.098701" lon="5.723213">
        <ele>-1.204993</ele>
        <time>2026-06-20T09:47:35.728Z</time>
      </trkpt>
      <trkpt lat="53.098163" lon="5.722672">
        <ele>-1.200000</ele>
        <time>2026-06-20T09:47:49.762Z</time>
      </trkpt>
      <trkpt lat="53.097876" lon="5.722304">
        <ele>-1.200000</ele>
        <time>2026-06-20T09:47:57.852Z</time>
      </trkpt>
      <trkpt lat="53.096883" lon="5.720923">
        <ele>-1.227417</ele>
        <time>2026-06-20T09:48:26.365Z</time>
      </trkpt>
      <trkpt lat="53.096702" lon="5.720769">
        <ele>-1.272621</ele>
        <time>2026-06-20T09:48:30.846Z</time>
      </trkpt>
      <trkpt lat="53.096411" lon="5.720673">
        <ele>-1.299718</ele>
        <time>2026-06-20T09:48:37.394Z</time>
      </trkpt>
      <trkpt lat="53.096310" lon="5.720575">
        <ele>-1.295242</ele>
        <time>2026-06-20T09:48:39.974Z</time>
      </trkpt>
      <trkpt lat="53.095451" lon="5.718775">
        <ele>-1.203532</ele>
        <time>2026-06-20T09:49:10.923Z</time>
      </trkpt>
      <trkpt lat="53.095369" lon="5.718602">
        <ele>-1.198723</ele>
        <time>2026-06-20T09:49:13.934Z</time>
      </trkpt>
      <trkpt lat="53.093935" lon="5.715508">
        <ele>-1.102381</ele>
        <time>2026-06-20T09:50:06.512Z</time>
      </trkpt>
      <trkpt lat="53.093784" lon="5.715241">
        <ele>-1.105546</ele>
        <time>2026-06-20T09:50:11.451Z</time>
      </trkpt>
      <trkpt lat="53.093687" lon="5.715158">
        <ele>-1.111725</ele>
        <time>2026-06-20T09:50:13.830Z</time>
      </trkpt>
      <trkpt lat="53.093497" lon="5.714779">
        <ele>-1.196443</ele>
        <time>2026-06-20T09:50:20.118Z</time>
      </trkpt>
      <trkpt lat="53.093435" lon="5.714620">
        <ele>-1.232778</ele>
        <time>2026-06-20T09:50:22.505Z</time>
      </trkpt>
      <trkpt lat="53.093410" lon="5.714442">
        <ele>-1.276287</ele>
        <time>2026-06-20T09:50:24.796Z</time>
      </trkpt>
      <trkpt lat="53.093364" lon="5.714310">
        <ele>-1.320320</ele>
        <time>2026-06-20T09:50:26.654Z</time>
      </trkpt>
      <trkpt lat="53.093420" lon="5.714272">
        <ele>-1.349374</ele>
        <time>2026-06-20T09:50:27.933Z</time>
      </trkpt>
      <trkpt lat="53.093449" lon="5.714305">
        <ele>-1.367208</ele>
        <time>2026-06-20T09:50:28.649Z</time>
      </trkpt>
      <trkpt lat="53.093629" lon="5.714634">
        <ele>-1.519244</ele>
        <time>2026-06-20T09:50:34.114Z</time>
      </trkpt>
      <trkpt lat="53.093550" lon="5.714790">
        <ele>-1.599835</ele>
        <time>2026-06-20T09:50:36.566Z</time>
      </trkpt>
      <trkpt lat="53.093355" lon="5.715153">
        <ele>-1.783345</ele>
        <time>2026-06-20T09:50:42.534Z</time>
      </trkpt>
      <trkpt lat="53.092353" lon="5.717010">
        <ele>-2.169536</ele>
        <time>2026-06-20T09:51:14.246Z</time>
      </trkpt>
      <trkpt lat="53.092168" lon="5.717301">
        <ele>-2.087217</ele>
        <time>2026-06-20T09:51:20.441Z</time>
      </trkpt>
      <trkpt lat="53.091731" lon="5.717851">
        <ele>-1.738148</ele>
        <time>2026-06-20T09:51:33.926Z</time>
      </trkpt>
      <trkpt lat="53.091329" lon="5.718226">
        <ele>-1.700171</ele>
        <time>2026-06-20T09:51:44.453Z</time>
      </trkpt>
      <trkpt lat="53.091114" lon="5.718383">
        <ele>-1.734614</ele>
        <time>2026-06-20T09:51:49.442Z</time>
      </trkpt>
      <trkpt lat="53.090994" lon="5.718369">
        <ele>-1.777010</ele>
        <time>2026-06-20T09:51:52.000Z</time>
      </trkpt>
      <trkpt lat="53.090856" lon="5.718229">
        <ele>-1.828882</ele>
        <time>2026-06-20T09:51:55.379Z</time>
      </trkpt>
      <trkpt lat="53.090742" lon="5.718349">
        <ele>-1.883577</ele>
        <time>2026-06-20T09:51:58.174Z</time>
      </trkpt>
      <trkpt lat="53.090694" lon="5.718416">
        <ele>-1.914940</ele>
        <time>2026-06-20T09:51:59.460Z</time>
      </trkpt>
      <trkpt lat="53.090591" lon="5.718556">
        <ele>-1.973819</ele>
        <time>2026-06-20T09:52:02.246Z</time>
      </trkpt>
      <trkpt lat="53.090528" lon="5.718638">
        <ele>-1.996182</ele>
        <time>2026-06-20T09:52:03.973Z</time>
      </trkpt>
      <trkpt lat="53.090426" lon="5.718679">
        <ele>-2.025526</ele>
        <time>2026-06-20T09:52:06.159Z</time>
      </trkpt>
      <trkpt lat="53.090448" lon="5.718865">
        <ele>-2.062282</ele>
        <time>2026-06-20T09:52:08.517Z</time>
      </trkpt>
      <trkpt lat="53.090514" lon="5.719126">
        <ele>-2.107885</ele>
        <time>2026-06-20T09:52:12.129Z</time>
      </trkpt>
      <trkpt lat="53.090637" lon="5.719016">
        <ele>-2.128282</ele>
        <time>2026-06-20T09:52:15.145Z</time>
      </trkpt>
      <trkpt lat="53.090514" lon="5.719126">
        <ele>-2.161961</ele>
        <time>2026-06-20T09:52:18.230Z</time>
      </trkpt>
      <trkpt lat="53.090448" lon="5.718865">
        <ele>-2.166683</ele>
        <time>2026-06-20T09:52:21.986Z</time>
      </trkpt>
      <trkpt lat="53.090426" lon="5.718679">
        <ele>-2.110280</ele>
        <time>2026-06-20T09:52:24.619Z</time>
      </trkpt>
      <trkpt lat="53.090380" lon="5.718242">
        <ele>-1.994990</ele>
        <time>2026-06-20T09:52:30.910Z</time>
      </trkpt>
      <trkpt lat="53.090177" lon="5.717712">
        <ele>-1.805698</ele>
        <time>2026-06-20T09:52:40.250Z</time>
      </trkpt>
      <trkpt lat="53.090002" lon="5.717450">
        <ele>-1.699849</ele>
        <time>2026-06-20T09:52:46.057Z</time>
      </trkpt>
      <trkpt lat="53.089007" lon="5.716437">
        <ele>-1.199001</ele>
        <time>2026-06-20T09:53:13.690Z</time>
      </trkpt>
      <trkpt lat="53.088226" lon="5.715752">
        <ele>-0.825444</ele>
        <time>2026-06-20T09:53:34.972Z</time>
      </trkpt>
      <trkpt lat="53.087288" lon="5.715077">
        <ele>-0.934410</ele>
        <time>2026-06-20T09:53:57.320Z</time>
      </trkpt>
      <trkpt lat="53.087167" lon="5.714996">
        <ele>-1.005898</ele>
        <time>2026-06-20T09:53:59.974Z</time>
      </trkpt>
      <trkpt lat="53.086811" lon="5.714762">
        <ele>-1.280963</ele>
        <time>2026-06-20T09:54:07.664Z</time>
      </trkpt>
      <trkpt lat="53.086585" lon="5.714697">
        <ele>-1.412539</ele>
        <time>2026-06-20T09:54:12.300Z</time>
      </trkpt>
      <trkpt lat="53.086035" lon="5.714312">
        <ele>-1.781598</ele>
        <time>2026-06-20T09:54:24.150Z</time>
      </trkpt>
      <trkpt lat="53.085498" lon="5.713999">
        <ele>-1.976640</ele>
        <time>2026-06-20T09:54:36.398Z</time>
      </trkpt>
      <trkpt lat="53.084956" lon="5.713784">
        <ele>-1.904306</ele>
        <time>2026-06-20T09:54:49.036Z</time>
      </trkpt>
      <trkpt lat="53.082375" lon="5.713091">
        <ele>-1.589485</ele>
        <time>2026-06-20T09:55:48.384Z</time>
      </trkpt>
      <trkpt lat="53.080933" lon="5.712618">
        <ele>-1.023410</ele>
        <time>2026-06-20T09:56:23.539Z</time>
      </trkpt>
      <trkpt lat="53.080210" lon="5.712315">
        <ele>-0.921998</ele>
        <time>2026-06-20T09:56:40.517Z</time>
      </trkpt>
      <trkpt lat="53.079931" lon="5.712144">
        <ele>-0.993450</ele>
        <time>2026-06-20T09:56:46.790Z</time>
      </trkpt>
      <trkpt lat="53.079367" lon="5.711657">
        <ele>-1.118005</ele>
        <time>2026-06-20T09:57:00.909Z</time>
      </trkpt>
      <trkpt lat="53.078991" lon="5.711235">
        <ele>-1.392276</ele>
        <time>2026-06-20T09:57:10.599Z</time>
      </trkpt>
      <trkpt lat="53.078645" lon="5.710735">
        <ele>-1.592411</ele>
        <time>2026-06-20T09:57:20.412Z</time>
      </trkpt>
      <trkpt lat="53.078297" lon="5.710096">
        <ele>-1.692062</ele>
        <time>2026-06-20T09:57:31.993Z</time>
      </trkpt>
      <trkpt lat="53.076626" lon="5.706287">
        <ele>-1.889820</ele>
        <time>2026-06-20T09:58:34.442Z</time>
      </trkpt>
      <trkpt lat="53.076273" lon="5.705649">
        <ele>-1.794690</ele>
        <time>2026-06-20T09:58:46.324Z</time>
      </trkpt>
      <trkpt lat="53.075779" lon="5.704915">
        <ele>-1.606033</ele>
        <time>2026-06-20T09:59:01.754Z</time>
      </trkpt>
      <trkpt lat="53.075262" lon="5.704315">
        <ele>-1.497714</ele>
        <time>2026-06-20T09:59:16.247Z</time>
      </trkpt>
      <trkpt lat="53.074878" lon="5.703956">
        <ele>-1.408354</ele>
        <time>2026-06-20T09:59:26.295Z</time>
      </trkpt>
      <trkpt lat="53.071683" lon="5.701431">
        <ele>-1.389106</ele>
        <time>2026-06-20T10:00:45.183Z</time>
      </trkpt>
      <trkpt lat="53.071255" lon="5.701023">
        <ele>-1.318503</ele>
        <time>2026-06-20T10:00:56.834Z</time>
      </trkpt>
      <trkpt lat="53.070896" lon="5.700624">
        <ele>-1.388876</ele>
        <time>2026-06-20T10:01:06.613Z</time>
      </trkpt>
      <trkpt lat="53.070582" lon="5.700213">
        <ele>-1.417833</ele>
        <time>2026-06-20T10:01:15.650Z</time>
      </trkpt>
      <trkpt lat="53.070122" lon="5.699497">
        <ele>-1.583702</ele>
        <time>2026-06-20T10:01:29.665Z</time>
      </trkpt>
      <trkpt lat="53.069937" lon="5.699324">
        <ele>-1.600000</ele>
        <time>2026-06-20T10:01:34.549Z</time>
      </trkpt>
      <trkpt lat="53.069644" lon="5.699130">
        <ele>-1.599585</ele>
        <time>2026-06-20T10:01:41.877Z</time>
      </trkpt>
      <trkpt lat="53.069553" lon="5.699002">
        <ele>-1.585164</ele>
        <time>2026-06-20T10:01:44.563Z</time>
      </trkpt>
      <trkpt lat="53.069520" lon="5.698945">
        <ele>-1.569731</ele>
        <time>2026-06-20T10:01:45.718Z</time>
      </trkpt>
      <trkpt lat="53.069439" lon="5.698719">
        <ele>-1.523526</ele>
        <time>2026-06-20T10:01:49.497Z</time>
      </trkpt>
      <trkpt lat="53.069389" lon="5.698387">
        <ele>-1.498652</ele>
        <time>2026-06-20T10:01:54.420Z</time>
      </trkpt>
      <trkpt lat="53.069352" lon="5.698177">
        <ele>-1.466224</ele>
        <time>2026-06-20T10:01:57.663Z</time>
      </trkpt>
      <trkpt lat="53.069273" lon="5.697970">
        <ele>-1.451674</ele>
        <time>2026-06-20T10:02:01.225Z</time>
      </trkpt>
      <trkpt lat="53.067345" lon="5.694430">
        <ele>-1.792426</ele>
        <time>2026-06-20T10:03:06.103Z</time>
      </trkpt>
      <trkpt lat="53.066738" lon="5.693098">
        <ele>-1.717964</ele>
        <time>2026-06-20T10:03:29.969Z</time>
      </trkpt>
      <trkpt lat="53.065928" lon="5.691273">
        <ele>-2.003762</ele>
        <time>2026-06-20T10:03:59.268Z</time>
      </trkpt>
      <trkpt lat="53.065475" lon="5.690396">
        <ele>-2.194975</ele>
        <time>2026-06-20T10:04:13.736Z</time>
      </trkpt>
      <trkpt lat="53.065125" lon="5.689755">
        <ele>-2.288504</ele>
        <time>2026-06-20T10:04:25.156Z</time>
      </trkpt>
      <trkpt lat="53.064733" lon="5.689128">
        <ele>-2.184478</ele>
        <time>2026-06-20T10:04:37.738Z</time>
      </trkpt>
      <trkpt lat="53.064398" lon="5.688691">
        <ele>-2.006661</ele>
        <time>2026-06-20T10:04:47.776Z</time>
      </trkpt>
      <trkpt lat="53.063925" lon="5.688192">
        <ele>-1.797258</ele>
        <time>2026-06-20T10:05:01.160Z</time>
      </trkpt>
      <trkpt lat="53.063506" lon="5.687803">
        <ele>-1.614937</ele>
        <time>2026-06-20T10:05:12.392Z</time>
      </trkpt>
      <trkpt lat="53.062210" lon="5.686714">
        <ele>-1.600000</ele>
        <time>2026-06-20T10:05:44.832Z</time>
      </trkpt>
      <trkpt lat="53.061860" lon="5.686375">
        <ele>-1.611024</ele>
        <time>2026-06-20T10:05:53.705Z</time>
      </trkpt>
      <trkpt lat="53.061562" lon="5.685990">
        <ele>-1.689179</ele>
        <time>2026-06-20T10:06:01.923Z</time>
      </trkpt>
      <trkpt lat="53.060342" lon="5.684126">
        <ele>-1.695234</ele>
        <time>2026-06-20T10:06:38.712Z</time>
      </trkpt>
      <trkpt lat="53.060224" lon="5.683963">
        <ele>-1.679816</ele>
        <time>2026-06-20T10:06:42.287Z</time>
      </trkpt>
      <trkpt lat="53.059915" lon="5.683635">
        <ele>-1.530622</ele>
        <time>2026-06-20T10:06:50.893Z</time>
      </trkpt>
      <trkpt lat="53.059409" lon="5.682843">
        <ele>-1.500000</ele>
        <time>2026-06-20T10:07:06.636Z</time>
      </trkpt>
      <trkpt lat="53.059196" lon="5.682592">
        <ele>-1.514383</ele>
        <time>2026-06-20T10:07:12.328Z</time>
      </trkpt>
      <trkpt lat="53.058099" lon="5.681509">
        <ele>-1.878283</ele>
        <time>2026-06-20T10:07:39.219Z</time>
      </trkpt>
      <trkpt lat="53.057969" lon="5.681472">
        <ele>-1.888152</ele>
        <time>2026-06-20T10:07:42.181Z</time>
      </trkpt>
      <trkpt lat="53.057711" lon="5.681482">
        <ele>-1.812879</ele>
        <time>2026-06-20T10:07:48.227Z</time>
      </trkpt>
      <trkpt lat="53.057620" lon="5.681438">
        <ele>-1.795793</ele>
        <time>2026-06-20T10:07:50.454Z</time>
      </trkpt>
      <trkpt lat="53.057537" lon="5.681317">
        <ele>-1.766197</ele>
        <time>2026-06-20T10:07:53.048Z</time>
      </trkpt>
      <trkpt lat="53.057508" lon="5.681173">
        <ele>-1.707907</ele>
        <time>2026-06-20T10:07:55.238Z</time>
      </trkpt>
      <trkpt lat="53.057464" lon="5.680592">
        <ele>-1.515009</ele>
        <time>2026-06-20T10:08:03.768Z</time>
      </trkpt>
      <trkpt lat="53.057487" lon="5.680503">
        <ele>-1.493580</ele>
        <time>2026-06-20T10:08:05.221Z</time>
      </trkpt>
      <trkpt lat="53.057531" lon="5.680405">
        <ele>-1.466522</ele>
        <time>2026-06-20T10:08:06.991Z</time>
      </trkpt>
      <trkpt lat="53.057621" lon="5.680271">
        <ele>-1.416658</ele>
        <time>2026-06-20T10:08:09.988Z</time>
      </trkpt>
      <trkpt lat="53.057873" lon="5.680279">
        <ele>-1.289929</ele>
        <time>2026-06-20T10:08:16.137Z</time>
      </trkpt>
      <trkpt lat="53.057975" lon="5.680131">
        <ele>-1.219367</ele>
        <time>2026-06-20T10:08:19.410Z</time>
      </trkpt>
      <trkpt lat="53.057933" lon="5.680049">
        <ele>-1.191151</ele>
        <time>2026-06-20T10:08:20.987Z</time>
      </trkpt>
      <trkpt lat="53.057800" lon="5.679800">
        <ele>-1.117792</ele>
        <time>2026-06-20T10:08:25.664Z</time>
      </trkpt>
      <trkpt lat="53.057767" lon="5.679650">
        <ele>-1.109442</ele>
        <time>2026-06-20T10:08:27.915Z</time>
      </trkpt>
      <trkpt lat="53.057747" lon="5.679377">
        <ele>-1.100741</ele>
        <time>2026-06-20T10:08:31.658Z</time>
      </trkpt>
      <trkpt lat="53.057687" lon="5.679261">
        <ele>-1.101943</ele>
        <time>2026-06-20T10:08:33.753Z</time>
      </trkpt>
      <trkpt lat="53.057603" lon="5.679162">
        <ele>-1.107309</ele>
        <time>2026-06-20T10:08:35.998Z</time>
      </trkpt>
      <trkpt lat="53.057066" lon="5.678931">
        <ele>-1.215468</ele>
        <time>2026-06-20T10:08:47.814Z</time>
      </trkpt>
      <trkpt lat="53.056001" lon="5.678598">
        <ele>-1.677833</ele>
        <time>2026-06-20T10:09:10.161Z</time>
      </trkpt>
      <trkpt lat="53.055381" lon="5.678469">
        <ele>-1.809596</ele>
        <time>2026-06-20T10:09:23.736Z</time>
      </trkpt>
      <trkpt lat="53.055124" lon="5.678448">
        <ele>-1.879841</ele>
        <time>2026-06-20T10:09:29.314Z</time>
      </trkpt>
      <trkpt lat="53.054974" lon="5.678435">
        <ele>-1.899932</ele>
        <time>2026-06-20T10:09:32.590Z</time>
      </trkpt>
      <trkpt lat="53.054612" lon="5.678460">
        <ele>-1.891506</ele>
        <time>2026-06-20T10:09:40.509Z</time>
      </trkpt>
      <trkpt lat="53.053335" lon="5.678594">
        <ele>-1.707875</ele>
        <time>2026-06-20T10:10:09.837Z</time>
      </trkpt>
      <trkpt lat="53.053015" lon="5.678625">
        <ele>-1.700000</ele>
        <time>2026-06-20T10:10:16.976Z</time>
      </trkpt>
      <trkpt lat="53.052635" lon="5.678558">
        <ele>-1.739952</ele>
        <time>2026-06-20T10:10:25.360Z</time>
      </trkpt>
      <trkpt lat="53.051816" lon="5.678360">
        <ele>-2.105765</ele>
        <time>2026-06-20T10:10:43.130Z</time>
      </trkpt>
      <trkpt lat="53.051704" lon="5.678423">
        <ele>-2.160255</ele>
        <time>2026-06-20T10:10:45.711Z</time>
      </trkpt>
      <trkpt lat="53.051652" lon="5.678520">
        <ele>-2.196262</ele>
        <time>2026-06-20T10:10:47.447Z</time>
      </trkpt>
      <trkpt lat="53.051534" lon="5.678427">
        <ele>-2.190185</ele>
        <time>2026-06-20T10:10:50.187Z</time>
      </trkpt>
      <trkpt lat="53.051469" lon="5.678415">
        <ele>-2.185960</ele>
        <time>2026-06-20T10:10:51.641Z</time>
      </trkpt>
      <trkpt lat="53.051200" lon="5.678603">
        <ele>-2.072237</ele>
        <time>2026-06-20T10:10:58.648Z</time>
      </trkpt>
      <trkpt lat="53.051158" lon="5.678496">
        <ele>-2.012701</ele>
        <time>2026-06-20T10:11:00.746Z</time>
      </trkpt>
      <trkpt lat="53.051161" lon="5.678424">
        <ele>-1.979078</ele>
        <time>2026-06-20T10:11:01.933Z</time>
      </trkpt>
      <trkpt lat="53.051176" lon="5.677933">
        <ele>-1.703681</ele>
        <time>2026-06-20T10:11:09.870Z</time>
      </trkpt>
      <trkpt lat="53.051124" lon="5.677766">
        <ele>-1.623746</ele>
        <time>2026-06-20T10:11:12.807Z</time>
      </trkpt>
      <trkpt lat="53.050958" lon="5.677567">
        <ele>-1.446349</ele>
        <time>2026-06-20T10:11:18.115Z</time>
      </trkpt>
      <trkpt lat="53.050463" lon="5.677566">
        <ele>-0.914144</ele>
        <time>2026-06-20T10:11:31.929Z</time>
      </trkpt>
      <trkpt lat="53.050632" lon="5.676738">
        <ele>-0.385589</ele>
        <time>2026-06-20T10:11:46.334Z</time>
      </trkpt>
      <trkpt lat="53.050587" lon="5.676715">
        <ele>-0.345810</ele>
        <time>2026-06-20T10:11:47.588Z</time>
      </trkpt>
      <trkpt lat="53.050554" lon="5.676705">
        <ele>-0.319249</ele>
        <time>2026-06-20T10:11:48.523Z</time>
      </trkpt>
      <trkpt lat="53.050416" lon="5.676699">
        <ele>-0.209938</ele>
        <time>2026-06-20T10:11:52.120Z</time>
      </trkpt>
      <trkpt lat="53.050220" lon="5.676795">
        <ele>-0.135316</ele>
        <time>2026-06-20T10:11:57.046Z</time>
      </trkpt>
      <trkpt lat="53.049337" lon="5.676939">
        <ele>-0.384596</ele>
        <time>2026-06-20T10:12:16.675Z</time>
      </trkpt>
      <trkpt lat="53.048765" lon="5.677042">
        <ele>-0.400000</ele>
        <time>2026-06-20T10:12:29.965Z</time>
      </trkpt>
      <trkpt lat="53.048671" lon="5.677124">
        <ele>-0.400000</ele>
        <time>2026-06-20T10:12:32.449Z</time>
      </trkpt>
      <trkpt lat="53.048634" lon="5.677216">
        <ele>-0.398927</ele>
        <time>2026-06-20T10:12:33.980Z</time>
      </trkpt>
      <trkpt lat="53.048617" lon="5.677364">
        <ele>-0.394832</ele>
        <time>2026-06-20T10:12:36.127Z</time>
      </trkpt>
      <trkpt lat="53.048586" lon="5.677363">
        <ele>-0.393431</ele>
        <time>2026-06-20T10:12:36.891Z</time>
      </trkpt>
      <trkpt lat="53.048520" lon="5.677356">
        <ele>-0.390441</ele>
        <time>2026-06-20T10:12:38.464Z</time>
      </trkpt>
      <trkpt lat="53.048463" lon="5.677350">
        <ele>-0.372730</ele>
        <time>2026-06-20T10:12:39.819Z</time>
      </trkpt>
      <trkpt lat="53.048360" lon="5.677339">
        <ele>-0.332359</ele>
        <time>2026-06-20T10:12:42.261Z</time>
      </trkpt>
      <trkpt lat="53.048329" lon="5.677338">
        <ele>-0.320232</ele>
        <time>2026-06-20T10:12:43.062Z</time>
      </trkpt>
      <trkpt lat="53.048321" lon="5.677236">
        <ele>-0.298993</ele>
        <time>2026-06-20T10:12:44.602Z</time>
      </trkpt>
      <trkpt lat="53.048280" lon="5.677152">
        <ele>-0.286370</ele>
        <time>2026-06-20T10:12:46.278Z</time>
      </trkpt>
      <trkpt lat="53.047933" lon="5.677150">
        <ele>-0.193253</ele>
        <time>2026-06-20T10:12:55.306Z</time>
      </trkpt>
      <trkpt lat="53.047723" lon="5.677110">
        <ele>-0.100421</ele>
        <time>2026-06-20T10:13:00.955Z</time>
      </trkpt>
      <trkpt lat="53.047290" lon="5.676943">
        <ele>0.095951</ele>
        <time>2026-06-20T10:13:12.716Z</time>
      </trkpt>
      <trkpt lat="53.047023" lon="5.676796">
        <ele>0.195143</ele>
        <time>2026-06-20T10:13:20.053Z</time>
      </trkpt>
      <trkpt lat="53.046599" lon="5.676449">
        <ele>0.308312</ele>
        <time>2026-06-20T10:13:32.232Z</time>
      </trkpt>
      <trkpt lat="53.046389" lon="5.676264">
        <ele>0.383301</ele>
        <time>2026-06-20T10:13:38.270Z</time>
      </trkpt>
      <trkpt lat="53.045642" lon="5.675548">
        <ele>0.496151</ele>
        <time>2026-06-20T10:13:59.972Z</time>
      </trkpt>
      <trkpt lat="53.045308" lon="5.675263">
        <ele>0.500000</ele>
        <time>2026-06-20T10:14:09.213Z</time>
      </trkpt>
      <trkpt lat="53.044578" lon="5.674533">
        <ele>0.500000</ele>
        <time>2026-06-20T10:14:30.451Z</time>
      </trkpt>
      <trkpt lat="53.043856" lon="5.673676">
        <ele>0.475117</ele>
        <time>2026-06-20T10:14:52.268Z</time>
      </trkpt>
      <trkpt lat="53.042932" lon="5.672559">
        <ele>0.204807</ele>
        <time>2026-06-20T10:15:19.433Z</time>
      </trkpt>
      <trkpt lat="53.042019" lon="5.671445">
        <ele>0.009744</ele>
        <time>2026-06-20T10:15:46.698Z</time>
      </trkpt>
      <trkpt lat="53.041742" lon="5.670948">
        <ele>0.012306</ele>
        <time>2026-06-20T10:15:56.831Z</time>
      </trkpt>
      <trkpt lat="53.041407" lon="5.670468">
        <ele>0.098203</ele>
        <time>2026-06-20T10:16:08.043Z</time>
      </trkpt>
      <trkpt lat="53.041024" lon="5.669932">
        <ele>0.190836</ele>
        <time>2026-06-20T10:16:20.869Z</time>
      </trkpt>
      <trkpt lat="53.040942" lon="5.669765">
        <ele>0.209945</ele>
        <time>2026-06-20T10:16:24.185Z</time>
      </trkpt>
      <trkpt lat="53.040627" lon="5.669329">
        <ele>0.292840</ele>
        <time>2026-06-20T10:16:34.580Z</time>
      </trkpt>
      <trkpt lat="53.040264" lon="5.668921">
        <ele>0.303795</ele>
        <time>2026-06-20T10:16:45.483Z</time>
      </trkpt>
      <trkpt lat="53.039488" lon="5.668208">
        <ele>0.395685</ele>
        <time>2026-06-20T10:17:07.527Z</time>
      </trkpt>
      <trkpt lat="53.039385" lon="5.668179">
        <ele>0.398813</ele>
        <time>2026-06-20T10:17:10.156Z</time>
      </trkpt>
      <trkpt lat="53.039278" lon="5.668082">
        <ele>0.399790</ele>
        <time>2026-06-20T10:17:13.749Z</time>
      </trkpt>
      <trkpt lat="53.039178" lon="5.667987">
        <ele>0.400000</ele>
        <time>2026-06-20T10:17:16.429Z</time>
      </trkpt>
      <trkpt lat="53.038766" lon="5.667619">
        <ele>0.383589</ele>
        <time>2026-06-20T10:17:27.201Z</time>
      </trkpt>
      <trkpt lat="53.038308" lon="5.667297">
        <ele>0.310259</ele>
        <time>2026-06-20T10:17:38.480Z</time>
      </trkpt>
      <trkpt lat="53.038203" lon="5.667230">
        <ele>0.300746</ele>
        <time>2026-06-20T10:17:41.061Z</time>
      </trkpt>
      <trkpt lat="53.037480" lon="5.666767">
        <ele>0.350082</ele>
        <time>2026-06-20T10:17:59.244Z</time>
      </trkpt>
      <trkpt lat="53.037448" lon="5.666747">
        <ele>0.362096</ele>
        <time>2026-06-20T10:18:00.035Z</time>
      </trkpt>
      <trkpt lat="53.036612" lon="5.666211">
        <ele>0.400000</ele>
        <time>2026-06-20T10:18:20.881Z</time>
      </trkpt>
      <trkpt lat="53.036541" lon="5.666170">
        <ele>0.400000</ele>
        <time>2026-06-20T10:18:22.689Z</time>
      </trkpt>
      <trkpt lat="53.036516" lon="5.666060">
        <ele>0.400000</ele>
        <time>2026-06-20T10:18:24.353Z</time>
      </trkpt>
      <trkpt lat="53.035981" lon="5.665596">
        <ele>0.384721</ele>
        <time>2026-06-20T10:18:38.510Z</time>
      </trkpt>
      <trkpt lat="53.035335" lon="5.664923">
        <ele>0.117636</ele>
        <time>2026-06-20T10:18:55.092Z</time>
      </trkpt>
      <trkpt lat="53.034926" lon="5.664318">
        <ele>-0.015334</ele>
        <time>2026-06-20T10:19:07.139Z</time>
      </trkpt>
      <trkpt lat="53.034617" lon="5.664207">
        <ele>-0.180404</ele>
        <time>2026-06-20T10:19:14.037Z</time>
      </trkpt>
      <trkpt lat="53.034611" lon="5.664118">
        <ele>-0.201842</ele>
        <time>2026-06-20T10:19:15.209Z</time>
      </trkpt>
      <trkpt lat="53.034591" lon="5.663954">
        <ele>-0.241290</ele>
        <time>2026-06-20T10:19:17.378Z</time>
      </trkpt>
      <trkpt lat="53.034585" lon="5.663896">
        <ele>-0.250976</ele>
        <time>2026-06-20T10:19:18.132Z</time>
      </trkpt>
      <trkpt lat="53.034529" lon="5.663670">
        <ele>-0.291207</ele>
        <time>2026-06-20T10:19:21.306Z</time>
      </trkpt>
      <trkpt lat="53.034494" lon="5.663562">
        <ele>-0.305344</ele>
        <time>2026-06-20T10:19:23.359Z</time>
      </trkpt>
      <trkpt lat="53.034324" lon="5.662143">
        <ele>-0.374710</ele>
        <time>2026-06-20T10:19:48.684Z</time>
      </trkpt>
      <trkpt lat="53.034176" lon="5.660973">
        <ele>0.098206</ele>
        <time>2026-06-20T10:20:11.601Z</time>
      </trkpt>
      <trkpt lat="53.034115" lon="5.660996">
        <ele>0.146513</ele>
        <time>2026-06-20T10:20:13.243Z</time>
      </trkpt>
      <trkpt lat="53.033945" lon="5.661057">
        <ele>0.304566</ele>
        <time>2026-06-20T10:20:18.046Z</time>
      </trkpt>
      <trkpt lat="53.033935" lon="5.661061">
        <ele>0.316380</ele>
        <time>2026-06-20T10:20:18.339Z</time>
      </trkpt>
      <trkpt lat="53.033906" lon="5.661067">
        <ele>0.349947</ele>
        <time>2026-06-20T10:20:19.118Z</time>
      </trkpt>
      <trkpt lat="53.033867" lon="5.660980">
        <ele>0.424899</ele>
        <time>2026-06-20T10:20:20.831Z</time>
      </trkpt>
      <trkpt lat="53.033802" lon="5.660964">
        <ele>0.501114</ele>
        <time>2026-06-20T10:20:22.639Z</time>
      </trkpt>
      <trkpt lat="53.033717" lon="5.660446">
        <ele>0.878470</ele>
        <time>2026-06-20T10:20:33.530Z</time>
      </trkpt>
      <trkpt lat="53.033715" lon="5.660229">
        <ele>1.015464</ele>
        <time>2026-06-20T10:20:37.961Z</time>
      </trkpt>
      <trkpt lat="53.033801" lon="5.659573">
        <ele>1.450114</ele>
        <time>2026-06-20T10:20:51.461Z</time>
      </trkpt>
      <trkpt lat="53.033935" lon="5.658678">
        <ele>1.499647</ele>
        <time>2026-06-20T10:21:07.979Z</time>
      </trkpt>
      <trkpt lat="53.033947" lon="5.658533">
        <ele>1.499213</ele>
        <time>2026-06-20T10:21:10.513Z</time>
      </trkpt>
      <trkpt lat="53.033928" lon="5.658286">
        <ele>1.465709</ele>
        <time>2026-06-20T10:21:14.668Z</time>
      </trkpt>
      <trkpt lat="53.033836" lon="5.657787">
        <ele>1.288877</ele>
        <time>2026-06-20T10:21:23.239Z</time>
      </trkpt>
      <trkpt lat="53.033834" lon="5.657599">
        <ele>1.207016</ele>
        <time>2026-06-20T10:21:26.362Z</time>
      </trkpt>
      <trkpt lat="53.033861" lon="5.657403">
        <ele>1.117197</ele>
        <time>2026-06-20T10:21:29.593Z</time>
      </trkpt>
      <trkpt lat="53.033902" lon="5.657276">
        <ele>1.067593</ele>
        <time>2026-06-20T10:21:31.860Z</time>
      </trkpt>
      <trkpt lat="53.033917" lon="5.657230">
        <ele>1.054680</ele>
        <time>2026-06-20T10:21:32.478Z</time>
      </trkpt>
      <trkpt lat="53.033938" lon="5.657175">
        <ele>1.038603</ele>
        <time>2026-06-20T10:21:33.282Z</time>
      </trkpt>
      <trkpt lat="53.033990" lon="5.657089">
        <ele>1.008509</ele>
        <time>2026-06-20T10:21:34.828Z</time>
      </trkpt>
      <trkpt lat="53.034015" lon="5.657035">
        <ele>0.992591</ele>
        <time>2026-06-20T10:21:35.675Z</time>
      </trkpt>
      <trkpt lat="53.034290" lon="5.656546">
        <ele>0.910747</ele>
        <time>2026-06-20T10:21:44.593Z</time>
      </trkpt>
      <trkpt lat="53.034504" lon="5.656140">
        <ele>0.882668</ele>
        <time>2026-06-20T10:21:51.591Z</time>
      </trkpt>
      <trkpt lat="53.034557" lon="5.656008">
        <ele>0.853835</ele>
        <time>2026-06-20T10:21:53.626Z</time>
      </trkpt>
      <trkpt lat="53.034610" lon="5.655950">
        <ele>0.834668</ele>
        <time>2026-06-20T10:21:54.948Z</time>
      </trkpt>
      <trkpt lat="53.034573" lon="5.655885">
        <ele>0.831544</ele>
        <time>2026-06-20T10:21:56.098Z</time>
      </trkpt>
      <trkpt lat="53.034448" lon="5.655667">
        <ele>0.830432</ele>
        <time>2026-06-20T10:22:00.201Z</time>
      </trkpt>
      <trkpt lat="53.034412" lon="5.655527">
        <ele>0.889936</ele>
        <time>2026-06-20T10:22:02.493Z</time>
      </trkpt>
      <trkpt lat="53.034176" lon="5.655100">
        <ele>1.087592</ele>
        <time>2026-06-20T10:22:11.258Z</time>
      </trkpt>
      <trkpt lat="53.033781" lon="5.654402">
        <ele>1.179176</ele>
        <time>2026-06-20T10:22:25.206Z</time>
      </trkpt>
      <trkpt lat="53.033775" lon="5.654392">
        <ele>1.179162</ele>
        <time>2026-06-20T10:22:25.407Z</time>
      </trkpt>
      <trkpt lat="53.033455" lon="5.653827">
        <ele>1.111378</ele>
        <time>2026-06-20T10:22:35.981Z</time>
      </trkpt>
      <trkpt lat="53.033142" lon="5.653288">
        <ele>1.100000</ele>
        <time>2026-06-20T10:22:46.119Z</time>
      </trkpt>
      <trkpt lat="53.033009" lon="5.653187">
        <ele>1.092552</ele>
        <time>2026-06-20T10:22:49.444Z</time>
      </trkpt>
      <trkpt lat="53.032945" lon="5.653178">
        <ele>1.085391</ele>
        <time>2026-06-20T10:22:50.942Z</time>
      </trkpt>
      <trkpt lat="53.032684" lon="5.652725">
        <ele>0.994758</ele>
        <time>2026-06-20T10:22:59.068Z</time>
      </trkpt>
      <trkpt lat="53.032662" lon="5.652684">
        <ele>0.982374</ele>
        <time>2026-06-20T10:22:59.783Z</time>
      </trkpt>
      <trkpt lat="53.032508" lon="5.652513">
        <ele>0.924959</ele>
        <time>2026-06-20T10:23:03.684Z</time>
      </trkpt>
      <trkpt lat="53.032408" lon="5.652449">
        <ele>0.909483</ele>
        <time>2026-06-20T10:23:05.928Z</time>
      </trkpt>
      <trkpt lat="53.032227" lon="5.652335">
        <ele>0.881496</ele>
        <time>2026-06-20T10:23:10.153Z</time>
      </trkpt>
      <trkpt lat="53.032180" lon="5.652303">
        <ele>0.874147</ele>
        <time>2026-06-20T10:23:11.620Z</time>
      </trkpt>
      <trkpt lat="53.032026" lon="5.652176">
        <ele>0.829864</ele>
        <time>2026-06-20T10:23:16.599Z</time>
      </trkpt>
      <trkpt lat="53.032010" lon="5.652157">
        <ele>0.823984</ele>
        <time>2026-06-20T10:23:17.032Z</time>
      </trkpt>
      <trkpt lat="53.031788" lon="5.651754">
        <ele>0.790670</ele>
        <time>2026-06-20T10:23:24.229Z</time>
      </trkpt>
      <trkpt lat="53.031762" lon="5.651702">
        <ele>0.778755</ele>
        <time>2026-06-20T10:23:25.123Z</time>
      </trkpt>
      <trkpt lat="53.031615" lon="5.651411">
        <ele>0.722140</ele>
        <time>2026-06-20T10:23:29.924Z</time>
      </trkpt>
      <trkpt lat="53.031465" lon="5.651117">
        <ele>0.680873</ele>
        <time>2026-06-20T10:23:34.874Z</time>
      </trkpt>
      <trkpt lat="53.031448" lon="5.651084">
        <ele>0.674319</ele>
        <time>2026-06-20T10:23:35.427Z</time>
      </trkpt>
      <trkpt lat="53.031309" lon="5.650809">
        <ele>0.625478</ele>
        <time>2026-06-20T10:23:40.065Z</time>
      </trkpt>
      <trkpt lat="53.031419" lon="5.650662">
        <ele>0.599437</ele>
        <time>2026-06-20T10:23:44.091Z</time>
      </trkpt>
      <trkpt lat="53.031494" lon="5.650596">
        <ele>0.594380</ele>
        <time>2026-06-20T10:23:46.527Z</time>
      </trkpt>
      <trkpt lat="53.031539" lon="5.650534">
        <ele>0.590897</ele>
        <time>2026-06-20T10:23:48.184Z</time>
      </trkpt>
      <trkpt lat="53.031518" lon="5.650493">
        <ele>0.588967</ele>
        <time>2026-06-20T10:23:49.093Z</time>
      </trkpt>
      <trkpt lat="53.031441" lon="5.650600">
        <ele>0.564986</ele>
        <time>2026-06-20T10:23:52.013Z</time>
      </trkpt>
      <trkpt lat="53.031419" lon="5.650662">
        <ele>0.549556</ele>
        <time>2026-06-20T10:23:53.258Z</time>
      </trkpt>
      <trkpt lat="53.031309" lon="5.650809">
        <ele>0.512170</ele>
        <time>2026-06-20T10:23:57.397Z</time>
      </trkpt>
      <trkpt lat="53.031123" lon="5.650434">
        <ele>0.595239</ele>
        <time>2026-06-20T10:24:04.133Z</time>
      </trkpt>
      <trkpt lat="53.030865" lon="5.649941">
        <ele>0.681951</ele>
        <time>2026-06-20T10:24:13.048Z</time>
      </trkpt>
      <trkpt lat="53.030800" lon="5.649822">
        <ele>0.662048</ele>
        <time>2026-06-20T10:24:15.188Z</time>
      </trkpt>
      <trkpt lat="53.030726" lon="5.649589">
        <ele>0.630579</ele>
        <time>2026-06-20T10:24:18.818Z</time>
      </trkpt>
      <trkpt lat="53.030654" lon="5.649450">
        <ele>0.609938</ele>
        <time>2026-06-20T10:24:21.355Z</time>
      </trkpt>
      <trkpt lat="53.030434" lon="5.649028">
        <ele>0.600000</ele>
        <time>2026-06-20T10:24:29.128Z</time>
      </trkpt>
      <trkpt lat="53.030359" lon="5.648946">
        <ele>0.600000</ele>
        <time>2026-06-20T10:24:31.177Z</time>
      </trkpt>
      <trkpt lat="53.030278" lon="5.649047">
        <ele>0.598438</ele>
        <time>2026-06-20T10:24:33.508Z</time>
      </trkpt>
      <trkpt lat="53.030227" lon="5.649125">
        <ele>0.593945</ele>
        <time>2026-06-20T10:24:35.102Z</time>
      </trkpt>
      <trkpt lat="53.030186" lon="5.649191">
        <ele>0.590245</ele>
        <time>2026-06-20T10:24:36.429Z</time>
      </trkpt>
      <trkpt lat="53.029253" lon="5.647036">
        <ele>0.301544</ele>
        <time>2026-06-20T10:25:12.140Z</time>
      </trkpt>
      <trkpt lat="53.028530" lon="5.645247">
        <ele>0.108636</ele>
        <time>2026-06-20T10:25:41.578Z</time>
      </trkpt>
      <trkpt lat="53.028118" lon="5.644203">
        <ele>0.100000</ele>
        <time>2026-06-20T10:25:58.864Z</time>
      </trkpt>
      <trkpt lat="53.028022" lon="5.644052">
        <ele>0.098473</ele>
        <time>2026-06-20T10:26:01.876Z</time>
      </trkpt>
      <trkpt lat="53.027985" lon="5.643795">
        <ele>0.087363</ele>
        <time>2026-06-20T10:26:05.490Z</time>
      </trkpt>
      <trkpt lat="53.027622" lon="5.642732">
        <ele>-0.104687</ele>
        <time>2026-06-20T10:26:22.002Z</time>
      </trkpt>
      <trkpt lat="53.027459" lon="5.642352">
        <ele>-0.205481</ele>
        <time>2026-06-20T10:26:28.182Z</time>
      </trkpt>
      <trkpt lat="53.027312" lon="5.642090">
        <ele>-0.293399</ele>
        <time>2026-06-20T10:26:32.844Z</time>
      </trkpt>
      <trkpt lat="53.027056" lon="5.641838">
        <ele>-0.405248</ele>
        <time>2026-06-20T10:26:39.217Z</time>
      </trkpt>
      <trkpt lat="53.026546" lon="5.640844">
        <ele>-0.797891</ele>
        <time>2026-06-20T10:26:55.955Z</time>
      </trkpt>
      <trkpt lat="53.026138" lon="5.640065">
        <ele>-1.102585</ele>
        <time>2026-06-20T10:27:09.428Z</time>
      </trkpt>
      <trkpt lat="53.026016" lon="5.639935">
        <ele>-1.175068</ele>
        <time>2026-06-20T10:27:12.607Z</time>
      </trkpt>
      <trkpt lat="53.025833" lon="5.639629">
        <ele>-1.204959</ele>
        <time>2026-06-20T10:27:18.305Z</time>
      </trkpt>
      <trkpt lat="53.025585" lon="5.638671">
        <ele>-1.293207</ele>
        <time>2026-06-20T10:27:32.529Z</time>
      </trkpt>
      <trkpt lat="53.025475" lon="5.638376">
        <ele>-1.299538</ele>
        <time>2026-06-20T10:27:37.497Z</time>
      </trkpt>
      <trkpt lat="53.025300" lon="5.638019">
        <ele>-1.295353</ele>
        <time>2026-06-20T10:27:44.056Z</time>
      </trkpt>
      <trkpt lat="53.024886" lon="5.637208">
        <ele>-1.208962</ele>
        <time>2026-06-20T10:27:59.148Z</time>
      </trkpt>
      <trkpt lat="53.022605" lon="5.632682">
        <ele>-1.403158</ele>
        <time>2026-06-20T10:29:20.743Z</time>
      </trkpt>
      <trkpt lat="53.022582" lon="5.632637">
        <ele>-1.405959</ele>
        <time>2026-06-20T10:29:21.576Z</time>
      </trkpt>
      <trkpt lat="53.019581" lon="5.626673">
        <ele>-2.170279</ele>
        <time>2026-06-20T10:31:02.393Z</time>
      </trkpt>
      <trkpt lat="53.017163" lon="5.621804">
        <ele>-0.814442</ele>
        <time>2026-06-20T10:32:32.427Z</time>
      </trkpt>
      <trkpt lat="53.016559" lon="5.620637">
        <ele>-0.567109</ele>
        <time>2026-06-20T10:32:54.054Z</time>
      </trkpt>
      <trkpt lat="53.016511" lon="5.620554">
        <ele>-0.535173</ele>
        <time>2026-06-20T10:32:55.658Z</time>
      </trkpt>
      <trkpt lat="53.016356" lon="5.620470">
        <ele>-0.509365</ele>
        <time>2026-06-20T10:32:59.431Z</time>
      </trkpt>
      <trkpt lat="53.016299" lon="5.620382">
        <ele>-0.500608</ele>
        <time>2026-06-20T10:33:01.231Z</time>
      </trkpt>
      <trkpt lat="53.016275" lon="5.620317">
        <ele>-0.496900</ele>
        <time>2026-06-20T10:33:02.293Z</time>
      </trkpt>
      <trkpt lat="53.016253" lon="5.620084">
        <ele>-0.486035</ele>
        <time>2026-06-20T10:33:05.561Z</time>
      </trkpt>
      <trkpt lat="53.016098" lon="5.619638">
        <ele>-0.413834</ele>
        <time>2026-06-20T10:33:12.649Z</time>
      </trkpt>
      <trkpt lat="53.014974" lon="5.617368">
        <ele>-0.301855</ele>
        <time>2026-06-20T10:33:52.557Z</time>
      </trkpt>
      <trkpt lat="53.014639" lon="5.616798">
        <ele>-0.300000</ele>
        <time>2026-06-20T10:34:03.093Z</time>
      </trkpt>
      <trkpt lat="53.014561" lon="5.616676">
        <ele>-0.300000</ele>
        <time>2026-06-20T10:34:05.499Z</time>
      </trkpt>
      <trkpt lat="53.014488" lon="5.616630">
        <ele>-0.300000</ele>
        <time>2026-06-20T10:34:07.243Z</time>
      </trkpt>
      <trkpt lat="53.014299" lon="5.616620">
        <ele>-0.300000</ele>
        <time>2026-06-20T10:34:11.468Z</time>
      </trkpt>
      <trkpt lat="53.014195" lon="5.616458">
        <ele>-0.297327</ele>
        <time>2026-06-20T10:34:14.674Z</time>
      </trkpt>
      <trkpt lat="53.014149" lon="5.616493">
        <ele>-0.296091</ele>
        <time>2026-06-20T10:34:15.812Z</time>
      </trkpt>
      <trkpt lat="53.014091" lon="5.616542">
        <ele>-0.294456</ele>
        <time>2026-06-20T10:34:17.255Z</time>
      </trkpt>
      <trkpt lat="53.013630" lon="5.616901">
        <ele>-0.209507</ele>
        <time>2026-06-20T10:34:28.672Z</time>
      </trkpt>
      <trkpt lat="53.013510" lon="5.617020">
        <ele>-0.201460</ele>
        <time>2026-06-20T10:34:31.809Z</time>
      </trkpt>
      <trkpt lat="53.013297" lon="5.617314">
        <ele>-0.188506</ele>
        <time>2026-06-20T10:34:38.217Z</time>
      </trkpt>
      <trkpt lat="53.013090" lon="5.617741">
        <ele>-0.110322</ele>
        <time>2026-06-20T10:34:46.030Z</time>
      </trkpt>
      <trkpt lat="53.012668" lon="5.618997">
        <ele>-0.006417</ele>
        <time>2026-06-20T10:35:05.558Z</time>
      </trkpt>
      <trkpt lat="53.012496" lon="5.619297">
        <ele>0.000000</ele>
        <time>2026-06-20T10:35:10.958Z</time>
      </trkpt>
      <trkpt lat="53.012141" lon="5.619638">
        <ele>-0.015635</ele>
        <time>2026-06-20T10:35:20.009Z</time>
      </trkpt>
      <trkpt lat="53.011837" lon="5.619900">
        <ele>-0.096769</ele>
        <time>2026-06-20T10:35:27.537Z</time>
      </trkpt>
      <trkpt lat="53.011406" lon="5.620280">
        <ele>-0.193184</ele>
        <time>2026-06-20T10:35:37.922Z</time>
      </trkpt>
      <trkpt lat="53.011289" lon="5.620414">
        <ele>-0.197773</ele>
        <time>2026-06-20T10:35:41.008Z</time>
      </trkpt>
      <trkpt lat="53.011061" lon="5.620794">
        <ele>-0.186558</ele>
        <time>2026-06-20T10:35:48.248Z</time>
      </trkpt>
      <trkpt lat="53.010767" lon="5.621701">
        <ele>0.034487</ele>
        <time>2026-06-20T10:36:03.007Z</time>
      </trkpt>
      <trkpt lat="53.010733" lon="5.621786">
        <ele>0.069723</ele>
        <time>2026-06-20T10:36:04.538Z</time>
      </trkpt>
      <trkpt lat="53.010721" lon="5.621815">
        <ele>0.083048</ele>
        <time>2026-06-20T10:36:05.069Z</time>
      </trkpt>
      <trkpt lat="53.010636" lon="5.622000">
        <ele>0.171174</ele>
        <time>2026-06-20T10:36:08.454Z</time>
      </trkpt>
      <trkpt lat="53.010601" lon="5.622080">
        <ele>0.196805</ele>
        <time>2026-06-20T10:36:09.858Z</time>
      </trkpt>
      <trkpt lat="53.010552" lon="5.622188">
        <ele>0.217783</ele>
        <time>2026-06-20T10:36:11.841Z</time>
      </trkpt>
      <trkpt lat="53.010236" lon="5.623262">
        <ele>0.486718</ele>
        <time>2026-06-20T10:36:28.932Z</time>
      </trkpt>
      <trkpt lat="53.010201" lon="5.623358">
        <ele>0.509192</ele>
        <time>2026-06-20T10:36:30.578Z</time>
      </trkpt>
      <trkpt lat="53.010406" lon="5.623609">
        <ele>0.575164</ele>
        <time>2026-06-20T10:36:36.338Z</time>
      </trkpt>
      <trkpt lat="53.010541" lon="5.624265">
        <ele>0.506916</ele>
        <time>2026-06-20T10:36:45.446Z</time>
      </trkpt>
      <trkpt lat="53.010616" lon="5.624639">
        <ele>0.472443</ele>
        <time>2026-06-20T10:36:50.522Z</time>
      </trkpt>
      <trkpt lat="53.010649" lon="5.624808">
        <ele>0.411677</ele>
        <time>2026-06-20T10:36:52.734Z</time>
      </trkpt>
      <trkpt lat="53.010667" lon="5.624899">
        <ele>0.378917</ele>
        <time>2026-06-20T10:36:53.909Z</time>
      </trkpt>
      <trkpt lat="53.010713" lon="5.625285">
        <ele>0.211511</ele>
        <time>2026-06-20T10:36:58.609Z</time>
      </trkpt>
      <trkpt lat="53.010742" lon="5.625589">
        <ele>0.112606</ele>
        <time>2026-06-20T10:37:02.382Z</time>
      </trkpt>
      <trkpt lat="53.010791" lon="5.626094">
        <ele>0.004378</ele>
        <time>2026-06-20T10:37:08.821Z</time>
      </trkpt>
      <trkpt lat="53.010802" lon="5.626199">
        <ele>-0.022824</ele>
        <time>2026-06-20T10:37:10.165Z</time>
      </trkpt>
      <trkpt lat="53.010922" lon="5.626169">
        <ele>-0.074301</ele>
        <time>2026-06-20T10:37:12.878Z</time>
      </trkpt>
      <trkpt lat="53.010988" lon="5.626153">
        <ele>-0.090381</ele>
        <time>2026-06-20T10:37:14.343Z</time>
      </trkpt>
      <trkpt lat="53.011022" lon="5.626145">
        <ele>-0.092100</ele>
        <time>2026-06-20T10:37:15.104Z</time>
      </trkpt>
      <trkpt lat="53.011099" lon="5.626122">
        <ele>-0.096015</ele>
        <time>2026-06-20T10:37:16.844Z</time>
      </trkpt>
      <trkpt lat="53.011183" lon="5.626030">
        <ele>-0.106674</ele>
        <time>2026-06-20T10:37:19.108Z</time>
      </trkpt>
      <trkpt lat="53.011235" lon="5.626017">
        <ele>-0.123401</ele>
        <time>2026-06-20T10:37:20.282Z</time>
      </trkpt>
      <trkpt lat="53.011183" lon="5.626030">
        <ele>-0.140129</ele>
        <time>2026-06-20T10:37:21.492Z</time>
      </trkpt>
      <trkpt lat="53.011099" lon="5.626122">
        <ele>-0.171761</ele>
        <time>2026-06-20T10:37:23.768Z</time>
      </trkpt>
      <trkpt lat="53.011022" lon="5.626145">
        <ele>-0.181672</ele>
        <time>2026-06-20T10:37:25.582Z</time>
      </trkpt>
      <trkpt lat="53.010988" lon="5.626153">
        <ele>-0.186022</ele>
        <time>2026-06-20T10:37:26.369Z</time>
      </trkpt>
      <trkpt lat="53.010922" lon="5.626169">
        <ele>-0.194472</ele>
        <time>2026-06-20T10:37:27.873Z</time>
      </trkpt>
      <trkpt lat="53.010802" lon="5.626199">
        <ele>-0.199193</ele>
        <time>2026-06-20T10:37:30.645Z</time>
      </trkpt>
      <trkpt lat="53.010835" lon="5.626501">
        <ele>-0.191409</ele>
        <time>2026-06-20T10:37:34.735Z</time>
      </trkpt>
      <trkpt lat="53.010922" lon="5.627376">
        <ele>-0.110484</ele>
        <time>2026-06-20T10:37:46.878Z</time>
      </trkpt>
      <trkpt lat="53.010993" lon="5.628099">
        <ele>-0.100000</ele>
        <time>2026-06-20T10:37:56.772Z</time>
      </trkpt>
      <trkpt lat="53.011088" lon="5.629018">
        <ele>-0.100000</ele>
        <time>2026-06-20T10:38:09.189Z</time>
      </trkpt>
      <trkpt lat="53.011144" lon="5.629559">
        <ele>-0.126809</ele>
        <time>2026-06-20T10:38:16.394Z</time>
      </trkpt>
      <trkpt lat="53.011242" lon="5.630542">
        <ele>-0.307809</ele>
        <time>2026-06-20T10:38:29.101Z</time>
      </trkpt>
      <trkpt lat="53.011243" lon="5.630840">
        <ele>-0.394230</ele>
        <time>2026-06-20T10:38:32.869Z</time>
      </trkpt>
      <trkpt lat="53.011182" lon="5.631281">
        <ele>-0.502395</ele>
        <time>2026-06-20T10:38:38.559Z</time>
      </trkpt>
      <trkpt lat="53.011070" lon="5.631622">
        <ele>-0.599987</ele>
        <time>2026-06-20T10:38:43.450Z</time>
      </trkpt>
      <trkpt lat="53.010437" lon="5.632767">
        <ele>-0.977602</ele>
        <time>2026-06-20T10:39:02.887Z</time>
      </trkpt>
      <trkpt lat="53.010398" lon="5.632839">
        <ele>-0.986411</ele>
        <time>2026-06-20T10:39:04.154Z</time>
      </trkpt>
      <trkpt lat="53.010282" lon="5.633021">
        <ele>-1.000000</ele>
        <time>2026-06-20T10:39:07.592Z</time>
      </trkpt>
      <trkpt lat="53.010136" lon="5.633095">
        <ele>-1.000000</ele>
        <time>2026-06-20T10:39:10.907Z</time>
      </trkpt>
      <trkpt lat="53.010122" lon="5.633099">
        <ele>-1.000231</ele>
        <time>2026-06-20T10:39:11.229Z</time>
      </trkpt>
      <trkpt lat="53.009997" lon="5.633147">
        <ele>-1.002786</ele>
        <time>2026-06-20T10:39:14.034Z</time>
      </trkpt>
      <trkpt lat="53.009942" lon="5.633179">
        <ele>-1.003946</ele>
        <time>2026-06-20T10:39:15.364Z</time>
      </trkpt>
      <trkpt lat="53.010120" lon="5.634748">
        <ele>-1.101381</ele>
        <time>2026-06-20T10:39:36.550Z</time>
      </trkpt>
      <trkpt lat="53.011341" lon="5.645816">
        <ele>-1.992382</ele>
        <time>2026-06-20T10:42:03.778Z</time>
      </trkpt>
      <trkpt lat="53.011413" lon="5.646968">
        <ele>-2.010251</ele>
        <time>2026-06-20T10:42:18.990Z</time>
      </trkpt>
      <trkpt lat="53.011434" lon="5.648085">
        <ele>-2.074972</ele>
        <time>2026-06-20T10:42:33.844Z</time>
      </trkpt>
      <trkpt lat="53.011431" lon="5.648600">
        <ele>-2.019400</ele>
        <time>2026-06-20T10:42:40.756Z</time>
      </trkpt>
      <trkpt lat="53.011317" lon="5.650706">
        <ele>-2.077881</ele>
        <time>2026-06-20T10:43:08.813Z</time>
      </trkpt>
      <trkpt lat="53.011218" lon="5.652406">
        <ele>-1.891928</ele>
        <time>2026-06-20T10:43:32.618Z</time>
      </trkpt>
      <trkpt lat="53.011162" lon="5.652760">
        <ele>-1.794451</ele>
        <time>2026-06-20T10:43:37.947Z</time>
      </trkpt>
      <trkpt lat="53.011171" lon="5.653031">
        <ele>-1.676174</ele>
        <time>2026-06-20T10:43:41.966Z</time>
      </trkpt>
      <trkpt lat="53.011179" lon="5.653089">
        <ele>-1.649421</ele>
        <time>2026-06-20T10:43:42.851Z</time>
      </trkpt>
      <trkpt lat="53.011098" lon="5.653179">
        <ele>-1.573449</ele>
        <time>2026-06-20T10:43:45.260Z</time>
      </trkpt>
      <trkpt lat="53.010897" lon="5.653234">
        <ele>-1.411680</ele>
        <time>2026-06-20T10:43:50.381Z</time>
      </trkpt>
      <trkpt lat="53.010470" lon="5.653253">
        <ele>-1.112853</ele>
        <time>2026-06-20T10:44:01.275Z</time>
      </trkpt>
      <trkpt lat="53.009307" lon="5.653079">
        <ele>-0.719444</ele>
        <time>2026-06-20T10:44:28.956Z</time>
      </trkpt>
      <trkpt lat="53.008696" lon="5.652947">
        <ele>-0.708416</ele>
        <time>2026-06-20T10:44:42.359Z</time>
      </trkpt>
      <trkpt lat="53.007686" lon="5.652831">
        <ele>-0.986131</ele>
        <time>2026-06-20T10:45:03.857Z</time>
      </trkpt>
      <trkpt lat="53.005676" lon="5.652532">
        <ele>-1.078187</ele>
        <time>2026-06-20T10:45:48.214Z</time>
      </trkpt>
      <trkpt lat="53.003205" lon="5.652112">
        <ele>-0.717197</ele>
        <time>2026-06-20T10:46:45.299Z</time>
      </trkpt>
      <trkpt lat="53.001840" lon="5.651870">
        <ele>-0.900095</ele>
        <time>2026-06-20T10:47:15.181Z</time>
      </trkpt>
      <trkpt lat="53.001162" lon="5.651884">
        <ele>-0.992220</ele>
        <time>2026-06-20T10:47:29.825Z</time>
      </trkpt>
      <trkpt lat="53.001058" lon="5.651869">
        <ele>-0.999675</ele>
        <time>2026-06-20T10:47:32.072Z</time>
      </trkpt>
      <trkpt lat="53.000861" lon="5.651841">
        <ele>-1.000079</ele>
        <time>2026-06-20T10:47:36.371Z</time>
      </trkpt>
      <trkpt lat="53.000757" lon="5.651823">
        <ele>-1.035967</ele>
        <time>2026-06-20T10:47:38.607Z</time>
      </trkpt>
      <trkpt lat="53.000107" lon="5.651588">
        <ele>-1.285993</ele>
        <time>2026-06-20T10:47:52.636Z</time>
      </trkpt>
      <trkpt lat="52.998081" lon="5.651310">
        <ele>-1.851138</ele>
        <time>2026-06-20T10:48:35.599Z</time>
      </trkpt>
      <trkpt lat="52.998018" lon="5.651276">
        <ele>-1.839455</ele>
        <time>2026-06-20T10:48:37.142Z</time>
      </trkpt>
      <trkpt lat="52.997995" lon="5.651249">
        <ele>-1.834488</ele>
        <time>2026-06-20T10:48:37.810Z</time>
      </trkpt>
      <trkpt lat="52.997973" lon="5.651223">
        <ele>-1.829687</ele>
        <time>2026-06-20T10:48:38.459Z</time>
      </trkpt>
      <trkpt lat="52.997583" lon="5.651147">
        <ele>-1.585485</ele>
        <time>2026-06-20T10:48:48.043Z</time>
      </trkpt>
      <trkpt lat="52.997218" lon="5.651231">
        <ele>-1.294636</ele>
        <time>2026-06-20T10:48:57.441Z</time>
      </trkpt>
      <trkpt lat="52.996890" lon="5.651200">
        <ele>-1.015511</ele>
        <time>2026-06-20T10:49:05.926Z</time>
      </trkpt>
      <trkpt lat="52.996144" lon="5.651027">
        <ele>-0.604882</ele>
        <time>2026-06-20T10:49:24.218Z</time>
      </trkpt>
      <trkpt lat="52.995919" lon="5.650963">
        <ele>-0.518979</ele>
        <time>2026-06-20T10:49:29.705Z</time>
      </trkpt>
      <trkpt lat="52.995803" lon="5.650932">
        <ele>-0.504160</ele>
        <time>2026-06-20T10:49:32.486Z</time>
      </trkpt>
      <trkpt lat="52.995685" lon="5.650904">
        <ele>-0.475143</ele>
        <time>2026-06-20T10:49:35.306Z</time>
      </trkpt>
      <trkpt lat="52.995501" lon="5.650876">
        <ele>-0.409221</ele>
        <time>2026-06-20T10:49:39.684Z</time>
      </trkpt>
      <trkpt lat="52.995145" lon="5.650848">
        <ele>-0.314527</ele>
        <time>2026-06-20T10:49:47.972Z</time>
      </trkpt>
      <trkpt lat="52.994638" lon="5.650800">
        <ele>-0.289395</ele>
        <time>2026-06-20T10:49:59.382Z</time>
      </trkpt>
      <trkpt lat="52.994322" lon="5.650722">
        <ele>-0.233444</ele>
        <time>2026-06-20T10:50:06.642Z</time>
      </trkpt>
      <trkpt lat="52.993788" lon="5.650564">
        <ele>-0.291429</ele>
        <time>2026-06-20T10:50:18.568Z</time>
      </trkpt>
      <trkpt lat="52.993496" lon="5.650471">
        <ele>-0.318917</ele>
        <time>2026-06-20T10:50:24.890Z</time>
      </trkpt>
      <trkpt lat="52.992526" lon="5.650059">
        <ele>-0.784174</ele>
        <time>2026-06-20T10:50:45.686Z</time>
      </trkpt>
      <trkpt lat="52.992072" lon="5.649918">
        <ele>-0.888135</ele>
        <time>2026-06-20T10:50:55.590Z</time>
      </trkpt>
      <trkpt lat="52.991392" lon="5.649814">
        <ele>-0.900000</ele>
        <time>2026-06-20T10:51:10.645Z</time>
      </trkpt>
      <trkpt lat="52.990068" lon="5.649778">
        <ele>-0.900000</ele>
        <time>2026-06-20T10:51:40.270Z</time>
      </trkpt>
      <trkpt lat="52.989545" lon="5.649798">
        <ele>-0.900000</ele>
        <time>2026-06-20T10:51:51.735Z</time>
      </trkpt>
      <trkpt lat="52.989270" lon="5.649762">
        <ele>-0.900000</ele>
        <time>2026-06-20T10:51:57.912Z</time>
      </trkpt>
      <trkpt lat="52.989019" lon="5.649789">
        <ele>-0.880809</ele>
        <time>2026-06-20T10:52:03.618Z</time>
      </trkpt>
      <trkpt lat="52.988952" lon="5.649813">
        <ele>-0.850613</ele>
        <time>2026-06-20T10:52:05.177Z</time>
      </trkpt>
      <trkpt lat="52.988899" lon="5.649829">
        <ele>-0.826882</ele>
        <time>2026-06-20T10:52:06.394Z</time>
      </trkpt>
      <trkpt lat="52.987701" lon="5.649865">
        <ele>-0.605908</ele>
        <time>2026-06-20T10:52:33.963Z</time>
      </trkpt>
      <trkpt lat="52.986822" lon="5.649814">
        <ele>-0.607936</ele>
        <time>2026-06-20T10:52:53.762Z</time>
      </trkpt>
      <trkpt lat="52.985696" lon="5.649715">
        <ele>-0.892405</ele>
        <time>2026-06-20T10:53:17.552Z</time>
      </trkpt>
      <trkpt lat="52.985004" lon="5.649647">
        <ele>-0.891281</ele>
        <time>2026-06-20T10:53:33.228Z</time>
      </trkpt>
      <trkpt lat="52.984165" lon="5.649619">
        <ele>-0.693798</ele>
        <time>2026-06-20T10:53:52.603Z</time>
      </trkpt>
      <trkpt lat="52.983641" lon="5.649646">
        <ele>-0.517060</ele>
        <time>2026-06-20T10:54:04.924Z</time>
      </trkpt>
      <trkpt lat="52.982618" lon="5.649757">
        <ele>-0.524174</ele>
        <time>2026-06-20T10:54:27.594Z</time>
      </trkpt>
      <trkpt lat="52.981788" lon="5.649840">
        <ele>-0.913388</ele>
        <time>2026-06-20T10:54:44.772Z</time>
      </trkpt>
      <trkpt lat="52.980857" lon="5.649875">
        <ele>-1.482071</ele>
        <time>2026-06-20T10:55:03.638Z</time>
      </trkpt>
      <trkpt lat="52.980240" lon="5.649818">
        <ele>-1.681523</ele>
        <time>2026-06-20T10:55:16.616Z</time>
      </trkpt>
      <trkpt lat="52.980198" lon="5.649828">
        <ele>-1.684300</ele>
        <time>2026-06-20T10:55:17.570Z</time>
      </trkpt>
      <trkpt lat="52.980050" lon="5.649850">
        <ele>-1.676265</ele>
        <time>2026-06-20T10:55:20.997Z</time>
      </trkpt>
      <trkpt lat="52.979328" lon="5.649801">
        <ele>-1.311621</ele>
        <time>2026-06-20T10:55:38.473Z</time>
      </trkpt>
      <trkpt lat="52.979305" lon="5.649796">
        <ele>-1.301780</ele>
        <time>2026-06-20T10:55:39.176Z</time>
      </trkpt>
      <trkpt lat="52.979219" lon="5.649783">
        <ele>-1.265142</ele>
        <time>2026-06-20T10:55:41.871Z</time>
      </trkpt>
      <trkpt lat="52.979148" lon="5.649771">
        <ele>-1.236828</ele>
        <time>2026-06-20T10:55:44.055Z</time>
      </trkpt>
      <trkpt lat="52.979131" lon="5.649768">
        <ele>-1.230513</ele>
        <time>2026-06-20T10:55:44.586Z</time>
      </trkpt>
      <trkpt lat="52.979055" lon="5.649758">
        <ele>-1.202353</ele>
        <time>2026-06-20T10:55:46.917Z</time>
      </trkpt>
      <trkpt lat="52.979041" lon="5.649745">
        <ele>-1.196428</ele>
        <time>2026-06-20T10:55:47.402Z</time>
      </trkpt>
      <trkpt lat="52.978793" lon="5.649715">
        <ele>-1.118793</ele>
        <time>2026-06-20T10:55:55.024Z</time>
      </trkpt>
      <trkpt lat="52.978731" lon="5.649636">
        <ele>-1.096970</ele>
        <time>2026-06-20T10:55:57.362Z</time>
      </trkpt>
      <trkpt lat="52.978707" lon="5.649512">
        <ele>-1.076252</ele>
        <time>2026-06-20T10:55:59.804Z</time>
      </trkpt>
      <trkpt lat="52.978671" lon="5.649521">
        <ele>-1.066634</ele>
        <time>2026-06-20T10:56:00.631Z</time>
      </trkpt>
      <trkpt lat="52.978654" lon="5.649526">
        <ele>-1.062073</ele>
        <time>2026-06-20T10:56:01.032Z</time>
      </trkpt>
      <trkpt lat="52.978634" lon="5.649531">
        <ele>-1.056730</ele>
        <time>2026-06-20T10:56:01.476Z</time>
      </trkpt>
      <trkpt lat="52.978607" lon="5.649539">
        <ele>-1.049484</ele>
        <time>2026-06-20T10:56:02.123Z</time>
      </trkpt>
      <trkpt lat="52.978591" lon="5.649543">
        <ele>-1.045210</ele>
        <time>2026-06-20T10:56:02.524Z</time>
      </trkpt>
      <trkpt lat="52.978569" lon="5.649549">
        <ele>-1.040432</ele>
        <time>2026-06-20T10:56:03.047Z</time>
      </trkpt>
      <trkpt lat="52.978542" lon="5.649565">
        <ele>-1.034890</ele>
        <time>2026-06-20T10:56:03.713Z</time>
      </trkpt>
      <trkpt lat="52.978530" lon="5.649696">
        <ele>-1.019465</ele>
        <time>2026-06-20T10:56:06.082Z</time>
      </trkpt>
      <trkpt lat="52.978485" lon="5.649758">
        <ele>-1.008161</ele>
        <time>2026-06-20T10:56:07.861Z</time>
      </trkpt>
      <trkpt lat="52.978128" lon="5.649734">
        <ele>-1.019225</ele>
        <time>2026-06-20T10:56:18.271Z</time>
      </trkpt>
      <trkpt lat="52.978052" lon="5.649742">
        <ele>-1.035448</ele>
        <time>2026-06-20T10:56:20.457Z</time>
      </trkpt>
      <trkpt lat="52.977926" lon="5.649757">
        <ele>-1.063630</ele>
        <time>2026-06-20T10:56:23.168Z</time>
      </trkpt>
      <trkpt lat="52.977642" lon="5.649789">
        <ele>-1.100000</ele>
        <time>2026-06-20T10:56:29.297Z</time>
      </trkpt>
      <trkpt lat="52.977100" lon="5.649762">
        <ele>-1.093012</ele>
        <time>2026-06-20T10:56:41.546Z</time>
      </trkpt>
      <trkpt lat="52.975821" lon="5.649701">
        <ele>-0.812155</ele>
        <time>2026-06-20T10:57:11.069Z</time>
      </trkpt>
      <trkpt lat="52.974902" lon="5.649700">
        <ele>-0.820239</ele>
        <time>2026-06-20T10:57:31.379Z</time>
      </trkpt>
      <trkpt lat="52.974439" lon="5.649671">
        <ele>-0.981577</ele>
        <time>2026-06-20T10:57:41.215Z</time>
      </trkpt>
      <trkpt lat="52.974227" lon="5.649681">
        <ele>-0.992328</ele>
        <time>2026-06-20T10:57:45.810Z</time>
      </trkpt>
      <trkpt lat="52.972795" lon="5.649832">
        <ele>-0.806040</ele>
        <time>2026-06-20T10:58:18.289Z</time>
      </trkpt>
      <trkpt lat="52.972242" lon="5.649876">
        <ele>-0.797598</ele>
        <time>2026-06-20T10:58:30.904Z</time>
      </trkpt>
      <trkpt lat="52.969987" lon="5.650227">
        <ele>-0.726580</ele>
        <time>2026-06-20T10:59:21.662Z</time>
      </trkpt>
      <trkpt lat="52.969566" lon="5.650168">
        <ele>-0.922127</ele>
        <time>2026-06-20T10:59:30.202Z</time>
      </trkpt>
      <trkpt lat="52.969337" lon="5.650195">
        <ele>-1.089803</ele>
        <time>2026-06-20T10:59:34.807Z</time>
      </trkpt>
      <trkpt lat="52.968905" lon="5.650314">
        <ele>-1.418242</ele>
        <time>2026-06-20T10:59:43.481Z</time>
      </trkpt>
      <trkpt lat="52.968823" lon="5.650614">
        <ele>-1.607581</ele>
        <time>2026-06-20T10:59:47.379Z</time>
      </trkpt>
      <trkpt lat="52.968766" lon="5.650700">
        <ele>-1.691289</ele>
        <time>2026-06-20T10:59:48.873Z</time>
      </trkpt>
      <trkpt lat="52.968153" lon="5.650819">
        <ele>-2.290404</ele>
        <time>2026-06-20T11:00:00.698Z</time>
      </trkpt>
      <trkpt lat="52.968154" lon="5.650915">
        <ele>-2.341673</ele>
        <time>2026-06-20T11:00:01.844Z</time>
      </trkpt>
      <trkpt lat="52.968111" lon="5.650971">
        <ele>-2.390126</ele>
        <time>2026-06-20T11:00:02.923Z</time>
      </trkpt>
      <trkpt lat="52.967213" lon="5.651359">
        <ele>-2.502961</ele>
        <time>2026-06-20T11:00:23.393Z</time>
      </trkpt>
      <trkpt lat="52.966670" lon="5.651567">
        <ele>-2.606039</ele>
        <time>2026-06-20T11:00:35.289Z</time>
      </trkpt>
      <trkpt lat="52.966330" lon="5.651659">
        <ele>-2.688569</ele>
        <time>2026-06-20T11:00:42.714Z</time>
      </trkpt>
      <trkpt lat="52.965925" lon="5.651722">
        <ele>-2.694105</ele>
        <time>2026-06-20T11:00:51.549Z</time>
      </trkpt>
      <trkpt lat="52.965372" lon="5.651740">
        <ele>-2.594269</ele>
        <time>2026-06-20T11:01:04.284Z</time>
      </trkpt>
      <trkpt lat="52.965022" lon="5.651710">
        <ele>-2.492299</ele>
        <time>2026-06-20T11:01:12.466Z</time>
      </trkpt>
      <trkpt lat="52.964464" lon="5.651595">
        <ele>-2.197795</ele>
        <time>2026-06-20T11:01:26.074Z</time>
      </trkpt>
      <trkpt lat="52.964126" lon="5.651450">
        <ele>-2.015616</ele>
        <time>2026-06-20T11:01:34.584Z</time>
      </trkpt>
      <trkpt lat="52.964039" lon="5.651335">
        <ele>-1.970513</ele>
        <time>2026-06-20T11:01:37.374Z</time>
      </trkpt>
      <trkpt lat="52.964000" lon="5.651096">
        <ele>-1.895793</ele>
        <time>2026-06-20T11:01:41.122Z</time>
      </trkpt>
      <trkpt lat="52.963865" lon="5.651033">
        <ele>-1.788750</ele>
        <time>2026-06-20T11:01:44.548Z</time>
      </trkpt>
      <trkpt lat="52.963788" lon="5.651047">
        <ele>-1.746633</ele>
        <time>2026-06-20T11:01:46.386Z</time>
      </trkpt>
      <trkpt lat="52.963686" lon="5.651079">
        <ele>-1.721498</ele>
        <time>2026-06-20T11:01:48.830Z</time>
      </trkpt>
      <trkpt lat="52.963564" lon="5.651176">
        <ele>-1.711775</ele>
        <time>2026-06-20T11:01:51.886Z</time>
      </trkpt>
      <trkpt lat="52.963512" lon="5.651190">
        <ele>-1.724898</ele>
        <time>2026-06-20T11:01:53.037Z</time>
      </trkpt>
      <trkpt lat="52.961222" lon="5.651571">
        <ele>-2.282371</ele>
        <time>2026-06-20T11:02:42.124Z</time>
      </trkpt>
      <trkpt lat="52.958796" lon="5.651972">
        <ele>-2.097806</ele>
        <time>2026-06-20T11:03:37.031Z</time>
      </trkpt>
      <trkpt lat="52.957153" lon="5.652243">
        <ele>-1.904733</ele>
        <time>2026-06-20T11:04:14.758Z</time>
      </trkpt>
      <trkpt lat="52.956594" lon="5.652342">
        <ele>-1.921644</ele>
        <time>2026-06-20T11:04:27.108Z</time>
      </trkpt>
      <trkpt lat="52.955535" lon="5.652515">
        <ele>-2.193186</ele>
        <time>2026-06-20T11:04:49.679Z</time>
      </trkpt>
      <trkpt lat="52.954612" lon="5.652666">
        <ele>-2.293982</ele>
        <time>2026-06-20T11:05:09.829Z</time>
      </trkpt>
      <trkpt lat="52.953521" lon="5.652847">
        <ele>-2.291709</ele>
        <time>2026-06-20T11:05:34.240Z</time>
      </trkpt>
      <trkpt lat="52.951101" lon="5.653251">
        <ele>-1.805337</ele>
        <time>2026-06-20T11:06:30.223Z</time>
      </trkpt>
      <trkpt lat="52.949193" lon="5.653570">
        <ele>-1.702909</ele>
        <time>2026-06-20T11:07:13.377Z</time>
      </trkpt>
      <trkpt lat="52.948956" lon="5.653609">
        <ele>-1.713682</ele>
        <time>2026-06-20T11:07:18.592Z</time>
      </trkpt>
      <trkpt lat="52.947730" lon="5.653814">
        <ele>-1.992938</ele>
        <time>2026-06-20T11:07:45.027Z</time>
      </trkpt>
      <trkpt lat="52.947372" lon="5.653776">
        <ele>-2.000000</ele>
        <time>2026-06-20T11:07:52.948Z</time>
      </trkpt>
      <trkpt lat="52.947024" lon="5.653661">
        <ele>-1.988819</ele>
        <time>2026-06-20T11:08:01.061Z</time>
      </trkpt>
      <trkpt lat="52.946673" lon="5.653467">
        <ele>-1.891156</ele>
        <time>2026-06-20T11:08:09.705Z</time>
      </trkpt>
      <trkpt lat="52.946293" lon="5.653162">
        <ele>-1.709223</ele>
        <time>2026-06-20T11:08:19.656Z</time>
      </trkpt>
      <trkpt lat="52.946007" lon="5.652854">
        <ele>-1.589295</ele>
        <time>2026-06-20T11:08:27.763Z</time>
      </trkpt>
      <trkpt lat="52.945719" lon="5.652459">
        <ele>-1.419710</ele>
        <time>2026-06-20T11:08:36.661Z</time>
      </trkpt>
      <trkpt lat="52.945655" lon="5.652321">
        <ele>-1.381724</ele>
        <time>2026-06-20T11:08:39.170Z</time>
      </trkpt>
      <trkpt lat="52.945591" lon="5.651986">
        <ele>-1.319899</ele>
        <time>2026-06-20T11:08:44.183Z</time>
      </trkpt>
      <trkpt lat="52.945472" lon="5.651787">
        <ele>-1.286079</ele>
        <time>2026-06-20T11:08:48.158Z</time>
      </trkpt>
      <trkpt lat="52.945309" lon="5.651542">
        <ele>-1.191207</ele>
        <time>2026-06-20T11:08:53.346Z</time>
      </trkpt>
      <trkpt lat="52.945181" lon="5.651508">
        <ele>-1.137762</ele>
        <time>2026-06-20T11:08:56.405Z</time>
      </trkpt>
      <trkpt lat="52.945071" lon="5.651398">
        <ele>-1.094585</ele>
        <time>2026-06-20T11:08:59.394Z</time>
      </trkpt>
      <trkpt lat="52.944524" lon="5.650519">
        <ele>-1.007353</ele>
        <time>2026-06-20T11:09:16.611Z</time>
      </trkpt>
      <trkpt lat="52.944462" lon="5.650404">
        <ele>-1.000805</ele>
        <time>2026-06-20T11:09:18.694Z</time>
      </trkpt>
      <trkpt lat="52.944431" lon="5.650275">
        <ele>-1.002111</ele>
        <time>2026-06-20T11:09:20.557Z</time>
      </trkpt>
      <trkpt lat="52.944359" lon="5.650273">
        <ele>-1.004186</ele>
        <time>2026-06-20T11:09:22.147Z</time>
      </trkpt>
      <trkpt lat="52.944304" lon="5.650226">
        <ele>-1.005970</ele>
        <time>2026-06-20T11:09:23.505Z</time>
      </trkpt>
      <trkpt lat="52.943885" lon="5.649547">
        <ele>-1.090417</ele>
        <time>2026-06-20T11:09:36.319Z</time>
      </trkpt>
      <trkpt lat="52.943381" lon="5.648721">
        <ele>-1.088999</ele>
        <time>2026-06-20T11:09:51.839Z</time>
      </trkpt>
      <trkpt lat="52.942713" lon="5.647623">
        <ele>-0.887220</ele>
        <time>2026-06-20T11:10:13.722Z</time>
      </trkpt>
      <trkpt lat="52.942461" lon="5.647161">
        <ele>-0.698352</ele>
        <time>2026-06-20T11:10:22.873Z</time>
      </trkpt>
      <trkpt lat="52.942473" lon="5.646864">
        <ele>-0.600196</ele>
        <time>2026-06-20T11:10:27.284Z</time>
      </trkpt>
      <trkpt lat="52.942536" lon="5.646649">
        <ele>-0.521222</ele>
        <time>2026-06-20T11:10:30.797Z</time>
      </trkpt>
      <trkpt lat="52.942595" lon="5.646436">
        <ele>-0.476752</ele>
        <time>2026-06-20T11:10:34.205Z</time>
      </trkpt>
      <trkpt lat="52.942665" lon="5.645232">
        <ele>-0.105812</ele>
        <time>2026-06-20T11:10:51.802Z</time>
      </trkpt>
      <trkpt lat="52.942687" lon="5.644421">
        <ele>0.088081</ele>
        <time>2026-06-20T11:11:03.444Z</time>
      </trkpt>
      <trkpt lat="52.942673" lon="5.643295">
        <ele>0.083897</ele>
        <time>2026-06-20T11:11:18.444Z</time>
      </trkpt>
      <trkpt lat="52.942683" lon="5.642016">
        <ele>-0.308631</ele>
        <time>2026-06-20T11:11:34.310Z</time>
      </trkpt>
      <trkpt lat="52.942805" lon="5.639853">
        <ele>-1.064021</ele>
        <time>2026-06-20T11:12:00.842Z</time>
      </trkpt>
      <trkpt lat="52.942856" lon="5.638970">
        <ele>-1.086920</ele>
        <time>2026-06-20T11:12:12.695Z</time>
      </trkpt>
      <trkpt lat="52.942896" lon="5.638308">
        <ele>-0.997685</ele>
        <time>2026-06-20T11:12:21.864Z</time>
      </trkpt>
      <trkpt lat="52.943009" lon="5.636511">
        <ele>-0.700978</ele>
        <time>2026-06-20T11:12:47.560Z</time>
      </trkpt>
      <trkpt lat="52.943118" lon="5.634607">
        <ele>-0.386187</ele>
        <time>2026-06-20T11:13:14.490Z</time>
      </trkpt>
      <trkpt lat="52.943164" lon="5.633963">
        <ele>-0.220598</ele>
        <time>2026-06-20T11:13:23.615Z</time>
      </trkpt>
      <trkpt lat="52.943101" lon="5.633847">
        <ele>-0.210484</ele>
        <time>2026-06-20T11:13:25.828Z</time>
      </trkpt>
      <trkpt lat="52.943110" lon="5.633698">
        <ele>-0.200786</ele>
        <time>2026-06-20T11:13:27.879Z</time>
      </trkpt>
      <trkpt lat="52.943123" lon="5.633511">
        <ele>-0.217781</ele>
        <time>2026-06-20T11:13:30.375Z</time>
      </trkpt>
      <trkpt lat="52.943176" lon="5.632758">
        <ele>-0.294976</ele>
        <time>2026-06-20T11:13:40.294Z</time>
      </trkpt>
      <trkpt lat="52.943106" lon="5.632746">
        <ele>-0.307264</ele>
        <time>2026-06-20T11:13:41.933Z</time>
      </trkpt>
      <trkpt lat="52.942745" lon="5.632685">
        <ele>-0.384717</ele>
        <time>2026-06-20T11:13:49.985Z</time>
      </trkpt>
      <trkpt lat="52.942719" lon="5.632680">
        <ele>-0.387848</ele>
        <time>2026-06-20T11:13:50.549Z</time>
      </trkpt>
      <trkpt lat="52.942603" lon="5.632661">
        <ele>-0.400000</ele>
        <time>2026-06-20T11:13:53.168Z</time>
      </trkpt>
      <trkpt lat="52.942570" lon="5.632655">
        <ele>-0.400000</ele>
        <time>2026-06-20T11:13:53.932Z</time>
      </trkpt>
      <trkpt lat="52.942491" lon="5.632506">
        <ele>-0.400000</ele>
        <time>2026-06-20T11:13:56.628Z</time>
      </trkpt>
      <trkpt lat="52.942430" lon="5.632558">
        <ele>-0.401498</ele>
        <time>2026-06-20T11:13:58.189Z</time>
      </trkpt>
      <trkpt lat="52.942225" lon="5.632517">
        <ele>-0.428377</ele>
        <time>2026-06-20T11:14:02.971Z</time>
      </trkpt>
      <trkpt lat="52.942239" lon="5.632407">
        <ele>-0.421573</ele>
        <time>2026-06-20T11:14:04.891Z</time>
      </trkpt>
      <trkpt lat="52.942225" lon="5.632517">
        <ele>-0.413014</ele>
        <time>2026-06-20T11:14:06.968Z</time>
      </trkpt>
      <trkpt lat="52.942430" lon="5.632558">
        <ele>-0.400441</ele>
        <time>2026-06-20T11:14:11.789Z</time>
      </trkpt>
      <trkpt lat="52.942491" lon="5.632506">
        <ele>-0.400177</ele>
        <time>2026-06-20T11:14:13.387Z</time>
      </trkpt>
      <trkpt lat="52.942570" lon="5.632655">
        <ele>-0.398457</ele>
        <time>2026-06-20T11:14:16.233Z</time>
      </trkpt>
      <trkpt lat="52.942603" lon="5.632661">
        <ele>-0.397762</ele>
        <time>2026-06-20T11:14:17.030Z</time>
      </trkpt>
      <trkpt lat="52.942719" lon="5.632680">
        <ele>-0.395321</ele>
        <time>2026-06-20T11:14:19.795Z</time>
      </trkpt>
      <trkpt lat="52.942745" lon="5.632685">
        <ele>-0.389737</ele>
        <time>2026-06-20T11:14:20.425Z</time>
      </trkpt>
      <trkpt lat="52.943106" lon="5.632746">
        <ele>-0.309687</ele>
        <time>2026-06-20T11:14:29.246Z</time>
      </trkpt>
      <trkpt lat="52.943176" lon="5.632758">
        <ele>-0.294663</ele>
        <time>2026-06-20T11:14:30.885Z</time>
      </trkpt>
      <trkpt lat="52.943123" lon="5.633511">
        <ele>-0.207463</ele>
        <time>2026-06-20T11:14:41.305Z</time>
      </trkpt>
      <trkpt lat="52.943110" lon="5.633698">
        <ele>-0.203772</ele>
        <time>2026-06-20T11:14:43.848Z</time>
      </trkpt>
      <trkpt lat="52.943101" lon="5.633847">
        <ele>-0.200835</ele>
        <time>2026-06-20T11:14:45.822Z</time>
      </trkpt>
      <trkpt lat="52.943164" lon="5.633963">
        <ele>-0.227857</ele>
        <time>2026-06-20T11:14:47.805Z</time>
      </trkpt>
      <trkpt lat="52.943118" lon="5.634607">
        <ele>-0.389090</ele>
        <time>2026-06-20T11:14:56.087Z</time>
      </trkpt>
      <trkpt lat="52.943009" lon="5.636511">
        <ele>-0.700921</ele>
        <time>2026-06-20T11:15:20.540Z</time>
      </trkpt>
      <trkpt lat="52.942896" lon="5.638308">
        <ele>-0.999047</ele>
        <time>2026-06-20T11:15:43.450Z</time>
      </trkpt>
      <trkpt lat="52.942856" lon="5.638970">
        <ele>-1.090591</ele>
        <time>2026-06-20T11:15:52.117Z</time>
      </trkpt>
      <trkpt lat="52.942805" lon="5.639853">
        <ele>-1.062261</ele>
        <time>2026-06-20T11:16:04.037Z</time>
      </trkpt>
      <trkpt lat="52.942683" lon="5.642016">
        <ele>-0.303436</ele>
        <time>2026-06-20T11:16:36.285Z</time>
      </trkpt>
      <trkpt lat="52.942673" lon="5.643295">
        <ele>0.070846</ele>
        <time>2026-06-20T11:16:54.941Z</time>
      </trkpt>
      <trkpt lat="52.942687" lon="5.644421">
        <ele>0.077087</ele>
        <time>2026-06-20T11:17:10.123Z</time>
      </trkpt>
      <trkpt lat="52.942665" lon="5.645232">
        <ele>-0.113848</ele>
        <time>2026-06-20T11:17:20.325Z</time>
      </trkpt>
      <trkpt lat="52.942595" lon="5.646436">
        <ele>-0.600710</ele>
        <time>2026-06-20T11:17:34.936Z</time>
      </trkpt>
      <trkpt lat="52.942536" lon="5.646649">
        <ele>-0.701618</ele>
        <time>2026-06-20T11:17:37.753Z</time>
      </trkpt>
      <trkpt lat="52.942473" lon="5.646864">
        <ele>-0.812669</ele>
        <time>2026-06-20T11:17:40.623Z</time>
      </trkpt>
      <trkpt lat="52.942461" lon="5.647161">
        <ele>-0.968959</ele>
        <time>2026-06-20T11:17:44.183Z</time>
      </trkpt>
      <trkpt lat="52.942408" lon="5.647252">
        <ele>-1.018317</ele>
        <time>2026-06-20T11:17:45.723Z</time>
      </trkpt>
      <trkpt lat="52.942363" lon="5.647326">
        <ele>-1.059319</ele>
        <time>2026-06-20T11:17:46.978Z</time>
      </trkpt>
      <trkpt lat="52.942320" lon="5.647386">
        <ele>-1.095679</ele>
        <time>2026-06-20T11:17:48.100Z</time>
      </trkpt>
      <trkpt lat="52.942226" lon="5.647457">
        <ele>-1.156141</ele>
        <time>2026-06-20T11:17:50.205Z</time>
      </trkpt>
      <trkpt lat="52.942147" lon="5.647453">
        <ele>-1.200818</ele>
        <time>2026-06-20T11:17:51.813Z</time>
      </trkpt>
      <trkpt lat="52.942088" lon="5.647743">
        <ele>-1.280400</ele>
        <time>2026-06-20T11:17:55.588Z</time>
      </trkpt>
      <trkpt lat="52.942101" lon="5.647916">
        <ele>-1.317537</ele>
        <time>2026-06-20T11:17:57.750Z</time>
      </trkpt>
      <trkpt lat="52.942171" lon="5.648153">
        <ele>-1.404652</ele>
        <time>2026-06-20T11:18:01.033Z</time>
      </trkpt>
      <trkpt lat="52.942355" lon="5.648593">
        <ele>-1.576158</ele>
        <time>2026-06-20T11:18:07.717Z</time>
      </trkpt>
      <trkpt lat="52.942427" lon="5.648955">
        <ele>-1.603772</ele>
        <time>2026-06-20T11:18:12.564Z</time>
      </trkpt>
      <trkpt lat="52.942312" lon="5.650975">
        <ele>-1.686479</ele>
        <time>2026-06-20T11:18:39.383Z</time>
      </trkpt>
      <trkpt lat="52.942180" lon="5.652984">
        <ele>-1.504687</ele>
        <time>2026-06-20T11:19:07.384Z</time>
      </trkpt>
      <trkpt lat="52.942167" lon="5.653491">
        <ele>-1.483889</ele>
        <time>2026-06-20T11:19:14.300Z</time>
      </trkpt>
      <trkpt lat="52.942179" lon="5.654041">
        <ele>-1.412386</ele>
        <time>2026-06-20T11:19:21.739Z</time>
      </trkpt>
      <trkpt lat="52.942279" lon="5.654296">
        <ele>-1.438099</ele>
        <time>2026-06-20T11:19:25.818Z</time>
      </trkpt>
      <trkpt lat="52.942303" lon="5.654504">
        <ele>-1.465848</ele>
        <time>2026-06-20T11:19:28.642Z</time>
      </trkpt>
      <trkpt lat="52.942267" lon="5.654507">
        <ele>-1.472902</ele>
        <time>2026-06-20T11:19:29.436Z</time>
      </trkpt>
      <trkpt lat="52.942129" lon="5.654522">
        <ele>-1.499967</ele>
        <time>2026-06-20T11:19:32.473Z</time>
      </trkpt>
      <trkpt lat="52.941878" lon="5.654593">
        <ele>-1.515515</ele>
        <time>2026-06-20T11:19:37.944Z</time>
      </trkpt>
      <trkpt lat="52.941653" lon="5.654797">
        <ele>-1.613304</ele>
        <time>2026-06-20T11:19:43.342Z</time>
      </trkpt>
      <trkpt lat="52.941534" lon="5.654853">
        <ele>-1.683506</ele>
        <time>2026-06-20T11:19:45.924Z</time>
      </trkpt>
      <trkpt lat="52.940550" lon="5.655055">
        <ele>-1.983878</ele>
        <time>2026-06-20T11:20:06.798Z</time>
      </trkpt>
      <trkpt lat="52.940027" lon="5.655233">
        <ele>-1.990973</ele>
        <time>2026-06-20T11:20:18.576Z</time>
      </trkpt>
      <trkpt lat="52.939443" lon="5.655481">
        <ele>-1.904045</ele>
        <time>2026-06-20T11:20:32.236Z</time>
      </trkpt>
      <trkpt lat="52.938521" lon="5.655962">
        <ele>-1.816408</ele>
        <time>2026-06-20T11:20:54.120Z</time>
      </trkpt>
      <trkpt lat="52.938042" lon="5.656268">
        <ele>-1.892435</ele>
        <time>2026-06-20T11:21:05.427Z</time>
      </trkpt>
      <trkpt lat="52.937552" lon="5.656639">
        <ele>-1.900000</ele>
        <time>2026-06-20T11:21:17.345Z</time>
      </trkpt>
      <trkpt lat="52.937073" lon="5.657072">
        <ele>-1.890108</ele>
        <time>2026-06-20T11:21:29.525Z</time>
      </trkpt>
      <trkpt lat="52.936649" lon="5.657553">
        <ele>-1.801744</ele>
        <time>2026-06-20T11:21:41.128Z</time>
      </trkpt>
      <trkpt lat="52.936083" lon="5.658321">
        <ele>-1.705214</ele>
        <time>2026-06-20T11:21:57.804Z</time>
      </trkpt>
      <trkpt lat="52.934566" lon="5.660793">
        <ele>-1.594954</ele>
        <time>2026-06-20T11:22:45.404Z</time>
      </trkpt>
      <trkpt lat="52.932143" lon="5.664823">
        <ele>-1.112511</ele>
        <time>2026-06-20T11:24:03.739Z</time>
      </trkpt>
      <trkpt lat="52.929464" lon="5.669279">
        <ele>-1.980869</ele>
        <time>2026-06-20T11:25:24.905Z</time>
      </trkpt>
      <trkpt lat="52.927118" lon="5.673180">
        <ele>-1.298521</ele>
        <time>2026-06-20T11:26:41.481Z</time>
      </trkpt>
      <trkpt lat="52.925930" lon="5.675157">
        <ele>-0.908015</ele>
        <time>2026-06-20T11:27:20.655Z</time>
      </trkpt>
      <trkpt lat="52.925770" lon="5.675423">
        <ele>-0.894629</ele>
        <time>2026-06-20T11:27:25.828Z</time>
      </trkpt>
      <trkpt lat="52.924265" lon="5.677925">
        <ele>-0.622687</ele>
        <time>2026-06-20T11:28:14.312Z</time>
      </trkpt>
      <trkpt lat="52.923209" lon="5.679682">
        <ele>-1.001865</ele>
        <time>2026-06-20T11:28:45.954Z</time>
      </trkpt>
      <trkpt lat="52.922271" lon="5.681240">
        <ele>-1.377883</ele>
        <time>2026-06-20T11:29:14.207Z</time>
      </trkpt>
      <trkpt lat="52.921324" lon="5.682811">
        <ele>-1.103369</ele>
        <time>2026-06-20T11:29:44.944Z</time>
      </trkpt>
      <trkpt lat="52.920259" lon="5.684580">
        <ele>-0.891240</ele>
        <time>2026-06-20T11:30:19.540Z</time>
      </trkpt>
      <trkpt lat="52.919391" lon="5.686022">
        <ele>-0.522907</ele>
        <time>2026-06-20T11:30:48.326Z</time>
      </trkpt>
      <trkpt lat="52.918106" lon="5.688161">
        <ele>-0.589153</ele>
        <time>2026-06-20T11:31:28.257Z</time>
      </trkpt>
      <trkpt lat="52.914714" lon="5.693806">
        <ele>-0.199063</ele>
        <time>2026-06-20T11:33:16.815Z</time>
      </trkpt>
      <trkpt lat="52.912643" lon="5.697257">
        <ele>0.122456</ele>
        <time>2026-06-20T11:34:23.389Z</time>
      </trkpt>
      <trkpt lat="52.912375" lon="5.697598">
        <ele>0.303020</ele>
        <time>2026-06-20T11:34:31.688Z</time>
      </trkpt>
      <trkpt lat="52.912097" lon="5.697810">
        <ele>0.511730</ele>
        <time>2026-06-20T11:34:39.346Z</time>
      </trkpt>
      <trkpt lat="52.911768" lon="5.697973">
        <ele>0.770138</ele>
        <time>2026-06-20T11:34:48.008Z</time>
      </trkpt>
      <trkpt lat="52.910942" lon="5.698229">
        <ele>0.991379</ele>
        <time>2026-06-20T11:35:07.792Z</time>
      </trkpt>
      <trkpt lat="52.910692" lon="5.698234">
        <ele>1.000000</ele>
        <time>2026-06-20T11:35:13.376Z</time>
      </trkpt>
      <trkpt lat="52.910646" lon="5.698277">
        <ele>1.000000</ele>
        <time>2026-06-20T11:35:14.534Z</time>
      </trkpt>
      <trkpt lat="52.910599" lon="5.698399">
        <ele>1.000000</ele>
        <time>2026-06-20T11:35:16.449Z</time>
      </trkpt>
      <trkpt lat="52.910490" lon="5.698573">
        <ele>0.994596</ele>
        <time>2026-06-20T11:35:19.719Z</time>
      </trkpt>
      <trkpt lat="52.910418" lon="5.698350">
        <ele>0.982794</ele>
        <time>2026-06-20T11:35:23.003Z</time>
      </trkpt>
      <trkpt lat="52.910308" lon="5.698138">
        <ele>0.910487</ele>
        <time>2026-06-20T11:35:26.605Z</time>
      </trkpt>
      <trkpt lat="52.908967" lon="5.696316">
        <ele>0.383139</ele>
        <time>2026-06-20T11:36:03.164Z</time>
      </trkpt>
      <trkpt lat="52.908845" lon="5.696116">
        <ele>0.294436</ele>
        <time>2026-06-20T11:36:06.646Z</time>
      </trkpt>
      <trkpt lat="52.908208" lon="5.694495">
        <ele>-0.468276</ele>
        <time>2026-06-20T11:36:30.126Z</time>
      </trkpt>
      <trkpt lat="52.907711" lon="5.693062">
        <ele>-0.785623</ele>
        <time>2026-06-20T11:36:51.174Z</time>
      </trkpt>
      <trkpt lat="52.906717" lon="5.689941">
        <ele>-0.695062</ele>
        <time>2026-06-20T11:37:38.828Z</time>
      </trkpt>
      <trkpt lat="52.905363" lon="5.686316">
        <ele>-0.366349</ele>
        <time>2026-06-20T11:38:37.464Z</time>
      </trkpt>
      <trkpt lat="52.904833" lon="5.684495">
        <ele>0.571341</ele>
        <time>2026-06-20T11:39:08.532Z</time>
      </trkpt>
      <trkpt lat="52.904292" lon="5.682505">
        <ele>0.901323</ele>
        <time>2026-06-20T11:39:38.827Z</time>
      </trkpt>
      <trkpt lat="52.904145" lon="5.681946">
        <ele>1.022770</ele>
        <time>2026-06-20T11:39:47.582Z</time>
      </trkpt>
      <trkpt lat="52.904055" lon="5.681501">
        <ele>1.211259</ele>
        <time>2026-06-20T11:39:54.640Z</time>
      </trkpt>
      <trkpt lat="52.904014" lon="5.681185">
        <ele>1.370819</ele>
        <time>2026-06-20T11:39:59.515Z</time>
      </trkpt>
      <trkpt lat="52.904024" lon="5.681036">
        <ele>1.439134</ele>
        <time>2026-06-20T11:40:01.809Z</time>
      </trkpt>
      <trkpt lat="52.904071" lon="5.680999">
        <ele>1.474302</ele>
        <time>2026-06-20T11:40:03.166Z</time>
      </trkpt>
      <trkpt lat="52.904053" lon="5.680650">
        <ele>1.618131</ele>
        <time>2026-06-20T11:40:08.555Z</time>
      </trkpt>
      <trkpt lat="52.904035" lon="5.680040">
        <ele>1.899066</ele>
        <time>2026-06-20T11:40:17.959Z</time>
      </trkpt>
      <trkpt lat="52.904020" lon="5.679404">
        <ele>2.205411</ele>
        <time>2026-06-20T11:40:27.616Z</time>
      </trkpt>
      <trkpt lat="52.903984" lon="5.679036">
        <ele>2.355583</ele>
        <time>2026-06-20T11:40:33.199Z</time>
      </trkpt>
      <trkpt lat="52.903978" lon="5.678846">
        <ele>2.396712</ele>
        <time>2026-06-20T11:40:36.737Z</time>
      </trkpt>
      <trkpt lat="52.903956" lon="5.678501">
        <ele>2.400000</ele>
        <time>2026-06-20T11:40:42.979Z</time>
      </trkpt>
      <trkpt lat="52.903910" lon="5.678267">
        <ele>2.400000</ele>
        <time>2026-06-20T11:40:47.345Z</time>
      </trkpt>
      <trkpt lat="52.903839" lon="5.678074">
        <ele>2.393955</ele>
        <time>2026-06-20T11:40:51.215Z</time>
      </trkpt>
      <trkpt lat="52.903710" lon="5.677902">
        <ele>2.367060</ele>
        <time>2026-06-20T11:40:55.881Z</time>
      </trkpt>
      <trkpt lat="52.903645" lon="5.677788">
        <ele>2.315341</ele>
        <time>2026-06-20T11:40:58.503Z</time>
      </trkpt>
      <trkpt lat="52.903555" lon="5.677392">
        <ele>2.178548</ele>
        <time>2026-06-20T11:41:03.721Z</time>
      </trkpt>
      <trkpt lat="52.903355" lon="5.676886">
        <ele>1.917196</ele>
        <time>2026-06-20T11:41:11.018Z</time>
      </trkpt>
      <trkpt lat="52.903311" lon="5.676944">
        <ele>1.882005</ele>
        <time>2026-06-20T11:41:12.132Z</time>
      </trkpt>
      <trkpt lat="52.902912" lon="5.675909">
        <ele>1.294917</ele>
        <time>2026-06-20T11:41:26.897Z</time>
      </trkpt>
      <trkpt lat="52.902394" lon="5.674372">
        <ele>0.308065</ele>
        <time>2026-06-20T11:41:47.390Z</time>
      </trkpt>
      <trkpt lat="52.902274" lon="5.674005">
        <ele>0.134452</ele>
        <time>2026-06-20T11:41:52.419Z</time>
      </trkpt>
      <trkpt lat="52.900825" lon="5.669551">
        <ele>-0.208480</ele>
        <time>2026-06-20T11:42:59.185Z</time>
      </trkpt>
      <trkpt lat="52.900197" lon="5.667608">
        <ele>-0.487572</ele>
        <time>2026-06-20T11:43:27.584Z</time>
      </trkpt>
      <trkpt lat="52.899051" lon="5.664048">
        <ele>-0.492070</ele>
        <time>2026-06-20T11:44:21.582Z</time>
      </trkpt>
      <trkpt lat="52.898870" lon="5.663475">
        <ele>-0.386152</ele>
        <time>2026-06-20T11:44:30.927Z</time>
      </trkpt>
      <trkpt lat="52.898703" lon="5.662947">
        <ele>-0.210743</ele>
        <time>2026-06-20T11:44:39.555Z</time>
      </trkpt>
      <trkpt lat="52.898279" lon="5.661519">
        <ele>0.173625</ele>
        <time>2026-06-20T11:45:02.663Z</time>
      </trkpt>
      <trkpt lat="52.897863" lon="5.659528">
        <ele>0.074727</ele>
        <time>2026-06-20T11:45:30.588Z</time>
      </trkpt>
      <trkpt lat="52.897728" lon="5.659007">
        <ele>-0.092250</ele>
        <time>2026-06-20T11:45:37.464Z</time>
      </trkpt>
      <trkpt lat="52.897221" lon="5.657601">
        <ele>-0.458698</ele>
        <time>2026-06-20T11:45:57.970Z</time>
      </trkpt>
      <trkpt lat="52.896622" lon="5.656090">
        <ele>-0.099282</ele>
        <time>2026-06-20T11:46:23.719Z</time>
      </trkpt>
      <trkpt lat="52.896375" lon="5.655341">
        <ele>0.060413</ele>
        <time>2026-06-20T11:46:35.988Z</time>
      </trkpt>
      <trkpt lat="52.896253" lon="5.654929">
        <ele>0.002850</ele>
        <time>2026-06-20T11:46:42.093Z</time>
      </trkpt>
      <trkpt lat="52.895834" lon="5.653480">
        <ele>-0.323192</ele>
        <time>2026-06-20T11:47:02.400Z</time>
      </trkpt>
      <trkpt lat="52.895561" lon="5.652520">
        <ele>-0.871211</ele>
        <time>2026-06-20T11:47:14.779Z</time>
      </trkpt>
      <trkpt lat="52.895052" lon="5.650743">
        <ele>-1.277940</ele>
        <time>2026-06-20T11:47:39.813Z</time>
      </trkpt>
      <trkpt lat="52.894925" lon="5.650397">
        <ele>-1.210239</ele>
        <time>2026-06-20T11:47:45.644Z</time>
      </trkpt>
      <trkpt lat="52.894878" lon="5.650181">
        <ele>-1.171556</ele>
        <time>2026-06-20T11:47:48.968Z</time>
      </trkpt>
      <trkpt lat="52.894881" lon="5.649935">
        <ele>-1.094983</ele>
        <time>2026-06-20T11:47:52.596Z</time>
      </trkpt>
      <trkpt lat="52.894913" lon="5.649480">
        <ele>-0.871075</ele>
        <time>2026-06-20T11:47:59.559Z</time>
      </trkpt>
      <trkpt lat="52.895001" lon="5.648973">
        <ele>-0.513440</ele>
        <time>2026-06-20T11:48:08.097Z</time>
      </trkpt>
      <trkpt lat="52.895013" lon="5.648923">
        <ele>-0.470935</ele>
        <time>2026-06-20T11:48:08.982Z</time>
      </trkpt>
      <trkpt lat="52.895133" lon="5.648518">
        <ele>-0.110387</ele>
        <time>2026-06-20T11:48:16.595Z</time>
      </trkpt>
      <trkpt lat="52.895138" lon="5.648503">
        <ele>-0.096352</ele>
        <time>2026-06-20T11:48:16.881Z</time>
      </trkpt>
      <trkpt lat="52.895156" lon="5.648448">
        <ele>-0.045110</ele>
        <time>2026-06-20T11:48:17.923Z</time>
      </trkpt>
      <trkpt lat="52.895170" lon="5.648404">
        <ele>-0.004372</ele>
        <time>2026-06-20T11:48:18.750Z</time>
      </trkpt>
      <trkpt lat="52.895208" lon="5.648284">
        <ele>0.104384</ele>
        <time>2026-06-20T11:48:21.016Z</time>
      </trkpt>
      <trkpt lat="52.895245" lon="5.648158">
        <ele>0.210160</ele>
        <time>2026-06-20T11:48:23.297Z</time>
      </trkpt>
      <trkpt lat="52.895301" lon="5.647971">
        <ele>0.362962</ele>
        <time>2026-06-20T11:48:26.689Z</time>
      </trkpt>
      <trkpt lat="52.895405" lon="5.647572">
        <ele>0.494106</ele>
        <time>2026-06-20T11:48:33.136Z</time>
      </trkpt>
      <trkpt lat="52.895449" lon="5.647401">
        <ele>0.531965</ele>
        <time>2026-06-20T11:48:35.727Z</time>
      </trkpt>
      <trkpt lat="52.895498" lon="5.647210">
        <ele>0.581401</ele>
        <time>2026-06-20T11:48:38.632Z</time>
      </trkpt>
      <trkpt lat="52.895609" lon="5.646779">
        <ele>0.680123</ele>
        <time>2026-06-20T11:48:45.237Z</time>
      </trkpt>
      <trkpt lat="52.895630" lon="5.646692">
        <ele>0.690302</ele>
        <time>2026-06-20T11:48:46.949Z</time>
      </trkpt>
      <trkpt lat="52.895651" lon="5.646608">
        <ele>0.700167</ele>
        <time>2026-06-20T11:48:48.665Z</time>
      </trkpt>
      <trkpt lat="52.895670" lon="5.646634">
        <ele>0.704320</ele>
        <time>2026-06-20T11:48:49.416Z</time>
      </trkpt>
      <trkpt lat="52.895813" lon="5.646818">
        <ele>0.734839</ele>
        <time>2026-06-20T11:48:54.893Z</time>
      </trkpt>
      <trkpt lat="52.895870" lon="5.646701">
        <ele>0.762966</ele>
        <time>2026-06-20T11:48:57.058Z</time>
      </trkpt>
      <trkpt lat="52.895944" lon="5.646793">
        <ele>0.794919</ele>
        <time>2026-06-20T11:48:59.818Z</time>
      </trkpt>
      <trkpt lat="52.895870" lon="5.646701">
        <ele>0.827843</ele>
        <time>2026-06-20T11:49:02.702Z</time>
      </trkpt>
      <trkpt lat="52.895813" lon="5.646818">
        <ele>0.861876</ele>
        <time>2026-06-20T11:49:04.786Z</time>
      </trkpt>
      <trkpt lat="52.895670" lon="5.646634">
        <ele>0.930830</ele>
        <time>2026-06-20T11:49:10.377Z</time>
      </trkpt>
      <trkpt lat="52.895651" lon="5.646608">
        <ele>0.940396</ele>
        <time>2026-06-20T11:49:11.144Z</time>
      </trkpt>
      <trkpt lat="52.895592" lon="5.646537">
        <ele>0.968704</ele>
        <time>2026-06-20T11:49:13.341Z</time>
      </trkpt>
      <trkpt lat="52.895504" lon="5.646447">
        <ele>1.012093</ele>
        <time>2026-06-20T11:49:16.595Z</time>
      </trkpt>
      <trkpt lat="52.895443" lon="5.646450">
        <ele>1.039335</ele>
        <time>2026-06-20T11:49:18.434Z</time>
      </trkpt>
      <trkpt lat="52.895336" lon="5.646499">
        <ele>1.089354</ele>
        <time>2026-06-20T11:49:21.928Z</time>
      </trkpt>
      <trkpt lat="52.895155" lon="5.646581">
        <ele>1.202547</ele>
        <time>2026-06-20T11:49:27.805Z</time>
      </trkpt>
      <trkpt lat="52.895109" lon="5.646332">
        <ele>1.295785</ele>
        <time>2026-06-20T11:49:32.770Z</time>
      </trkpt>
      <trkpt lat="52.894947" lon="5.645468">
        <ele>1.583363</ele>
        <time>2026-06-20T11:49:49.880Z</time>
      </trkpt>
      <trkpt lat="52.894933" lon="5.645401">
        <ele>1.600768</ele>
        <time>2026-06-20T11:49:51.205Z</time>
      </trkpt>
      <trkpt lat="52.894911" lon="5.645291">
        <ele>1.628484</ele>
        <time>2026-06-20T11:49:53.361Z</time>
      </trkpt>
      <trkpt lat="52.894892" lon="5.645227">
        <ele>1.645543</ele>
        <time>2026-06-20T11:49:54.710Z</time>
      </trkpt>
      <trkpt lat="52.894869" lon="5.645121">
        <ele>1.672484</ele>
        <time>2026-06-20T11:49:56.830Z</time>
      </trkpt>
      <trkpt lat="52.894677" lon="5.644446">
        <ele>1.784392</ele>
        <time>2026-06-20T11:50:10.546Z</time>
      </trkpt>
      <trkpt lat="52.894385" lon="5.643409">
        <ele>1.565870</ele>
        <time>2026-06-20T11:50:29.937Z</time>
      </trkpt>
      <trkpt lat="52.894360" lon="5.643318">
        <ele>1.514617</ele>
        <time>2026-06-20T11:50:31.578Z</time>
      </trkpt>
      <trkpt lat="52.894148" lon="5.642580">
        <ele>1.108096</ele>
        <time>2026-06-20T11:50:44.727Z</time>
      </trkpt>
      <trkpt lat="52.894071" lon="5.642334">
        <ele>0.971980</ele>
        <time>2026-06-20T11:50:49.103Z</time>
      </trkpt>
      <trkpt lat="52.894046" lon="5.642244">
        <ele>0.914407</ele>
        <time>2026-06-20T11:50:50.676Z</time>
      </trkpt>
      <trkpt lat="52.894038" lon="5.642219">
        <ele>0.897963</ele>
        <time>2026-06-20T11:50:51.008Z</time>
      </trkpt>
      <trkpt lat="52.894016" lon="5.642199">
        <ele>0.873796</ele>
        <time>2026-06-20T11:50:51.505Z</time>
      </trkpt>
      <trkpt lat="52.893874" lon="5.641732">
        <ele>0.503278</ele>
        <time>2026-06-20T11:50:57.763Z</time>
      </trkpt>
      <trkpt lat="52.893647" lon="5.641138">
        <ele>0.003122</ele>
        <time>2026-06-20T11:51:06.088Z</time>
      </trkpt>
      <trkpt lat="52.893167" lon="5.639632">
        <ele>-1.030159</ele>
        <time>2026-06-20T11:51:26.793Z</time>
      </trkpt>
      <trkpt lat="52.891513" lon="5.634019">
        <ele>-0.382805</ele>
        <time>2026-06-20T11:52:53.221Z</time>
      </trkpt>
      <trkpt lat="52.891426" lon="5.633723">
        <ele>-0.288301</ele>
        <time>2026-06-20T11:52:58.209Z</time>
      </trkpt>
      <trkpt lat="52.891370" lon="5.633526">
        <ele>-0.196205</ele>
        <time>2026-06-20T11:53:01.475Z</time>
      </trkpt>
      <trkpt lat="52.891214" lon="5.632942">
        <ele>0.064402</ele>
        <time>2026-06-20T11:53:11.039Z</time>
      </trkpt>
      <trkpt lat="52.889699" lon="5.627814">
        <ele>0.619885</ele>
        <time>2026-06-20T11:54:29.906Z</time>
      </trkpt>
      <trkpt lat="52.889564" lon="5.627327">
        <ele>0.780182</ele>
        <time>2026-06-20T11:54:37.630Z</time>
      </trkpt>
      <trkpt lat="52.889601" lon="5.627204">
        <ele>0.809292</ele>
        <time>2026-06-20T11:54:39.639Z</time>
      </trkpt>
      <trkpt lat="52.889502" lon="5.626877">
        <ele>0.897140</ele>
        <time>2026-06-20T11:54:46.538Z</time>
      </trkpt>
      <trkpt lat="52.889273" lon="5.626125">
        <ele>1.095068</ele>
        <time>2026-06-20T11:55:02.230Z</time>
      </trkpt>
      <trkpt lat="52.889073" lon="5.625593">
        <ele>1.202597</ele>
        <time>2026-06-20T11:55:13.768Z</time>
      </trkpt>
      <trkpt lat="52.888914" lon="5.625130">
        <ele>1.305692</ele>
        <time>2026-06-20T11:55:23.618Z</time>
      </trkpt>
      <trkpt lat="52.888839" lon="5.624828">
        <ele>1.380851</ele>
        <time>2026-06-20T11:55:29.566Z</time>
      </trkpt>
      <trkpt lat="52.888824" lon="5.624636">
        <ele>1.395304</ele>
        <time>2026-06-20T11:55:33.037Z</time>
      </trkpt>
      <trkpt lat="52.888807" lon="5.624388">
        <ele>1.400000</ele>
        <time>2026-06-20T11:55:36.397Z</time>
      </trkpt>
      <trkpt lat="52.888975" lon="5.624298">
        <ele>1.400000</ele>
        <time>2026-06-20T11:55:40.286Z</time>
      </trkpt>
      <trkpt lat="52.888999" lon="5.624276">
        <ele>1.400000</ele>
        <time>2026-06-20T11:55:40.902Z</time>
      </trkpt>
      <trkpt lat="52.889125" lon="5.624113">
        <ele>1.400000</ele>
        <time>2026-06-20T11:55:44.410Z</time>
      </trkpt>
      <trkpt lat="52.889460" lon="5.623090">
        <ele>1.401341</ele>
        <time>2026-06-20T11:56:00.031Z</time>
      </trkpt>
      <trkpt lat="52.889497" lon="5.622958">
        <ele>1.407399</ele>
        <time>2026-06-20T11:56:02.069Z</time>
      </trkpt>
      <trkpt lat="52.889774" lon="5.621981">
        <ele>1.494349</ele>
        <time>2026-06-20T11:56:16.914Z</time>
      </trkpt>
      <trkpt lat="52.889958" lon="5.621026">
        <ele>1.491035</ele>
        <time>2026-06-20T11:56:30.440Z</time>
      </trkpt>
      <trkpt lat="52.890085" lon="5.620206">
        <ele>1.364842</ele>
        <time>2026-06-20T11:56:41.297Z</time>
      </trkpt>
      <trkpt lat="52.890095" lon="5.620141">
        <ele>1.343997</ele>
        <time>2026-06-20T11:56:42.136Z</time>
      </trkpt>
      <trkpt lat="52.890070" lon="5.620062">
        <ele>1.316274</ele>
        <time>2026-06-20T11:56:43.247Z</time>
      </trkpt>
      <trkpt lat="52.890077" lon="5.619933">
        <ele>1.276024</ele>
        <time>2026-06-20T11:56:44.852Z</time>
      </trkpt>
      <trkpt lat="52.890579" lon="5.617984">
        <ele>0.196711</ele>
        <time>2026-06-20T11:57:09.955Z</time>
      </trkpt>
      <trkpt lat="52.890754" lon="5.617130">
        <ele>-0.289285</ele>
        <time>2026-06-20T11:57:20.524Z</time>
      </trkpt>
      <trkpt lat="52.891062" lon="5.615298">
        <ele>-0.981591</ele>
        <time>2026-06-20T11:57:43.730Z</time>
      </trkpt>
      <trkpt lat="52.891131" lon="5.614781">
        <ele>-1.000000</ele>
        <time>2026-06-20T11:57:50.747Z</time>
      </trkpt>
      <trkpt lat="52.891152" lon="5.614459">
        <ele>-1.000000</ele>
        <time>2026-06-20T11:57:55.126Z</time>
      </trkpt>
      <trkpt lat="52.891140" lon="5.613958">
        <ele>-0.984821</ele>
        <time>2026-06-20T11:58:02.011Z</time>
      </trkpt>
      <trkpt lat="52.891068" lon="5.613399">
        <ele>-0.909106</ele>
        <time>2026-06-20T11:58:10.006Z</time>
      </trkpt>
      <trkpt lat="52.890743" lon="5.611994">
        <ele>-0.790114</ele>
        <time>2026-06-20T11:58:30.793Z</time>
      </trkpt>
      <trkpt lat="52.890656" lon="5.611503">
        <ele>-0.716828</ele>
        <time>2026-06-20T11:58:37.855Z</time>
      </trkpt>
      <trkpt lat="52.890635" lon="5.611238">
        <ele>-0.680691</ele>
        <time>2026-06-20T11:58:41.575Z</time>
      </trkpt>
      <trkpt lat="52.890640" lon="5.610802">
        <ele>-0.589477</ele>
        <time>2026-06-20T11:58:47.747Z</time>
      </trkpt>
      <trkpt lat="52.890673" lon="5.610515">
        <ele>-0.499958</ele>
        <time>2026-06-20T11:58:51.946Z</time>
      </trkpt>
      <trkpt lat="52.890898" lon="5.609409">
        <ele>-0.090961</ele>
        <time>2026-06-20T11:59:09.293Z</time>
      </trkpt>
      <trkpt lat="52.890927" lon="5.609161">
        <ele>0.018924</ele>
        <time>2026-06-20T11:59:13.199Z</time>
      </trkpt>
      <trkpt lat="52.890946" lon="5.608327">
        <ele>0.589888</ele>
        <time>2026-06-20T11:59:26.539Z</time>
      </trkpt>
      <trkpt lat="52.890937" lon="5.607828">
        <ele>0.888060</ele>
        <time>2026-06-20T11:59:34.466Z</time>
      </trkpt>
      <trkpt lat="52.890886" lon="5.607404">
        <ele>1.086140</ele>
        <time>2026-06-20T11:59:41.167Z</time>
      </trkpt>
      <trkpt lat="52.890815" lon="5.607047">
        <ele>1.208955</ele>
        <time>2026-06-20T11:59:46.866Z</time>
      </trkpt>
      <trkpt lat="52.890683" lon="5.606605">
        <ele>1.397515</ele>
        <time>2026-06-20T11:59:54.164Z</time>
      </trkpt>
      <trkpt lat="52.890126" lon="5.605288">
        <ele>1.982690</ele>
        <time>2026-06-20T12:00:17.957Z</time>
      </trkpt>
      <trkpt lat="52.890128" lon="5.605157">
        <ele>2.018780</ele>
        <time>2026-06-20T12:00:19.913Z</time>
      </trkpt>
      <trkpt lat="52.890203" lon="5.604712">
        <ele>2.192339</ele>
        <time>2026-06-20T12:00:26.730Z</time>
      </trkpt>
      <trkpt lat="52.890323" lon="5.604425">
        <ele>2.307660</ele>
        <time>2026-06-20T12:00:31.870Z</time>
      </trkpt>
      <trkpt lat="52.890405" lon="5.604251">
        <ele>2.370515</ele>
        <time>2026-06-20T12:00:35.125Z</time>
      </trkpt>
      <trkpt lat="52.890483" lon="5.604086">
        <ele>2.436847</ele>
        <time>2026-06-20T12:00:38.228Z</time>
      </trkpt>
      <trkpt lat="52.890540" lon="5.603965">
        <ele>2.497899</ele>
        <time>2026-06-20T12:00:40.511Z</time>
      </trkpt>
      <trkpt lat="52.890731" lon="5.603555">
        <ele>2.680903</ele>
        <time>2026-06-20T12:00:48.176Z</time>
      </trkpt>
      <trkpt lat="52.892429" lon="5.599444">
        <ele>2.771770</ele>
        <time>2026-06-20T12:01:55.417Z</time>
      </trkpt>
      <trkpt lat="52.892493" lon="5.599177">
        <ele>2.720212</ele>
        <time>2026-06-20T12:01:59.089Z</time>
      </trkpt>
      <trkpt lat="52.892641" lon="5.599008">
        <ele>2.695026</ele>
        <time>2026-06-20T12:02:02.938Z</time>
      </trkpt>
      <trkpt lat="52.892936" lon="5.598343">
        <ele>2.606731</ele>
        <time>2026-06-20T12:02:13.734Z</time>
      </trkpt>
      <trkpt lat="52.893067" lon="5.598016">
        <ele>2.579372</ele>
        <time>2026-06-20T12:02:18.844Z</time>
      </trkpt>
      <trkpt lat="52.893086" lon="5.597730">
        <ele>2.517357</ele>
        <time>2026-06-20T12:02:22.574Z</time>
      </trkpt>
      <trkpt lat="52.893102" lon="5.597695">
        <ele>2.510793</ele>
        <time>2026-06-20T12:02:23.133Z</time>
      </trkpt>
      <trkpt lat="52.893118" lon="5.597658">
        <ele>2.507108</ele>
        <time>2026-06-20T12:02:23.719Z</time>
      </trkpt>
      <trkpt lat="52.893277" lon="5.597537">
        <ele>2.483638</ele>
        <time>2026-06-20T12:02:27.459Z</time>
      </trkpt>
      <trkpt lat="52.893392" lon="5.597292">
        <ele>2.421232</ele>
        <time>2026-06-20T12:02:31.490Z</time>
      </trkpt>
      <trkpt lat="52.893521" lon="5.597002">
        <ele>2.407961</ele>
        <time>2026-06-20T12:02:36.295Z</time>
      </trkpt>
      <trkpt lat="52.893934" lon="5.596071">
        <ele>2.480432</ele>
        <time>2026-06-20T12:02:51.901Z</time>
      </trkpt>
      <trkpt lat="52.894273" lon="5.595307">
        <ele>2.302973</ele>
        <time>2026-06-20T12:03:04.199Z</time>
      </trkpt>
      <trkpt lat="52.894828" lon="5.594015">
        <ele>1.983417</ele>
        <time>2026-06-20T12:03:24.257Z</time>
      </trkpt>
      <trkpt lat="52.895658" lon="5.591773">
        <ele>1.029493</ele>
        <time>2026-06-20T12:03:56.351Z</time>
      </trkpt>
      <trkpt lat="52.895701" lon="5.591636">
        <ele>0.996909</ele>
        <time>2026-06-20T12:03:58.307Z</time>
      </trkpt>
      <trkpt lat="52.896042" lon="5.590673">
        <ele>0.914343</ele>
        <time>2026-06-20T12:04:12.825Z</time>
      </trkpt>
      <trkpt lat="52.896869" lon="5.588307">
        <ele>1.214799</ele>
        <time>2026-06-20T12:04:51.025Z</time>
      </trkpt>
      <trkpt lat="52.896950" lon="5.588260">
        <ele>1.242568</ele>
        <time>2026-06-20T12:04:52.963Z</time>
      </trkpt>
      <trkpt lat="52.896977" lon="5.588186">
        <ele>1.254613</ele>
        <time>2026-06-20T12:04:54.526Z</time>
      </trkpt>
      <trkpt lat="52.897495" lon="5.586707">
        <ele>1.300000</ele>
        <time>2026-06-20T12:05:25.036Z</time>
      </trkpt>
      <trkpt lat="52.897527" lon="5.586612">
        <ele>1.300000</ele>
        <time>2026-06-20T12:05:26.941Z</time>
      </trkpt>
      <trkpt lat="52.897621" lon="5.586332">
        <ele>1.300000</ele>
        <time>2026-06-20T12:05:32.560Z</time>
      </trkpt>
      <trkpt lat="52.898127" lon="5.584919">
        <ele>1.331874</ele>
        <time>2026-06-20T12:06:01.636Z</time>
      </trkpt>
      <trkpt lat="52.898162" lon="5.584780">
        <ele>1.372130</ele>
        <time>2026-06-20T12:06:04.497Z</time>
      </trkpt>
      <trkpt lat="52.898175" lon="5.584599">
        <ele>1.424204</ele>
        <time>2026-06-20T12:06:07.925Z</time>
      </trkpt>
      <trkpt lat="52.898192" lon="5.584356">
        <ele>1.507724</ele>
        <time>2026-06-20T12:06:12.536Z</time>
      </trkpt>
      <trkpt lat="52.898260" lon="5.584156">
        <ele>1.580563</ele>
        <time>2026-06-20T12:06:16.839Z</time>
      </trkpt>
      <trkpt lat="52.898471" lon="5.583858">
        <ele>1.696647</ele>
        <time>2026-06-20T12:06:25.354Z</time>
      </trkpt>
      <trkpt lat="52.898703" lon="5.583457">
        <ele>1.788714</ele>
        <time>2026-06-20T12:06:35.574Z</time>
      </trkpt>
      <trkpt lat="52.898843" lon="5.583215">
        <ele>1.799914</ele>
        <time>2026-06-20T12:06:41.595Z</time>
      </trkpt>
      <trkpt lat="52.898972" lon="5.583052">
        <ele>1.796282</ele>
        <time>2026-06-20T12:06:46.338Z</time>
      </trkpt>
      <trkpt lat="52.898984" lon="5.583025">
        <ele>1.795829</ele>
        <time>2026-06-20T12:06:46.903Z</time>
      </trkpt>
      <trkpt lat="52.898363" lon="5.581711">
        <ele>1.670057</ele>
        <time>2026-06-20T12:07:16.110Z</time>
      </trkpt>
      <trkpt lat="52.897920" lon="5.580768">
        <ele>1.316853</ele>
        <time>2026-06-20T12:07:35.728Z</time>
      </trkpt>
      <trkpt lat="52.897674" lon="5.580261">
        <ele>1.203966</ele>
        <time>2026-06-20T12:07:46.810Z</time>
      </trkpt>
      <trkpt lat="52.897327" lon="5.579571">
        <ele>1.103288</ele>
        <time>2026-06-20T12:08:02.411Z</time>
      </trkpt>
      <trkpt lat="52.896806" lon="5.578510">
        <ele>1.006348</ele>
        <time>2026-06-20T12:08:26.227Z</time>
      </trkpt>
      <trkpt lat="52.896589" lon="5.578063">
        <ele>0.985353</ele>
        <time>2026-06-20T12:08:36.216Z</time>
      </trkpt>
      <trkpt lat="52.896427" lon="5.577727">
        <ele>0.911946</ele>
        <time>2026-06-20T12:08:43.582Z</time>
      </trkpt>
      <trkpt lat="52.896296" lon="5.577456">
        <ele>0.900419</ele>
        <time>2026-06-20T12:08:49.559Z</time>
      </trkpt>
      <trkpt lat="52.896162" lon="5.577180">
        <ele>0.883752</ele>
        <time>2026-06-20T12:08:55.663Z</time>
      </trkpt>
      <trkpt lat="52.896027" lon="5.576901">
        <ele>0.816637</ele>
        <time>2026-06-20T12:09:01.849Z</time>
      </trkpt>
      <trkpt lat="52.895920" lon="5.576681">
        <ele>0.793793</ele>
        <time>2026-06-20T12:09:06.698Z</time>
      </trkpt>
      <trkpt lat="52.895857" lon="5.576608">
        <ele>0.786473</ele>
        <time>2026-06-20T12:09:08.838Z</time>
      </trkpt>
      <trkpt lat="52.895722" lon="5.576321">
        <ele>0.700956</ele>
        <time>2026-06-20T12:09:15.089Z</time>
      </trkpt>
      <trkpt lat="52.895516" lon="5.576102">
        <ele>0.612461</ele>
        <time>2026-06-20T12:09:21.975Z</time>
      </trkpt>
      <trkpt lat="52.895435" lon="5.575929">
        <ele>0.598164</ele>
        <time>2026-06-20T12:09:25.673Z</time>
      </trkpt>
      <trkpt lat="52.895395" lon="5.575843">
        <ele>0.591074</ele>
        <time>2026-06-20T12:09:27.526Z</time>
      </trkpt>
      <trkpt lat="52.895181" lon="5.575389">
        <ele>0.489470</ele>
        <time>2026-06-20T12:09:37.261Z</time>
      </trkpt>
      <trkpt lat="52.895019" lon="5.575173">
        <ele>0.413466</ele>
        <time>2026-06-20T12:09:43.117Z</time>
      </trkpt>
      <trkpt lat="52.894962" lon="5.575115">
        <ele>0.391049</ele>
        <time>2026-06-20T12:09:44.995Z</time>
      </trkpt>
      <trkpt lat="52.894542" lon="5.574818">
        <ele>0.194651</ele>
        <time>2026-06-20T12:09:54.509Z</time>
      </trkpt>
      <trkpt lat="52.894287" lon="5.574383">
        <ele>0.036443</ele>
        <time>2026-06-20T12:10:02.073Z</time>
      </trkpt>
      <trkpt lat="52.893821" lon="5.573513">
        <ele>0.000000</ele>
        <time>2026-06-20T12:10:17.516Z</time>
      </trkpt>
      <trkpt lat="52.893656" lon="5.572961">
        <ele>0.000000</ele>
        <time>2026-06-20T12:10:25.820Z</time>
      </trkpt>
      <trkpt lat="52.893553" lon="5.572643">
        <ele>0.000000</ele>
        <time>2026-06-20T12:10:30.662Z</time>
      </trkpt>
      <trkpt lat="52.893499" lon="5.572477">
        <ele>0.000000</ele>
        <time>2026-06-20T12:10:33.222Z</time>
      </trkpt>
      <trkpt lat="52.893458" lon="5.572380">
        <ele>0.000000</ele>
        <time>2026-06-20T12:10:35.348Z</time>
      </trkpt>
      <trkpt lat="52.893413" lon="5.572288">
        <ele>0.003768</ele>
        <time>2026-06-20T12:10:37.489Z</time>
      </trkpt>
      <trkpt lat="52.893313" lon="5.572113">
        <ele>0.014260</ele>
        <time>2026-06-20T12:10:40.808Z</time>
      </trkpt>
      <trkpt lat="52.893110" lon="5.571825">
        <ele>0.084839</ele>
        <time>2026-06-20T12:10:46.939Z</time>
      </trkpt>
      <trkpt lat="52.891498" lon="5.569648">
        <ele>0.002880</ele>
        <time>2026-06-20T12:11:32.986Z</time>
      </trkpt>
      <trkpt lat="52.891381" lon="5.569490">
        <ele>0.001353</ele>
        <time>2026-06-20T12:11:36.321Z</time>
      </trkpt>
      <trkpt lat="52.889647" lon="5.567156">
        <ele>0.106329</ele>
        <time>2026-06-20T12:12:26.252Z</time>
      </trkpt>
      <trkpt lat="52.888283" lon="5.565323">
        <ele>0.486044</ele>
        <time>2026-06-20T12:13:06.814Z</time>
      </trkpt>
      <trkpt lat="52.886995" lon="5.563579">
        <ele>0.402601</ele>
        <time>2026-06-20T12:13:43.538Z</time>
      </trkpt>
      <trkpt lat="52.886298" lon="5.562430">
        <ele>0.423236</ele>
        <time>2026-06-20T12:14:05.418Z</time>
      </trkpt>
      <trkpt lat="52.886085" lon="5.562240">
        <ele>0.477178</ele>
        <time>2026-06-20T12:14:10.971Z</time>
      </trkpt>
      <trkpt lat="52.885931" lon="5.562105">
        <ele>0.505437</ele>
        <time>2026-06-20T12:14:15.010Z</time>
      </trkpt>
      <trkpt lat="52.885807" lon="5.561911">
        <ele>0.525267</ele>
        <time>2026-06-20T12:14:18.993Z</time>
      </trkpt>
      <trkpt lat="52.885883" lon="5.561788">
        <ele>0.564647</ele>
        <time>2026-06-20T12:14:21.465Z</time>
      </trkpt>
      <trkpt lat="52.885935" lon="5.561711">
        <ele>0.590497</ele>
        <time>2026-06-20T12:14:23.091Z</time>
      </trkpt>
      <trkpt lat="52.886024" lon="5.561559">
        <ele>0.610723</ele>
        <time>2026-06-20T12:14:26.033Z</time>
      </trkpt>
      <trkpt lat="52.886047" lon="5.561513">
        <ele>0.614696</ele>
        <time>2026-06-20T12:14:26.878Z</time>
      </trkpt>
      <trkpt lat="52.885512" lon="5.560718">
        <ele>0.796023</ele>
        <time>2026-06-20T12:14:43.498Z</time>
      </trkpt>
      <trkpt lat="52.885148" lon="5.560056">
        <ele>0.889512</ele>
        <time>2026-06-20T12:14:56.015Z</time>
      </trkpt>
      <trkpt lat="52.884123" lon="5.558021">
        <ele>0.900000</ele>
        <time>2026-06-20T12:15:31.739Z</time>
      </trkpt>
      <trkpt lat="52.883588" lon="5.557057">
        <ele>0.900000</ele>
        <time>2026-06-20T12:15:49.251Z</time>
      </trkpt>
      <trkpt lat="52.881448" lon="5.553568">
        <ele>0.903523</ele>
        <time>2026-06-20T12:16:55.714Z</time>
      </trkpt>
      <trkpt lat="52.879242" lon="5.549888">
        <ele>1.088042</ele>
        <time>2026-06-20T12:18:06.250Z</time>
      </trkpt>
      <trkpt lat="52.878526" lon="5.548930">
        <ele>0.922463</ele>
        <time>2026-06-20T12:18:26.148Z</time>
      </trkpt>
      <trkpt lat="52.875759" lon="5.545404">
        <ele>1.491823</ele>
        <time>2026-06-20T12:19:45.954Z</time>
      </trkpt>
      <trkpt lat="52.875124" lon="5.544548">
        <ele>1.500000</ele>
        <time>2026-06-20T12:20:04.300Z</time>
      </trkpt>
      <trkpt lat="52.874901" lon="5.544169">
        <ele>1.500000</ele>
        <time>2026-06-20T12:20:11.377Z</time>
      </trkpt>
      <trkpt lat="52.874803" lon="5.543945">
        <ele>1.484354</ele>
        <time>2026-06-20T12:20:15.030Z</time>
      </trkpt>
      <trkpt lat="52.874633" lon="5.543426">
        <ele>1.411028</ele>
        <time>2026-06-20T12:20:22.728Z</time>
      </trkpt>
      <trkpt lat="52.874543" lon="5.542966">
        <ele>1.374526</ele>
        <time>2026-06-20T12:20:28.968Z</time>
      </trkpt>
      <trkpt lat="52.874469" lon="5.542254">
        <ele>1.192445</ele>
        <time>2026-06-20T12:20:38.165Z</time>
      </trkpt>
      <trkpt lat="52.874376" lon="5.540471">
        <ele>0.598538</ele>
        <time>2026-06-20T12:21:00.052Z</time>
      </trkpt>
      <trkpt lat="52.874360" lon="5.540183">
        <ele>0.496123</ele>
        <time>2026-06-20T12:21:03.617Z</time>
      </trkpt>
      <trkpt lat="52.874335" lon="5.539707">
        <ele>0.333436</ele>
        <time>2026-06-20T12:21:09.548Z</time>
      </trkpt>
      <trkpt lat="52.874195" lon="5.537083">
        <ele>0.121497</ele>
        <time>2026-06-20T12:21:44.115Z</time>
      </trkpt>
      <trkpt lat="52.873732" lon="5.528314">
        <ele>0.987178</ele>
        <time>2026-06-20T12:23:45.638Z</time>
      </trkpt>
      <trkpt lat="52.873730" lon="5.528270">
        <ele>0.984379</ele>
        <time>2026-06-20T12:23:46.211Z</time>
      </trkpt>
      <trkpt lat="52.873677" lon="5.527333">
        <ele>0.800470</ele>
        <time>2026-06-20T12:23:58.294Z</time>
      </trkpt>
      <trkpt lat="52.873521" lon="5.524451">
        <ele>0.205553</ele>
        <time>2026-06-20T12:24:35.063Z</time>
      </trkpt>
      <trkpt lat="52.873393" lon="5.522020">
        <ele>-0.185797</ele>
        <time>2026-06-20T12:25:06.235Z</time>
      </trkpt>
      <trkpt lat="52.873035" lon="5.515304">
        <ele>0.296640</ele>
        <time>2026-06-20T12:26:38.614Z</time>
      </trkpt>
      <trkpt lat="52.873057" lon="5.514996">
        <ele>0.323430</ele>
        <time>2026-06-20T12:26:42.964Z</time>
      </trkpt>
      <trkpt lat="52.873144" lon="5.514750">
        <ele>0.371266</ele>
        <time>2026-06-20T12:26:46.916Z</time>
      </trkpt>
      <trkpt lat="52.873216" lon="5.514636">
        <ele>0.399337</ele>
        <time>2026-06-20T12:26:49.195Z</time>
      </trkpt>
      <trkpt lat="52.872947" lon="5.514060">
        <ele>0.399994</ele>
        <time>2026-06-20T12:26:59.127Z</time>
      </trkpt>
      <trkpt lat="52.872893" lon="5.513937">
        <ele>0.398084</ele>
        <time>2026-06-20T12:27:01.184Z</time>
      </trkpt>
      <trkpt lat="52.872810" lon="5.513761">
        <ele>0.394612</ele>
        <time>2026-06-20T12:27:04.308Z</time>
      </trkpt>
      <trkpt lat="52.872790" lon="5.513718">
        <ele>0.383365</ele>
        <time>2026-06-20T12:27:05.028Z</time>
      </trkpt>
      <trkpt lat="52.870868" lon="5.510206">
        <ele>-0.586767</ele>
        <time>2026-06-20T12:28:05.016Z</time>
      </trkpt>
      <trkpt lat="52.870741" lon="5.510039">
        <ele>-0.584616</ele>
        <time>2026-06-20T12:28:08.571Z</time>
      </trkpt>
      <trkpt lat="52.868767" lon="5.506492">
        <ele>0.086612</ele>
        <time>2026-06-20T12:29:16.231Z</time>
      </trkpt>
      <trkpt lat="52.867531" lon="5.504256">
        <ele>0.100000</ele>
        <time>2026-06-20T12:29:56.995Z</time>
      </trkpt>
      <trkpt lat="52.867364" lon="5.503746">
        <ele>0.100000</ele>
        <time>2026-06-20T12:30:04.901Z</time>
      </trkpt>
      <trkpt lat="52.866299" lon="5.501822">
        <ele>0.108991</ele>
        <time>2026-06-20T12:30:39.886Z</time>
      </trkpt>
      <trkpt lat="52.865845" lon="5.501093">
        <ele>0.212327</ele>
        <time>2026-06-20T12:30:54.358Z</time>
      </trkpt>
      <trkpt lat="52.865440" lon="5.500366">
        <ele>0.494029</ele>
        <time>2026-06-20T12:31:08.684Z</time>
      </trkpt>
      <trkpt lat="52.865405" lon="5.500217">
        <ele>0.547292</ele>
        <time>2026-06-20T12:31:11.051Z</time>
      </trkpt>
      <trkpt lat="52.865406" lon="5.500152">
        <ele>0.574572</ele>
        <time>2026-06-20T12:31:12.298Z</time>
      </trkpt>
      <trkpt lat="52.865375" lon="5.500095">
        <ele>0.606760</ele>
        <time>2026-06-20T12:31:13.796Z</time>
      </trkpt>
      <trkpt lat="52.865020" lon="5.499450">
        <ele>1.001885</ele>
        <time>2026-06-20T12:31:27.213Z</time>
      </trkpt>
      <trkpt lat="52.864436" lon="5.498393">
        <ele>1.692509</ele>
        <time>2026-06-20T12:31:49.057Z</time>
      </trkpt>
      <trkpt lat="52.864335" lon="5.498209">
        <ele>1.774877</ele>
        <time>2026-06-20T12:31:52.802Z</time>
      </trkpt>
      <trkpt lat="52.864295" lon="5.498136">
        <ele>1.798970</ele>
        <time>2026-06-20T12:31:54.661Z</time>
      </trkpt>
      <trkpt lat="52.864116" lon="5.497810">
        <ele>1.884948</ele>
        <time>2026-06-20T12:32:02.766Z</time>
      </trkpt>
      <trkpt lat="52.864071" lon="5.497729">
        <ele>1.895613</ele>
        <time>2026-06-20T12:32:04.765Z</time>
      </trkpt>
      <trkpt lat="52.863976" lon="5.497558">
        <ele>1.898810</ele>
        <time>2026-06-20T12:32:07.937Z</time>
      </trkpt>
      <trkpt lat="52.863759" lon="5.497165">
        <ele>1.890966</ele>
        <time>2026-06-20T12:32:15.007Z</time>
      </trkpt>
      <trkpt lat="52.863650" lon="5.496974">
        <ele>1.858747</ele>
        <time>2026-06-20T12:32:19.520Z</time>
      </trkpt>
      <trkpt lat="52.863607" lon="5.496898">
        <ele>1.841642</ele>
        <time>2026-06-20T12:32:21.291Z</time>
      </trkpt>
      <trkpt lat="52.863686" lon="5.496779">
        <ele>1.808724</ele>
        <time>2026-06-20T12:32:24.281Z</time>
      </trkpt>
      <trkpt lat="52.863714" lon="5.496737">
        <ele>1.797079</ele>
        <time>2026-06-20T12:32:25.335Z</time>
      </trkpt>
      <trkpt lat="52.864471" lon="5.495597">
        <ele>1.534480</ele>
        <time>2026-06-20T12:32:46.920Z</time>
      </trkpt>
      <trkpt lat="52.865586" lon="5.493912">
        <ele>1.711257</ele>
        <time>2026-06-20T12:33:21.516Z</time>
      </trkpt>
      <trkpt lat="52.865772" lon="5.493758">
        <ele>1.785888</ele>
        <time>2026-06-20T12:33:26.335Z</time>
      </trkpt>
      <trkpt lat="52.866008" lon="5.493411">
        <ele>1.787473</ele>
        <time>2026-06-20T12:33:33.434Z</time>
      </trkpt>
      <trkpt lat="52.866449" lon="5.492741">
        <ele>1.704151</ele>
        <time>2026-06-20T12:33:46.525Z</time>
      </trkpt>
      <trkpt lat="52.866615" lon="5.492492">
        <ele>1.670752</ele>
        <time>2026-06-20T12:33:51.255Z</time>
      </trkpt>
      <trkpt lat="52.866668" lon="5.492357">
        <ele>1.622606</ele>
        <time>2026-06-20T12:33:53.281Z</time>
      </trkpt>
      <trkpt lat="52.866698" lon="5.492242">
        <ele>1.585151</ele>
        <time>2026-06-20T12:33:54.857Z</time>
      </trkpt>
      <trkpt lat="52.867246" lon="5.491392">
        <ele>1.095269</ele>
        <time>2026-06-20T12:34:09.977Z</time>
      </trkpt>
      <trkpt lat="52.868023" lon="5.490217">
        <ele>0.313590</ele>
        <time>2026-06-20T12:34:30.950Z</time>
      </trkpt>
      <trkpt lat="52.869804" lon="5.487531">
        <ele>-0.690081</ele>
        <time>2026-06-20T12:35:20.881Z</time>
      </trkpt>
      <trkpt lat="52.870117" lon="5.487057">
        <ele>-0.786803</ele>
        <time>2026-06-20T12:35:30.065Z</time>
      </trkpt>
      <trkpt lat="52.870437" lon="5.486616">
        <ele>-0.783123</ele>
        <time>2026-06-20T12:35:39.387Z</time>
      </trkpt>
      <trkpt lat="52.870481" lon="5.486497">
        <ele>-0.762922</ele>
        <time>2026-06-20T12:35:41.314Z</time>
      </trkpt>
      <trkpt lat="52.870514" lon="5.486301">
        <ele>-0.730816</ele>
        <time>2026-06-20T12:35:44.146Z</time>
      </trkpt>
      <trkpt lat="52.870581" lon="5.486186">
        <ele>-0.702818</ele>
        <time>2026-06-20T12:35:46.374Z</time>
      </trkpt>
      <trkpt lat="52.870603" lon="5.486156">
        <ele>-0.694548</ele>
        <time>2026-06-20T12:35:47.043Z</time>
      </trkpt>
      <trkpt lat="52.870625" lon="5.486130">
        <ele>-0.686705</ele>
        <time>2026-06-20T12:35:47.666Z</time>
      </trkpt>
      <trkpt lat="52.870817" lon="5.486015">
        <ele>-0.618470</ele>
        <time>2026-06-20T12:35:52.441Z</time>
      </trkpt>
      <trkpt lat="52.870917" lon="5.485911">
        <ele>-0.580128</ele>
        <time>2026-06-20T12:35:55.186Z</time>
      </trkpt>
      <trkpt lat="52.871626" lon="5.485116">
        <ele>-0.298734</ele>
        <time>2026-06-20T12:36:15.483Z</time>
      </trkpt>
      <trkpt lat="52.871807" lon="5.484811">
        <ele>-0.223083</ele>
        <time>2026-06-20T12:36:21.584Z</time>
      </trkpt>
      <trkpt lat="52.873378" lon="5.483138">
        <ele>-0.110858</ele>
        <time>2026-06-20T12:37:03.573Z</time>
      </trkpt>
      <trkpt lat="52.874533" lon="5.481914">
        <ele>-0.260913</ele>
        <time>2026-06-20T12:37:33.358Z</time>
      </trkpt>
      <trkpt lat="52.873469" lon="5.476439">
        <ele>1.902738</ele>
        <time>2026-06-20T12:38:59.377Z</time>
      </trkpt>
      <trkpt lat="52.873419" lon="5.475736">
        <ele>2.183104</ele>
        <time>2026-06-20T12:39:09.798Z</time>
      </trkpt>
      <trkpt lat="52.873118" lon="5.473212">
        <ele>2.493822</ele>
        <time>2026-06-20T12:39:45.850Z</time>
      </trkpt>
      <trkpt lat="52.873078" lon="5.473030">
        <ele>2.514183</ele>
        <time>2026-06-20T12:39:48.498Z</time>
      </trkpt>
      <trkpt lat="52.873017" lon="5.472477">
        <ele>2.593953</ele>
        <time>2026-06-20T12:39:56.172Z</time>
      </trkpt>
      <trkpt lat="52.875211" lon="5.472155">
        <ele>2.795862</ele>
        <time>2026-06-20T12:40:47.937Z</time>
      </trkpt>
      <trkpt lat="52.875956" lon="5.472349">
        <ele>2.820591</ele>
        <time>2026-06-20T12:41:05.656Z</time>
      </trkpt>
      <trkpt lat="52.876113" lon="5.472360">
        <ele>2.878239</ele>
        <time>2026-06-20T12:41:09.395Z</time>
      </trkpt>
      <trkpt lat="52.876471" lon="5.472312">
        <ele>2.914003</ele>
        <time>2026-06-20T12:41:17.924Z</time>
      </trkpt>
      <trkpt lat="52.877004" lon="5.472130">
        <ele>2.985722</ele>
        <time>2026-06-20T12:41:30.704Z</time>
      </trkpt>
      <trkpt lat="52.877556" lon="5.471786">
        <ele>2.872308</ele>
        <time>2026-06-20T12:41:44.010Z</time>
      </trkpt>
      <trkpt lat="52.877952" lon="5.471424">
        <ele>2.612676</ele>
        <time>2026-06-20T12:41:53.775Z</time>
      </trkpt>
      <trkpt lat="52.878564" lon="5.470670">
        <ele>2.199349</ele>
        <time>2026-06-20T12:42:09.934Z</time>
      </trkpt>
      <trkpt lat="52.878809" lon="5.470212">
        <ele>1.994966</ele>
        <time>2026-06-20T12:42:17.846Z</time>
      </trkpt>
      <trkpt lat="52.878878" lon="5.469998">
        <ele>1.919215</ele>
        <time>2026-06-20T12:42:21.018Z</time>
      </trkpt>
      <trkpt lat="52.878942" lon="5.469267">
        <ele>1.809109</ele>
        <time>2026-06-20T12:42:30.915Z</time>
      </trkpt>
      <trkpt lat="52.879055" lon="5.468492">
        <ele>1.792069</ele>
        <time>2026-06-20T12:42:41.799Z</time>
      </trkpt>
      <trkpt lat="52.879318" lon="5.467232">
        <ele>1.704806</ele>
        <time>2026-06-20T12:43:00.177Z</time>
      </trkpt>
      <trkpt lat="52.879452" lon="5.467135">
        <ele>1.677009</ele>
        <time>2026-06-20T12:43:03.299Z</time>
      </trkpt>
      <trkpt lat="52.879639" lon="5.466900">
        <ele>1.580391</ele>
        <time>2026-06-20T12:43:08.171Z</time>
      </trkpt>
      <trkpt lat="52.879596" lon="5.466790">
        <ele>1.534522</ele>
        <time>2026-06-20T12:43:09.846Z</time>
      </trkpt>
      <trkpt lat="52.879569" lon="5.466611">
        <ele>1.477569</ele>
        <time>2026-06-20T12:43:12.109Z</time>
      </trkpt>
      <trkpt lat="52.879596" lon="5.466378">
        <ele>1.405711</ele>
        <time>2026-06-20T12:43:15.017Z</time>
      </trkpt>
      <trkpt lat="52.879722" lon="5.465778">
        <ele>1.224563</ele>
        <time>2026-06-20T12:43:22.876Z</time>
      </trkpt>
      <trkpt lat="52.879891" lon="5.464493">
        <ele>1.215208</ele>
        <time>2026-06-20T12:43:40.639Z</time>
      </trkpt>
      <trkpt lat="52.879972" lon="5.463970">
        <ele>1.312644</ele>
        <time>2026-06-20T12:43:48.267Z</time>
      </trkpt>
      <trkpt lat="52.880159" lon="5.463152">
        <ele>1.601175</ele>
        <time>2026-06-20T12:44:01.029Z</time>
      </trkpt>
      <trkpt lat="52.880163" lon="5.463137">
        <ele>1.607600</ele>
        <time>2026-06-20T12:44:01.277Z</time>
      </trkpt>
      <trkpt lat="52.880301" lon="5.462714">
        <ele>1.781777</ele>
        <time>2026-06-20T12:44:08.518Z</time>
      </trkpt>
      <trkpt lat="52.880282" lon="5.462253">
        <ele>1.924846</ele>
        <time>2026-06-20T12:44:15.385Z</time>
      </trkpt>
      <trkpt lat="52.880299" lon="5.462123">
        <ele>1.965857</ele>
        <time>2026-06-20T12:44:17.297Z</time>
      </trkpt>
      <trkpt lat="52.880337" lon="5.462033">
        <ele>1.975498</ele>
        <time>2026-06-20T12:44:18.869Z</time>
      </trkpt>
      <trkpt lat="52.880316" lon="5.461986">
        <ele>1.980631</ele>
        <time>2026-06-20T12:44:19.661Z</time>
      </trkpt>
      <trkpt lat="52.880336" lon="5.461808">
        <ele>1.996522</ele>
        <time>2026-06-20T12:44:22.210Z</time>
      </trkpt>
      <trkpt lat="52.880317" lon="5.461703">
        <ele>1.983713</ele>
        <time>2026-06-20T12:44:23.706Z</time>
      </trkpt>
      <trkpt lat="52.879113" lon="5.458561">
        <ele>1.412446</ele>
        <time>2026-06-20T12:45:11.313Z</time>
      </trkpt>
      <trkpt lat="52.878920" lon="5.458013">
        <ele>1.400000</ele>
        <time>2026-06-20T12:45:19.914Z</time>
      </trkpt>
      <trkpt lat="52.878995" lon="5.457958">
        <ele>1.422375</ele>
        <time>2026-06-20T12:45:21.775Z</time>
      </trkpt>
      <trkpt lat="52.879058" lon="5.457912">
        <ele>1.444841</ele>
        <time>2026-06-20T12:45:23.404Z</time>
      </trkpt>
      <trkpt lat="52.879154" lon="5.457817">
        <ele>1.487978</ele>
        <time>2026-06-20T12:45:26.031Z</time>
      </trkpt>
      <trkpt lat="52.879215" lon="5.457529">
        <ele>1.598279</ele>
        <time>2026-06-20T12:45:30.473Z</time>
      </trkpt>
      <trkpt lat="52.879724" lon="5.457082">
        <ele>1.901767</ele>
        <time>2026-06-20T12:45:44.714Z</time>
      </trkpt>
      <trkpt lat="52.879759" lon="5.457019">
        <ele>1.929511</ele>
        <time>2026-06-20T12:45:45.978Z</time>
      </trkpt>
      <trkpt lat="52.879753" lon="5.456910">
        <ele>1.963807</ele>
        <time>2026-06-20T12:45:47.570Z</time>
      </trkpt>
      <trkpt lat="52.880009" lon="5.456703">
        <ele>1.988954</ele>
        <time>2026-06-20T12:45:54.038Z</time>
      </trkpt>
      <trkpt lat="52.880399" lon="5.456344">
        <ele>1.886823</ele>
        <time>2026-06-20T12:46:06.824Z</time>
      </trkpt>
      <trkpt lat="52.880562" lon="5.456142">
        <ele>1.796188</ele>
        <time>2026-06-20T12:46:12.404Z</time>
      </trkpt>
      <trkpt lat="52.880721" lon="5.456021">
        <ele>1.697289</ele>
        <time>2026-06-20T12:46:17.067Z</time>
      </trkpt>
      <trkpt lat="52.880662" lon="5.455785">
        <ele>1.555664</ele>
        <time>2026-06-20T12:46:20.063Z</time>
      </trkpt>
      <trkpt lat="52.880491" lon="5.455169">
        <ele>1.013340</ele>
        <time>2026-06-20T12:46:27.744Z</time>
      </trkpt>
      <trkpt lat="52.880365" lon="5.454822">
        <ele>0.694417</ele>
        <time>2026-06-20T12:46:32.291Z</time>
      </trkpt>
      <trkpt lat="52.880209" lon="5.454551">
        <ele>0.383211</ele>
        <time>2026-06-20T12:46:36.441Z</time>
      </trkpt>
      <trkpt lat="52.880003" lon="5.454329">
        <ele>0.040490</ele>
        <time>2026-06-20T12:46:41.010Z</time>
      </trkpt>
      <trkpt lat="52.880009" lon="5.454257">
        <ele>-0.018533</ele>
        <time>2026-06-20T12:46:41.838Z</time>
      </trkpt>
      <trkpt lat="52.879984" lon="5.454183">
        <ele>-0.080883</ele>
        <time>2026-06-20T12:46:42.818Z</time>
      </trkpt>
      <trkpt lat="52.879532" lon="5.453801">
        <ele>-0.486934</ele>
        <time>2026-06-20T12:46:52.775Z</time>
      </trkpt>
      <trkpt lat="52.879244" lon="5.453404">
        <ele>-0.685805</ele>
        <time>2026-06-20T12:47:00.493Z</time>
      </trkpt>
      <trkpt lat="52.877835" lon="5.451078">
        <ele>-0.797900</ele>
        <time>2026-06-20T12:47:44.357Z</time>
      </trkpt>
      <trkpt lat="52.877766" lon="5.450914">
        <ele>-0.799412</ele>
        <time>2026-06-20T12:47:47.066Z</time>
      </trkpt>
      <trkpt lat="52.876581" lon="5.448897">
        <ele>-0.800000</ele>
        <time>2026-06-20T12:48:24.644Z</time>
      </trkpt>
      <trkpt lat="52.876480" lon="5.448666">
        <ele>-0.810615</ele>
        <time>2026-06-20T12:48:28.397Z</time>
      </trkpt>
      <trkpt lat="52.876312" lon="5.447922">
        <ele>-0.896599</ele>
        <time>2026-06-20T12:48:38.819Z</time>
      </trkpt>
      <trkpt lat="52.876111" lon="5.446676">
        <ele>-0.999011</ele>
        <time>2026-06-20T12:48:55.613Z</time>
      </trkpt>
      <trkpt lat="52.875654" lon="5.442374">
        <ele>-1.296618</ele>
        <time>2026-06-20T12:49:53.123Z</time>
      </trkpt>
      <trkpt lat="52.875645" lon="5.442035">
        <ele>-1.292504</ele>
        <time>2026-06-20T12:49:57.813Z</time>
      </trkpt>
      <trkpt lat="52.875469" lon="5.440474">
        <ele>-1.108962</ele>
        <time>2026-06-20T12:50:19.920Z</time>
      </trkpt>
      <trkpt lat="52.875452" lon="5.440355">
        <ele>-1.105355</ele>
        <time>2026-06-20T12:50:21.566Z</time>
      </trkpt>
      <trkpt lat="52.875430" lon="5.440144">
        <ele>-1.100244</ele>
        <time>2026-06-20T12:50:24.436Z</time>
      </trkpt>
      <trkpt lat="52.875410" lon="5.439730">
        <ele>-1.113971</ele>
        <time>2026-06-20T12:50:29.912Z</time>
      </trkpt>
      <trkpt lat="52.875299" lon="5.438562">
        <ele>-1.303270</ele>
        <time>2026-06-20T12:50:45.134Z</time>
      </trkpt>
      <trkpt lat="52.875281" lon="5.438077">
        <ele>-1.390443</ele>
        <time>2026-06-20T12:50:51.262Z</time>
      </trkpt>
      <trkpt lat="52.875180" lon="5.434872">
        <ele>-1.704130</ele>
        <time>2026-06-20T12:51:33.277Z</time>
      </trkpt>
      <trkpt lat="52.875138" lon="5.434177">
        <ele>-1.790038</ele>
        <time>2026-06-20T12:51:42.453Z</time>
      </trkpt>
      <trkpt lat="52.875136" lon="5.433793">
        <ele>-1.800319</ele>
        <time>2026-06-20T12:51:47.457Z</time>
      </trkpt>
      <trkpt lat="52.875208" lon="5.433589">
        <ele>-1.801321</ele>
        <time>2026-06-20T12:51:50.572Z</time>
      </trkpt>
      <trkpt lat="52.875221" lon="5.433447">
        <ele>-1.810342</ele>
        <time>2026-06-20T12:51:52.484Z</time>
      </trkpt>
      <trkpt lat="52.875128" lon="5.430722">
        <ele>-2.089836</ele>
        <time>2026-06-20T12:52:28.042Z</time>
      </trkpt>
      <trkpt lat="52.875204" lon="5.429079">
        <ele>-2.100000</ele>
        <time>2026-06-20T12:52:50.145Z</time>
      </trkpt>
      <trkpt lat="52.875202" lon="5.428769">
        <ele>-2.094240</ele>
        <time>2026-06-20T12:52:54.363Z</time>
      </trkpt>
      <trkpt lat="52.875430" lon="5.426283">
        <ele>-1.912467</ele>
        <time>2026-06-20T12:53:28.757Z</time>
      </trkpt>
      <trkpt lat="52.875685" lon="5.424532">
        <ele>-1.992439</ele>
        <time>2026-06-20T12:53:52.794Z</time>
      </trkpt>
      <trkpt lat="52.875861" lon="5.422415">
        <ele>-2.000000</ele>
        <time>2026-06-20T12:54:21.494Z</time>
      </trkpt>
      <trkpt lat="52.875909" lon="5.421433">
        <ele>-2.004890</ele>
        <time>2026-06-20T12:54:34.524Z</time>
      </trkpt>
      <trkpt lat="52.875884" lon="5.419875">
        <ele>-2.087289</ele>
        <time>2026-06-20T12:54:55.159Z</time>
      </trkpt>
      <trkpt lat="52.875824" lon="5.418749">
        <ele>-1.889709</ele>
        <time>2026-06-20T12:55:11.199Z</time>
      </trkpt>
      <trkpt lat="52.875685" lon="5.417754">
        <ele>-1.505852</ele>
        <time>2026-06-20T12:55:26.370Z</time>
      </trkpt>
      <trkpt lat="52.875601" lon="5.417473">
        <ele>-1.395986</ele>
        <time>2026-06-20T12:55:31.085Z</time>
      </trkpt>
      <trkpt lat="52.875461" lon="5.416687">
        <ele>-1.097559</ele>
        <time>2026-06-20T12:55:43.370Z</time>
      </trkpt>
      <trkpt lat="52.875403" lon="5.416194">
        <ele>-0.890999</ele>
        <time>2026-06-20T12:55:50.782Z</time>
      </trkpt>
      <trkpt lat="52.875382" lon="5.415640">
        <ele>-0.604631</ele>
        <time>2026-06-20T12:55:59.285Z</time>
      </trkpt>
      <trkpt lat="52.875371" lon="5.415600">
        <ele>-0.581767</ele>
        <time>2026-06-20T12:55:59.977Z</time>
      </trkpt>
      <trkpt lat="52.875332" lon="5.415584">
        <ele>-0.547142</ele>
        <time>2026-06-20T12:56:01.034Z</time>
      </trkpt>
      <trkpt lat="52.875305" lon="5.415583">
        <ele>-0.522033</ele>
        <time>2026-06-20T12:56:01.746Z</time>
      </trkpt>
      <trkpt lat="52.875277" lon="5.415583">
        <ele>-0.490004</ele>
        <time>2026-06-20T12:56:02.486Z</time>
      </trkpt>
      <trkpt lat="52.875205" lon="5.415574">
        <ele>-0.407411</ele>
        <time>2026-06-20T12:56:04.394Z</time>
      </trkpt>
      <trkpt lat="52.875133" lon="5.415494">
        <ele>-0.308248</ele>
        <time>2026-06-20T12:56:06.739Z</time>
      </trkpt>
      <trkpt lat="52.875087" lon="5.415330">
        <ele>-0.175860</ele>
        <time>2026-06-20T12:56:09.729Z</time>
      </trkpt>
      <trkpt lat="52.875079" lon="5.415239">
        <ele>-0.106991</ele>
        <time>2026-06-20T12:56:11.279Z</time>
      </trkpt>
      <trkpt lat="52.875047" lon="5.415103">
        <ele>0.002325</ele>
        <time>2026-06-20T12:56:13.722Z</time>
      </trkpt>
      <trkpt lat="52.875018" lon="5.414969">
        <ele>0.133951</ele>
        <time>2026-06-20T12:56:16.723Z</time>
      </trkpt>
      <trkpt lat="52.875004" lon="5.414904">
        <ele>0.198281</ele>
        <time>2026-06-20T12:56:18.174Z</time>
      </trkpt>
      <trkpt lat="52.874961" lon="5.414707">
        <ele>0.386979</ele>
        <time>2026-06-20T12:56:22.584Z</time>
      </trkpt>
      <trkpt lat="52.874689" lon="5.413481">
        <ele>1.393481</ele>
        <time>2026-06-20T12:56:49.901Z</time>
      </trkpt>
      <trkpt lat="52.874682" lon="5.413441">
        <ele>1.424191</ele>
        <time>2026-06-20T12:56:50.770Z</time>
      </trkpt>
      <trkpt lat="52.874667" lon="5.413367">
        <ele>1.481753</ele>
        <time>2026-06-20T12:56:52.401Z</time>
      </trkpt>
      <trkpt lat="52.874259" lon="5.411486">
        <ele>2.048301</ele>
        <time>2026-06-20T12:57:29.998Z</time>
      </trkpt>
      <trkpt lat="52.874204" lon="5.411230">
        <ele>2.018475</ele>
        <time>2026-06-20T12:57:34.568Z</time>
      </trkpt>
      <trkpt lat="52.874191" lon="5.411053">
        <ele>2.001626</ele>
        <time>2026-06-20T12:57:37.573Z</time>
      </trkpt>
      <trkpt lat="52.874278" lon="5.411014">
        <ele>1.987515</ele>
        <time>2026-06-20T12:57:39.446Z</time>
      </trkpt>
      <trkpt lat="52.874503" lon="5.410841">
        <ele>1.885475</ele>
        <time>2026-06-20T12:57:44.593Z</time>
      </trkpt>
      <trkpt lat="52.874664" lon="5.410587">
        <ele>1.714266</ele>
        <time>2026-06-20T12:57:49.156Z</time>
      </trkpt>
      <trkpt lat="52.874980" lon="5.409959">
        <ele>1.493463</ele>
        <time>2026-06-20T12:57:59.247Z</time>
      </trkpt>
      <trkpt lat="52.875234" lon="5.409532">
        <ele>1.303476</ele>
        <time>2026-06-20T12:58:06.669Z</time>
      </trkpt>
      <trkpt lat="52.875594" lon="5.409162">
        <ele>1.100191</ele>
        <time>2026-06-20T12:58:15.519Z</time>
      </trkpt>
      <trkpt lat="52.875977" lon="5.408849">
        <ele>0.902859</ele>
        <time>2026-06-20T12:58:24.304Z</time>
      </trkpt>
      <trkpt lat="52.876842" lon="5.408154">
        <ele>0.511231</ele>
        <time>2026-06-20T12:58:44.153Z</time>
      </trkpt>
      <trkpt lat="52.877528" lon="5.407474">
        <ele>0.394250</ele>
        <time>2026-06-20T12:59:01.737Z</time>
      </trkpt>
      <trkpt lat="52.877943" lon="5.407248">
        <ele>0.337435</ele>
        <time>2026-06-20T12:59:11.036Z</time>
      </trkpt>
      <trkpt lat="52.878143" lon="5.407168">
        <ele>0.391153</ele>
        <time>2026-06-20T12:59:15.758Z</time>
      </trkpt>
      <trkpt lat="52.878170" lon="5.407243">
        <ele>0.411568</ele>
        <time>2026-06-20T12:59:17.085Z</time>
      </trkpt>
      <trkpt lat="52.878341" lon="5.407429">
        <ele>0.527254</ele>
        <time>2026-06-20T12:59:22.347Z</time>
      </trkpt>
      <trkpt lat="52.878403" lon="5.407431">
        <ele>0.574621</ele>
        <time>2026-06-20T12:59:23.950Z</time>
      </trkpt>
      <trkpt lat="52.878470" lon="5.407414">
        <ele>0.626205</ele>
        <time>2026-06-20T12:59:25.748Z</time>
      </trkpt>
      <trkpt lat="52.878543" lon="5.407365">
        <ele>0.677967</ele>
        <time>2026-06-20T12:59:27.810Z</time>
      </trkpt>
      <trkpt lat="52.878669" lon="5.407084">
        <ele>0.821090</ele>
        <time>2026-06-20T12:59:33.382Z</time>
      </trkpt>
      <trkpt lat="52.878671" lon="5.406970">
        <ele>0.870718</ele>
        <time>2026-06-20T12:59:35.157Z</time>
      </trkpt>
      <trkpt lat="52.879150" lon="5.406783">
        <ele>1.112210</ele>
        <time>2026-06-20T12:59:47.146Z</time>
      </trkpt>
      <trkpt lat="52.879427" lon="5.406620">
        <ele>1.319237</ele>
        <time>2026-06-20T12:59:56.511Z</time>
      </trkpt>
      <trkpt lat="52.880158" lon="5.405890">
        <ele>2.276928</ele>
        <time>2026-06-20T13:00:25.285Z</time>
      </trkpt>
      <trkpt lat="52.880639" lon="5.405440">
        <ele>2.583649</ele>
        <time>2026-06-20T13:00:42.754Z</time>
      </trkpt>
      <trkpt lat="52.881045" lon="5.405221">
        <ele>2.700038</ele>
        <time>2026-06-20T13:00:55.777Z</time>
      </trkpt>
      <trkpt lat="52.881459" lon="5.405058">
        <ele>2.764033</ele>
        <time>2026-06-20T13:01:08.293Z</time>
      </trkpt>
      <trkpt lat="52.881582" lon="5.405015">
        <ele>2.711182</ele>
        <time>2026-06-20T13:01:11.913Z</time>
      </trkpt>
      <trkpt lat="52.882261" lon="5.404775">
        <ele>2.477433</ele>
        <time>2026-06-20T13:01:31.316Z</time>
      </trkpt>
      <trkpt lat="52.882386" lon="5.404767">
        <ele>2.404385</ele>
        <time>2026-06-20T13:01:34.735Z</time>
      </trkpt>
      <trkpt lat="52.883124" lon="5.404774">
        <ele>1.885567</ele>
        <time>2026-06-20T13:01:54.723Z</time>
      </trkpt>
      <trkpt lat="52.883952" lon="5.404496">
        <ele>1.063045</ele>
        <time>2026-06-20T13:02:16.687Z</time>
      </trkpt>
      <trkpt lat="52.884071" lon="5.404453">
        <ele>0.897550</ele>
        <time>2026-06-20T13:02:19.754Z</time>
      </trkpt>
      <trkpt lat="52.884193" lon="5.404401">
        <ele>0.702342</ele>
        <time>2026-06-20T13:02:22.917Z</time>
      </trkpt>
      <trkpt lat="52.884319" lon="5.404334">
        <ele>0.496498</ele>
        <time>2026-06-20T13:02:26.213Z</time>
      </trkpt>
      <trkpt lat="52.884425" lon="5.404269">
        <ele>0.336052</ele>
        <time>2026-06-20T13:02:29.087Z</time>
      </trkpt>
      <trkpt lat="52.884524" lon="5.404190">
        <ele>0.186211</ele>
        <time>2026-06-20T13:02:31.878Z</time>
      </trkpt>
      <trkpt lat="52.884538" lon="5.404089">
        <ele>0.121617</ele>
        <time>2026-06-20T13:02:33.488Z</time>
      </trkpt>
      <trkpt lat="52.884637" lon="5.404006">
        <ele>0.007012</ele>
        <time>2026-06-20T13:02:36.350Z</time>
      </trkpt>
      <trkpt lat="52.885267" lon="5.403488">
        <ele>-0.573889</ele>
        <time>2026-06-20T13:02:50.232Z</time>
      </trkpt>
      <trkpt lat="52.885323" lon="5.403441">
        <ele>-0.584080</ele>
        <time>2026-06-20T13:02:51.987Z</time>
      </trkpt>
      <trkpt lat="52.885324" lon="5.403417">
        <ele>-0.585449</ele>
        <time>2026-06-20T13:02:52.404Z</time>
      </trkpt>
      <trkpt lat="52.885325" lon="5.403384">
        <ele>-0.587331</ele>
        <time>2026-06-20T13:02:52.833Z</time>
      </trkpt>
      <trkpt lat="52.885680" lon="5.402999">
        <ele>-0.600000</ele>
        <time>2026-06-20T13:03:02.040Z</time>
      </trkpt>
      <trkpt lat="52.885984" lon="5.402586">
        <ele>-0.579563</ele>
        <time>2026-06-20T13:03:11.175Z</time>
      </trkpt>
      <trkpt lat="52.886063" lon="5.402361">
        <ele>-0.484841</ele>
        <time>2026-06-20T13:03:14.983Z</time>
      </trkpt>
      <trkpt lat="52.886142" lon="5.402260">
        <ele>-0.425295</ele>
        <time>2026-06-20T13:03:17.464Z</time>
      </trkpt>
      <trkpt lat="52.886160" lon="5.402235">
        <ele>-0.411492</ele>
        <time>2026-06-20T13:03:18.049Z</time>
      </trkpt>
      <trkpt lat="52.886183" lon="5.402205">
        <ele>-0.394290</ele>
        <time>2026-06-20T13:03:18.766Z</time>
      </trkpt>
      <trkpt lat="52.886272" lon="5.402094">
        <ele>-0.328827</ele>
        <time>2026-06-20T13:03:21.442Z</time>
      </trkpt>
      <trkpt lat="52.886403" lon="5.402016">
        <ele>-0.301680</ele>
        <time>2026-06-20T13:03:24.722Z</time>
      </trkpt>
      <trkpt lat="52.887092" lon="5.401091">
        <ele>-0.206326</ele>
        <time>2026-06-20T13:03:44.807Z</time>
      </trkpt>
      <trkpt lat="52.887322" lon="5.400868">
        <ele>-0.200000</ele>
        <time>2026-06-20T13:03:50.758Z</time>
      </trkpt>
      <trkpt lat="52.887248" lon="5.400672">
        <ele>-0.200000</ele>
        <time>2026-06-20T13:03:53.860Z</time>
      </trkpt>
      <trkpt lat="52.887287" lon="5.400461">
        <ele>-0.200000</ele>
        <time>2026-06-20T13:03:56.790Z</time>
      </trkpt>
      <trkpt lat="52.887289" lon="5.400214">
        <ele>-0.211068</ele>
        <time>2026-06-20T13:04:00.042Z</time>
      </trkpt>
      <trkpt lat="52.887167" lon="5.399400">
        <ele>-0.320715</ele>
        <time>2026-06-20T13:04:10.849Z</time>
      </trkpt>
      <trkpt lat="52.887158" lon="5.399149">
        <ele>-0.390754</ele>
        <time>2026-06-20T13:04:14.035Z</time>
      </trkpt>
      <trkpt lat="52.887151" lon="5.399108">
        <ele>-0.404381</ele>
        <time>2026-06-20T13:04:14.757Z</time>
      </trkpt>
      <trkpt lat="52.887144" lon="5.399067">
        <ele>-0.418009</ele>
        <time>2026-06-20T13:04:15.478Z</time>
      </trkpt>
      <trkpt lat="52.887137" lon="5.398849">
        <ele>-0.491143</ele>
        <time>2026-06-20T13:04:18.209Z</time>
      </trkpt>
      <trkpt lat="52.886880" lon="5.397167">
        <ele>-1.087337</ele>
        <time>2026-06-20T13:04:39.497Z</time>
      </trkpt>
      <trkpt lat="52.886783" lon="5.396350">
        <ele>-1.206915</ele>
        <time>2026-06-20T13:04:50.023Z</time>
      </trkpt>
      <trkpt lat="52.886781" lon="5.396320">
        <ele>-1.214082</ele>
        <time>2026-06-20T13:04:50.434Z</time>
      </trkpt>
      <trkpt lat="52.886780" lon="5.396291">
        <ele>-1.220980</ele>
        <time>2026-06-20T13:04:50.831Z</time>
      </trkpt>
      <trkpt lat="52.886790" lon="5.396026">
        <ele>-1.281118</ele>
        <time>2026-06-20T13:04:54.257Z</time>
      </trkpt>
      <trkpt lat="52.886127" lon="5.392119">
        <ele>-1.406387</ele>
        <time>2026-06-20T13:05:48.092Z</time>
      </trkpt>
      <trkpt lat="52.885904" lon="5.389978">
        <ele>-1.702968</ele>
        <time>2026-06-20T13:06:16.427Z</time>
      </trkpt>
      <trkpt lat="52.885857" lon="5.388847">
        <ele>-1.898068</ele>
        <time>2026-06-20T13:06:30.885Z</time>
      </trkpt>
      <trkpt lat="52.885757" lon="5.386182">
        <ele>-2.292391</ele>
        <time>2026-06-20T13:07:05.152Z</time>
      </trkpt>
      <trkpt lat="52.885840" lon="5.384918">
        <ele>-2.300000</ele>
        <time>2026-06-20T13:07:22.178Z</time>
      </trkpt>
      <trkpt lat="52.885841" lon="5.384604">
        <ele>-2.300000</ele>
        <time>2026-06-20T13:07:26.403Z</time>
      </trkpt>
      <trkpt lat="52.885788" lon="5.384242">
        <ele>-2.300000</ele>
        <time>2026-06-20T13:07:31.433Z</time>
      </trkpt>
      <trkpt lat="52.885546" lon="5.381872">
        <ele>-2.283400</ele>
        <time>2026-06-20T13:08:03.619Z</time>
      </trkpt>
      <trkpt lat="52.885517" lon="5.381359">
        <ele>-2.200746</ele>
        <time>2026-06-20T13:08:10.815Z</time>
      </trkpt>
      <trkpt lat="52.885006" lon="5.378157">
        <ele>-1.609755</ele>
        <time>2026-06-20T13:08:57.865Z</time>
      </trkpt>
      <trkpt lat="52.884947" lon="5.377720">
        <ele>-1.601604</ele>
        <time>2026-06-20T13:09:03.791Z</time>
      </trkpt>
      <trkpt lat="52.884989" lon="5.377707">
        <ele>-1.603641</ele>
        <time>2026-06-20T13:09:04.991Z</time>
      </trkpt>
      <trkpt lat="52.885014" lon="5.377677">
        <ele>-1.605113</ele>
        <time>2026-06-20T13:09:05.654Z</time>
      </trkpt>
      <trkpt lat="52.885106" lon="5.377641">
        <ele>-1.609620</ele>
        <time>2026-06-20T13:09:07.695Z</time>
      </trkpt>
      <trkpt lat="52.887719" lon="5.376768">
        <ele>-2.287247</ele>
        <time>2026-06-20T13:10:04.568Z</time>
      </trkpt>
      <trkpt lat="52.887858" lon="5.376665">
        <ele>-2.263881</ele>
        <time>2026-06-20T13:10:08.066Z</time>
      </trkpt>
      <trkpt lat="52.887950" lon="5.376549">
        <ele>-2.223567</ele>
        <time>2026-06-20T13:10:10.758Z</time>
      </trkpt>
      <trkpt lat="52.888030" lon="5.376320">
        <ele>-2.165241</ele>
        <time>2026-06-20T13:10:14.512Z</time>
      </trkpt>
      <trkpt lat="52.888052" lon="5.376116">
        <ele>-2.103780</ele>
        <time>2026-06-20T13:10:17.487Z</time>
      </trkpt>
      <trkpt lat="52.887950" lon="5.373730">
        <ele>-1.108195</ele>
        <time>2026-06-20T13:10:53.734Z</time>
      </trkpt>
      <trkpt lat="52.887972" lon="5.373423">
        <ele>-0.982183</ele>
        <time>2026-06-20T13:10:58.429Z</time>
      </trkpt>
      <trkpt lat="52.887937" lon="5.373384">
        <ele>-0.952321</ele>
        <time>2026-06-20T13:10:59.457Z</time>
      </trkpt>
      <trkpt lat="52.888058" lon="5.373356">
        <ele>-0.874936</ele>
        <time>2026-06-20T13:11:02.506Z</time>
      </trkpt>
      <trkpt lat="52.888085" lon="5.373350">
        <ele>-0.861434</ele>
        <time>2026-06-20T13:11:03.151Z</time>
      </trkpt>
      <trkpt lat="52.888126" lon="5.373341">
        <ele>-0.840937</ele>
        <time>2026-06-20T13:11:04.481Z</time>
      </trkpt>
      <trkpt lat="52.888159" lon="5.373333">
        <ele>-0.824408</ele>
        <time>2026-06-20T13:11:05.300Z</time>
      </trkpt>
      <trkpt lat="52.888229" lon="5.373316">
        <ele>-0.789345</ele>
        <time>2026-06-20T13:11:07.522Z</time>
      </trkpt>
      <trkpt lat="52.888443" lon="5.373265">
        <ele>-0.698883</ele>
        <time>2026-06-20T13:11:12.771Z</time>
      </trkpt>
      <trkpt lat="52.888864" lon="5.373159">
        <ele>-0.515415</ele>
        <time>2026-06-20T13:11:22.883Z</time>
      </trkpt>
      <trkpt lat="52.888949" lon="5.373071">
        <ele>-0.475127</ele>
        <time>2026-06-20T13:11:25.240Z</time>
      </trkpt>
      <trkpt lat="52.888994" lon="5.372905">
        <ele>-0.429701</ele>
        <time>2026-06-20T13:11:27.779Z</time>
      </trkpt>
      <trkpt lat="52.888986" lon="5.372098">
        <ele>-0.400000</ele>
        <time>2026-06-20T13:11:38.731Z</time>
      </trkpt>
      <trkpt lat="52.888981" lon="5.371950">
        <ele>-0.397956</ele>
        <time>2026-06-20T13:11:40.721Z</time>
      </trkpt>
      <trkpt lat="52.888979" lon="5.371849">
        <ele>-0.396182</ele>
        <time>2026-06-20T13:11:42.061Z</time>
      </trkpt>
      <trkpt lat="52.888945" lon="5.369458">
        <ele>-0.291823</ele>
        <time>2026-06-20T13:12:14.664Z</time>
      </trkpt>
      <trkpt lat="52.888881" lon="5.368073">
        <ele>-0.007361</ele>
        <time>2026-06-20T13:12:34.317Z</time>
      </trkpt>
      <trkpt lat="52.888759" lon="5.366482">
        <ele>0.197586</ele>
        <time>2026-06-20T13:12:56.780Z</time>
      </trkpt>
      <trkpt lat="52.888510" lon="5.363984">
        <ele>0.400355</ele>
        <time>2026-06-20T13:13:31.534Z</time>
      </trkpt>
      <trkpt lat="52.888392" lon="5.362811">
        <ele>0.495849</ele>
        <time>2026-06-20T13:13:47.926Z</time>
      </trkpt>
      <trkpt lat="52.888314" lon="5.361962">
        <ele>0.511008</ele>
        <time>2026-06-20T13:13:59.524Z</time>
      </trkpt>
      <trkpt lat="52.888305" lon="5.360998">
        <ele>0.603228</ele>
        <time>2026-06-20T13:14:12.810Z</time>
      </trkpt>
      <trkpt lat="52.887926" lon="5.361050">
        <ele>0.685944</ele>
        <time>2026-06-20T13:14:21.471Z</time>
      </trkpt>
      <trkpt lat="52.887844" lon="5.361106">
        <ele>0.700076</ele>
        <time>2026-06-20T13:14:23.496Z</time>
      </trkpt>
      <trkpt lat="52.887787" lon="5.361211">
        <ele>0.714577</ele>
        <time>2026-06-20T13:14:25.459Z</time>
      </trkpt>
      <trkpt lat="52.887613" lon="5.361742">
        <ele>0.792260</ele>
        <time>2026-06-20T13:14:33.813Z</time>
      </trkpt>
      <trkpt lat="52.887593" lon="5.361723">
        <ele>0.793210</ele>
        <time>2026-06-20T13:14:34.333Z</time>
      </trkpt>
      <trkpt lat="52.887563" lon="5.361688">
        <ele>0.794622</ele>
        <time>2026-06-20T13:14:35.181Z</time>
      </trkpt>
      <trkpt lat="52.887461" lon="5.361502">
        <ele>0.800461</ele>
        <time>2026-06-20T13:14:39.745Z</time>
      </trkpt>
      <trkpt lat="52.887384" lon="5.361444">
        <ele>0.813169</ele>
        <time>2026-06-20T13:14:42.300Z</time>
      </trkpt>
      <trkpt lat="52.887000" lon="5.361541">
        <ele>0.887293</ele>
        <time>2026-06-20T13:14:54.089Z</time>
      </trkpt>
      <trkpt lat="52.886744" lon="5.359008">
        <ele>0.668775</ele>
        <time>2026-06-20T13:15:38.425Z</time>
      </trkpt>
      <trkpt lat="52.886699" lon="5.358891">
        <ele>0.626160</ele>
        <time>2026-06-20T13:15:40.799Z</time>
      </trkpt>
      <trkpt lat="52.886714" lon="5.358846">
        <ele>0.608863</ele>
        <time>2026-06-20T13:15:41.658Z</time>
      </trkpt>
      <trkpt lat="52.886694" lon="5.358515">
        <ele>0.510737</ele>
        <time>2026-06-20T13:15:47.190Z</time>
      </trkpt>
      <trkpt lat="52.886680" lon="5.358371">
        <ele>0.477618</ele>
        <time>2026-06-20T13:15:49.595Z</time>
      </trkpt>
      <trkpt lat="52.886657" lon="5.358340">
        <ele>0.466461</ele>
        <time>2026-06-20T13:15:50.423Z</time>
      </trkpt>
      <trkpt lat="52.886591" lon="5.358255">
        <ele>0.437744</ele>
        <time>2026-06-20T13:15:52.752Z</time>
      </trkpt>
      <trkpt lat="52.886510" lon="5.358150">
        <ele>0.404406</ele>
        <time>2026-06-20T13:15:55.616Z</time>
      </trkpt>
      <trkpt lat="52.886484" lon="5.358203">
        <ele>0.391044</ele>
        <time>2026-06-20T13:15:56.762Z</time>
      </trkpt>
      <trkpt lat="52.886332" lon="5.358517">
        <ele>0.297189</ele>
        <time>2026-06-20T13:16:03.490Z</time>
      </trkpt>
      <trkpt lat="52.886300" lon="5.358585">
        <ele>0.275828</ele>
        <time>2026-06-20T13:16:05.018Z</time>
      </trkpt>
      <trkpt lat="52.886323" lon="5.358690">
        <ele>0.247897</ele>
        <time>2026-06-20T13:16:06.847Z</time>
      </trkpt>
      <trkpt lat="52.886337" lon="5.358846">
        <ele>0.208462</ele>
        <time>2026-06-20T13:16:09.677Z</time>
      </trkpt>
      <trkpt lat="52.886363" lon="5.359031">
        <ele>0.200000</ele>
        <time>2026-06-20T13:16:13.008Z</time>
      </trkpt>
      <trkpt lat="52.886375" lon="5.359163">
        <ele>0.200000</ele>
        <time>2026-06-20T13:16:15.284Z</time>
      </trkpt>
      <trkpt lat="52.886375" lon="5.359198">
        <ele>0.200000</ele>
        <time>2026-06-20T13:16:15.910Z</time>
      </trkpt>
      <trkpt lat="52.886401" lon="5.359190">
        <ele>0.200000</ele>
        <time>2026-06-20T13:16:17.715Z</time>
      </trkpt>
      <trkpt lat="52.886418" lon="5.359186">
        <ele>0.204219</ele>
        <time>2026-06-20T13:16:18.951Z</time>
      </trkpt>
      <trkpt lat="52.886421" lon="5.359216">
        <ele>0.209504</ele>
        <time>2026-06-20T13:16:20.227Z</time>
      </trkpt>
      <trkpt lat="52.886436" lon="5.359356">
        <ele>0.234215</ele>
        <time>2026-06-20T13:16:26.207Z</time>
      </trkpt>
      <trkpt lat="52.886464" lon="5.359593">
        <ele>0.279530</ele>
        <time>2026-06-20T13:16:36.327Z</time>
      </trkpt>
      <trkpt lat="52.886436" lon="5.359356">
        <ele>0.333778</ele>
        <time>2026-06-20T13:16:46.447Z</time>
      </trkpt>
      <trkpt lat="52.886421" lon="5.359216">
        <ele>0.359087</ele>
        <time>2026-06-20T13:16:52.428Z</time>
      </trkpt>
      <trkpt lat="52.886418" lon="5.359186">
        <ele>0.363293</ele>
        <time>2026-06-20T13:16:53.703Z</time>
      </trkpt>
      <trkpt lat="52.886401" lon="5.359190">
        <ele>0.367230</ele>
        <time>2026-06-20T13:16:54.939Z</time>
      </trkpt>
      <trkpt lat="52.886375" lon="5.359198">
        <ele>0.373292</ele>
        <time>2026-06-20T13:16:56.745Z</time>
      </trkpt>
      <trkpt lat="52.886375" lon="5.359163">
        <ele>0.378134</ele>
        <time>2026-06-20T13:16:57.384Z</time>
      </trkpt>
      <trkpt lat="52.886363" lon="5.359031">
        <ele>0.396600</ele>
        <time>2026-06-20T13:16:59.923Z</time>
      </trkpt>
      <trkpt lat="52.886454" lon="5.359005">
        <ele>0.400000</ele>
        <time>2026-06-20T13:17:02.606Z</time>
      </trkpt>
      <trkpt lat="52.886553" lon="5.358978">
        <ele>0.400000</ele>
        <time>2026-06-20T13:17:05.595Z</time>
      </trkpt>
      <trkpt lat="52.886594" lon="5.358965">
        <ele>0.400000</ele>
        <time>2026-06-20T13:17:06.814Z</time>
      </trkpt>
      <trkpt lat="52.886681" lon="5.358942">
        <ele>0.432850</ele>
        <time>2026-06-20T13:17:09.518Z</time>
      </trkpt>
      <trkpt lat="52.886699" lon="5.358891">
        <ele>0.446984</ele>
        <time>2026-06-20T13:17:10.534Z</time>
      </trkpt>
      <trkpt lat="52.886744" lon="5.359008">
        <ele>0.480175</ele>
        <time>2026-06-20T13:17:13.226Z</time>
      </trkpt>
      <trkpt lat="52.887000" lon="5.361541">
        <ele>0.876996</ele>
        <time>2026-06-20T13:18:00.283Z</time>
      </trkpt>
      <trkpt lat="52.887384" lon="5.361444">
        <ele>0.814453</ele>
        <time>2026-06-20T13:18:11.224Z</time>
      </trkpt>
      <trkpt lat="52.887461" lon="5.361502">
        <ele>0.803139</ele>
        <time>2026-06-20T13:18:13.649Z</time>
      </trkpt>
      <trkpt lat="52.887563" lon="5.361688">
        <ele>0.759211</ele>
        <time>2026-06-20T13:18:17.972Z</time>
      </trkpt>
      <trkpt lat="52.887593" lon="5.361723">
        <ele>0.747541</ele>
        <time>2026-06-20T13:18:18.750Z</time>
      </trkpt>
      <trkpt lat="52.887613" lon="5.361742">
        <ele>0.740209</ele>
        <time>2026-06-20T13:18:19.240Z</time>
      </trkpt>
      <trkpt lat="52.887787" lon="5.361211">
        <ele>0.678670</ele>
        <time>2026-06-20T13:18:27.088Z</time>
      </trkpt>
      <trkpt lat="52.887844" lon="5.361106">
        <ele>0.661013</ele>
        <time>2026-06-20T13:18:28.912Z</time>
      </trkpt>
      <trkpt lat="52.887926" lon="5.361050">
        <ele>0.641056</ele>
        <time>2026-06-20T13:18:30.844Z</time>
      </trkpt>
      <trkpt lat="52.888305" lon="5.360998">
        <ele>0.599759</ele>
        <time>2026-06-20T13:18:39.064Z</time>
      </trkpt>
      <trkpt lat="52.888308" lon="5.360839">
        <ele>0.592382</ele>
        <time>2026-06-20T13:18:41.148Z</time>
      </trkpt>
      <trkpt lat="52.888336" lon="5.359228">
        <ele>0.505311</ele>
        <time>2026-06-20T13:19:09.445Z</time>
      </trkpt>
      <trkpt lat="52.888395" lon="5.358822">
        <ele>0.461378</ele>
        <time>2026-06-20T13:19:16.597Z</time>
      </trkpt>
      <trkpt lat="52.888438" lon="5.358676">
        <ele>0.437140</ele>
        <time>2026-06-20T13:19:19.348Z</time>
      </trkpt>
      <trkpt lat="52.888483" lon="5.358550">
        <ele>0.413006</ele>
        <time>2026-06-20T13:19:21.829Z</time>
      </trkpt>
      <trkpt lat="52.888558" lon="5.358392">
        <ele>0.367727</ele>
        <time>2026-06-20T13:19:25.202Z</time>
      </trkpt>
      <trkpt lat="52.888779" lon="5.358190">
        <ele>0.212338</ele>
        <time>2026-06-20T13:19:32.114Z</time>
      </trkpt>
      <trkpt lat="52.888810" lon="5.358203">
        <ele>0.191390</ele>
        <time>2026-06-20T13:19:32.991Z</time>
      </trkpt>
      <trkpt lat="52.888906" lon="5.358158">
        <ele>0.126034</ele>
        <time>2026-06-20T13:19:36.472Z</time>
      </trkpt>
      <trkpt lat="52.888972" lon="5.358184">
        <ele>0.083305</ele>
        <time>2026-06-20T13:19:38.827Z</time>
      </trkpt>
      <trkpt lat="52.889206" lon="5.358453">
        <ele>-0.095051</ele>
        <time>2026-06-20T13:19:48.693Z</time>
      </trkpt>
      <trkpt lat="52.889210" lon="5.358458">
        <ele>-0.098328</ele>
        <time>2026-06-20T13:19:48.860Z</time>
      </trkpt>
      <trkpt lat="52.889832" lon="5.359204">
        <ele>-0.596923</ele>
        <time>2026-06-20T13:20:04.315Z</time>
      </trkpt>
      <trkpt lat="52.890152" lon="5.359441">
        <ele>-0.774423</ele>
        <time>2026-06-20T13:20:11.534Z</time>
      </trkpt>
      <trkpt lat="52.891740" lon="5.360442">
        <ele>-1.301592</ele>
        <time>2026-06-20T13:20:47.413Z</time>
      </trkpt>
      <trkpt lat="52.891982" lon="5.360694">
        <ele>-1.396874</ele>
        <time>2026-06-20T13:20:53.379Z</time>
      </trkpt>
      <trkpt lat="52.892260" lon="5.361048">
        <ele>-1.498498</ele>
        <time>2026-06-20T13:21:00.752Z</time>
      </trkpt>
      <trkpt lat="52.892548" lon="5.361509">
        <ele>-1.586393</ele>
        <time>2026-06-20T13:21:09.334Z</time>
      </trkpt>
      <trkpt lat="52.892802" lon="5.362050">
        <ele>-1.600000</ele>
        <time>2026-06-20T13:21:18.407Z</time>
      </trkpt>
      <trkpt lat="52.893270" lon="5.363267">
        <ele>-1.585440</ele>
        <time>2026-06-20T13:21:38.030Z</time>
      </trkpt>
      <trkpt lat="52.893282" lon="5.363299">
        <ele>-1.580855</ele>
        <time>2026-06-20T13:21:38.579Z</time>
      </trkpt>
      <trkpt lat="52.893776" lon="5.364450">
        <ele>-1.405445</ele>
        <time>2026-06-20T13:21:58.362Z</time>
      </trkpt>
      <trkpt lat="52.894296" lon="5.365376">
        <ele>-1.296575</ele>
        <time>2026-06-20T13:22:15.676Z</time>
      </trkpt>
      <trkpt lat="52.894699" lon="5.365910">
        <ele>-1.207091</ele>
        <time>2026-06-20T13:22:27.409Z</time>
      </trkpt>
      <trkpt lat="52.895573" lon="5.366827">
        <ele>-1.217848</ele>
        <time>2026-06-20T13:22:50.587Z</time>
      </trkpt>
      <trkpt lat="52.897066" lon="5.368341">
        <ele>-1.491527</ele>
        <time>2026-06-20T13:23:28.407Z</time>
      </trkpt>
      <trkpt lat="52.897411" lon="5.368746">
        <ele>-1.506145</ele>
        <time>2026-06-20T13:23:37.609Z</time>
      </trkpt>
      <trkpt lat="52.898000" lon="5.369546">
        <ele>-1.582221</ele>
        <time>2026-06-20T13:23:54.328Z</time>
      </trkpt>
      <trkpt lat="52.898393" lon="5.370145">
        <ele>-1.501432</ele>
        <time>2026-06-20T13:24:06.513Z</time>
      </trkpt>
      <trkpt lat="52.898823" lon="5.371032">
        <ele>-1.404365</ele>
        <time>2026-06-20T13:24:22.119Z</time>
      </trkpt>
      <trkpt lat="52.898837" lon="5.371062">
        <ele>-1.403443</ele>
        <time>2026-06-20T13:24:22.659Z</time>
      </trkpt>
      <trkpt lat="52.899051" lon="5.371563">
        <ele>-1.387981</ele>
        <time>2026-06-20T13:24:31.042Z</time>
      </trkpt>
      <trkpt lat="52.899210" lon="5.372183">
        <ele>-1.298629</ele>
        <time>2026-06-20T13:24:40.390Z</time>
      </trkpt>
      <trkpt lat="52.899331" lon="5.372762">
        <ele>-1.203523</ele>
        <time>2026-06-20T13:24:48.833Z</time>
      </trkpt>
      <trkpt lat="52.899856" lon="5.375946">
        <ele>-0.802841</ele>
        <time>2026-06-20T13:25:34.962Z</time>
      </trkpt>
      <trkpt lat="52.900342" lon="5.377198">
        <ele>-0.703450</ele>
        <time>2026-06-20T13:25:55.265Z</time>
      </trkpt>
      <trkpt lat="52.900801" lon="5.378220">
        <ele>-0.715945</ele>
        <time>2026-06-20T13:26:12.174Z</time>
      </trkpt>
      <trkpt lat="52.900944" lon="5.378749">
        <ele>-0.795569</ele>
        <time>2026-06-20T13:26:19.758Z</time>
      </trkpt>
      <trkpt lat="52.901231" lon="5.379935">
        <ele>-0.899055</ele>
        <time>2026-06-20T13:26:36.506Z</time>
      </trkpt>
      <trkpt lat="52.901241" lon="5.379965">
        <ele>-0.901550</ele>
        <time>2026-06-20T13:26:36.971Z</time>
      </trkpt>
      <trkpt lat="52.901579" lon="5.381057">
        <ele>-0.998085</ele>
        <time>2026-06-20T13:26:53.062Z</time>
      </trkpt>
      <trkpt lat="52.901967" lon="5.382773">
        <ele>-1.102381</ele>
        <time>2026-06-20T13:27:17.087Z</time>
      </trkpt>
      <trkpt lat="52.902323" lon="5.383804">
        <ele>-1.195140</ele>
        <time>2026-06-20T13:27:32.800Z</time>
      </trkpt>
      <trkpt lat="52.902546" lon="5.384360">
        <ele>-1.200000</ele>
        <time>2026-06-20T13:27:41.727Z</time>
      </trkpt>
      <trkpt lat="52.903189" lon="5.385344">
        <ele>-1.192489</ele>
        <time>2026-06-20T13:28:01.276Z</time>
      </trkpt>
      <trkpt lat="52.903571" lon="5.386368">
        <ele>-1.105737</ele>
        <time>2026-06-20T13:28:17.722Z</time>
      </trkpt>
      <trkpt lat="52.903853" lon="5.386922">
        <ele>-1.090526</ele>
        <time>2026-06-20T13:28:27.615Z</time>
      </trkpt>
      <trkpt lat="52.904203" lon="5.387470">
        <ele>-1.002435</ele>
        <time>2026-06-20T13:28:38.558Z</time>
      </trkpt>
      <trkpt lat="52.904780" lon="5.388198">
        <ele>-0.891979</ele>
        <time>2026-06-20T13:28:55.232Z</time>
      </trkpt>
      <trkpt lat="52.904966" lon="5.388578">
        <ele>-0.788623</ele>
        <time>2026-06-20T13:29:02.128Z</time>
      </trkpt>
      <trkpt lat="52.905050" lon="5.388845">
        <ele>-0.707867</ele>
        <time>2026-06-20T13:29:06.401Z</time>
      </trkpt>
      <trkpt lat="52.905139" lon="5.389246">
        <ele>-0.603796</ele>
        <time>2026-06-20T13:29:12.536Z</time>
      </trkpt>
      <trkpt lat="52.905354" lon="5.390661">
        <ele>-0.317611</ele>
        <time>2026-06-20T13:29:33.303Z</time>
      </trkpt>
      <trkpt lat="52.905355" lon="5.390933">
        <ele>-0.297807</ele>
        <time>2026-06-20T13:29:37.089Z</time>
      </trkpt>
      <trkpt lat="52.905275" lon="5.391222">
        <ele>-0.263830</ele>
        <time>2026-06-20T13:29:41.515Z</time>
      </trkpt>
      <trkpt lat="52.905262" lon="5.391252">
        <ele>-0.259726</ele>
        <time>2026-06-20T13:29:42.053Z</time>
      </trkpt>
      <trkpt lat="52.905253" lon="5.391269">
        <ele>-0.255988</ele>
        <time>2026-06-20T13:29:42.369Z</time>
      </trkpt>
      <trkpt lat="52.905243" lon="5.391288">
        <ele>-0.251820</ele>
        <time>2026-06-20T13:29:42.707Z</time>
      </trkpt>
      <trkpt lat="52.905192" lon="5.391394">
        <ele>-0.229410</ele>
        <time>2026-06-20T13:29:44.586Z</time>
      </trkpt>
      <trkpt lat="52.905168" lon="5.391440">
        <ele>-0.219357</ele>
        <time>2026-06-20T13:29:45.423Z</time>
      </trkpt>
      <trkpt lat="52.905161" lon="5.391452">
        <ele>-0.216598</ele>
        <time>2026-06-20T13:29:45.731Z</time>
      </trkpt>
      <trkpt lat="52.905113" lon="5.391541">
        <ele>-0.197739</ele>
        <time>2026-06-20T13:29:47.891Z</time>
      </trkpt>
      <trkpt lat="52.905108" lon="5.391551">
        <ele>-0.196698</ele>
        <time>2026-06-20T13:29:48.144Z</time>
      </trkpt>
      <trkpt lat="52.905083" lon="5.391587">
        <ele>-0.192300</ele>
        <time>2026-06-20T13:29:48.890Z</time>
      </trkpt>
      <trkpt lat="52.904589" lon="5.392308">
        <ele>-0.105980</ele>
        <time>2026-06-20T13:30:03.824Z</time>
      </trkpt>
      <trkpt lat="52.904501" lon="5.392493">
        <ele>-0.101601</ele>
        <time>2026-06-20T13:30:06.982Z</time>
      </trkpt>
      <trkpt lat="52.904442" lon="5.392702">
        <ele>-0.100573</ele>
        <time>2026-06-20T13:30:10.070Z</time>
      </trkpt>
      <trkpt lat="52.904396" lon="5.393035">
        <ele>-0.117388</ele>
        <time>2026-06-20T13:30:14.630Z</time>
      </trkpt>
      <trkpt lat="52.904383" lon="5.393517">
        <ele>-0.181213</ele>
        <time>2026-06-20T13:30:21.043Z</time>
      </trkpt>
      <trkpt lat="52.904411" lon="5.393957">
        <ele>-0.199919</ele>
        <time>2026-06-20T13:30:26.939Z</time>
      </trkpt>
      <trkpt lat="52.904478" lon="5.394313">
        <ele>-0.200000</ele>
        <time>2026-06-20T13:30:31.912Z</time>
      </trkpt>
      <trkpt lat="52.904493" lon="5.394377">
        <ele>-0.200000</ele>
        <time>2026-06-20T13:30:32.822Z</time>
      </trkpt>
      <trkpt lat="52.904509" lon="5.394446">
        <ele>-0.200209</ele>
        <time>2026-06-20T13:30:33.798Z</time>
      </trkpt>
      <trkpt lat="52.904544" lon="5.394574">
        <ele>-0.200677</ele>
        <time>2026-06-20T13:30:35.661Z</time>
      </trkpt>
      <trkpt lat="52.904618" lon="5.394794">
        <ele>-0.207956</ele>
        <time>2026-06-20T13:30:38.952Z</time>
      </trkpt>
      <trkpt lat="52.905316" lon="5.396817">
        <ele>-0.420389</ele>
        <time>2026-06-20T13:31:09.319Z</time>
      </trkpt>
      <trkpt lat="52.905363" lon="5.397126">
        <ele>-0.473040</ele>
        <time>2026-06-20T13:31:13.502Z</time>
      </trkpt>
      <trkpt lat="52.905389" lon="5.397684">
        <ele>-0.500084</ele>
        <time>2026-06-20T13:31:20.834Z</time>
      </trkpt>
      <trkpt lat="52.905399" lon="5.397900">
        <ele>-0.509161</ele>
        <time>2026-06-20T13:31:23.670Z</time>
      </trkpt>
      <trkpt lat="52.905499" lon="5.399348">
        <ele>-0.608253</ele>
        <time>2026-06-20T13:31:42.767Z</time>
      </trkpt>
      <trkpt lat="52.905640" lon="5.400735">
        <ele>-0.791675</ele>
        <time>2026-06-20T13:32:01.044Z</time>
      </trkpt>
      <trkpt lat="52.905731" lon="5.401155">
        <ele>-0.816179</ele>
        <time>2026-06-20T13:32:06.892Z</time>
      </trkpt>
      <trkpt lat="52.905893" lon="5.401590">
        <ele>-0.883063</ele>
        <time>2026-06-20T13:32:13.610Z</time>
      </trkpt>
      <trkpt lat="52.906216" lon="5.402152">
        <ele>-0.902325</ele>
        <time>2026-06-20T13:32:23.868Z</time>
      </trkpt>
      <trkpt lat="52.907822" lon="5.404272">
        <ele>-0.994658</ele>
        <time>2026-06-20T13:33:09.398Z</time>
      </trkpt>
      <trkpt lat="52.909510" lon="5.406635">
        <ele>-0.804552</ele>
        <time>2026-06-20T13:33:58.944Z</time>
      </trkpt>
      <trkpt lat="52.910467" lon="5.407893">
        <ele>-0.805634</ele>
        <time>2026-06-20T13:34:26.135Z</time>
      </trkpt>
      <trkpt lat="52.911094" lon="5.408619">
        <ele>-0.904236</ele>
        <time>2026-06-20T13:34:42.867Z</time>
      </trkpt>
      <trkpt lat="52.911525" lon="5.408986">
        <ele>-0.987267</ele>
        <time>2026-06-20T13:34:53.455Z</time>
      </trkpt>
      <trkpt lat="52.913604" lon="5.410568">
        <ele>-0.908728</ele>
        <time>2026-06-20T13:35:44.634Z</time>
      </trkpt>
      <trkpt lat="52.914631" lon="5.411316">
        <ele>-1.101196</ele>
        <time>2026-06-20T13:36:08.930Z</time>
      </trkpt>
      <trkpt lat="52.915080" lon="5.411600">
        <ele>-1.193978</ele>
        <time>2026-06-20T13:36:19.202Z</time>
      </trkpt>
      <trkpt lat="52.915576" lon="5.411815">
        <ele>-1.211138</ele>
        <time>2026-06-20T13:36:30.327Z</time>
      </trkpt>
      <trkpt lat="52.916093" lon="5.411868">
        <ele>-1.274322</ele>
        <time>2026-06-20T13:36:41.739Z</time>
      </trkpt>
      <trkpt lat="52.916456" lon="5.411759">
        <ele>-1.211131</ele>
        <time>2026-06-20T13:36:50.023Z</time>
      </trkpt>
      <trkpt lat="52.919059" lon="5.410454">
        <ele>-1.003743</ele>
        <time>2026-06-20T13:37:51.519Z</time>
      </trkpt>
      <trkpt lat="52.919289" lon="5.410272">
        <ele>-1.000000</ele>
        <time>2026-06-20T13:37:57.121Z</time>
      </trkpt>
      <trkpt lat="52.919694" lon="5.409859">
        <ele>-1.000000</ele>
        <time>2026-06-20T13:38:07.631Z</time>
      </trkpt>
      <trkpt lat="52.919871" lon="5.409777">
        <ele>-1.000000</ele>
        <time>2026-06-20T13:38:11.710Z</time>
      </trkpt>
      <trkpt lat="52.920014" lon="5.409774">
        <ele>-1.000000</ele>
        <time>2026-06-20T13:38:14.909Z</time>
      </trkpt>
      <trkpt lat="52.920528" lon="5.409909">
        <ele>-0.981780</ele>
        <time>2026-06-20T13:38:26.759Z</time>
      </trkpt>
      <trkpt lat="52.921688" lon="5.409975">
        <ele>-0.724936</ele>
        <time>2026-06-20T13:38:53.555Z</time>
      </trkpt>
      <trkpt lat="52.922671" lon="5.410240">
        <ele>-0.700000</ele>
        <time>2026-06-20T13:39:15.746Z</time>
      </trkpt>
      <trkpt lat="52.922705" lon="5.410250">
        <ele>-0.700000</ele>
        <time>2026-06-20T13:39:16.506Z</time>
      </trkpt>
      <trkpt lat="52.922976" lon="5.410299">
        <ele>-0.700000</ele>
        <time>2026-06-20T13:39:22.461Z</time>
      </trkpt>
      <trkpt lat="52.923411" lon="5.410314">
        <ele>-0.686702</ele>
        <time>2026-06-20T13:39:32.180Z</time>
      </trkpt>
      <trkpt lat="52.924222" lon="5.410270">
        <ele>-0.497779</ele>
        <time>2026-06-20T13:39:51.127Z</time>
      </trkpt>
      <trkpt lat="52.924556" lon="5.410264">
        <ele>-0.400357</ele>
        <time>2026-06-20T13:39:58.969Z</time>
      </trkpt>
      <trkpt lat="52.924895" lon="5.410339">
        <ele>-0.301390</ele>
        <time>2026-06-20T13:40:06.902Z</time>
      </trkpt>
      <trkpt lat="52.925280" lon="5.410287">
        <ele>-0.223589</ele>
        <time>2026-06-20T13:40:15.721Z</time>
      </trkpt>
      <trkpt lat="52.926495" lon="5.410165">
        <ele>-0.394933</ele>
        <time>2026-06-20T13:40:42.343Z</time>
      </trkpt>
      <trkpt lat="52.927460" lon="5.409938">
        <ele>-0.400000</ele>
        <time>2026-06-20T13:41:03.766Z</time>
      </trkpt>
      <trkpt lat="52.927741" lon="5.409765">
        <ele>-0.400000</ele>
        <time>2026-06-20T13:41:10.461Z</time>
      </trkpt>
      <trkpt lat="52.927941" lon="5.409578">
        <ele>-0.400000</ele>
        <time>2026-06-20T13:41:15.550Z</time>
      </trkpt>
      <trkpt lat="52.928179" lon="5.409281">
        <ele>-0.410459</ele>
        <time>2026-06-20T13:41:22.091Z</time>
      </trkpt>
      <trkpt lat="52.928388" lon="5.408963">
        <ele>-0.494412</ele>
        <time>2026-06-20T13:41:28.253Z</time>
      </trkpt>
      <trkpt lat="52.929173" lon="5.407527">
        <ele>-0.793893</ele>
        <time>2026-06-20T13:41:53.039Z</time>
      </trkpt>
      <trkpt lat="52.929600" lon="5.406921">
        <ele>-0.888494</ele>
        <time>2026-06-20T13:42:05.242Z</time>
      </trkpt>
      <trkpt lat="52.930523" lon="5.405694">
        <ele>-0.697103</ele>
        <time>2026-06-20T13:42:32.351Z</time>
      </trkpt>
      <trkpt lat="52.930892" lon="5.405341">
        <ele>-0.599695</ele>
        <time>2026-06-20T13:42:42.348Z</time>
      </trkpt>
      <trkpt lat="52.932475" lon="5.404574">
        <ele>-0.220208</ele>
        <time>2026-06-20T13:43:20.362Z</time>
      </trkpt>
      <trkpt lat="52.933253" lon="5.404344">
        <ele>-0.200000</ele>
        <time>2026-06-20T13:43:38.209Z</time>
      </trkpt>
      <trkpt lat="52.934348" lon="5.403726">
        <ele>-0.200000</ele>
        <time>2026-06-20T13:44:03.903Z</time>
      </trkpt>
      <trkpt lat="52.934949" lon="5.403442">
        <ele>-0.196283</ele>
        <time>2026-06-20T13:44:17.813Z</time>
      </trkpt>
      <trkpt lat="52.935964" lon="5.403018">
        <ele>-0.105361</ele>
        <time>2026-06-20T13:44:41.375Z</time>
      </trkpt>
      <trkpt lat="52.936539" lon="5.402846">
        <ele>-0.100000</ele>
        <time>2026-06-20T13:44:54.454Z</time>
      </trkpt>
      <trkpt lat="52.936658" lon="5.402826">
        <ele>-0.100000</ele>
        <time>2026-06-20T13:44:57.099Z</time>
      </trkpt>
      <trkpt lat="52.936768" lon="5.402870">
        <ele>-0.100000</ele>
        <time>2026-06-20T13:44:59.592Z</time>
      </trkpt>
      <trkpt lat="52.936926" lon="5.402743">
        <ele>-0.100000</ele>
        <time>2026-06-20T13:45:03.474Z</time>
      </trkpt>
      <trkpt lat="52.937966" lon="5.402482">
        <ele>-0.100000</ele>
        <time>2026-06-20T13:45:26.697Z</time>
      </trkpt>
      <trkpt lat="52.939030" lon="5.402371">
        <ele>-0.087776</ele>
        <time>2026-06-20T13:45:50.604Z</time>
      </trkpt>
      <trkpt lat="52.939464" lon="5.402321">
        <ele>0.018967</ele>
        <time>2026-06-20T13:46:03.776Z</time>
      </trkpt>
      <trkpt lat="52.939470" lon="5.402495">
        <ele>0.067765</ele>
        <time>2026-06-20T13:46:06.284Z</time>
      </trkpt>
      <trkpt lat="52.939423" lon="5.402852">
        <ele>0.098105</ele>
        <time>2026-06-20T13:46:11.616Z</time>
      </trkpt>
      <trkpt lat="52.939458" lon="5.403142">
        <ele>0.128768</ele>
        <time>2026-06-20T13:46:16.955Z</time>
      </trkpt>
      <trkpt lat="52.939523" lon="5.403442">
        <ele>0.171799</ele>
        <time>2026-06-20T13:46:22.632Z</time>
      </trkpt>
      <trkpt lat="52.939548" lon="5.403506">
        <ele>0.181224</ele>
        <time>2026-06-20T13:46:23.969Z</time>
      </trkpt>
      <trkpt lat="52.939558" lon="5.403533">
        <ele>0.185140</ele>
        <time>2026-06-20T13:46:24.543Z</time>
      </trkpt>
      <trkpt lat="52.939593" lon="5.403610">
        <ele>0.197058</ele>
        <time>2026-06-20T13:46:26.243Z</time>
      </trkpt>
      <trkpt lat="52.939780" lon="5.403878">
        <ele>0.200000</ele>
        <time>2026-06-20T13:46:33.481Z</time>
      </trkpt>
      <trkpt lat="52.939879" lon="5.404004">
        <ele>0.200000</ele>
        <time>2026-06-20T13:46:37.122Z</time>
      </trkpt>
      <trkpt lat="52.939780" lon="5.403878">
        <ele>0.200000</ele>
        <time>2026-06-20T13:46:40.782Z</time>
      </trkpt>
      <trkpt lat="52.939593" lon="5.403610">
        <ele>0.200000</ele>
        <time>2026-06-20T13:46:48.037Z</time>
      </trkpt>
      <trkpt lat="52.939558" lon="5.403533">
        <ele>0.200000</ele>
        <time>2026-06-20T13:46:49.733Z</time>
      </trkpt>
      <trkpt lat="52.939548" lon="5.403506">
        <ele>0.200000</ele>
        <time>2026-06-20T13:46:50.292Z</time>
      </trkpt>
      <trkpt lat="52.939523" lon="5.403442">
        <ele>0.200000</ele>
        <time>2026-06-20T13:46:51.636Z</time>
      </trkpt>
      <trkpt lat="52.939458" lon="5.403142">
        <ele>0.170449</ele>
        <time>2026-06-20T13:46:57.233Z</time>
      </trkpt>
      <trkpt lat="52.939423" lon="5.402852">
        <ele>0.130441</ele>
        <time>2026-06-20T13:47:02.379Z</time>
      </trkpt>
      <trkpt lat="52.939470" lon="5.402495">
        <ele>0.100000</ele>
        <time>2026-06-20T13:47:07.368Z</time>
      </trkpt>
      <trkpt lat="52.939464" lon="5.402321">
        <ele>0.100000</ele>
        <time>2026-06-20T13:47:09.773Z</time>
      </trkpt>
      <trkpt lat="52.939675" lon="5.402234">
        <ele>0.100000</ele>
        <time>2026-06-20T13:47:16.016Z</time>
      </trkpt>
      <trkpt lat="52.939884" lon="5.402083">
        <ele>0.100000</ele>
        <time>2026-06-20T13:47:22.590Z</time>
      </trkpt>
      <trkpt lat="52.940264" lon="5.401613">
        <ele>0.105191</ele>
        <time>2026-06-20T13:47:36.548Z</time>
      </trkpt>
      <trkpt lat="52.941153" lon="5.400366">
        <ele>0.301780</ele>
        <time>2026-06-20T13:48:11.598Z</time>
      </trkpt>
      <trkpt lat="52.941467" lon="5.400932">
        <ele>0.391249</ele>
        <time>2026-06-20T13:48:25.476Z</time>
      </trkpt>
      <trkpt lat="52.941620" lon="5.401220">
        <ele>0.428873</ele>
        <time>2026-06-20T13:48:32.462Z</time>
      </trkpt>
      <trkpt lat="52.941841" lon="5.401617">
        <ele>0.568822</ele>
        <time>2026-06-20T13:48:42.456Z</time>
      </trkpt>
      <trkpt lat="52.941945" lon="5.401792">
        <ele>0.598290</ele>
        <time>2026-06-20T13:48:48.111Z</time>
      </trkpt>
      <trkpt lat="52.941964" lon="5.401820">
        <ele>0.598561</ele>
        <time>2026-06-20T13:48:48.879Z</time>
      </trkpt>
      <trkpt lat="52.942130" lon="5.402063">
        <ele>0.570895</ele>
        <time>2026-06-20T13:48:55.228Z</time>
      </trkpt>
      <trkpt lat="52.942464" lon="5.402375">
        <ele>0.409389</ele>
        <time>2026-06-20T13:49:05.942Z</time>
      </trkpt>
      <trkpt lat="52.942768" lon="5.402642">
        <ele>0.298212</ele>
        <time>2026-06-20T13:49:15.573Z</time>
      </trkpt>
      <trkpt lat="52.942584" lon="5.403050">
        <ele>0.207185</ele>
        <time>2026-06-20T13:49:24.163Z</time>
      </trkpt>
      <trkpt lat="52.942538" lon="5.403150">
        <ele>0.180739</ele>
        <time>2026-06-20T13:49:26.851Z</time>
      </trkpt>
      <trkpt lat="52.942519" lon="5.403198">
        <ele>0.168666</ele>
        <time>2026-06-20T13:49:27.818Z</time>
      </trkpt>
      <trkpt lat="52.943047" lon="5.403720">
        <ele>-0.201392</ele>
        <time>2026-06-20T13:49:44.606Z</time>
      </trkpt>
      <trkpt lat="52.943091" lon="5.403870">
        <ele>-0.265865</ele>
        <time>2026-06-20T13:49:47.302Z</time>
      </trkpt>
      <trkpt lat="52.943066" lon="5.403988">
        <ele>-0.312338</ele>
        <time>2026-06-20T13:49:49.286Z</time>
      </trkpt>
      <trkpt lat="52.942711" lon="5.404738">
        <ele>-0.593538</ele>
        <time>2026-06-20T13:50:05.218Z</time>
      </trkpt>
      <trkpt lat="52.942130" lon="5.405511">
        <ele>-0.886139</ele>
        <time>2026-06-20T13:50:25.876Z</time>
      </trkpt>
      <trkpt lat="52.942036" lon="5.405716">
        <ele>-0.896857</ele>
        <time>2026-06-20T13:50:30.289Z</time>
      </trkpt>
      <trkpt lat="52.941990" lon="5.405883">
        <ele>-0.899100</ele>
        <time>2026-06-20T13:50:33.489Z</time>
      </trkpt>
      <trkpt lat="52.941943" lon="5.406155">
        <ele>-0.892740</ele>
        <time>2026-06-20T13:50:38.469Z</time>
      </trkpt>
      <trkpt lat="52.941892" lon="5.407046">
        <ele>-0.802035</ele>
        <time>2026-06-20T13:50:54.738Z</time>
      </trkpt>
      <trkpt lat="52.941907" lon="5.408154">
        <ele>-0.706958</ele>
        <time>2026-06-20T13:51:14.625Z</time>
      </trkpt>
      <trkpt lat="52.941852" lon="5.408606">
        <ele>-0.705274</ele>
        <time>2026-06-20T13:51:22.755Z</time>
      </trkpt>
      <trkpt lat="52.941864" lon="5.408780">
        <ele>-0.710529</ele>
        <time>2026-06-20T13:51:25.085Z</time>
      </trkpt>
      <trkpt lat="52.941940" lon="5.409286">
        <ele>-0.822504</ele>
        <time>2026-06-20T13:51:31.838Z</time>
      </trkpt>
      <trkpt lat="52.942132" lon="5.411104">
        <ele>-1.474368</ele>
        <time>2026-06-20T13:51:54.344Z</time>
      </trkpt>
      <trkpt lat="52.942324" lon="5.412572">
        <ele>-1.688735</ele>
        <time>2026-06-20T13:52:13.630Z</time>
      </trkpt>
      <trkpt lat="52.942460" lon="5.413180">
        <ele>-1.692149</ele>
        <time>2026-06-20T13:52:22.468Z</time>
      </trkpt>
      <trkpt lat="52.942979" lon="5.415134">
        <ele>-1.400341</ele>
        <time>2026-06-20T13:52:52.314Z</time>
      </trkpt>
      <trkpt lat="52.943480" lon="5.417177">
        <ele>-1.094112</ele>
        <time>2026-06-20T13:53:22.992Z</time>
      </trkpt>
      <trkpt lat="52.943529" lon="5.417657">
        <ele>-1.009855</ele>
        <time>2026-06-20T13:53:29.740Z</time>
      </trkpt>
      <trkpt lat="52.943588" lon="5.417891">
        <ele>-0.998825</ele>
        <time>2026-06-20T13:53:33.278Z</time>
      </trkpt>
      <trkpt lat="52.943728" lon="5.417805">
        <ele>-0.962469</ele>
        <time>2026-06-20T13:53:36.723Z</time>
      </trkpt>
      <trkpt lat="52.943773" lon="5.417772">
        <ele>-0.942006</ele>
        <time>2026-06-20T13:53:37.860Z</time>
      </trkpt>
      <trkpt lat="52.943830" lon="5.417733">
        <ele>-0.916363</ele>
        <time>2026-06-20T13:53:39.285Z</time>
      </trkpt>
      <trkpt lat="52.943904" lon="5.417886">
        <ele>-0.886572</ele>
        <time>2026-06-20T13:53:42.024Z</time>
      </trkpt>
      <trkpt lat="52.944551" lon="5.420423">
        <ele>-0.608721</ele>
        <time>2026-06-20T13:54:20.065Z</time>
      </trkpt>
      <trkpt lat="52.944617" lon="5.420603">
        <ele>-0.605092</ele>
        <time>2026-06-20T13:54:22.855Z</time>
      </trkpt>
      <trkpt lat="52.944664" lon="5.420743">
        <ele>-0.610732</ele>
        <time>2026-06-20T13:54:25.660Z</time>
      </trkpt>
      <trkpt lat="52.944845" lon="5.421456">
        <ele>-0.714337</ele>
        <time>2026-06-20T13:54:39.008Z</time>
      </trkpt>
      <trkpt lat="52.944904" lon="5.421746">
        <ele>-0.779426</ele>
        <time>2026-06-20T13:54:44.251Z</time>
      </trkpt>
      <trkpt lat="52.945459" lon="5.424007">
        <ele>-0.993465</ele>
        <time>2026-06-20T13:55:15.895Z</time>
      </trkpt>
      <trkpt lat="52.945730" lon="5.425597">
        <ele>-1.006179</ele>
        <time>2026-06-20T13:55:38.125Z</time>
      </trkpt>
      <trkpt lat="52.946181" lon="5.428440">
        <ele>-1.178050</ele>
        <time>2026-06-20T13:56:17.013Z</time>
      </trkpt>
      <trkpt lat="52.946232" lon="5.429706">
        <ele>-1.090794</ele>
        <time>2026-06-20T13:56:34.333Z</time>
      </trkpt>
      <trkpt lat="52.946269" lon="5.430149">
        <ele>-1.012758</ele>
        <time>2026-06-20T13:56:40.468Z</time>
      </trkpt>
      <trkpt lat="52.946341" lon="5.430545">
        <ele>-0.999186</ele>
        <time>2026-06-20T13:56:46.145Z</time>
      </trkpt>
      <trkpt lat="52.946433" lon="5.430874">
        <ele>-0.986428</ele>
        <time>2026-06-20T13:56:51.108Z</time>
      </trkpt>
      <trkpt lat="52.946599" lon="5.431290">
        <ele>-0.918693</ele>
        <time>2026-06-20T13:56:57.917Z</time>
      </trkpt>
      <trkpt lat="52.946826" lon="5.431705">
        <ele>-0.900000</ele>
        <time>2026-06-20T13:57:05.536Z</time>
      </trkpt>
      <trkpt lat="52.947295" lon="5.432262">
        <ele>-0.900000</ele>
        <time>2026-06-20T13:57:18.340Z</time>
      </trkpt>
      <trkpt lat="52.947462" lon="5.432520">
        <ele>-0.900000</ele>
        <time>2026-06-20T13:57:23.383Z</time>
      </trkpt>
      <trkpt lat="52.947557" lon="5.432872">
        <ele>-0.916609</ele>
        <time>2026-06-20T13:57:28.518Z</time>
      </trkpt>
      <trkpt lat="52.947626" lon="5.433403">
        <ele>-0.990356</ele>
        <time>2026-06-20T13:57:35.754Z</time>
      </trkpt>
      <trkpt lat="52.947741" lon="5.433359">
        <ele>-1.000931</ele>
        <time>2026-06-20T13:57:38.348Z</time>
      </trkpt>
      <trkpt lat="52.951695" lon="5.431895">
        <ele>-1.394631</ele>
        <time>2026-06-20T13:59:06.709Z</time>
      </trkpt>
      <trkpt lat="52.951989" lon="5.431826">
        <ele>-1.386934</ele>
        <time>2026-06-20T13:59:13.515Z</time>
      </trkpt>
      <trkpt lat="52.952507" lon="5.431929">
        <ele>-1.217254</ele>
        <time>2026-06-20T13:59:25.566Z</time>
      </trkpt>
      <trkpt lat="52.952688" lon="5.431928">
        <ele>-1.194503</ele>
        <time>2026-06-20T13:59:29.728Z</time>
      </trkpt>
      <trkpt lat="52.953271" lon="5.431622">
        <ele>-1.114701</ele>
        <time>2026-06-20T13:59:43.653Z</time>
      </trkpt>
      <trkpt lat="52.953840" lon="5.431147">
        <ele>-1.201335</ele>
        <time>2026-06-20T13:59:57.692Z</time>
      </trkpt>
      <trkpt lat="52.956527" lon="5.430143">
        <ele>-1.689855</ele>
        <time>2026-06-20T14:00:57.004Z</time>
      </trkpt>
      <trkpt lat="52.959194" lon="5.429163">
        <ele>-1.501039</ele>
        <time>2026-06-20T14:01:58.405Z</time>
      </trkpt>
      <trkpt lat="52.967074" lon="5.426289">
        <ele>-1.191262</ele>
        <time>2026-06-20T14:04:59.168Z</time>
      </trkpt>
      <trkpt lat="52.967440" lon="5.426241">
        <ele>-1.115284</ele>
        <time>2026-06-20T14:05:07.617Z</time>
      </trkpt>
      <trkpt lat="52.967696" lon="5.426348">
        <ele>-1.072712</ele>
        <time>2026-06-20T14:05:13.673Z</time>
      </trkpt>
      <trkpt lat="52.967858" lon="5.426496">
        <ele>-1.029916</ele>
        <time>2026-06-20T14:05:17.890Z</time>
      </trkpt>
      <trkpt lat="52.967959" lon="5.426642">
        <ele>-1.003405</ele>
        <time>2026-06-20T14:05:20.945Z</time>
      </trkpt>
      <trkpt lat="52.968741" lon="5.428225">
        <ele>-1.095570</ele>
        <time>2026-06-20T14:05:48.237Z</time>
      </trkpt>
      <trkpt lat="52.970803" lon="5.432460">
        <ele>-1.066959</ele>
        <time>2026-06-20T14:07:00.953Z</time>
      </trkpt>
      <trkpt lat="52.971359" lon="5.433648">
        <ele>-0.493041</ele>
        <time>2026-06-20T14:07:23.480Z</time>
      </trkpt>
      <trkpt lat="52.971792" lon="5.434681">
        <ele>0.076459</ele>
        <time>2026-06-20T14:07:42.674Z</time>
      </trkpt>
      <trkpt lat="52.972059" lon="5.434569">
        <ele>0.209721</ele>
        <time>2026-06-20T14:07:49.504Z</time>
      </trkpt>
      <trkpt lat="52.972220" lon="5.434482">
        <ele>0.302260</ele>
        <time>2026-06-20T14:07:53.599Z</time>
      </trkpt>
      <trkpt lat="52.972247" lon="5.434435">
        <ele>0.325282</ele>
        <time>2026-06-20T14:07:54.813Z</time>
      </trkpt>
      <trkpt lat="52.972294" lon="5.434344">
        <ele>0.362041</ele>
        <time>2026-06-20T14:07:56.515Z</time>
      </trkpt>
      <trkpt lat="52.972348" lon="5.434233">
        <ele>0.377514</ele>
        <time>2026-06-20T14:07:59.110Z</time>
      </trkpt>
      <trkpt lat="52.972791" lon="5.434091">
        <ele>0.400000</ele>
        <time>2026-06-20T14:08:12.421Z</time>
      </trkpt>
      <trkpt lat="52.973025" lon="5.434180">
        <ele>0.400000</ele>
        <time>2026-06-20T14:08:19.363Z</time>
      </trkpt>
      <trkpt lat="52.973087" lon="5.434246">
        <ele>0.400000</ele>
        <time>2026-06-20T14:08:21.504Z</time>
      </trkpt>
      <trkpt lat="52.973124" lon="5.434296">
        <ele>0.400000</ele>
        <time>2026-06-20T14:08:22.884Z</time>
      </trkpt>
      <trkpt lat="52.973287" lon="5.434587">
        <ele>0.392177</ele>
        <time>2026-06-20T14:08:29.813Z</time>
      </trkpt>
      <trkpt lat="52.973372" lon="5.434604">
        <ele>0.368015</ele>
        <time>2026-06-20T14:08:32.284Z</time>
      </trkpt>
      <trkpt lat="52.973422" lon="5.434875">
        <ele>0.314354</ele>
        <time>2026-06-20T14:08:37.168Z</time>
      </trkpt>
      <trkpt lat="52.973654" lon="5.435303">
        <ele>0.203732</ele>
        <time>2026-06-20T14:08:46.953Z</time>
      </trkpt>
      <trkpt lat="52.974038" lon="5.435816">
        <ele>0.102858</ele>
        <time>2026-06-20T14:09:00.801Z</time>
      </trkpt>
      <trkpt lat="52.974850" lon="5.436730">
        <ele>0.005427</ele>
        <time>2026-06-20T14:09:29.050Z</time>
      </trkpt>
      <trkpt lat="52.974983" lon="5.436895">
        <ele>0.000000</ele>
        <time>2026-06-20T14:09:33.991Z</time>
      </trkpt>
      <trkpt lat="52.975011" lon="5.437272">
        <ele>0.002151</ele>
        <time>2026-06-20T14:09:40.838Z</time>
      </trkpt>
      <trkpt lat="52.975102" lon="5.437496">
        <ele>0.015511</ele>
        <time>2026-06-20T14:09:45.727Z</time>
      </trkpt>
      <trkpt lat="52.975309" lon="5.437771">
        <ele>0.094301</ele>
        <time>2026-06-20T14:09:53.654Z</time>
      </trkpt>
      <trkpt lat="52.975776" lon="5.438218">
        <ele>0.215264</ele>
        <time>2026-06-20T14:10:09.966Z</time>
      </trkpt>
      <trkpt lat="52.975954" lon="5.438424">
        <ele>0.308736</ele>
        <time>2026-06-20T14:10:16.748Z</time>
      </trkpt>
      <trkpt lat="52.976081" lon="5.438605">
        <ele>0.403749</ele>
        <time>2026-06-20T14:10:22.005Z</time>
      </trkpt>
      <trkpt lat="52.976155" lon="5.438765">
        <ele>0.477201</ele>
        <time>2026-06-20T14:10:25.762Z</time>
      </trkpt>
      <trkpt lat="52.977371" lon="5.440375">
        <ele>0.999351</ele>
        <time>2026-06-20T14:11:13.556Z</time>
      </trkpt>
      <trkpt lat="52.977890" lon="5.441013">
        <ele>1.208550</ele>
        <time>2026-06-20T14:11:33.216Z</time>
      </trkpt>
      <trkpt lat="52.978294" lon="5.441440">
        <ele>1.377008</ele>
        <time>2026-06-20T14:11:47.682Z</time>
      </trkpt>
      <trkpt lat="52.978400" lon="5.441570">
        <ele>1.401877</ele>
        <time>2026-06-20T14:11:51.650Z</time>
      </trkpt>
      <trkpt lat="52.978524" lon="5.441729">
        <ele>1.410900</ele>
        <time>2026-06-20T14:11:56.392Z</time>
      </trkpt>
      <trkpt lat="52.978814" lon="5.442072">
        <ele>1.489204</ele>
        <time>2026-06-20T14:12:07.191Z</time>
      </trkpt>
      <trkpt lat="52.978926" lon="5.442152">
        <ele>1.510575</ele>
        <time>2026-06-20T14:12:10.903Z</time>
      </trkpt>
      <trkpt lat="52.979173" lon="5.442317">
        <ele>1.595155</ele>
        <time>2026-06-20T14:12:18.928Z</time>
      </trkpt>
      <trkpt lat="52.979395" lon="5.442834">
        <ele>1.690025</ele>
        <time>2026-06-20T14:12:30.362Z</time>
      </trkpt>
      <trkpt lat="52.979543" lon="5.443099">
        <ele>1.699353</ele>
        <time>2026-06-20T14:12:36.782Z</time>
      </trkpt>
      <trkpt lat="52.979600" lon="5.443175">
        <ele>1.698649</ele>
        <time>2026-06-20T14:12:38.910Z</time>
      </trkpt>
      <trkpt lat="52.979702" lon="5.443285">
        <ele>1.694390</ele>
        <time>2026-06-20T14:12:42.460Z</time>
      </trkpt>
      <trkpt lat="52.979739" lon="5.443324">
        <ele>1.692856</ele>
        <time>2026-06-20T14:12:43.720Z</time>
      </trkpt>
      <trkpt lat="52.980556" lon="5.444289">
        <ele>1.502077</ele>
        <time>2026-06-20T14:13:12.384Z</time>
      </trkpt>
      <trkpt lat="52.981023" lon="5.444889">
        <ele>1.397104</ele>
        <time>2026-06-20T14:13:29.216Z</time>
      </trkpt>
      <trkpt lat="52.981313" lon="5.445271">
        <ele>1.314388</ele>
        <time>2026-06-20T14:13:39.939Z</time>
      </trkpt>
      <trkpt lat="52.982149" lon="5.446531">
        <ele>1.298794</ele>
        <time>2026-06-20T14:14:12.776Z</time>
      </trkpt>
      <trkpt lat="52.982237" lon="5.446660">
        <ele>1.292361</ele>
        <time>2026-06-20T14:14:16.175Z</time>
      </trkpt>
      <trkpt lat="52.982732" lon="5.447286">
        <ele>1.198548</ele>
        <time>2026-06-20T14:14:34.026Z</time>
      </trkpt>
      <trkpt lat="52.983090" lon="5.447833">
        <ele>1.089544</ele>
        <time>2026-06-20T14:14:47.840Z</time>
      </trkpt>
      <trkpt lat="52.983759" lon="5.448741">
        <ele>0.678153</ele>
        <time>2026-06-20T14:15:11.593Z</time>
      </trkpt>
      <trkpt lat="52.983911" lon="5.448882">
        <ele>0.512501</ele>
        <time>2026-06-20T14:15:16.252Z</time>
      </trkpt>
      <trkpt lat="52.984013" lon="5.449004">
        <ele>0.397870</ele>
        <time>2026-06-20T14:15:19.608Z</time>
      </trkpt>
      <trkpt lat="52.984193" lon="5.449223">
        <ele>0.218903</ele>
        <time>2026-06-20T14:15:25.532Z</time>
      </trkpt>
      <trkpt lat="52.984253" lon="5.449302">
        <ele>0.167324</ele>
        <time>2026-06-20T14:15:27.056Z</time>
      </trkpt>
      <trkpt lat="52.984401" lon="5.449507">
        <ele>0.026762</ele>
        <time>2026-06-20T14:15:32.193Z</time>
      </trkpt>
      <trkpt lat="52.984533" lon="5.449724">
        <ele>-0.109138</ele>
        <time>2026-06-20T14:15:37.152Z</time>
      </trkpt>
      <trkpt lat="52.984747" lon="5.450319">
        <ele>-0.381700</ele>
        <time>2026-06-20T14:15:45.528Z</time>
      </trkpt>
      <trkpt lat="52.984815" lon="5.450913">
        <ele>-0.515685</ele>
        <time>2026-06-20T14:15:53.093Z</time>
      </trkpt>
      <trkpt lat="52.984818" lon="5.451181">
        <ele>-0.566695</ele>
        <time>2026-06-20T14:15:56.542Z</time>
      </trkpt>
      <trkpt lat="52.984768" lon="5.451642">
        <ele>-0.600000</ele>
        <time>2026-06-20T14:16:02.687Z</time>
      </trkpt>
      <trkpt lat="52.984593" lon="5.452221">
        <ele>-0.618141</ele>
        <time>2026-06-20T14:16:11.237Z</time>
      </trkpt>
      <trkpt lat="52.984326" lon="5.452836">
        <ele>-0.687697</ele>
        <time>2026-06-20T14:16:21.261Z</time>
      </trkpt>
      <trkpt lat="52.984137" lon="5.453414">
        <ele>-0.700218</ele>
        <time>2026-06-20T14:16:29.953Z</time>
      </trkpt>
      <trkpt lat="52.984049" lon="5.453788">
        <ele>-0.717161</ele>
        <time>2026-06-20T14:16:35.239Z</time>
      </trkpt>
      <trkpt lat="52.983922" lon="5.454255">
        <ele>-0.784146</ele>
        <time>2026-06-20T14:16:41.948Z</time>
      </trkpt>
      <trkpt lat="52.983694" lon="5.454822">
        <ele>-0.788311</ele>
        <time>2026-06-20T14:16:50.968Z</time>
      </trkpt>
      <trkpt lat="52.982813" lon="5.456696">
        <ele>-0.507320</ele>
        <time>2026-06-20T14:17:23.988Z</time>
      </trkpt>
      <trkpt lat="52.982261" lon="5.457649">
        <ele>-0.500000</ele>
        <time>2026-06-20T14:17:41.812Z</time>
      </trkpt>
      <trkpt lat="52.982057" lon="5.458074">
        <ele>-0.500000</ele>
        <time>2026-06-20T14:17:48.975Z</time>
      </trkpt>
      <trkpt lat="52.982108" lon="5.458199">
        <ele>-0.500000</ele>
        <time>2026-06-20T14:17:51.587Z</time>
      </trkpt>
      <trkpt lat="52.981922" lon="5.458902">
        <ele>-0.501589</ele>
        <time>2026-06-20T14:18:01.848Z</time>
      </trkpt>
      <trkpt lat="52.981874" lon="5.459170">
        <ele>-0.510241</ele>
        <time>2026-06-20T14:18:05.558Z</time>
      </trkpt>
      <trkpt lat="52.981802" lon="5.459781">
        <ele>-0.616718</ele>
        <time>2026-06-20T14:18:13.494Z</time>
      </trkpt>
      <trkpt lat="52.981860" lon="5.460290">
        <ele>-0.784301</ele>
        <time>2026-06-20T14:18:19.881Z</time>
      </trkpt>
      <trkpt lat="52.981833" lon="5.460423">
        <ele>-0.821120</ele>
        <time>2026-06-20T14:18:21.635Z</time>
      </trkpt>
      <trkpt lat="52.981751" lon="5.460627">
        <ele>-0.884464</ele>
        <time>2026-06-20T14:18:24.714Z</time>
      </trkpt>
      <trkpt lat="52.981561" lon="5.461025">
        <ele>-1.018679</ele>
        <time>2026-06-20T14:18:31.097Z</time>
      </trkpt>
      <trkpt lat="52.981484" lon="5.461195">
        <ele>-1.079083</ele>
        <time>2026-06-20T14:18:33.752Z</time>
      </trkpt>
      <trkpt lat="52.981418" lon="5.461277">
        <ele>-1.117786</ele>
        <time>2026-06-20T14:18:35.441Z</time>
      </trkpt>
      <trkpt lat="52.981111" lon="5.461410">
        <ele>-1.291649</ele>
        <time>2026-06-20T14:18:42.028Z</time>
      </trkpt>
      <trkpt lat="52.980892" lon="5.461630">
        <ele>-1.396708</ele>
        <time>2026-06-20T14:18:47.350Z</time>
      </trkpt>
      <trkpt lat="52.980638" lon="5.462015">
        <ele>-1.484006</ele>
        <time>2026-06-20T14:18:54.606Z</time>
      </trkpt>
      <trkpt lat="52.980463" lon="5.462399">
        <ele>-1.484522</ele>
        <time>2026-06-20T14:19:01.058Z</time>
      </trkpt>
      <trkpt lat="52.980405" lon="5.462423">
        <ele>-1.470625</ele>
        <time>2026-06-20T14:19:02.415Z</time>
      </trkpt>
      <trkpt lat="52.980332" lon="5.462363">
        <ele>-1.440781</ele>
        <time>2026-06-20T14:19:04.289Z</time>
      </trkpt>
      <trkpt lat="52.980143" lon="5.462854">
        <ele>-1.386877</ele>
        <time>2026-06-20T14:19:12.711Z</time>
      </trkpt>
      <trkpt lat="52.980058" lon="5.463245">
        <ele>-1.316997</ele>
        <time>2026-06-20T14:19:18.700Z</time>
      </trkpt>
      <trkpt lat="52.980018" lon="5.463765">
        <ele>-1.300000</ele>
        <time>2026-06-20T14:19:26.175Z</time>
      </trkpt>
      <trkpt lat="52.980046" lon="5.464250">
        <ele>-1.300000</ele>
        <time>2026-06-20T14:19:32.994Z</time>
      </trkpt>
      <trkpt lat="52.980100" lon="5.464586">
        <ele>-1.312970</ele>
        <time>2026-06-20T14:19:37.773Z</time>
      </trkpt>
      <trkpt lat="52.980251" lon="5.465072">
        <ele>-1.385033</ele>
        <time>2026-06-20T14:19:45.141Z</time>
      </trkpt>
      <trkpt lat="52.980424" lon="5.465391">
        <ele>-1.428456</ele>
        <time>2026-06-20T14:19:50.838Z</time>
      </trkpt>
      <trkpt lat="52.981076" lon="5.466380">
        <ele>-1.681914</ele>
        <time>2026-06-20T14:20:10.351Z</time>
      </trkpt>
      <trkpt lat="52.981241" lon="5.466736">
        <ele>-1.715769</ele>
        <time>2026-06-20T14:20:16.484Z</time>
      </trkpt>
      <trkpt lat="52.981423" lon="5.467237">
        <ele>-1.788969</ele>
        <time>2026-06-20T14:20:24.569Z</time>
      </trkpt>
      <trkpt lat="52.981661" lon="5.467704">
        <ele>-1.800000</ele>
        <time>2026-06-20T14:20:33.062Z</time>
      </trkpt>
      <trkpt lat="52.981824" lon="5.467928">
        <ele>-1.789366</ele>
        <time>2026-06-20T14:20:37.970Z</time>
      </trkpt>
      <trkpt lat="52.982216" lon="5.468354">
        <ele>-1.697697</ele>
        <time>2026-06-20T14:20:48.938Z</time>
      </trkpt>
      <trkpt lat="52.982872" lon="5.468972">
        <ele>-1.502527</ele>
        <time>2026-06-20T14:21:07.139Z</time>
      </trkpt>
      <trkpt lat="52.983775" lon="5.469501">
        <ele>-1.317344</ele>
        <time>2026-06-20T14:21:30.162Z</time>
      </trkpt>
      <trkpt lat="52.984841" lon="5.470065">
        <ele>-1.307898</ele>
        <time>2026-06-20T14:21:56.089Z</time>
      </trkpt>
      <trkpt lat="52.989945" lon="5.473280">
        <ele>-1.791455</ele>
        <time>2026-06-20T14:24:00.751Z</time>
      </trkpt>
      <trkpt lat="52.991272" lon="5.473976">
        <ele>-1.693573</ele>
        <time>2026-06-20T14:24:33.409Z</time>
      </trkpt>
      <trkpt lat="52.991693" lon="5.474138">
        <ele>-1.601746</ele>
        <time>2026-06-20T14:24:43.823Z</time>
      </trkpt>
      <trkpt lat="52.992204" lon="5.474270">
        <ele>-1.473872</ele>
        <time>2026-06-20T14:24:56.308Z</time>
      </trkpt>
      <trkpt lat="52.992272" lon="5.474284">
        <ele>-1.449576</ele>
        <time>2026-06-20T14:24:57.965Z</time>
      </trkpt>
      <trkpt lat="52.992586" lon="5.474347">
        <ele>-1.397865</ele>
        <time>2026-06-20T14:25:05.596Z</time>
      </trkpt>
      <trkpt lat="52.994689" lon="5.474692">
        <ele>-1.302337</ele>
        <time>2026-06-20T14:25:54.855Z</time>
      </trkpt>
      <trkpt lat="52.995589" lon="5.474764">
        <ele>-1.300000</ele>
        <time>2026-06-20T14:26:15.720Z</time>
      </trkpt>
      <trkpt lat="52.995900" lon="5.474756">
        <ele>-1.296616</ele>
        <time>2026-06-20T14:26:22.920Z</time>
      </trkpt>
      <trkpt lat="52.997530" lon="5.474558">
        <ele>-1.202496</ele>
        <time>2026-06-20T14:27:01.057Z</time>
      </trkpt>
      <trkpt lat="52.997929" lon="5.474473">
        <ele>-1.200000</ele>
        <time>2026-06-20T14:27:10.477Z</time>
      </trkpt>
      <trkpt lat="52.999230" lon="5.474112">
        <ele>-1.212742</ele>
        <time>2026-06-20T14:27:41.124Z</time>
      </trkpt>
      <trkpt lat="52.999644" lon="5.473859">
        <ele>-1.292546</ele>
        <time>2026-06-20T14:27:51.074Z</time>
      </trkpt>
      <trkpt lat="53.000884" lon="5.472959">
        <ele>-1.504680</ele>
        <time>2026-06-20T14:28:21.320Z</time>
      </trkpt>
      <trkpt lat="53.001288" lon="5.472702">
        <ele>-1.587337</ele>
        <time>2026-06-20T14:28:31.077Z</time>
      </trkpt>
      <trkpt lat="53.001531" lon="5.472640">
        <ele>-1.623705</ele>
        <time>2026-06-20T14:28:36.693Z</time>
      </trkpt>
      <trkpt lat="53.001610" lon="5.472630">
        <ele>-1.640467</ele>
        <time>2026-06-20T14:28:38.499Z</time>
      </trkpt>
      <trkpt lat="53.001688" lon="5.472625">
        <ele>-1.648721</ele>
        <time>2026-06-20T14:28:40.278Z</time>
      </trkpt>
      <trkpt lat="53.003959" lon="5.472534">
        <ele>-1.700000</ele>
        <time>2026-06-20T14:29:32.797Z</time>
      </trkpt>
      <trkpt lat="53.004532" lon="5.472549">
        <ele>-1.714426</ele>
        <time>2026-06-20T14:29:45.916Z</time>
      </trkpt>
      <trkpt lat="53.004808" lon="5.472622">
        <ele>-1.788459</ele>
        <time>2026-06-20T14:29:52.279Z</time>
      </trkpt>
      <trkpt lat="53.006361" lon="5.473350">
        <ele>-1.885940</ele>
        <time>2026-06-20T14:30:29.036Z</time>
      </trkpt>
      <trkpt lat="53.006771" lon="5.473620">
        <ele>-1.799558</ele>
        <time>2026-06-20T14:30:39.517Z</time>
      </trkpt>
      <trkpt lat="53.007487" lon="5.474388">
        <ele>-1.600491</ele>
        <time>2026-06-20T14:31:00.107Z</time>
      </trkpt>
      <trkpt lat="53.007910" lon="5.474680">
        <ele>-1.506275</ele>
        <time>2026-06-20T14:31:11.192Z</time>
      </trkpt>
      <trkpt lat="53.010302" lon="5.476171">
        <ele>-1.386978</ele>
        <time>2026-06-20T14:32:08.576Z</time>
      </trkpt>
      <trkpt lat="53.011280" lon="5.476785">
        <ele>-1.194562</ele>
        <time>2026-06-20T14:32:32.577Z</time>
      </trkpt>
      <trkpt lat="53.011553" lon="5.476912">
        <ele>-1.122953</ele>
        <time>2026-06-20T14:32:39.096Z</time>
      </trkpt>
      <trkpt lat="53.012190" lon="5.477032">
        <ele>-1.091989</ele>
        <time>2026-06-20T14:32:53.641Z</time>
      </trkpt>
      <trkpt lat="53.012787" lon="5.477000">
        <ele>-1.010091</ele>
        <time>2026-06-20T14:33:06.982Z</time>
      </trkpt>
      <trkpt lat="53.014055" lon="5.476834">
        <ele>-1.095581</ele>
        <time>2026-06-20T14:33:35.198Z</time>
      </trkpt>
      <trkpt lat="53.014307" lon="5.476801">
        <ele>-1.133348</ele>
        <time>2026-06-20T14:33:40.583Z</time>
      </trkpt>
      <trkpt lat="53.014630" lon="5.476807">
        <ele>-1.292542</ele>
        <time>2026-06-20T14:33:47.223Z</time>
      </trkpt>
      <trkpt lat="53.014878" lon="5.476885">
        <ele>-1.394743</ele>
        <time>2026-06-20T14:33:52.317Z</time>
      </trkpt>
      <trkpt lat="53.015843" lon="5.477488">
        <ele>-1.686536</ele>
        <time>2026-06-20T14:34:14.229Z</time>
      </trkpt>
      <trkpt lat="53.016082" lon="5.477585">
        <ele>-1.683505</ele>
        <time>2026-06-20T14:34:19.771Z</time>
      </trkpt>
      <trkpt lat="53.016812" lon="5.477663">
        <ele>-1.386187</ele>
        <time>2026-06-20T14:34:37.346Z</time>
      </trkpt>
      <trkpt lat="53.017070" lon="5.477690">
        <ele>-1.191047</ele>
        <time>2026-06-20T14:34:44.008Z</time>
      </trkpt>
      <trkpt lat="53.017600" lon="5.477838">
        <ele>-0.714255</ele>
        <time>2026-06-20T14:34:57.638Z</time>
      </trkpt>
      <trkpt lat="53.017887" lon="5.478002">
        <ele>-0.513187</ele>
        <time>2026-06-20T14:35:05.126Z</time>
      </trkpt>
      <trkpt lat="53.018344" lon="5.478362">
        <ele>-0.396698</ele>
        <time>2026-06-20T14:35:17.084Z</time>
      </trkpt>
      <trkpt lat="53.018685" lon="5.478620">
        <ele>-0.306316</ele>
        <time>2026-06-20T14:35:25.873Z</time>
      </trkpt>
      <trkpt lat="53.019748" lon="5.479472">
        <ele>-0.222220</ele>
        <time>2026-06-20T14:35:52.270Z</time>
      </trkpt>
      <trkpt lat="53.021838" lon="5.481694">
        <ele>-1.090835</ele>
        <time>2026-06-20T14:36:44.277Z</time>
      </trkpt>
      <trkpt lat="53.022326" lon="5.482137">
        <ele>-1.190734</ele>
        <time>2026-06-20T14:36:56.293Z</time>
      </trkpt>
      <trkpt lat="53.022450" lon="5.482224">
        <ele>-1.199538</ele>
        <time>2026-06-20T14:36:59.248Z</time>
      </trkpt>
      <trkpt lat="53.022626" lon="5.482302">
        <ele>-1.200000</ele>
        <time>2026-06-20T14:37:03.269Z</time>
      </trkpt>
      <trkpt lat="53.022750" lon="5.482304">
        <ele>-1.200000</ele>
        <time>2026-06-20T14:37:06.031Z</time>
      </trkpt>
      <trkpt lat="53.022771" lon="5.482415">
        <ele>-1.200000</ele>
        <time>2026-06-20T14:37:07.592Z</time>
      </trkpt>
      <trkpt lat="53.022819" lon="5.482501">
        <ele>-1.200000</ele>
        <time>2026-06-20T14:37:09.179Z</time>
      </trkpt>
      <trkpt lat="53.023069" lon="5.482694">
        <ele>-1.192623</ele>
        <time>2026-06-20T14:37:15.414Z</time>
      </trkpt>
      <trkpt lat="53.024383" lon="5.483335">
        <ele>-1.104030</ele>
        <time>2026-06-20T14:37:46.378Z</time>
      </trkpt>
      <trkpt lat="53.024952" lon="5.483731">
        <ele>-1.115832</ele>
        <time>2026-06-20T14:37:59.838Z</time>
      </trkpt>
      <trkpt lat="53.027037" lon="5.485459">
        <ele>-1.585284</ele>
        <time>2026-06-20T14:38:52.131Z</time>
      </trkpt>
      <trkpt lat="53.028249" lon="5.486507">
        <ele>-1.496694</ele>
        <time>2026-06-20T14:39:24.185Z</time>
      </trkpt>
      <trkpt lat="53.030717" lon="5.488626">
        <ele>-1.106019</ele>
        <time>2026-06-20T14:40:29.949Z</time>
      </trkpt>
      <trkpt lat="53.032117" lon="5.489625">
        <ele>-1.105025</ele>
        <time>2026-06-20T14:41:05.423Z</time>
      </trkpt>
      <trkpt lat="53.034680" lon="5.492060">
        <ele>-1.495954</ele>
        <time>2026-06-20T14:42:12.258Z</time>
      </trkpt>
      <trkpt lat="53.034999" lon="5.492446">
        <ele>-1.494322</ele>
        <time>2026-06-20T14:42:21.420Z</time>
      </trkpt>
      <trkpt lat="53.035610" lon="5.493320">
        <ele>-1.394863</ele>
        <time>2026-06-20T14:42:40.396Z</time>
      </trkpt>
      <trkpt lat="53.036050" lon="5.493720">
        <ele>-1.299864</ele>
        <time>2026-06-20T14:42:52.359Z</time>
      </trkpt>
      <trkpt lat="53.036520" lon="5.493980">
        <ele>-1.208988</ele>
        <time>2026-06-20T14:43:04.126Z</time>
      </trkpt>
      <trkpt lat="53.037054" lon="5.494148">
        <ele>-1.213747</ele>
        <time>2026-06-20T14:43:16.725Z</time>
      </trkpt>
      <trkpt lat="53.037368" lon="5.494294">
        <ele>-1.291119</ele>
        <time>2026-06-20T14:43:24.134Z</time>
      </trkpt>
      <trkpt lat="53.039379" lon="5.495740">
        <ele>-1.550787</ele>
        <time>2026-06-20T14:44:13.653Z</time>
      </trkpt>
      <trkpt lat="53.039899" lon="5.496100">
        <ele>-1.305442</ele>
        <time>2026-06-20T14:44:27.883Z</time>
      </trkpt>
      <trkpt lat="53.040139" lon="5.496281">
        <ele>-1.196092</ele>
        <time>2026-06-20T14:44:34.451Z</time>
      </trkpt>
      <trkpt lat="53.040487" lon="5.496633">
        <ele>-1.035854</ele>
        <time>2026-06-20T14:44:44.203Z</time>
      </trkpt>
      <trkpt lat="53.042560" lon="5.498227">
        <ele>-2.084222</ele>
        <time>2026-06-20T14:45:31.156Z</time>
      </trkpt>
      <trkpt lat="53.042725" lon="5.498582">
        <ele>-2.084545</ele>
        <time>2026-06-20T14:45:37.174Z</time>
      </trkpt>
      <trkpt lat="53.042794" lon="5.499081">
        <ele>-1.995501</ele>
        <time>2026-06-20T14:45:44.363Z</time>
      </trkpt>
      <trkpt lat="53.042955" lon="5.499388">
        <ele>-1.892154</ele>
        <time>2026-06-20T14:45:50.290Z</time>
      </trkpt>
      <trkpt lat="53.042558" lon="5.500703">
        <ele>-1.396192</ele>
        <time>2026-06-20T14:46:12.121Z</time>
      </trkpt>
      <trkpt lat="53.042497" lon="5.500926">
        <ele>-1.351172</ele>
        <time>2026-06-20T14:46:15.620Z</time>
      </trkpt>
      <trkpt lat="53.043538" lon="5.501444">
        <ele>-1.408789</ele>
        <time>2026-06-20T14:46:39.644Z</time>
      </trkpt>
      <trkpt lat="53.044835" lon="5.502179">
        <ele>-1.770080</ele>
        <time>2026-06-20T14:47:08.652Z</time>
      </trkpt>
      <trkpt lat="53.045455" lon="5.502816">
        <ele>-1.593398</ele>
        <time>2026-06-20T14:47:25.407Z</time>
      </trkpt>
      <trkpt lat="53.045685" lon="5.502999">
        <ele>-1.509236</ele>
        <time>2026-06-20T14:47:31.443Z</time>
      </trkpt>
      <trkpt lat="53.046519" lon="5.503551">
        <ele>-1.305534</ele>
        <time>2026-06-20T14:47:52.511Z</time>
      </trkpt>
      <trkpt lat="53.047254" lon="5.504161">
        <ele>-1.205769</ele>
        <time>2026-06-20T14:48:10.911Z</time>
      </trkpt>
      <trkpt lat="53.047728" lon="5.504406">
        <ele>-1.187543</ele>
        <time>2026-06-20T14:48:22.106Z</time>
      </trkpt>
      <trkpt lat="53.048145" lon="5.504682">
        <ele>-1.128655</ele>
        <time>2026-06-20T14:48:32.275Z</time>
      </trkpt>
      <trkpt lat="53.049175" lon="5.505595">
        <ele>-1.207224</ele>
        <time>2026-06-20T14:48:58.108Z</time>
      </trkpt>
      <trkpt lat="53.049974" lon="5.506289">
        <ele>-1.405661</ele>
        <time>2026-06-20T14:49:17.484Z</time>
      </trkpt>
      <trkpt lat="53.050229" lon="5.506563">
        <ele>-1.497361</ele>
        <time>2026-06-20T14:49:23.904Z</time>
      </trkpt>
      <trkpt lat="53.050872" lon="5.507475">
        <ele>-1.688954</ele>
        <time>2026-06-20T14:49:41.946Z</time>
      </trkpt>
      <trkpt lat="53.051274" lon="5.508014">
        <ele>-1.688819</ele>
        <time>2026-06-20T14:49:53.443Z</time>
      </trkpt>
      <trkpt lat="53.051767" lon="5.508607">
        <ele>-1.509938</ele>
        <time>2026-06-20T14:50:07.476Z</time>
      </trkpt>
      <trkpt lat="53.052430" lon="5.509541">
        <ele>-1.393587</ele>
        <time>2026-06-20T14:50:27.348Z</time>
      </trkpt>
      <trkpt lat="53.052682" lon="5.510113">
        <ele>-1.313163</ele>
        <time>2026-06-20T14:50:37.024Z</time>
      </trkpt>
      <trkpt lat="53.052889" lon="5.510461">
        <ele>-1.300003</ele>
        <time>2026-06-20T14:50:43.655Z</time>
      </trkpt>
      <trkpt lat="53.053239" lon="5.510914">
        <ele>-1.300000</ele>
        <time>2026-06-20T14:50:53.542Z</time>
      </trkpt>
      <trkpt lat="53.053544" lon="5.511226">
        <ele>-1.287528</ele>
        <time>2026-06-20T14:51:01.609Z</time>
      </trkpt>
      <trkpt lat="53.054849" lon="5.511716">
        <ele>-1.112785</ele>
        <time>2026-06-20T14:51:31.929Z</time>
      </trkpt>
      <trkpt lat="53.054902" lon="5.511736">
        <ele>-1.113264</ele>
        <time>2026-06-20T14:51:33.115Z</time>
      </trkpt>
      <trkpt lat="53.055543" lon="5.512006">
        <ele>-1.191523</ele>
        <time>2026-06-20T14:51:47.660Z</time>
      </trkpt>
      <trkpt lat="53.055689" lon="5.512188">
        <ele>-1.199339</ele>
        <time>2026-06-20T14:51:51.673Z</time>
      </trkpt>
      <trkpt lat="53.055771" lon="5.512432">
        <ele>-1.196166</ele>
        <time>2026-06-20T14:51:55.383Z</time>
      </trkpt>
      <trkpt lat="53.056108" lon="5.513993">
        <ele>-1.105629</ele>
        <time>2026-06-20T14:52:17.774Z</time>
      </trkpt>
      <trkpt lat="53.056361" lon="5.514678">
        <ele>-1.093219</ele>
        <time>2026-06-20T14:52:28.755Z</time>
      </trkpt>
      <trkpt lat="53.056824" lon="5.515687">
        <ele>-0.997288</ele>
        <time>2026-06-20T14:52:45.903Z</time>
      </trkpt>
      <trkpt lat="53.057198" lon="5.516168">
        <ele>-0.890922</ele>
        <time>2026-06-20T14:52:56.859Z</time>
      </trkpt>
      <trkpt lat="53.057410" lon="5.516352">
        <ele>-0.785205</ele>
        <time>2026-06-20T14:53:02.555Z</time>
      </trkpt>
      <trkpt lat="53.057802" lon="5.516532">
        <ele>-0.504302</ele>
        <time>2026-06-20T14:53:12.866Z</time>
      </trkpt>
      <trkpt lat="53.058134" lon="5.516562">
        <ele>-0.286481</ele>
        <time>2026-06-20T14:53:21.239Z</time>
      </trkpt>
      <trkpt lat="53.058202" lon="5.516529">
        <ele>-0.235685</ele>
        <time>2026-06-20T14:53:23.048Z</time>
      </trkpt>
      <trkpt lat="53.058292" lon="5.516460">
        <ele>-0.171963</ele>
        <time>2026-06-20T14:53:25.569Z</time>
      </trkpt>
      <trkpt lat="53.058357" lon="5.516460">
        <ele>-0.133038</ele>
        <time>2026-06-20T14:53:27.207Z</time>
      </trkpt>
      <trkpt lat="53.058726" lon="5.516565">
        <ele>-0.015159</ele>
        <time>2026-06-20T14:53:36.588Z</time>
      </trkpt>
      <trkpt lat="53.058816" lon="5.516575">
        <ele>-0.013674</ele>
        <time>2026-06-20T14:53:38.746Z</time>
      </trkpt>
      <trkpt lat="53.059505" lon="5.516568">
        <ele>-0.111350</ele>
        <time>2026-06-20T14:53:54.289Z</time>
      </trkpt>
      <trkpt lat="53.059768" lon="5.516674">
        <ele>-0.206415</ele>
        <time>2026-06-20T14:54:00.207Z</time>
      </trkpt>
      <trkpt lat="53.060106" lon="5.516918">
        <ele>-0.369829</ele>
        <time>2026-06-20T14:54:08.090Z</time>
      </trkpt>
      <trkpt lat="53.060307" lon="5.516905">
        <ele>-0.433733</ele>
        <time>2026-06-20T14:54:12.502Z</time>
      </trkpt>
      <trkpt lat="53.060426" lon="5.516990">
        <ele>-0.477712</ele>
        <time>2026-06-20T14:54:15.383Z</time>
      </trkpt>
      <trkpt lat="53.060580" lon="5.517471">
        <ele>-0.500000</ele>
        <time>2026-06-20T14:54:22.756Z</time>
      </trkpt>
      <trkpt lat="53.060785" lon="5.518105">
        <ele>-0.474661</ele>
        <time>2026-06-20T14:54:32.663Z</time>
      </trkpt>
      <trkpt lat="53.061621" lon="5.517476">
        <ele>-0.185028</ele>
        <time>2026-06-20T14:54:55.381Z</time>
      </trkpt>
      <trkpt lat="53.061742" lon="5.517307">
        <ele>-0.116349</ele>
        <time>2026-06-20T14:54:59.251Z</time>
      </trkpt>
      <trkpt lat="53.061999" lon="5.516780">
        <ele>0.007131</ele>
        <time>2026-06-20T14:55:09.252Z</time>
      </trkpt>
      <trkpt lat="53.062199" lon="5.516712">
        <ele>0.113246</ele>
        <time>2026-06-20T14:55:14.387Z</time>
      </trkpt>
      <trkpt lat="53.062218" lon="5.517111">
        <ele>0.304137</ele>
        <time>2026-06-20T14:55:20.413Z</time>
      </trkpt>
      <trkpt lat="53.062227" lon="5.517458">
        <ele>0.464949</ele>
        <time>2026-06-20T14:55:25.735Z</time>
      </trkpt>
      <trkpt lat="53.062225" lon="5.517703">
        <ele>0.533800</ele>
        <time>2026-06-20T14:55:29.378Z</time>
      </trkpt>
      <trkpt lat="53.062225" lon="5.517858">
        <ele>0.571933</ele>
        <time>2026-06-20T14:55:31.617Z</time>
      </trkpt>
      <trkpt lat="53.062313" lon="5.517913">
        <ele>0.612506</ele>
        <time>2026-06-20T14:55:33.885Z</time>
      </trkpt>
      <trkpt lat="53.062471" lon="5.518026">
        <ele>0.682613</ele>
        <time>2026-06-20T14:55:37.858Z</time>
      </trkpt>
      <trkpt lat="53.062517" lon="5.518103">
        <ele>0.701992</ele>
        <time>2026-06-20T14:55:39.350Z</time>
      </trkpt>
      <trkpt lat="53.062711" lon="5.518526">
        <ele>0.782970</ele>
        <time>2026-06-20T14:55:46.798Z</time>
      </trkpt>
      <trkpt lat="53.063207" lon="5.519698">
        <ele>0.670624</ele>
        <time>2026-06-20T14:56:05.676Z</time>
      </trkpt>
      <trkpt lat="53.063211" lon="5.520178">
        <ele>0.498428</ele>
        <time>2026-06-20T14:56:11.507Z</time>
      </trkpt>
      <trkpt lat="53.063341" lon="5.520120">
        <ele>0.422959</ele>
        <time>2026-06-20T14:56:14.148Z</time>
      </trkpt>
      <trkpt lat="53.063382" lon="5.520087">
        <ele>0.397699</ele>
        <time>2026-06-20T14:56:15.074Z</time>
      </trkpt>
      <trkpt lat="53.063554" lon="5.519946">
        <ele>0.265521</ele>
        <time>2026-06-20T14:56:18.977Z</time>
      </trkpt>
      <trkpt lat="53.063574" lon="5.519930">
        <ele>0.249146</ele>
        <time>2026-06-20T14:56:19.431Z</time>
      </trkpt>
      <trkpt lat="53.063590" lon="5.519915">
        <ele>0.235596</ele>
        <time>2026-06-20T14:56:19.808Z</time>
      </trkpt>
      <trkpt lat="53.063910" lon="5.519637">
        <ele>0.099080</ele>
        <time>2026-06-20T14:56:27.404Z</time>
      </trkpt>
      <trkpt lat="53.064214" lon="5.519382">
        <ele>0.010045</ele>
        <time>2026-06-20T14:56:34.637Z</time>
      </trkpt>
      <trkpt lat="53.064249" lon="5.519479">
        <ele>0.004643</ele>
        <time>2026-06-20T14:56:36.146Z</time>
      </trkpt>
      <trkpt lat="53.064304" lon="5.519632">
        <ele>0.001771</ele>
        <time>2026-06-20T14:56:38.577Z</time>
      </trkpt>
      <trkpt lat="53.064247" lon="5.519685">
        <ele>0.000021</ele>
        <time>2026-06-20T14:56:40.531Z</time>
      </trkpt>
      <trkpt lat="53.064123" lon="5.519800">
        <ele>0.022569</ele>
        <time>2026-06-20T14:56:44.802Z</time>
      </trkpt>
      <trkpt lat="53.063708" lon="5.520187">
        <ele>0.179899</ele>
        <time>2026-06-20T14:56:59.232Z</time>
      </trkpt>
      <trkpt lat="53.063687" lon="5.520206">
        <ele>0.187076</ele>
        <time>2026-06-20T14:57:00.898Z</time>
      </trkpt>
      <trkpt lat="53.063663" lon="5.520133">
        <ele>0.205050</ele>
        <time>2026-06-20T14:57:04.361Z</time>
      </trkpt>
      <trkpt lat="53.063638" lon="5.520061">
        <ele>0.229123</ele>
        <time>2026-06-20T14:57:10.531Z</time>
      </trkpt>
      <trkpt lat="53.063611" lon="5.519979">
        <ele>0.256192</ele>
        <time>2026-06-20T14:57:14.403Z</time>
      </trkpt>
      <trkpt lat="53.063590" lon="5.519915">
        <ele>0.277302</ele>
        <time>2026-06-20T14:57:17.466Z</time>
      </trkpt>
      <trkpt lat="53.063574" lon="5.519930">
        <ele>0.286149</ele>
        <time>2026-06-20T14:57:17.930Z</time>
      </trkpt>
      <trkpt lat="53.063554" lon="5.519946">
        <ele>0.296840</ele>
        <time>2026-06-20T14:57:18.486Z</time>
      </trkpt>
      <trkpt lat="53.063382" lon="5.520087">
        <ele>0.423531</ele>
        <time>2026-06-20T14:57:23.307Z</time>
      </trkpt>
      <trkpt lat="53.063341" lon="5.520120">
        <ele>0.454468</ele>
        <time>2026-06-20T14:57:24.441Z</time>
      </trkpt>
      <trkpt lat="53.063211" lon="5.520178">
        <ele>0.520564</ele>
        <time>2026-06-20T14:57:27.802Z</time>
      </trkpt>
      <trkpt lat="53.063207" lon="5.519698">
        <ele>0.677075</ele>
        <time>2026-06-20T14:57:34.816Z</time>
      </trkpt>
      <trkpt lat="53.062711" lon="5.518526">
        <ele>0.778145</ele>
        <time>2026-06-20T14:57:54.245Z</time>
      </trkpt>
      <trkpt lat="53.062517" lon="5.518103">
        <ele>0.710184</ele>
        <time>2026-06-20T14:58:01.059Z</time>
      </trkpt>
      <trkpt lat="53.062471" lon="5.518026">
        <ele>0.702505</ele>
        <time>2026-06-20T14:58:02.483Z</time>
      </trkpt>
      <trkpt lat="53.062313" lon="5.517913">
        <ele>0.672415</ele>
        <time>2026-06-20T14:58:06.223Z</time>
      </trkpt>
      <trkpt lat="53.062225" lon="5.517858">
        <ele>0.636538</ele>
        <time>2026-06-20T14:58:08.253Z</time>
      </trkpt>
      <trkpt lat="53.062225" lon="5.517703">
        <ele>0.600987</ele>
        <time>2026-06-20T14:58:10.304Z</time>
      </trkpt>
      <trkpt lat="53.062227" lon="5.517458">
        <ele>0.575067</ele>
        <time>2026-06-20T14:58:13.465Z</time>
      </trkpt>
      <trkpt lat="53.062218" lon="5.517111">
        <ele>0.525891</ele>
        <time>2026-06-20T14:58:17.899Z</time>
      </trkpt>
      <trkpt lat="53.062199" lon="5.516712">
        <ele>0.500125</ele>
        <time>2026-06-20T14:58:23.091Z</time>
      </trkpt>
      <trkpt lat="53.062236" lon="5.516204">
        <ele>0.504974</ele>
        <time>2026-06-20T14:58:30.002Z</time>
      </trkpt>
      <trkpt lat="53.062453" lon="5.515267">
        <ele>0.615742</ele>
        <time>2026-06-20T14:58:43.857Z</time>
      </trkpt>
      <trkpt lat="53.062492" lon="5.514926">
        <ele>0.674859</ele>
        <time>2026-06-20T14:58:48.724Z</time>
      </trkpt>
      <trkpt lat="53.062481" lon="5.514590">
        <ele>0.707993</ele>
        <time>2026-06-20T14:58:53.286Z</time>
      </trkpt>
      <trkpt lat="53.062318" lon="5.513517">
        <ele>0.804709</ele>
        <time>2026-06-20T14:59:08.497Z</time>
      </trkpt>
      <trkpt lat="53.062241" lon="5.512818">
        <ele>0.893697</ele>
        <time>2026-06-20T14:59:18.471Z</time>
      </trkpt>
      <trkpt lat="53.062107" lon="5.511700">
        <ele>0.940496</ele>
        <time>2026-06-20T14:59:33.857Z</time>
      </trkpt>
      <trkpt lat="53.062091" lon="5.511620">
        <ele>0.917603</ele>
        <time>2026-06-20T14:59:34.937Z</time>
      </trkpt>
      <trkpt lat="53.061991" lon="5.511061">
        <ele>0.796986</ele>
        <time>2026-06-20T14:59:42.281Z</time>
      </trkpt>
      <trkpt lat="53.061935" lon="5.510597">
        <ele>0.676794</ele>
        <time>2026-06-20T14:59:48.090Z</time>
      </trkpt>
      <trkpt lat="53.061954" lon="5.509945">
        <ele>0.383158</ele>
        <time>2026-06-20T14:59:55.914Z</time>
      </trkpt>
      <trkpt lat="53.062038" lon="5.509924">
        <ele>0.296053</ele>
        <time>2026-06-20T14:59:57.602Z</time>
      </trkpt>
      <trkpt lat="53.062082" lon="5.509831">
        <ele>0.223112</ele>
        <time>2026-06-20T14:59:58.938Z</time>
      </trkpt>
      <trkpt lat="53.062099" lon="5.509751">
        <ele>0.177115</ele>
        <time>2026-06-20T14:59:59.956Z</time>
      </trkpt>
      <trkpt lat="53.062117" lon="5.509659">
        <ele>0.128313</ele>
        <time>2026-06-20T15:00:01.070Z</time>
      </trkpt>
      <trkpt lat="53.062170" lon="5.509384">
        <ele>-0.020492</ele>
        <time>2026-06-20T15:00:04.434Z</time>
      </trkpt>
      <trkpt lat="53.062193" lon="5.509099">
        <ele>-0.178858</ele>
        <time>2026-06-20T15:00:07.814Z</time>
      </trkpt>
      <trkpt lat="53.062219" lon="5.508737">
        <ele>-0.308423</ele>
        <time>2026-06-20T15:00:12.243Z</time>
      </trkpt>
      <trkpt lat="53.062223" lon="5.508511">
        <ele>-0.361395</ele>
        <time>2026-06-20T15:00:15.052Z</time>
      </trkpt>
      <trkpt lat="53.062190" lon="5.508254">
        <ele>-0.404626</ele>
        <time>2026-06-20T15:00:18.471Z</time>
      </trkpt>
      <trkpt lat="53.062196" lon="5.508127">
        <ele>-0.411548</ele>
        <time>2026-06-20T15:00:20.143Z</time>
      </trkpt>
      <trkpt lat="53.062602" lon="5.506685">
        <ele>-0.595226</ele>
        <time>2026-06-20T15:00:40.870Z</time>
      </trkpt>
      <trkpt lat="53.062629" lon="5.506595">
        <ele>-0.607305</ele>
        <time>2026-06-20T15:00:42.134Z</time>
      </trkpt>
      <trkpt lat="53.062788" lon="5.506026">
        <ele>-0.697023</ele>
        <time>2026-06-20T15:00:50.176Z</time>
      </trkpt>
      <trkpt lat="53.063034" lon="5.505303">
        <ele>-0.801740</ele>
        <time>2026-06-20T15:01:00.915Z</time>
      </trkpt>
      <trkpt lat="53.063222" lon="5.504748">
        <ele>-0.888729</ele>
        <time>2026-06-20T15:01:08.978Z</time>
      </trkpt>
      <trkpt lat="53.063259" lon="5.504549">
        <ele>-0.918212</ele>
        <time>2026-06-20T15:01:11.631Z</time>
      </trkpt>
      <trkpt lat="53.063244" lon="5.504139">
        <ele>-0.978577</ele>
        <time>2026-06-20T15:01:16.928Z</time>
      </trkpt>
      <trkpt lat="53.063262" lon="5.503433">
        <ele>-0.980440</ele>
        <time>2026-06-20T15:01:26.530Z</time>
      </trkpt>
      <trkpt lat="53.063326" lon="5.503049">
        <ele>-0.900060</ele>
        <time>2026-06-20T15:01:32.090Z</time>
      </trkpt>
      <trkpt lat="53.063452" lon="5.502714">
        <ele>-0.828606</ele>
        <time>2026-06-20T15:01:37.618Z</time>
      </trkpt>
      <trkpt lat="53.064727" lon="5.500931">
        <ele>-0.702771</ele>
        <time>2026-06-20T15:02:15.068Z</time>
      </trkpt>
      <trkpt lat="53.064972" lon="5.500675">
        <ele>-0.697087</ele>
        <time>2026-06-20T15:02:21.685Z</time>
      </trkpt>
      <trkpt lat="53.065082" lon="5.500511">
        <ele>-0.663101</ele>
        <time>2026-06-20T15:02:25.064Z</time>
      </trkpt>
      <trkpt lat="53.065152" lon="5.500344">
        <ele>-0.644749</ele>
        <time>2026-06-20T15:02:27.859Z</time>
      </trkpt>
      <trkpt lat="53.067062" lon="5.497705">
        <ele>-0.502026</ele>
        <time>2026-06-20T15:03:23.623Z</time>
      </trkpt>
      <trkpt lat="53.067230" lon="5.497633">
        <ele>-0.505351</ele>
        <time>2026-06-20T15:03:27.396Z</time>
      </trkpt>
      <trkpt lat="53.067313" lon="5.497545">
        <ele>-0.538530</ele>
        <time>2026-06-20T15:03:29.507Z</time>
      </trkpt>
      <trkpt lat="53.067390" lon="5.497426">
        <ele>-0.573957</ele>
        <time>2026-06-20T15:03:31.775Z</time>
      </trkpt>
      <trkpt lat="53.067450" lon="5.497167">
        <ele>-0.608049</ele>
        <time>2026-06-20T15:03:35.352Z</time>
      </trkpt>
      <trkpt lat="53.068466" lon="5.495746">
        <ele>-0.999941</ele>
        <time>2026-06-20T15:04:03.379Z</time>
      </trkpt>
      <trkpt lat="53.068958" lon="5.494999">
        <ele>-1.200091</ele>
        <time>2026-06-20T15:04:17.454Z</time>
      </trkpt>
      <trkpt lat="53.069429" lon="5.494224">
        <ele>-1.383067</ele>
        <time>2026-06-20T15:04:31.573Z</time>
      </trkpt>
      <trkpt lat="53.070187" lon="5.492851">
        <ele>-1.380364</ele>
        <time>2026-06-20T15:04:56.631Z</time>
      </trkpt>
      <trkpt lat="53.071087" lon="5.491000">
        <ele>-0.912194</ele>
        <time>2026-06-20T15:05:30.215Z</time>
      </trkpt>
      <trkpt lat="53.074824" lon="5.482785">
        <ele>-0.740437</ele>
        <time>2026-06-20T15:07:48.637Z</time>
      </trkpt>
      <trkpt lat="53.074879" lon="5.482875">
        <ele>-0.770783</ele>
        <time>2026-06-20T15:07:50.226Z</time>
      </trkpt>
      <trkpt lat="53.074966" lon="5.483023">
        <ele>-0.820868</ele>
        <time>2026-06-20T15:07:52.808Z</time>
      </trkpt>
      <trkpt lat="53.075363" lon="5.483870">
        <ele>-1.100980</ele>
        <time>2026-06-20T15:08:06.206Z</time>
      </trkpt>
      <trkpt lat="53.075904" lon="5.483374">
        <ele>-1.383251</ele>
        <time>2026-06-20T15:08:19.008Z</time>
      </trkpt>
      <trkpt lat="53.076085" lon="5.483261">
        <ele>-1.397878</ele>
        <time>2026-06-20T15:08:23.136Z</time>
      </trkpt>
      <trkpt lat="53.076237" lon="5.483236">
        <ele>-1.400000</ele>
        <time>2026-06-20T15:08:26.493Z</time>
      </trkpt>
      <trkpt lat="53.076944" lon="5.483341">
        <ele>-1.400000</ele>
        <time>2026-06-20T15:08:42.401Z</time>
      </trkpt>
      <trkpt lat="53.077046" lon="5.483310">
        <ele>-1.400000</ele>
        <time>2026-06-20T15:08:44.711Z</time>
      </trkpt>
      <trkpt lat="53.077317" lon="5.483115">
        <ele>-1.400000</ele>
        <time>2026-06-20T15:08:51.275Z</time>
      </trkpt>
      <trkpt lat="53.077531" lon="5.482839">
        <ele>-1.400000</ele>
        <time>2026-06-20T15:08:57.316Z</time>
      </trkpt>
      <trkpt lat="53.077725" lon="5.482428">
        <ele>-1.394921</ele>
        <time>2026-06-20T15:09:04.398Z</time>
      </trkpt>
      <trkpt lat="53.078497" lon="5.481070">
        <ele>-1.187509</ele>
        <time>2026-06-20T15:09:30.112Z</time>
      </trkpt>
      <trkpt lat="53.078627" lon="5.480904">
        <ele>-1.106948</ele>
        <time>2026-06-20T15:09:33.930Z</time>
      </trkpt>
      <trkpt lat="53.079270" lon="5.480278">
        <ele>-0.803200</ele>
        <time>2026-06-20T15:09:51.622Z</time>
      </trkpt>
      <trkpt lat="53.079900" lon="5.481562">
        <ele>-0.511660</ele>
        <time>2026-06-20T15:10:15.006Z</time>
      </trkpt>
      <trkpt lat="53.079980" lon="5.481724">
        <ele>-0.487078</ele>
        <time>2026-06-20T15:10:17.974Z</time>
      </trkpt>
      <trkpt lat="53.080124" lon="5.482018">
        <ele>-0.412168</ele>
        <time>2026-06-20T15:10:24.906Z</time>
      </trkpt>
      <trkpt lat="53.080176" lon="5.482069">
        <ele>-0.397216</ele>
        <time>2026-06-20T15:10:26.730Z</time>
      </trkpt>
      <trkpt lat="53.080263" lon="5.482083">
        <ele>-0.375562</ele>
        <time>2026-06-20T15:10:29.358Z</time>
      </trkpt>
      <trkpt lat="53.080437" lon="5.482038">
        <ele>-0.330621</ele>
        <time>2026-06-20T15:10:34.677Z</time>
      </trkpt>
      <trkpt lat="53.080652" lon="5.482180">
        <ele>-0.287407</ele>
        <time>2026-06-20T15:10:41.644Z</time>
      </trkpt>
      <trkpt lat="53.082722" lon="5.483568">
        <ele>0.187481</ele>
        <time>2026-06-20T15:11:48.806Z</time>
      </trkpt>
      <trkpt lat="53.082738" lon="5.483579">
        <ele>0.189143</ele>
        <time>2026-06-20T15:11:49.319Z</time>
      </trkpt>
      <trkpt lat="53.082854" lon="5.483618">
        <ele>0.198401</ele>
        <time>2026-06-20T15:11:52.781Z</time>
      </trkpt>
      <trkpt lat="53.082940" lon="5.483602">
        <ele>0.182924</ele>
        <time>2026-06-20T15:11:55.333Z</time>
      </trkpt>
      <trkpt lat="53.083232" lon="5.483372">
        <ele>0.112360</ele>
        <time>2026-06-20T15:12:04.702Z</time>
      </trkpt>
      <trkpt lat="53.083484" lon="5.483205">
        <ele>0.092385</ele>
        <time>2026-06-20T15:12:12.492Z</time>
      </trkpt>
      <trkpt lat="53.083892" lon="5.482942">
        <ele>-0.009935</ele>
        <time>2026-06-20T15:12:24.787Z</time>
      </trkpt>
      <trkpt lat="53.083934" lon="5.482915">
        <ele>-0.034448</ele>
        <time>2026-06-20T15:12:26.055Z</time>
      </trkpt>
      <trkpt lat="53.083992" lon="5.482883">
        <ele>-0.067716</ele>
        <time>2026-06-20T15:12:27.307Z</time>
      </trkpt>
      <trkpt lat="53.084026" lon="5.482860">
        <ele>-0.087697</ele>
        <time>2026-06-20T15:12:28.072Z</time>
      </trkpt>
      <trkpt lat="53.084539" lon="5.482665">
        <ele>-0.301852</ele>
        <time>2026-06-20T15:12:38.991Z</time>
      </trkpt>
      <trkpt lat="53.084763" lon="5.482618">
        <ele>-0.411502</ele>
        <time>2026-06-20T15:12:43.671Z</time>
      </trkpt>
      <trkpt lat="53.084882" lon="5.482601">
        <ele>-0.469404</ele>
        <time>2026-06-20T15:12:46.986Z</time>
      </trkpt>
      <trkpt lat="53.085377" lon="5.482624">
        <ele>-0.611695</ele>
        <time>2026-06-20T15:12:57.389Z</time>
      </trkpt>
      <trkpt lat="53.085822" lon="5.482779">
        <ele>-0.789468</ele>
        <time>2026-06-20T15:13:06.996Z</time>
      </trkpt>
      <trkpt lat="53.087130" lon="5.483434">
        <ele>-1.090622</ele>
        <time>2026-06-20T15:13:36.248Z</time>
      </trkpt>
      <trkpt lat="53.087294" lon="5.483497">
        <ele>-1.100022</ele>
        <time>2026-06-20T15:13:39.884Z</time>
      </trkpt>
      <trkpt lat="53.087458" lon="5.483506">
        <ele>-1.120942</ele>
        <time>2026-06-20T15:13:43.443Z</time>
      </trkpt>
      <trkpt lat="53.087690" lon="5.483433">
        <ele>-1.177077</ele>
        <time>2026-06-20T15:13:48.561Z</time>
      </trkpt>
      <trkpt lat="53.087828" lon="5.483334">
        <ele>-1.198018</ele>
        <time>2026-06-20T15:13:51.820Z</time>
      </trkpt>
      <trkpt lat="53.090236" lon="5.480310">
        <ele>-1.003676</ele>
        <time>2026-06-20T15:14:59.472Z</time>
      </trkpt>
      <trkpt lat="53.090458" lon="5.480030">
        <ele>-1.005812</ele>
        <time>2026-06-20T15:15:05.695Z</time>
      </trkpt>
      <trkpt lat="53.091888" lon="5.478248">
        <ele>-1.209048</ele>
        <time>2026-06-20T15:15:44.780Z</time>
      </trkpt>
      <trkpt lat="53.092201" lon="5.477957">
        <ele>-1.296387</ele>
        <time>2026-06-20T15:15:52.434Z</time>
      </trkpt>
      <trkpt lat="53.092668" lon="5.477637">
        <ele>-1.384331</ele>
        <time>2026-06-20T15:16:03.281Z</time>
      </trkpt>
      <trkpt lat="53.093291" lon="5.477392">
        <ele>-1.400000</ele>
        <time>2026-06-20T15:16:17.316Z</time>
      </trkpt>
      <trkpt lat="53.093903" lon="5.477341">
        <ele>-1.392725</ele>
        <time>2026-06-20T15:16:31.204Z</time>
      </trkpt>
      <trkpt lat="53.094319" lon="5.477402">
        <ele>-1.304300</ele>
        <time>2026-06-20T15:16:40.838Z</time>
      </trkpt>
      <trkpt lat="53.095100" lon="5.477675">
        <ele>-1.205978</ele>
        <time>2026-06-20T15:16:59.047Z</time>
      </trkpt>
      <trkpt lat="53.096720" lon="5.478263">
        <ele>-1.083913</ele>
        <time>2026-06-20T15:17:36.193Z</time>
      </trkpt>
      <trkpt lat="53.098534" lon="5.478936">
        <ele>-0.309858</ele>
        <time>2026-06-20T15:18:20.747Z</time>
      </trkpt>
      <trkpt lat="53.099165" lon="5.479175">
        <ele>-0.204956</ele>
        <time>2026-06-20T15:18:35.538Z</time>
      </trkpt>
      <trkpt lat="53.099396" lon="5.479386">
        <ele>-0.200000</ele>
        <time>2026-06-20T15:18:41.421Z</time>
      </trkpt>
      <trkpt lat="53.099556" lon="5.479666">
        <ele>-0.200000</ele>
        <time>2026-06-20T15:18:46.541Z</time>
      </trkpt>
      <trkpt lat="53.099724" lon="5.480106">
        <ele>-0.217353</ele>
        <time>2026-06-20T15:18:53.345Z</time>
      </trkpt>
      <trkpt lat="53.100302" lon="5.479636">
        <ele>-0.394458</ele>
        <time>2026-06-20T15:19:07.061Z</time>
      </trkpt>
      <trkpt lat="53.101410" lon="5.478790">
        <ele>-0.724913</ele>
        <time>2026-06-20T15:19:32.961Z</time>
      </trkpt>
      <trkpt lat="53.101373" lon="5.478617">
        <ele>-0.758831</ele>
        <time>2026-06-20T15:19:35.299Z</time>
      </trkpt>
      <trkpt lat="53.101451" lon="5.478528">
        <ele>-0.784367</ele>
        <time>2026-06-20T15:19:37.323Z</time>
      </trkpt>
      <trkpt lat="53.101709" lon="5.478000">
        <ele>-0.800000</ele>
        <time>2026-06-20T15:19:46.171Z</time>
      </trkpt>
      <trkpt lat="53.102176" lon="5.476835">
        <ele>-0.790928</ele>
        <time>2026-06-20T15:20:05.030Z</time>
      </trkpt>
      <trkpt lat="53.103127" lon="5.474879">
        <ele>-0.599541</ele>
        <time>2026-06-20T15:20:39.362Z</time>
      </trkpt>
      <trkpt lat="53.103462" lon="5.473897">
        <ele>-0.493632</ele>
        <time>2026-06-20T15:20:55.024Z</time>
      </trkpt>
      <trkpt lat="53.103622" lon="5.473507">
        <ele>-0.415991</ele>
        <time>2026-06-20T15:21:01.577Z</time>
      </trkpt>
      <trkpt lat="53.103689" lon="5.473349">
        <ele>-0.399854</ele>
        <time>2026-06-20T15:21:04.397Z</time>
      </trkpt>
      <trkpt lat="53.103713" lon="5.473183">
        <ele>-0.362944</ele>
        <time>2026-06-20T15:21:06.888Z</time>
      </trkpt>
      <trkpt lat="53.103702" lon="5.473019">
        <ele>-0.312495</ele>
        <time>2026-06-20T15:21:09.311Z</time>
      </trkpt>
      <trkpt lat="53.103610" lon="5.472591">
        <ele>-0.203475</ele>
        <time>2026-06-20T15:21:16.139Z</time>
      </trkpt>
      <trkpt lat="53.103686" lon="5.472551">
        <ele>-0.151073</ele>
        <time>2026-06-20T15:21:21.679Z</time>
      </trkpt>
      <trkpt lat="53.103665" lon="5.472469">
        <ele>-0.111822</ele>
        <time>2026-06-20T15:21:25.419Z</time>
      </trkpt>
      <trkpt lat="53.103686" lon="5.472551">
        <ele>-0.072572</ele>
        <time>2026-06-20T15:21:29.158Z</time>
      </trkpt>
      <trkpt lat="53.103610" lon="5.472591">
        <ele>-0.014908</ele>
        <time>2026-06-20T15:21:34.698Z</time>
      </trkpt>
      <trkpt lat="53.103558" lon="5.472349">
        <ele>0.093434</ele>
        <time>2026-06-20T15:21:38.691Z</time>
      </trkpt>
      <trkpt lat="53.103375" lon="5.471533">
        <ele>0.391324</ele>
        <time>2026-06-20T15:21:52.152Z</time>
      </trkpt>
      <trkpt lat="53.103418" lon="5.471520">
        <ele>0.413935</ele>
        <time>2026-06-20T15:21:53.242Z</time>
      </trkpt>
      <trkpt lat="53.104002" lon="5.470325">
        <ele>0.886990</ele>
        <time>2026-06-20T15:22:16.483Z</time>
      </trkpt>
      <trkpt lat="53.104184" lon="5.469873">
        <ele>0.999456</ele>
        <time>2026-06-20T15:22:24.654Z</time>
      </trkpt>
      <trkpt lat="53.104315" lon="5.469345">
        <ele>1.088160</ele>
        <time>2026-06-20T15:22:32.935Z</time>
      </trkpt>
      <trkpt lat="53.104424" lon="5.469415">
        <ele>1.107613</ele>
        <time>2026-06-20T15:22:35.739Z</time>
      </trkpt>
      <trkpt lat="53.104758" lon="5.469625">
        <ele>1.184274</ele>
        <time>2026-06-20T15:22:44.183Z</time>
      </trkpt>
      <trkpt lat="53.104967" lon="5.469757">
        <ele>1.199994</ele>
        <time>2026-06-20T15:22:49.411Z</time>
      </trkpt>
      <trkpt lat="53.105098" lon="5.469838">
        <ele>1.198002</ele>
        <time>2026-06-20T15:22:52.622Z</time>
      </trkpt>
      <trkpt lat="53.105236" lon="5.469929">
        <ele>1.188260</ele>
        <time>2026-06-20T15:22:55.967Z</time>
      </trkpt>
      <trkpt lat="53.105590" lon="5.470150">
        <ele>1.086817</ele>
        <time>2026-06-20T15:23:04.351Z</time>
      </trkpt>
      <trkpt lat="53.105962" lon="5.470397">
        <ele>0.891304</ele>
        <time>2026-06-20T15:23:15.456Z</time>
      </trkpt>
      <trkpt lat="53.106055" lon="5.470429">
        <ele>0.835604</ele>
        <time>2026-06-20T15:23:18.074Z</time>
      </trkpt>
      <trkpt lat="53.106144" lon="5.470419">
        <ele>0.785333</ele>
        <time>2026-06-20T15:23:20.560Z</time>
      </trkpt>
      <trkpt lat="53.106269" lon="5.470665">
        <ele>0.694666</ele>
        <time>2026-06-20T15:23:24.539Z</time>
      </trkpt>
      <trkpt lat="53.106523" lon="5.470957">
        <ele>0.474206</ele>
        <time>2026-06-20T15:23:30.742Z</time>
      </trkpt>
      <trkpt lat="53.106844" lon="5.471732">
        <ele>-0.095974</ele>
        <time>2026-06-20T15:23:41.628Z</time>
      </trkpt>
      <trkpt lat="53.107622" lon="5.473768">
        <ele>-1.406200</ele>
        <time>2026-06-20T15:24:09.622Z</time>
      </trkpt>
      <trkpt lat="53.108345" lon="5.475632">
        <ele>-0.802897</ele>
        <time>2026-06-20T15:24:41.986Z</time>
      </trkpt>
      <trkpt lat="53.109989" lon="5.479325">
        <ele>0.460878</ele>
        <time>2026-06-20T15:25:48.790Z</time>
      </trkpt>
      <trkpt lat="53.110841" lon="5.481247">
        <ele>0.597181</ele>
        <time>2026-06-20T15:26:21.021Z</time>
      </trkpt>
      <trkpt lat="53.110971" lon="5.481620">
        <ele>0.616802</ele>
        <time>2026-06-20T15:26:26.870Z</time>
      </trkpt>
      <trkpt lat="53.111034" lon="5.481878">
        <ele>0.659371</ele>
        <time>2026-06-20T15:26:30.625Z</time>
      </trkpt>
      <trkpt lat="53.111305" lon="5.483266">
        <ele>0.398134</ele>
        <time>2026-06-20T15:26:49.103Z</time>
      </trkpt>
      <trkpt lat="53.111565" lon="5.484035">
        <ele>0.210686</ele>
        <time>2026-06-20T15:27:00.364Z</time>
      </trkpt>
      <trkpt lat="53.111617" lon="5.484141">
        <ele>0.188376</ele>
        <time>2026-06-20T15:27:02.088Z</time>
      </trkpt>
      <trkpt lat="53.111671" lon="5.484242">
        <ele>0.166364</ele>
        <time>2026-06-20T15:27:03.779Z</time>
      </trkpt>
      <trkpt lat="53.111793" lon="5.484326">
        <ele>0.107331</ele>
        <time>2026-06-20T15:27:06.513Z</time>
      </trkpt>
      <trkpt lat="53.112093" lon="5.484657">
        <ele>-0.101678</ele>
        <time>2026-06-20T15:27:13.835Z</time>
      </trkpt>
      <trkpt lat="53.112389" lon="5.484906">
        <ele>-0.266528</ele>
        <time>2026-06-20T15:27:20.607Z</time>
      </trkpt>
      <trkpt lat="53.113379" lon="5.485657">
        <ele>-0.491581</ele>
        <time>2026-06-20T15:27:43.889Z</time>
      </trkpt>
      <trkpt lat="53.113706" lon="5.485868">
        <ele>-0.500000</ele>
        <time>2026-06-20T15:27:51.776Z</time>
      </trkpt>
      <trkpt lat="53.113938" lon="5.486040">
        <ele>-0.495264</ele>
        <time>2026-06-20T15:27:57.582Z</time>
      </trkpt>
      <trkpt lat="53.114612" lon="5.486568">
        <ele>-0.403365</ele>
        <time>2026-06-20T15:28:14.348Z</time>
      </trkpt>
      <trkpt lat="53.114774" lon="5.486802">
        <ele>-0.372037</ele>
        <time>2026-06-20T15:28:19.293Z</time>
      </trkpt>
      <trkpt lat="53.114857" lon="5.486872">
        <ele>-0.336211</ele>
        <time>2026-06-20T15:28:21.487Z</time>
      </trkpt>
      <trkpt lat="53.114945" lon="5.486912">
        <ele>-0.301082</ele>
        <time>2026-06-20T15:28:23.630Z</time>
      </trkpt>
      <trkpt lat="53.115055" lon="5.486947">
        <ele>-0.283692</ele>
        <time>2026-06-20T15:28:26.285Z</time>
      </trkpt>
      <trkpt lat="53.115386" lon="5.487017">
        <ele>-0.208877</ele>
        <time>2026-06-20T15:28:34.009Z</time>
      </trkpt>
      <trkpt lat="53.115529" lon="5.487106">
        <ele>-0.202654</ele>
        <time>2026-06-20T15:28:37.474Z</time>
      </trkpt>
      <trkpt lat="53.115603" lon="5.487103">
        <ele>-0.200077</ele>
        <time>2026-06-20T15:28:39.157Z</time>
      </trkpt>
      <trkpt lat="53.115680" lon="5.487091">
        <ele>-0.200000</ele>
        <time>2026-06-20T15:28:40.848Z</time>
      </trkpt>
      <trkpt lat="53.115739" lon="5.487076">
        <ele>-0.200000</ele>
        <time>2026-06-20T15:28:42.197Z</time>
      </trkpt>
      <trkpt lat="53.115912" lon="5.486925">
        <ele>-0.200000</ele>
        <time>2026-06-20T15:28:46.491Z</time>
      </trkpt>
      <trkpt lat="53.116200" lon="5.486766">
        <ele>-0.186819</ele>
        <time>2026-06-20T15:28:53.219Z</time>
      </trkpt>
      <trkpt lat="53.116484" lon="5.486504">
        <ele>-0.114832</ele>
        <time>2026-06-20T15:29:00.599Z</time>
      </trkpt>
      <trkpt lat="53.116696" lon="5.486252">
        <ele>-0.100000</ele>
        <time>2026-06-20T15:29:06.628Z</time>
      </trkpt>
      <trkpt lat="53.117466" lon="5.485065">
        <ele>-0.100000</ele>
        <time>2026-06-20T15:29:30.058Z</time>
      </trkpt>
      <trkpt lat="53.117786" lon="5.484616">
        <ele>-0.109730</ele>
        <time>2026-06-20T15:29:39.156Z</time>
      </trkpt>
      <trkpt lat="53.118065" lon="5.484307">
        <ele>-0.191834</ele>
        <time>2026-06-20T15:29:46.304Z</time>
      </trkpt>
      <trkpt lat="53.118541" lon="5.483961">
        <ele>-0.312389</ele>
        <time>2026-06-20T15:29:57.321Z</time>
      </trkpt>
      <trkpt lat="53.118971" lon="5.483791">
        <ele>-0.487683</ele>
        <time>2026-06-20T15:30:06.562Z</time>
      </trkpt>
      <trkpt lat="53.120907" lon="5.483349">
        <ele>-0.859584</ele>
        <time>2026-06-20T15:30:48.684Z</time>
      </trkpt>
      <trkpt lat="53.121281" lon="5.483309">
        <ele>-0.718136</ele>
        <time>2026-06-20T15:30:57.447Z</time>
      </trkpt>
      <trkpt lat="53.121591" lon="5.483325">
        <ele>-0.672880</ele>
        <time>2026-06-20T15:31:04.706Z</time>
      </trkpt>
      <trkpt lat="53.122163" lon="5.483482">
        <ele>-0.512775</ele>
        <time>2026-06-20T15:31:18.142Z</time>
      </trkpt>
      <trkpt lat="53.123686" lon="5.484039">
        <ele>-0.591400</ele>
        <time>2026-06-20T15:31:52.719Z</time>
      </trkpt>
      <trkpt lat="53.124158" lon="5.484070">
        <ele>-0.498925</ele>
        <time>2026-06-20T15:32:03.571Z</time>
      </trkpt>
      <trkpt lat="53.124559" lon="5.483926">
        <ele>-0.389193</ele>
        <time>2026-06-20T15:32:13.111Z</time>
      </trkpt>
      <trkpt lat="53.124734" lon="5.483814">
        <ele>-0.314552</ele>
        <time>2026-06-20T15:32:17.524Z</time>
      </trkpt>
      <trkpt lat="53.125160" lon="5.483452">
        <ele>-0.208448</ele>
        <time>2026-06-20T15:32:28.625Z</time>
      </trkpt>
      <trkpt lat="53.125258" lon="5.483370">
        <ele>-0.201544</ele>
        <time>2026-06-20T15:32:31.060Z</time>
      </trkpt>
      <trkpt lat="53.125306" lon="5.483366">
        <ele>-0.200701</ele>
        <time>2026-06-20T15:32:32.176Z</time>
      </trkpt>
      <trkpt lat="53.125466" lon="5.483547">
        <ele>-0.162609</ele>
        <time>2026-06-20T15:32:36.539Z</time>
      </trkpt>
      <trkpt lat="53.125540" lon="5.483485">
        <ele>-0.130074</ele>
        <time>2026-06-20T15:32:38.391Z</time>
      </trkpt>
      <trkpt lat="53.125681" lon="5.483333">
        <ele>-0.105026</ele>
        <time>2026-06-20T15:32:42.216Z</time>
      </trkpt>
      <trkpt lat="53.125779" lon="5.483074">
        <ele>-0.100744</ele>
        <time>2026-06-20T15:32:46.345Z</time>
      </trkpt>
      <trkpt lat="53.125909" lon="5.482761">
        <ele>-0.134758</ele>
        <time>2026-06-20T15:32:51.309Z</time>
      </trkpt>
      <trkpt lat="53.125986" lon="5.482649">
        <ele>-0.175943</ele>
        <time>2026-06-20T15:32:53.538Z</time>
      </trkpt>
      <trkpt lat="53.127302" lon="5.481614">
        <ele>-0.273256</ele>
        <time>2026-06-20T15:33:25.529Z</time>
      </trkpt>
      <trkpt lat="53.127473" lon="5.481451">
        <ele>-0.220227</ele>
        <time>2026-06-20T15:33:29.967Z</time>
      </trkpt>
      <trkpt lat="53.127641" lon="5.481227">
        <ele>-0.187811</ele>
        <time>2026-06-20T15:33:34.819Z</time>
      </trkpt>
      <trkpt lat="53.128584" lon="5.479540">
        <ele>0.198357</ele>
        <time>2026-06-20T15:34:07.245Z</time>
      </trkpt>
      <trkpt lat="53.128584" lon="5.479406">
        <ele>0.221645</ele>
        <time>2026-06-20T15:34:09.746Z</time>
      </trkpt>
      <trkpt lat="53.128839" lon="5.478955">
        <ele>0.405269</ele>
        <time>2026-06-20T15:34:21.410Z</time>
      </trkpt>
      <trkpt lat="53.129047" lon="5.478571">
        <ele>0.591726</ele>
        <time>2026-06-20T15:34:31.080Z</time>
      </trkpt>
      <trkpt lat="53.129212" lon="5.477942">
        <ele>0.800137</ele>
        <time>2026-06-20T15:34:43.964Z</time>
      </trkpt>
      <trkpt lat="53.129286" lon="5.477624">
        <ele>0.895809</ele>
        <time>2026-06-20T15:34:50.381Z</time>
      </trkpt>
      <trkpt lat="53.129402" lon="5.477269">
        <ele>0.980627</ele>
        <time>2026-06-20T15:34:57.901Z</time>
      </trkpt>
      <trkpt lat="53.129432" lon="5.477196">
        <ele>0.993111</ele>
        <time>2026-06-20T15:34:59.536Z</time>
      </trkpt>
      <trkpt lat="53.129474" lon="5.477105">
        <ele>1.009522</ele>
        <time>2026-06-20T15:35:01.168Z</time>
      </trkpt>
      <trkpt lat="53.129698" lon="5.476723">
        <ele>1.098385</ele>
        <time>2026-06-20T15:35:10.920Z</time>
      </trkpt>
      <trkpt lat="53.129746" lon="5.476657">
        <ele>1.116863</ele>
        <time>2026-06-20T15:35:12.805Z</time>
      </trkpt>
      <trkpt lat="53.129891" lon="5.476450">
        <ele>1.176657</ele>
        <time>2026-06-20T15:35:18.582Z</time>
      </trkpt>
      <trkpt lat="53.129962" lon="5.476298">
        <ele>1.213530</ele>
        <time>2026-06-20T15:35:22.059Z</time>
      </trkpt>
      <trkpt lat="53.130088" lon="5.475932">
        <ele>1.282039</ele>
        <time>2026-06-20T15:35:29.715Z</time>
      </trkpt>
      <trkpt lat="53.130119" lon="5.475841">
        <ele>1.288472</ele>
        <time>2026-06-20T15:35:31.603Z</time>
      </trkpt>
      <trkpt lat="53.130224" lon="5.475537">
        <ele>1.300000</ele>
        <time>2026-06-20T15:35:37.860Z</time>
      </trkpt>
      <trkpt lat="53.130454" lon="5.474974">
        <ele>1.284604</ele>
        <time>2026-06-20T15:35:49.651Z</time>
      </trkpt>
      <trkpt lat="53.130647" lon="5.474571">
        <ele>1.187838</ele>
        <time>2026-06-20T15:35:58.436Z</time>
      </trkpt>
      <trkpt lat="53.130660" lon="5.474544">
        <ele>1.179339</ele>
        <time>2026-06-20T15:35:59.019Z</time>
      </trkpt>
      <trkpt lat="53.130750" lon="5.474367">
        <ele>1.120669</ele>
        <time>2026-06-20T15:36:02.902Z</time>
      </trkpt>
      <trkpt lat="53.130770" lon="5.474333">
        <ele>1.108343</ele>
        <time>2026-06-20T15:36:03.686Z</time>
      </trkpt>
      <trkpt lat="53.130825" lon="5.474244">
        <ele>1.075266</ele>
        <time>2026-06-20T15:36:05.798Z</time>
      </trkpt>
      <trkpt lat="53.130910" lon="5.474112">
        <ele>1.025426</ele>
        <time>2026-06-20T15:36:08.989Z</time>
      </trkpt>
      <trkpt lat="53.130990" lon="5.473986">
        <ele>0.978369</ele>
        <time>2026-06-20T15:36:12.041Z</time>
      </trkpt>
      <trkpt lat="53.131088" lon="5.473833">
        <ele>0.892071</ele>
        <time>2026-06-20T15:36:15.705Z</time>
      </trkpt>
      <trkpt lat="53.131169" lon="5.473707">
        <ele>0.810187</ele>
        <time>2026-06-20T15:36:18.688Z</time>
      </trkpt>
      <trkpt lat="53.131299" lon="5.473502">
        <ele>0.711276</ele>
        <time>2026-06-20T15:36:23.563Z</time>
      </trkpt>
      <trkpt lat="53.131327" lon="5.473458">
        <ele>0.690976</ele>
        <time>2026-06-20T15:36:24.608Z</time>
      </trkpt>
      <trkpt lat="53.131448" lon="5.473269">
        <ele>0.609442</ele>
        <time>2026-06-20T15:36:29.102Z</time>
      </trkpt>
      <trkpt lat="53.131488" lon="5.473209">
        <ele>0.583386</ele>
        <time>2026-06-20T15:36:30.555Z</time>
      </trkpt>
      <trkpt lat="53.131698" lon="5.472897">
        <ele>0.425930</ele>
        <time>2026-06-20T15:36:38.315Z</time>
      </trkpt>
      <trkpt lat="53.131761" lon="5.472801">
        <ele>0.414984</ele>
        <time>2026-06-20T15:36:40.727Z</time>
      </trkpt>
      <trkpt lat="53.131965" lon="5.472490">
        <ele>0.383601</ele>
        <time>2026-06-20T15:36:48.638Z</time>
      </trkpt>
      <trkpt lat="53.132189" lon="5.472148">
        <ele>0.310939</ele>
        <time>2026-06-20T15:36:57.346Z</time>
      </trkpt>
      <trkpt lat="53.132317" lon="5.471953">
        <ele>0.301953</ele>
        <time>2026-06-20T15:37:02.316Z</time>
      </trkpt>
      <trkpt lat="53.132505" lon="5.471663">
        <ele>0.257653</ele>
        <time>2026-06-20T15:37:09.674Z</time>
      </trkpt>
      <trkpt lat="53.132535" lon="5.471615">
        <ele>0.247580</ele>
        <time>2026-06-20T15:37:10.880Z</time>
      </trkpt>
      <trkpt lat="53.132579" lon="5.471628">
        <ele>0.236366</ele>
        <time>2026-06-20T15:37:11.884Z</time>
      </trkpt>
      <trkpt lat="53.132695" lon="5.471480">
        <ele>0.200000</ele>
        <time>2026-06-20T15:37:15.178Z</time>
      </trkpt>
      <trkpt lat="53.132729" lon="5.471435">
        <ele>0.200000</ele>
        <time>2026-06-20T15:37:16.142Z</time>
      </trkpt>
      <trkpt lat="53.132916" lon="5.471145">
        <ele>0.200000</ele>
        <time>2026-06-20T15:37:21.698Z</time>
      </trkpt>
      <trkpt lat="53.133208" lon="5.470681">
        <ele>0.178826</ele>
        <time>2026-06-20T15:37:30.536Z</time>
      </trkpt>
      <trkpt lat="53.133312" lon="5.470505">
        <ele>0.123943</ele>
        <time>2026-06-20T15:37:33.757Z</time>
      </trkpt>
      <trkpt lat="53.133364" lon="5.470434">
        <ele>0.105621</ele>
        <time>2026-06-20T15:37:35.207Z</time>
      </trkpt>
      <trkpt lat="53.133509" lon="5.470340">
        <ele>0.100297</ele>
        <time>2026-06-20T15:37:38.575Z</time>
      </trkpt>
      <trkpt lat="53.133550" lon="5.470258">
        <ele>0.093277</ele>
        <time>2026-06-20T15:37:39.954Z</time>
      </trkpt>
      <trkpt lat="53.133587" lon="5.470157">
        <ele>0.066939</ele>
        <time>2026-06-20T15:37:41.466Z</time>
      </trkpt>
      <trkpt lat="53.133602" lon="5.469965">
        <ele>0.023848</ele>
        <time>2026-06-20T15:37:43.968Z</time>
      </trkpt>
      <trkpt lat="53.133868" lon="5.469388">
        <ele>0.000000</ele>
        <time>2026-06-20T15:37:53.467Z</time>
      </trkpt>
      <trkpt lat="53.134321" lon="5.468330">
        <ele>0.003252</ele>
        <time>2026-06-20T15:38:10.882Z</time>
      </trkpt>
      <trkpt lat="53.135560" lon="5.465357">
        <ele>0.093069</ele>
        <time>2026-06-20T15:38:59.480Z</time>
      </trkpt>
      <trkpt lat="53.135812" lon="5.464518">
        <ele>-0.013449</ele>
        <time>2026-06-20T15:39:11.532Z</time>
      </trkpt>
      <trkpt lat="53.136007" lon="5.463605">
        <ele>-0.198510</ele>
        <time>2026-06-20T15:39:23.918Z</time>
      </trkpt>
      <trkpt lat="53.136272" lon="5.461431">
        <ele>-0.597837</ele>
        <time>2026-06-20T15:39:51.958Z</time>
      </trkpt>
      <trkpt lat="53.136354" lon="5.460716">
        <ele>-0.691980</ele>
        <time>2026-06-20T15:40:01.452Z</time>
      </trkpt>
      <trkpt lat="53.136409" lon="5.460234">
        <ele>-0.682432</ele>
        <time>2026-06-20T15:40:08.004Z</time>
      </trkpt>
      <trkpt lat="53.136651" lon="5.458123">
        <ele>-0.298785</ele>
        <time>2026-06-20T15:40:38.294Z</time>
      </trkpt>
      <trkpt lat="53.136920" lon="5.455777">
        <ele>0.177268</ele>
        <time>2026-06-20T15:41:12.045Z</time>
      </trkpt>
      <trkpt lat="53.137016" lon="5.454978">
        <ele>0.221291</ele>
        <time>2026-06-20T15:41:23.136Z</time>
      </trkpt>
      <trkpt lat="53.137082" lon="5.454552">
        <ele>0.267516</ele>
        <time>2026-06-20T15:41:29.046Z</time>
      </trkpt>
      <trkpt lat="53.137441" lon="5.452681">
        <ele>-0.005756</ele>
        <time>2026-06-20T15:41:54.292Z</time>
      </trkpt>
      <trkpt lat="53.137807" lon="5.450800">
        <ele>-0.492103</ele>
        <time>2026-06-20T15:42:19.034Z</time>
      </trkpt>
      <trkpt lat="53.138121" lon="5.449671">
        <ele>-0.684960</ele>
        <time>2026-06-20T15:42:34.977Z</time>
      </trkpt>
      <trkpt lat="53.138323" lon="5.449037">
        <ele>-0.700000</ele>
        <time>2026-06-20T15:42:44.409Z</time>
      </trkpt>
      <trkpt lat="53.138440" lon="5.448852">
        <ele>-0.700000</ele>
        <time>2026-06-20T15:42:47.965Z</time>
      </trkpt>
      <trkpt lat="53.138501" lon="5.448672">
        <ele>-0.700000</ele>
        <time>2026-06-20T15:42:50.704Z</time>
      </trkpt>
      <trkpt lat="53.138570" lon="5.448253">
        <ele>-0.695076</ele>
        <time>2026-06-20T15:42:56.450Z</time>
      </trkpt>
      <trkpt lat="53.139315" lon="5.445901">
        <ele>-0.496498</ele>
        <time>2026-06-20T15:43:32.769Z</time>
      </trkpt>
      <trkpt lat="53.139507" lon="5.445274">
        <ele>-0.401721</ele>
        <time>2026-06-20T15:43:42.633Z</time>
      </trkpt>
      <trkpt lat="53.139707" lon="5.444487">
        <ele>-0.289321</ele>
        <time>2026-06-20T15:43:54.585Z</time>
      </trkpt>
      <trkpt lat="53.139783" lon="5.444180">
        <ele>-0.208484</ele>
        <time>2026-06-20T15:43:59.252Z</time>
      </trkpt>
      <trkpt lat="53.139968" lon="5.443427">
        <ele>-0.118037</ele>
        <time>2026-06-20T15:44:10.345Z</time>
      </trkpt>
      <trkpt lat="53.140137" lon="5.442727">
        <ele>-0.207173</ele>
        <time>2026-06-20T15:44:20.173Z</time>
      </trkpt>
      <trkpt lat="53.140235" lon="5.442335">
        <ele>-0.273344</ele>
        <time>2026-06-20T15:44:25.633Z</time>
      </trkpt>
      <trkpt lat="53.140536" lon="5.441103">
        <ele>-0.300000</ele>
        <time>2026-06-20T15:44:43.207Z</time>
      </trkpt>
      <trkpt lat="53.140599" lon="5.440845">
        <ele>-0.300000</ele>
        <time>2026-06-20T15:44:46.907Z</time>
      </trkpt>
      <trkpt lat="53.140670" lon="5.440581">
        <ele>-0.299986</ele>
        <time>2026-06-20T15:44:50.778Z</time>
      </trkpt>
      <trkpt lat="53.140679" lon="5.440529">
        <ele>-0.299981</ele>
        <time>2026-06-20T15:44:51.521Z</time>
      </trkpt>
      <trkpt lat="53.140682" lon="5.440408">
        <ele>-0.299969</ele>
        <time>2026-06-20T15:44:53.674Z</time>
      </trkpt>
      <trkpt lat="53.140697" lon="5.440356">
        <ele>-0.299580</ele>
        <time>2026-06-20T15:44:54.702Z</time>
      </trkpt>
      <trkpt lat="53.140741" lon="5.440199">
        <ele>-0.278712</ele>
        <time>2026-06-20T15:44:57.838Z</time>
      </trkpt>
      <trkpt lat="53.140856" lon="5.439804">
        <ele>-0.210275</ele>
        <time>2026-06-20T15:45:05.763Z</time>
      </trkpt>
      <trkpt lat="53.141092" lon="5.439000">
        <ele>-0.095761</ele>
        <time>2026-06-20T15:45:21.817Z</time>
      </trkpt>
      <trkpt lat="53.141226" lon="5.438538">
        <ele>0.001222</ele>
        <time>2026-06-20T15:45:31.340Z</time>
      </trkpt>
      <trkpt lat="53.141258" lon="5.438420">
        <ele>0.027832</ele>
        <time>2026-06-20T15:45:33.742Z</time>
      </trkpt>
      <trkpt lat="53.141293" lon="5.438209">
        <ele>0.082560</ele>
        <time>2026-06-20T15:45:37.756Z</time>
      </trkpt>
      <trkpt lat="53.141318" lon="5.437746">
        <ele>0.181588</ele>
        <time>2026-06-20T15:45:46.189Z</time>
      </trkpt>
      <trkpt lat="53.141323" lon="5.437652">
        <ele>0.193747</ele>
        <time>2026-06-20T15:45:47.507Z</time>
      </trkpt>
      <trkpt lat="53.141329" lon="5.437527">
        <ele>0.207731</ele>
        <time>2026-06-20T15:45:49.788Z</time>
      </trkpt>
      <trkpt lat="53.141497" lon="5.436712">
        <ele>0.315375</ele>
        <time>2026-06-20T15:46:05.481Z</time>
      </trkpt>
      <trkpt lat="53.141502" lon="5.436690">
        <ele>0.320233</ele>
        <time>2026-06-20T15:46:05.897Z</time>
      </trkpt>
      <trkpt lat="53.141567" lon="5.436405">
        <ele>0.371612</ele>
        <time>2026-06-20T15:46:11.376Z</time>
      </trkpt>
      <trkpt lat="53.141584" lon="5.436330">
        <ele>0.380692</ele>
        <time>2026-06-20T15:46:12.793Z</time>
      </trkpt>
      <trkpt lat="53.141602" lon="5.436252">
        <ele>0.390156</ele>
        <time>2026-06-20T15:46:14.317Z</time>
      </trkpt>
      <trkpt lat="53.141638" lon="5.436092">
        <ele>0.408085</ele>
        <time>2026-06-20T15:46:17.377Z</time>
      </trkpt>
      <trkpt lat="53.141659" lon="5.435998">
        <ele>0.417746</ele>
        <time>2026-06-20T15:46:19.215Z</time>
      </trkpt>
      <trkpt lat="53.141664" lon="5.435975">
        <ele>0.420102</ele>
        <time>2026-06-20T15:46:19.658Z</time>
      </trkpt>
      <trkpt lat="53.141682" lon="5.435899">
        <ele>0.427971</ele>
        <time>2026-06-20T15:46:21.137Z</time>
      </trkpt>
      <trkpt lat="53.141742" lon="5.435645">
        <ele>0.468252</ele>
        <time>2026-06-20T15:46:26.078Z</time>
      </trkpt>
      <trkpt lat="53.141780" lon="5.435482">
        <ele>0.498066</ele>
        <time>2026-06-20T15:46:29.201Z</time>
      </trkpt>
      <trkpt lat="53.141789" lon="5.435445">
        <ele>0.499999</ele>
        <time>2026-06-20T15:46:29.907Z</time>
      </trkpt>
      <trkpt lat="53.141792" lon="5.435432">
        <ele>0.499999</ele>
        <time>2026-06-20T15:46:30.156Z</time>
      </trkpt>
      <trkpt lat="53.141836" lon="5.435246">
        <ele>0.500000</ele>
        <time>2026-06-20T15:46:33.687Z</time>
      </trkpt>
      <trkpt lat="53.141845" lon="5.435206">
        <ele>0.500000</ele>
        <time>2026-06-20T15:46:34.435Z</time>
      </trkpt>
      <trkpt lat="53.141876" lon="5.435073">
        <ele>0.494512</ele>
        <time>2026-06-20T15:46:36.918Z</time>
      </trkpt>
      <trkpt lat="53.141905" lon="5.434952">
        <ele>0.481031</ele>
        <time>2026-06-20T15:46:39.151Z</time>
      </trkpt>
      <trkpt lat="53.141917" lon="5.434901">
        <ele>0.475363</ele>
        <time>2026-06-20T15:46:40.079Z</time>
      </trkpt>
      <trkpt lat="53.141927" lon="5.434857">
        <ele>0.470495</ele>
        <time>2026-06-20T15:46:40.884Z</time>
      </trkpt>
      <trkpt lat="53.141985" lon="5.434612">
        <ele>0.422694</ele>
        <time>2026-06-20T15:46:45.377Z</time>
      </trkpt>
      <trkpt lat="53.141994" lon="5.434576">
        <ele>0.414046</ele>
        <time>2026-06-20T15:46:46.049Z</time>
      </trkpt>
      <trkpt lat="53.142056" lon="5.434531">
        <ele>0.389049</ele>
        <time>2026-06-20T15:46:47.483Z</time>
      </trkpt>
      <trkpt lat="53.142138" lon="5.434218">
        <ele>0.304417</ele>
        <time>2026-06-20T15:46:51.791Z</time>
      </trkpt>
      <trkpt lat="53.142559" lon="5.432475">
        <ele>-0.099513</ele>
        <time>2026-06-20T15:47:15.321Z</time>
      </trkpt>
      <trkpt lat="53.142946" lon="5.431172">
        <ele>-0.382180</ele>
        <time>2026-06-20T15:47:33.625Z</time>
      </trkpt>
      <trkpt lat="53.143415" lon="5.429719">
        <ele>-0.400000</ele>
        <time>2026-06-20T15:47:55.761Z</time>
      </trkpt>
      <trkpt lat="53.143518" lon="5.429500">
        <ele>-0.400000</ele>
        <time>2026-06-20T15:47:59.518Z</time>
      </trkpt>
      <trkpt lat="53.143536" lon="5.429463">
        <ele>-0.400000</ele>
        <time>2026-06-20T15:48:00.177Z</time>
      </trkpt>
      <trkpt lat="53.143597" lon="5.429349">
        <ele>-0.392885</ele>
        <time>2026-06-20T15:48:02.208Z</time>
      </trkpt>
      <trkpt lat="53.143657" lon="5.429253">
        <ele>-0.385385</ele>
        <time>2026-06-20T15:48:04.104Z</time>
      </trkpt>
      <trkpt lat="53.143688" lon="5.429203">
        <ele>-0.381495</ele>
        <time>2026-06-20T15:48:05.067Z</time>
      </trkpt>
      <trkpt lat="53.143836" lon="5.429001">
        <ele>-0.321977</ele>
        <time>2026-06-20T15:48:09.390Z</time>
      </trkpt>
      <trkpt lat="53.144055" lon="5.428783">
        <ele>-0.296616</ele>
        <time>2026-06-20T15:48:15.194Z</time>
      </trkpt>
      <trkpt lat="53.144080" lon="5.428763">
        <ele>-0.294331</ele>
        <time>2026-06-20T15:48:15.821Z</time>
      </trkpt>
      <trkpt lat="53.144116" lon="5.428735">
        <ele>-0.282346</ele>
        <time>2026-06-20T15:48:16.731Z</time>
      </trkpt>
      <trkpt lat="53.144343" lon="5.428593">
        <ele>-0.220220</ele>
        <time>2026-06-20T15:48:22.346Z</time>
      </trkpt>
      <trkpt lat="53.144568" lon="5.428509">
        <ele>-0.200000</ele>
        <time>2026-06-20T15:48:27.590Z</time>
      </trkpt>
      <trkpt lat="53.144854" lon="5.428480">
        <ele>-0.200000</ele>
        <time>2026-06-20T15:48:34.032Z</time>
      </trkpt>
      <trkpt lat="53.145286" lon="5.428454">
        <ele>-0.204634</ele>
        <time>2026-06-20T15:48:43.590Z</time>
      </trkpt>
      <trkpt lat="53.145340" lon="5.428451">
        <ele>-0.206867</ele>
        <time>2026-06-20T15:48:44.782Z</time>
      </trkpt>
      <trkpt lat="53.146040" lon="5.428409">
        <ele>-0.294288</ele>
        <time>2026-06-20T15:49:00.062Z</time>
      </trkpt>
      <trkpt lat="53.146139" lon="5.428403">
        <ele>-0.312463</ele>
        <time>2026-06-20T15:49:02.272Z</time>
      </trkpt>
      <trkpt lat="53.146198" lon="5.428401">
        <ele>-0.325334</ele>
        <time>2026-06-20T15:49:03.928Z</time>
      </trkpt>
      <trkpt lat="53.146622" lon="5.428367">
        <ele>-0.508026</ele>
        <time>2026-06-20T15:49:15.598Z</time>
      </trkpt>
      <trkpt lat="53.146790" lon="5.428360">
        <ele>-0.610042</ele>
        <time>2026-06-20T15:49:19.123Z</time>
      </trkpt>
      <trkpt lat="53.147030" lon="5.428347">
        <ele>-0.788047</ele>
        <time>2026-06-20T15:49:24.171Z</time>
      </trkpt>
      <trkpt lat="53.147203" lon="5.428396">
        <ele>-0.903621</ele>
        <time>2026-06-20T15:49:27.856Z</time>
      </trkpt>
      <trkpt lat="53.147633" lon="5.428538">
        <ele>-1.188308</ele>
        <time>2026-06-20T15:49:37.083Z</time>
      </trkpt>
      <trkpt lat="53.149067" lon="5.428431">
        <ele>-1.584936</ele>
        <time>2026-06-20T15:50:08.827Z</time>
      </trkpt>
      <trkpt lat="53.149304" lon="5.428450">
        <ele>-1.575662</ele>
        <time>2026-06-20T15:50:14.544Z</time>
      </trkpt>
      <trkpt lat="53.149932" lon="5.428407">
        <ele>-1.397483</ele>
        <time>2026-06-20T15:50:29.866Z</time>
      </trkpt>
      <trkpt lat="53.150199" lon="5.428405">
        <ele>-1.320616</ele>
        <time>2026-06-20T15:50:36.311Z</time>
      </trkpt>
      <trkpt lat="53.150549" lon="5.428541">
        <ele>-1.271046</ele>
        <time>2026-06-20T15:50:44.843Z</time>
      </trkpt>
      <trkpt lat="53.150638" lon="5.428496">
        <ele>-1.241271</ele>
        <time>2026-06-20T15:50:47.037Z</time>
      </trkpt>
      <trkpt lat="53.150745" lon="5.428345">
        <ele>-1.200000</ele>
        <time>2026-06-20T15:50:50.378Z</time>
      </trkpt>
      <trkpt lat="53.150837" lon="5.428267">
        <ele>-1.200000</ele>
        <time>2026-06-20T15:50:52.803Z</time>
      </trkpt>
      <trkpt lat="53.150930" lon="5.428292">
        <ele>-1.200000</ele>
        <time>2026-06-20T15:50:55.034Z</time>
      </trkpt>
      <trkpt lat="53.151016" lon="5.428332">
        <ele>-1.200110</ele>
        <time>2026-06-20T15:50:57.156Z</time>
      </trkpt>
      <trkpt lat="53.151224" lon="5.428349">
        <ele>-1.202987</ele>
        <time>2026-06-20T15:51:02.052Z</time>
      </trkpt>
      <trkpt lat="53.153281" lon="5.428209">
        <ele>-1.296415</ele>
        <time>2026-06-20T15:51:49.289Z</time>
      </trkpt>
      <trkpt lat="53.153868" lon="5.428177">
        <ele>-1.300000</ele>
        <time>2026-06-20T15:52:02.915Z</time>
      </trkpt>
      <trkpt lat="53.157156" lon="5.427934">
        <ele>-1.279419</ele>
        <time>2026-06-20T15:53:19.069Z</time>
      </trkpt>
      <trkpt lat="53.157918" lon="5.427851">
        <ele>-0.996546</ele>
        <time>2026-06-20T15:53:37.756Z</time>
      </trkpt>
      <trkpt lat="53.158523" lon="5.427800">
        <ele>-0.706246</ele>
        <time>2026-06-20T15:53:53.144Z</time>
      </trkpt>
      <trkpt lat="53.158798" lon="5.427789">
        <ele>-0.577570</ele>
        <time>2026-06-20T15:54:00.111Z</time>
      </trkpt>
      <trkpt lat="53.158884" lon="5.427778">
        <ele>-0.537342</ele>
        <time>2026-06-20T15:54:02.818Z</time>
      </trkpt>
      <trkpt lat="53.159627" lon="5.427717">
        <ele>-0.221004</ele>
        <time>2026-06-20T15:54:25.710Z</time>
      </trkpt>
      <trkpt lat="53.159715" lon="5.427711">
        <ele>-0.199476</ele>
        <time>2026-06-20T15:54:28.365Z</time>
      </trkpt>
      <trkpt lat="53.159839" lon="5.427705">
        <ele>-0.182503</ele>
        <time>2026-06-20T15:54:32.104Z</time>
      </trkpt>
      <trkpt lat="53.160141" lon="5.427689">
        <ele>-0.110581</ele>
        <time>2026-06-20T15:54:41.189Z</time>
      </trkpt>
      <trkpt lat="53.160385" lon="5.427719">
        <ele>-0.100213</ele>
        <time>2026-06-20T15:54:48.400Z</time>
      </trkpt>
      <trkpt lat="53.160442" lon="5.427712">
        <ele>-0.101518</ele>
        <time>2026-06-20T15:54:50.061Z</time>
      </trkpt>
      <trkpt lat="53.160564" lon="5.427664">
        <ele>-0.104380</ele>
        <time>2026-06-20T15:54:53.695Z</time>
      </trkpt>
      <trkpt lat="53.162395" lon="5.427558">
        <ele>-0.296913</ele>
        <time>2026-06-20T15:55:46.620Z</time>
      </trkpt>
      <trkpt lat="53.162904" lon="5.427573">
        <ele>-0.300000</ele>
        <time>2026-06-20T15:56:01.493Z</time>
      </trkpt>
      <trkpt lat="53.162925" lon="5.427573">
        <ele>-0.300000</ele>
        <time>2026-06-20T15:56:02.118Z</time>
      </trkpt>
      <trkpt lat="53.162964" lon="5.427589">
        <ele>-0.300000</ele>
        <time>2026-06-20T15:56:03.288Z</time>
      </trkpt>
      <trkpt lat="53.163020" lon="5.427733">
        <ele>-0.300000</ele>
        <time>2026-06-20T15:56:06.355Z</time>
      </trkpt>
      <trkpt lat="53.163054" lon="5.427763">
        <ele>-0.293819</ele>
        <time>2026-06-20T15:56:07.515Z</time>
      </trkpt>
      <trkpt lat="53.163100" lon="5.427758">
        <ele>-0.286235</ele>
        <time>2026-06-20T15:56:08.865Z</time>
      </trkpt>
      <trkpt lat="53.163147" lon="5.427749">
        <ele>-0.278452</ele>
        <time>2026-06-20T15:56:10.295Z</time>
      </trkpt>
      <trkpt lat="53.163185" lon="5.427630">
        <ele>-0.265153</ele>
        <time>2026-06-20T15:56:12.713Z</time>
      </trkpt>
      <trkpt lat="53.163252" lon="5.427544">
        <ele>-0.242966</ele>
        <time>2026-06-20T15:56:15.251Z</time>
      </trkpt>
      <trkpt lat="53.163534" lon="5.427481">
        <ele>-0.174901</ele>
        <time>2026-06-20T15:56:23.869Z</time>
      </trkpt>
      <trkpt lat="53.163753" lon="5.427456">
        <ele>-0.125183</ele>
        <time>2026-06-20T15:56:30.525Z</time>
      </trkpt>
      <trkpt lat="53.163854" lon="5.427503">
        <ele>-0.098271</ele>
        <time>2026-06-20T15:56:33.714Z</time>
      </trkpt>
      <trkpt lat="53.163977" lon="5.427498">
        <ele>-0.058533</ele>
        <time>2026-06-20T15:56:37.424Z</time>
      </trkpt>
      <trkpt lat="53.164063" lon="5.427449">
        <ele>-0.029181</ele>
        <time>2026-06-20T15:56:40.136Z</time>
      </trkpt>
      <trkpt lat="53.164092" lon="5.427449">
        <ele>-0.024604</ele>
        <time>2026-06-20T15:56:41.024Z</time>
      </trkpt>
      <trkpt lat="53.164389" lon="5.427450">
        <ele>0.018890</ele>
        <time>2026-06-20T15:56:49.960Z</time>
      </trkpt>
      <trkpt lat="53.164682" lon="5.427464">
        <ele>0.083432</ele>
        <time>2026-06-20T15:56:58.677Z</time>
      </trkpt>
      <trkpt lat="53.164978" lon="5.427480">
        <ele>0.100000</ele>
        <time>2026-06-20T15:57:07.506Z</time>
      </trkpt>
      <trkpt lat="53.165257" lon="5.427496">
        <ele>0.102331</ele>
        <time>2026-06-20T15:57:15.595Z</time>
      </trkpt>
      <trkpt lat="53.165283" lon="5.427498">
        <ele>0.103260</ele>
        <time>2026-06-20T15:57:16.348Z</time>
      </trkpt>
      <trkpt lat="53.165369" lon="5.427503">
        <ele>0.106332</ele>
        <time>2026-06-20T15:57:18.846Z</time>
      </trkpt>
      <trkpt lat="53.166077" lon="5.427531">
        <ele>0.195307</ele>
        <time>2026-06-20T15:57:39.949Z</time>
      </trkpt>
      <trkpt lat="53.166287" lon="5.427537">
        <ele>0.185115</ele>
        <time>2026-06-20T15:57:46.035Z</time>
      </trkpt>
      <trkpt lat="53.166819" lon="5.427563">
        <ele>0.020608</ele>
        <time>2026-06-20T15:58:01.103Z</time>
      </trkpt>
      <trkpt lat="53.166991" lon="5.427586">
        <ele>0.013284</ele>
        <time>2026-06-20T15:58:06.183Z</time>
      </trkpt>
      <trkpt lat="53.167207" lon="5.427614">
        <ele>0.101687</ele>
        <time>2026-06-20T15:58:12.743Z</time>
      </trkpt>
      <trkpt lat="53.167602" lon="5.427673">
        <ele>0.297993</ele>
        <time>2026-06-20T15:58:25.227Z</time>
      </trkpt>
      <trkpt lat="53.167818" lon="5.427683">
        <ele>0.376525</ele>
        <time>2026-06-20T15:58:31.870Z</time>
      </trkpt>
      <trkpt lat="53.167837" lon="5.427683">
        <ele>0.382500</ele>
        <time>2026-06-20T15:58:32.437Z</time>
      </trkpt>
      <trkpt lat="53.168360" lon="5.427677">
        <ele>0.417227</ele>
        <time>2026-06-20T15:58:47.920Z</time>
      </trkpt>
      <trkpt lat="53.168578" lon="5.427734">
        <ele>0.505639</ele>
        <time>2026-06-20T15:58:54.608Z</time>
      </trkpt>
      <trkpt lat="53.168723" lon="5.427691">
        <ele>0.582304</ele>
        <time>2026-06-20T15:58:59.217Z</time>
      </trkpt>
      <trkpt lat="53.169486" lon="5.427750">
        <ele>0.788017</ele>
        <time>2026-06-20T15:59:22.438Z</time>
      </trkpt>
      <trkpt lat="53.169587" lon="5.427759">
        <ele>0.788365</ele>
        <time>2026-06-20T15:59:25.394Z</time>
      </trkpt>
      <trkpt lat="53.169688" lon="5.427768">
        <ele>0.785561</ele>
        <time>2026-06-20T15:59:28.306Z</time>
      </trkpt>
      <trkpt lat="53.169897" lon="5.427793">
        <ele>0.714082</ele>
        <time>2026-06-20T15:59:34.322Z</time>
      </trkpt>
      <trkpt lat="53.170135" lon="5.427881">
        <ele>0.700000</ele>
        <time>2026-06-20T15:59:41.365Z</time>
      </trkpt>
      <trkpt lat="53.170270" lon="5.427895">
        <ele>0.700000</ele>
        <time>2026-06-20T15:59:45.296Z</time>
      </trkpt>
      <trkpt lat="53.170597" lon="5.427858">
        <ele>0.724160</ele>
        <time>2026-06-20T15:59:54.982Z</time>
      </trkpt>
      <trkpt lat="53.170705" lon="5.427924">
        <ele>0.767139</ele>
        <time>2026-06-20T15:59:58.416Z</time>
      </trkpt>
      <trkpt lat="53.170758" lon="5.427962">
        <ele>0.788696</ele>
        <time>2026-06-20T16:00:00.142Z</time>
      </trkpt>
      <trkpt lat="53.170784" lon="5.428116">
        <ele>0.800560</ele>
        <time>2026-06-20T16:00:03.051Z</time>
      </trkpt>
      <trkpt lat="53.170834" lon="5.428141">
        <ele>0.802171</ele>
        <time>2026-06-20T16:00:04.599Z</time>
      </trkpt>
      <trkpt lat="53.170890" lon="5.428175">
        <ele>0.804011</ele>
        <time>2026-06-20T16:00:06.423Z</time>
      </trkpt>
      <trkpt lat="53.170943" lon="5.428203">
        <ele>0.807881</ele>
        <time>2026-06-20T16:00:08.100Z</time>
      </trkpt>
      <trkpt lat="53.170850" lon="5.428879">
        <ele>0.910312</ele>
        <time>2026-06-20T16:00:20.680Z</time>
      </trkpt>
      <trkpt lat="53.170830" lon="5.429194">
        <ele>0.981009</ele>
        <time>2026-06-20T16:00:26.429Z</time>
      </trkpt>
      <trkpt lat="53.170821" lon="5.429338">
        <ele>1.012658</ele>
        <time>2026-06-20T16:00:29.055Z</time>
      </trkpt>
      <trkpt lat="53.170853" lon="5.429733">
        <ele>1.084934</ele>
        <time>2026-06-20T16:00:36.307Z</time>
      </trkpt>
      <trkpt lat="53.170921" lon="5.430025">
        <ele>1.120276</ele>
        <time>2026-06-20T16:00:42.063Z</time>
      </trkpt>
      <trkpt lat="53.171003" lon="5.430227">
        <ele>1.189382</ele>
        <time>2026-06-20T16:00:46.581Z</time>
      </trkpt>
      <trkpt lat="53.171458" lon="5.430842">
        <ele>1.383883</ele>
        <time>2026-06-20T16:01:04.459Z</time>
      </trkpt>
      <trkpt lat="53.171594" lon="5.431065">
        <ele>1.407905</ele>
        <time>2026-06-20T16:01:10.234Z</time>
      </trkpt>
      <trkpt lat="53.171935" lon="5.431669">
        <ele>1.489398</ele>
        <time>2026-06-20T16:01:25.105Z</time>
      </trkpt>
      <trkpt lat="53.171994" lon="5.431790">
        <ele>1.496165</ele>
        <time>2026-06-20T16:01:27.890Z</time>
      </trkpt>
      <trkpt lat="53.172053" lon="5.431908">
        <ele>1.500000</ele>
        <time>2026-06-20T16:01:30.626Z</time>
      </trkpt>
      <trkpt lat="53.172325" lon="5.432541">
        <ele>1.493347</ele>
        <time>2026-06-20T16:01:44.372Z</time>
      </trkpt>
      <trkpt lat="53.172672" lon="5.433876">
        <ele>1.391752</ele>
        <time>2026-06-20T16:02:09.463Z</time>
      </trkpt>
      <trkpt lat="53.173251" lon="5.435843">
        <ele>1.000991</ele>
        <time>2026-06-20T16:02:46.248Z</time>
      </trkpt>
      <trkpt lat="53.173446" lon="5.436363">
        <ele>0.907883</ele>
        <time>2026-06-20T16:02:56.639Z</time>
      </trkpt>
      <trkpt lat="53.173927" lon="5.437402">
        <ele>0.802081</ele>
        <time>2026-06-20T16:03:19.238Z</time>
      </trkpt>
      <trkpt lat="53.173954" lon="5.437458">
        <ele>0.796391</ele>
        <time>2026-06-20T16:03:20.469Z</time>
      </trkpt>
      <trkpt lat="53.173986" lon="5.437523">
        <ele>0.789730</ele>
        <time>2026-06-20T16:03:21.583Z</time>
      </trkpt>
      <trkpt lat="53.174014" lon="5.437585">
        <ele>0.783584</ele>
        <time>2026-06-20T16:03:22.618Z</time>
      </trkpt>
      <trkpt lat="53.174171" lon="5.437957">
        <ele>0.711934</ele>
        <time>2026-06-20T16:03:28.581Z</time>
      </trkpt>
      <trkpt lat="53.174411" lon="5.438651">
        <ele>0.700000</ele>
        <time>2026-06-20T16:03:39.218Z</time>
      </trkpt>
      <trkpt lat="53.174987" lon="5.439922">
        <ele>0.690709</ele>
        <time>2026-06-20T16:04:00.230Z</time>
      </trkpt>
      <trkpt lat="53.175475" lon="5.440844">
        <ele>0.607385</ele>
        <time>2026-06-20T16:04:16.490Z</time>
      </trkpt>
      <trkpt lat="53.175876" lon="5.441490">
        <ele>0.600000</ele>
        <time>2026-06-20T16:04:28.877Z</time>
      </trkpt>
      <trkpt lat="53.175911" lon="5.441544">
        <ele>0.600000</ele>
        <time>2026-06-20T16:04:29.943Z</time>
      </trkpt>
      <trkpt lat="53.176223" lon="5.442008">
        <ele>0.583427</ele>
        <time>2026-06-20T16:04:39.100Z</time>
      </trkpt>
      <trkpt lat="53.176561" lon="5.442607">
        <ele>0.403501</ele>
        <time>2026-06-20T16:04:49.523Z</time>
      </trkpt>
      <trkpt lat="53.176779" lon="5.442938">
        <ele>0.278129</ele>
        <time>2026-06-20T16:04:55.501Z</time>
      </trkpt>
      <trkpt lat="53.177313" lon="5.443586">
        <ele>-0.201408</ele>
        <time>2026-06-20T16:05:08.577Z</time>
      </trkpt>
      <trkpt lat="53.177622" lon="5.443964">
        <ele>-0.507607</ele>
        <time>2026-06-20T16:05:16.161Z</time>
      </trkpt>
      <trkpt lat="53.177779" lon="5.444185">
        <ele>-0.681468</ele>
        <time>2026-06-20T16:05:20.286Z</time>
      </trkpt>
      <trkpt lat="53.177752" lon="5.444231">
        <ele>-0.709583</ele>
        <time>2026-06-20T16:05:21.296Z</time>
      </trkpt>
      <trkpt lat="53.177704" lon="5.444305">
        <ele>-0.757200</ele>
        <time>2026-06-20T16:05:29.395Z</time>
      </trkpt>
      <trkpt lat="53.177670" lon="5.444353">
        <ele>-0.789651</ele>
        <time>2026-06-20T16:05:30.637Z</time>
      </trkpt>
      <trkpt lat="53.177638" lon="5.444407">
        <ele>-0.820325</ele>
        <time>2026-06-20T16:05:31.838Z</time>
      </trkpt>
      <trkpt lat="53.177607" lon="5.444451">
        <ele>-0.844209</ele>
        <time>2026-06-20T16:05:36.904Z</time>
      </trkpt>
      <trkpt lat="53.177579" lon="5.444496">
        <ele>-0.867025</ele>
        <time>2026-06-20T16:05:37.984Z</time>
      </trkpt>
      <trkpt lat="53.177473" lon="5.444452">
        <ele>-0.931129</ele>
        <time>2026-06-20T16:05:40.203Z</time>
      </trkpt>
      <trkpt lat="53.177402" lon="5.444512">
        <ele>-0.968795</ele>
        <time>2026-06-20T16:05:41.863Z</time>
      </trkpt>
      <trkpt lat="53.177164" lon="5.445054">
        <ele>-1.096665</ele>
        <time>2026-06-20T16:05:50.283Z</time>
      </trkpt>
      <trkpt lat="53.177155" lon="5.445164">
        <ele>-1.117841</ele>
        <time>2026-06-20T16:05:51.743Z</time>
      </trkpt>
      <trkpt lat="53.177287" lon="5.445462">
        <ele>-1.165809</ele>
        <time>2026-06-20T16:05:56.447Z</time>
      </trkpt>
      <trkpt lat="53.178254" lon="5.447182">
        <ele>-1.193316</ele>
        <time>2026-06-20T16:06:27.772Z</time>
      </trkpt>
      <trkpt lat="53.179325" lon="5.449166">
        <ele>-0.998349</ele>
        <time>2026-06-20T16:07:04.233Z</time>
      </trkpt>
      <trkpt lat="53.180138" lon="5.450753">
        <ele>-0.794537</ele>
        <time>2026-06-20T16:07:32.788Z</time>
      </trkpt>
      <trkpt lat="53.180906" lon="5.452424">
        <ele>-0.505626</ele>
        <time>2026-06-20T16:08:02.079Z</time>
      </trkpt>
      <trkpt lat="53.181630" lon="5.454389">
        <ele>-0.398084</ele>
        <time>2026-06-20T16:08:33.402Z</time>
      </trkpt>
      <trkpt lat="53.182102" lon="5.455470">
        <ele>-0.317036</ele>
        <time>2026-06-20T16:08:51.312Z</time>
      </trkpt>
      <trkpt lat="53.182363" lon="5.456201">
        <ele>-0.393031</ele>
        <time>2026-06-20T16:09:02.530Z</time>
      </trkpt>
      <trkpt lat="53.182478" lon="5.456866">
        <ele>-0.400000</ele>
        <time>2026-06-20T16:09:11.613Z</time>
      </trkpt>
      <trkpt lat="53.182652" lon="5.459650">
        <ele>-0.398159</ele>
        <time>2026-06-20T16:09:48.775Z</time>
      </trkpt>
      <trkpt lat="53.182668" lon="5.459922">
        <ele>-0.391966</ele>
        <time>2026-06-20T16:09:52.548Z</time>
      </trkpt>
      <trkpt lat="53.182639" lon="5.460600">
        <ele>-0.311537</ele>
        <time>2026-06-20T16:10:01.961Z</time>
      </trkpt>
      <trkpt lat="53.182702" lon="5.461366">
        <ele>-0.300000</ele>
        <time>2026-06-20T16:10:12.334Z</time>
      </trkpt>
      <trkpt lat="53.182615" lon="5.461635">
        <ele>-0.301539</ele>
        <time>2026-06-20T16:10:16.333Z</time>
      </trkpt>
      <trkpt lat="53.182601" lon="5.461743">
        <ele>-0.302256</ele>
        <time>2026-06-20T16:10:17.776Z</time>
      </trkpt>
      <trkpt lat="53.182595" lon="5.461904">
        <ele>-0.333973</ele>
        <time>2026-06-20T16:10:19.853Z</time>
      </trkpt>
      <trkpt lat="53.182634" lon="5.462048">
        <ele>-0.371203</ele>
        <time>2026-06-20T16:10:21.852Z</time>
      </trkpt>
      <trkpt lat="53.182750" lon="5.462289">
        <ele>-0.438015</ele>
        <time>2026-06-20T16:10:25.725Z</time>
      </trkpt>
      <trkpt lat="53.182765" lon="5.462486">
        <ele>-0.483125</ele>
        <time>2026-06-20T16:10:28.192Z</time>
      </trkpt>
      <trkpt lat="53.182795" lon="5.463352">
        <ele>-0.682364</ele>
        <time>2026-06-20T16:10:39.150Z</time>
      </trkpt>
      <trkpt lat="53.182811" lon="5.463590">
        <ele>-0.714553</ele>
        <time>2026-06-20T16:10:42.204Z</time>
      </trkpt>
      <trkpt lat="53.182835" lon="5.463972">
        <ele>-0.782570</ele>
        <time>2026-06-20T16:10:47.099Z</time>
      </trkpt>
      <trkpt lat="53.182953" lon="5.465959">
        <ele>-0.830786</ele>
        <time>2026-06-20T16:11:13.443Z</time>
      </trkpt>
      <trkpt lat="53.182969" lon="5.466223">
        <ele>-0.876040</ele>
        <time>2026-06-20T16:11:16.886Z</time>
      </trkpt>
      <trkpt lat="53.182994" lon="5.466640">
        <ele>-0.945062</ele>
        <time>2026-06-20T16:11:22.198Z</time>
      </trkpt>
      <trkpt lat="53.183152" lon="5.469349">
        <ele>-2.067424</ele>
        <time>2026-06-20T16:11:54.876Z</time>
      </trkpt>
      <trkpt lat="53.183215" lon="5.470413">
        <ele>-2.168336</ele>
        <time>2026-06-20T16:12:08.498Z</time>
      </trkpt>
      <trkpt lat="53.183370" lon="5.473045">
        <ele>-1.812512</ele>
        <time>2026-06-20T16:12:45.456Z</time>
      </trkpt>
      <trkpt lat="53.183882" lon="5.481775">
        <ele>-1.213575</ele>
        <time>2026-06-20T16:14:44.588Z</time>
      </trkpt>
      <trkpt lat="53.183936" lon="5.482664">
        <ele>-1.286603</ele>
        <time>2026-06-20T16:14:56.384Z</time>
      </trkpt>
      <trkpt lat="53.184159" lon="5.486504">
        <ele>-1.109585</ele>
        <time>2026-06-20T16:15:48.271Z</time>
      </trkpt>
      <trkpt lat="53.184165" lon="5.486606">
        <ele>-1.110082</ele>
        <time>2026-06-20T16:15:49.634Z</time>
      </trkpt>
      <trkpt lat="53.184232" lon="5.487671">
        <ele>-1.175645</ele>
        <time>2026-06-20T16:16:03.860Z</time>
      </trkpt>
      <trkpt lat="53.184370" lon="5.490003">
        <ele>-0.783828</ele>
        <time>2026-06-20T16:16:36.643Z</time>
      </trkpt>
      <trkpt lat="53.184500" lon="5.492248">
        <ele>0.091372</ele>
        <time>2026-06-20T16:17:10.083Z</time>
      </trkpt>
      <trkpt lat="53.184498" lon="5.492612">
        <ele>0.199361</ele>
        <time>2026-06-20T16:17:15.426Z</time>
      </trkpt>
      <trkpt lat="53.184443" lon="5.493339">
        <ele>0.380189</ele>
        <time>2026-06-20T16:17:26.032Z</time>
      </trkpt>
      <trkpt lat="53.184437" lon="5.493386">
        <ele>0.389954</ele>
        <time>2026-06-20T16:17:26.719Z</time>
      </trkpt>
      <trkpt lat="53.184429" lon="5.493448">
        <ele>0.402465</ele>
        <time>2026-06-20T16:17:27.588Z</time>
      </trkpt>
      <trkpt lat="53.184417" lon="5.493536">
        <ele>0.419137</ele>
        <time>2026-06-20T16:17:28.872Z</time>
      </trkpt>
      <trkpt lat="53.184362" lon="5.493903">
        <ele>0.459514</ele>
        <time>2026-06-20T16:17:34.021Z</time>
      </trkpt>
      <trkpt lat="53.184350" lon="5.493977">
        <ele>0.453786</ele>
        <time>2026-06-20T16:17:35.024Z</time>
      </trkpt>
      <trkpt lat="53.184347" lon="5.493994">
        <ele>0.452462</ele>
        <time>2026-06-20T16:17:35.258Z</time>
      </trkpt>
      <trkpt lat="53.184257" lon="5.494532">
        <ele>0.304808</ele>
        <time>2026-06-20T16:17:42.248Z</time>
      </trkpt>
      <trkpt lat="53.184192" lon="5.494877">
        <ele>0.211018</ele>
        <time>2026-06-20T16:17:46.707Z</time>
      </trkpt>
      <trkpt lat="53.184165" lon="5.495007">
        <ele>0.165551</ele>
        <time>2026-06-20T16:17:48.396Z</time>
      </trkpt>
      <trkpt lat="53.184014" lon="5.495583">
        <ele>-0.092221</ele>
        <time>2026-06-20T16:17:55.987Z</time>
      </trkpt>
      <trkpt lat="53.183856" lon="5.496123">
        <ele>-0.304734</ele>
        <time>2026-06-20T16:18:03.192Z</time>
      </trkpt>
      <trkpt lat="53.183745" lon="5.496606">
        <ele>-0.500876</ele>
        <time>2026-06-20T16:18:09.402Z</time>
      </trkpt>
      <trkpt lat="53.183672" lon="5.497086">
        <ele>-0.696276</ele>
        <time>2026-06-20T16:18:15.364Z</time>
      </trkpt>
      <trkpt lat="53.183637" lon="5.497636">
        <ele>-0.874475</ele>
        <time>2026-06-20T16:18:22.243Z</time>
      </trkpt>
      <trkpt lat="53.183644" lon="5.498379">
        <ele>-0.904320</ele>
        <time>2026-06-20T16:18:32.061Z</time>
      </trkpt>
      <trkpt lat="53.183685" lon="5.500066">
        <ele>-0.984674</ele>
        <time>2026-06-20T16:18:54.240Z</time>
      </trkpt>
      <trkpt lat="53.183707" lon="5.501299">
        <ele>-0.890056</ele>
        <time>2026-06-20T16:19:11.032Z</time>
      </trkpt>
      <trkpt lat="53.183757" lon="5.503933">
        <ele>-0.413971</ele>
        <time>2026-06-20T16:19:48.080Z</time>
      </trkpt>
      <trkpt lat="53.183810" lon="5.506796">
        <ele>-0.304635</ele>
        <time>2026-06-20T16:20:26.707Z</time>
      </trkpt>
      <trkpt lat="53.183817" lon="5.506979">
        <ele>-0.306453</ele>
        <time>2026-06-20T16:20:29.105Z</time>
      </trkpt>
      <trkpt lat="53.183875" lon="5.509896">
        <ele>-0.493580</ele>
        <time>2026-06-20T16:21:07.122Z</time>
      </trkpt>
      <trkpt lat="53.183969" lon="5.514567">
        <ele>-0.491063</ele>
        <time>2026-06-20T16:22:09.504Z</time>
      </trkpt>
      <trkpt lat="53.184019" lon="5.517377">
        <ele>-0.030504</ele>
        <time>2026-06-20T16:22:48.896Z</time>
      </trkpt>
      <trkpt lat="53.184033" lon="5.518051">
        <ele>-0.078559</ele>
        <time>2026-06-20T16:22:57.723Z</time>
      </trkpt>
      <trkpt lat="53.184055" lon="5.519714">
        <ele>-0.001901</ele>
        <time>2026-06-20T16:23:20.012Z</time>
      </trkpt>
      <trkpt lat="53.184057" lon="5.519848">
        <ele>0.006556</ele>
        <time>2026-06-20T16:23:21.879Z</time>
      </trkpt>
      <trkpt lat="53.184078" lon="5.521481">
        <ele>0.224297</ele>
        <time>2026-06-20T16:23:44.602Z</time>
      </trkpt>
      <trkpt lat="53.184087" lon="5.521997">
        <ele>0.370908</ele>
        <time>2026-06-20T16:23:51.994Z</time>
      </trkpt>
      <trkpt lat="53.184131" lon="5.522567">
        <ele>0.390961</ele>
        <time>2026-06-20T16:23:59.736Z</time>
      </trkpt>
      <trkpt lat="53.184160" lon="5.523735">
        <ele>0.307924</ele>
        <time>2026-06-20T16:24:15.008Z</time>
      </trkpt>
      <trkpt lat="53.184172" lon="5.524260">
        <ele>0.300000</ele>
        <time>2026-06-20T16:24:21.867Z</time>
      </trkpt>
      <trkpt lat="53.184179" lon="5.524676">
        <ele>0.300000</ele>
        <time>2026-06-20T16:24:27.365Z</time>
      </trkpt>
      <trkpt lat="53.184189" lon="5.525221">
        <ele>0.300000</ele>
        <time>2026-06-20T16:24:34.656Z</time>
      </trkpt>
      <trkpt lat="53.184202" lon="5.525977">
        <ele>0.313360</ele>
        <time>2026-06-20T16:24:44.748Z</time>
      </trkpt>
      <trkpt lat="53.184221" lon="5.526905">
        <ele>0.393276</ele>
        <time>2026-06-20T16:24:57.519Z</time>
      </trkpt>
      <trkpt lat="53.184215" lon="5.528640">
        <ele>0.413445</ele>
        <time>2026-06-20T16:25:28.082Z</time>
      </trkpt>
      <trkpt lat="53.184189" lon="5.529336">
        <ele>0.525681</ele>
        <time>2026-06-20T16:25:40.887Z</time>
      </trkpt>
      <trkpt lat="53.184202" lon="5.529420">
        <ele>0.552166</ele>
        <time>2026-06-20T16:25:42.468Z</time>
      </trkpt>
      <trkpt lat="53.184138" lon="5.529618">
        <ele>0.610646</ele>
        <time>2026-06-20T16:25:46.598Z</time>
      </trkpt>
      <trkpt lat="53.184126" lon="5.529710">
        <ele>0.626698</ele>
        <time>2026-06-20T16:25:48.326Z</time>
      </trkpt>
      <trkpt lat="53.184114" lon="5.529793">
        <ele>0.641254</ele>
        <time>2026-06-20T16:25:49.920Z</time>
      </trkpt>
      <trkpt lat="53.184190" lon="5.529877">
        <ele>0.669968</ele>
        <time>2026-06-20T16:25:52.696Z</time>
      </trkpt>
      <trkpt lat="53.184204" lon="5.530059">
        <ele>0.717132</ele>
        <time>2026-06-20T16:25:56.054Z</time>
      </trkpt>
      <trkpt lat="53.184205" lon="5.530317">
        <ele>0.770872</ele>
        <time>2026-06-20T16:26:00.780Z</time>
      </trkpt>
      <trkpt lat="53.184222" lon="5.530628">
        <ele>0.813079</ele>
        <time>2026-06-20T16:26:06.507Z</time>
      </trkpt>
      <trkpt lat="53.184252" lon="5.531089">
        <ele>0.926912</ele>
        <time>2026-06-20T16:26:15.139Z</time>
      </trkpt>
      <trkpt lat="53.184316" lon="5.531943">
        <ele>1.269549</ele>
        <time>2026-06-20T16:26:31.517Z</time>
      </trkpt>
      <trkpt lat="53.184338" lon="5.532738">
        <ele>1.389999</ele>
        <time>2026-06-20T16:26:45.967Z</time>
      </trkpt>
      <trkpt lat="53.184340" lon="5.532858">
        <ele>1.398670</ele>
        <time>2026-06-20T16:26:48.103Z</time>
      </trkpt>
      <trkpt lat="53.184359" lon="5.533712">
        <ele>1.411057</ele>
        <time>2026-06-20T16:27:03.275Z</time>
      </trkpt>
      <trkpt lat="53.184375" lon="5.534504">
        <ele>1.507581</ele>
        <time>2026-06-20T16:27:17.475Z</time>
      </trkpt>
      <trkpt lat="53.184407" lon="5.534983">
        <ele>1.583366</ele>
        <time>2026-06-20T16:27:26.132Z</time>
      </trkpt>
      <trkpt lat="53.184538" lon="5.535806">
        <ele>1.589422</ele>
        <time>2026-06-20T16:27:41.108Z</time>
      </trkpt>
      <trkpt lat="53.184669" lon="5.536205">
        <ele>1.505198</ele>
        <time>2026-06-20T16:27:48.784Z</time>
      </trkpt>
      <trkpt lat="53.184757" lon="5.536304">
        <ele>1.470558</ele>
        <time>2026-06-20T16:27:51.788Z</time>
      </trkpt>
      <trkpt lat="53.184824" lon="5.536488">
        <ele>1.449616</ele>
        <time>2026-06-20T16:27:55.461Z</time>
      </trkpt>
      <trkpt lat="53.184855" lon="5.536571">
        <ele>1.451058</ele>
        <time>2026-06-20T16:27:57.173Z</time>
      </trkpt>
      <trkpt lat="53.184958" lon="5.536848">
        <ele>1.474268</ele>
        <time>2026-06-20T16:28:02.920Z</time>
      </trkpt>
      <trkpt lat="53.185041" lon="5.537064">
        <ele>1.509695</ele>
        <time>2026-06-20T16:28:07.531Z</time>
      </trkpt>
      <trkpt lat="53.185210" lon="5.537595">
        <ele>1.593471</ele>
        <time>2026-06-20T16:28:18.490Z</time>
      </trkpt>
      <trkpt lat="53.185241" lon="5.537728">
        <ele>1.615322</ele>
        <time>2026-06-20T16:28:21.059Z</time>
      </trkpt>
      <trkpt lat="53.185319" lon="5.538017">
        <ele>1.682836</ele>
        <time>2026-06-20T16:28:26.888Z</time>
      </trkpt>
      <trkpt lat="53.185329" lon="5.538055">
        <ele>1.690744</ele>
        <time>2026-06-20T16:28:27.652Z</time>
      </trkpt>
      <trkpt lat="53.185347" lon="5.538137">
        <ele>1.698448</ele>
        <time>2026-06-20T16:28:29.207Z</time>
      </trkpt>
      <trkpt lat="53.185413" lon="5.538280">
        <ele>1.714372</ele>
        <time>2026-06-20T16:28:32.457Z</time>
      </trkpt>
      <trkpt lat="53.186235" lon="5.538667">
        <ele>2.047359</ele>
        <time>2026-06-20T16:28:58.786Z</time>
      </trkpt>
      <trkpt lat="53.186270" lon="5.538679">
        <ele>2.074043</ele>
        <time>2026-06-20T16:28:59.911Z</time>
      </trkpt>
      <trkpt lat="53.186461" lon="5.538767">
        <ele>2.176843</ele>
        <time>2026-06-20T16:29:06.147Z</time>
      </trkpt>
      <trkpt lat="53.186481" lon="5.539829">
        <ele>2.288475</ele>
        <time>2026-06-20T16:29:25.211Z</time>
      </trkpt>
      <trkpt lat="53.186495" lon="5.540935">
        <ele>2.307749</ele>
        <time>2026-06-20T16:29:44.753Z</time>
      </trkpt>
      <trkpt lat="53.186501" lon="5.541086">
        <ele>2.316604</ele>
        <time>2026-06-20T16:29:47.503Z</time>
      </trkpt>
      <trkpt lat="53.186531" lon="5.541556">
        <ele>2.421888</ele>
        <time>2026-06-20T16:29:56.197Z</time>
      </trkpt>
      <trkpt lat="53.186539" lon="5.541685">
        <ele>2.450749</ele>
        <time>2026-06-20T16:29:58.605Z</time>
      </trkpt>
      <trkpt lat="53.186550" lon="5.542003">
        <ele>2.519427</ele>
        <time>2026-06-20T16:30:04.501Z</time>
      </trkpt>
      <trkpt lat="53.186564" lon="5.542390">
        <ele>2.604258</ele>
        <time>2026-06-20T16:30:11.662Z</time>
      </trkpt>
      <trkpt lat="53.186599" lon="5.543028">
        <ele>2.803016</ele>
        <time>2026-06-20T16:30:23.548Z</time>
      </trkpt>
      <trkpt lat="53.186589" lon="5.543299">
        <ele>2.878489</ele>
        <time>2026-06-20T16:30:28.507Z</time>
      </trkpt>
      <trkpt lat="53.187088" lon="5.543650">
        <ele>2.994189</ele>
        <time>2026-06-20T16:30:44.816Z</time>
      </trkpt>
      <trkpt lat="53.187148" lon="5.543649">
        <ele>2.998208</ele>
        <time>2026-06-20T16:30:46.661Z</time>
      </trkpt>
      <trkpt lat="53.187132" lon="5.543843">
        <ele>3.006067</ele>
        <time>2026-06-20T16:30:50.243Z</time>
      </trkpt>
      <trkpt lat="53.187210" lon="5.544759">
        <ele>3.071729</ele>
        <time>2026-06-20T16:31:06.547Z</time>
      </trkpt>
      <trkpt lat="53.187227" lon="5.545221">
        <ele>2.999329</ele>
        <time>2026-06-20T16:31:14.467Z</time>
      </trkpt>
      <trkpt lat="53.187121" lon="5.546099">
        <ele>2.784156</ele>
        <time>2026-06-20T16:31:29.328Z</time>
      </trkpt>
      <trkpt lat="53.187090" lon="5.546283">
        <ele>2.673225</ele>
        <time>2026-06-20T16:31:32.383Z</time>
      </trkpt>
      <trkpt lat="53.186936" lon="5.546595">
        <ele>2.412763</ele>
        <time>2026-06-20T16:31:38.721Z</time>
      </trkpt>
      <trkpt lat="53.186770" lon="5.546775">
        <ele>2.202800</ele>
        <time>2026-06-20T16:31:43.870Z</time>
      </trkpt>
      <trkpt lat="53.186578" lon="5.546885">
        <ele>2.008383</ele>
        <time>2026-06-20T16:31:49.223Z</time>
      </trkpt>
      <trkpt lat="53.186586" lon="5.546957">
        <ele>1.968202</ele>
        <time>2026-06-20T16:31:50.350Z</time>
      </trkpt>
      <trkpt lat="53.186593" lon="5.547025">
        <ele>1.930342</ele>
        <time>2026-06-20T16:31:51.141Z</time>
      </trkpt>
      <trkpt lat="53.186597" lon="5.547094">
        <ele>1.892304</ele>
        <time>2026-06-20T16:31:52.269Z</time>
      </trkpt>
      <trkpt lat="53.186639" lon="5.547927">
        <ele>1.424472</ele>
        <time>2026-06-20T16:32:05.400Z</time>
      </trkpt>
      <trkpt lat="53.186622" lon="5.548036">
        <ele>1.379246</ele>
        <time>2026-06-20T16:32:07.164Z</time>
      </trkpt>
      <trkpt lat="53.186653" lon="5.548234">
        <ele>1.297071</ele>
        <time>2026-06-20T16:32:10.432Z</time>
      </trkpt>
      <trkpt lat="53.186737" lon="5.548590">
        <ele>1.123703</ele>
        <time>2026-06-20T16:32:18.425Z</time>
      </trkpt>
      <trkpt lat="53.186763" lon="5.548715">
        <ele>1.082139</ele>
        <time>2026-06-20T16:32:20.554Z</time>
      </trkpt>
      <trkpt lat="53.186967" lon="5.549116">
        <ele>0.929143</ele>
        <time>2026-06-20T16:32:29.208Z</time>
      </trkpt>
      <trkpt lat="53.187005" lon="5.549275">
        <ele>0.895190</ele>
        <time>2026-06-20T16:32:32.147Z</time>
      </trkpt>
      <trkpt lat="53.187115" lon="5.550220">
        <ele>0.777555</ele>
        <time>2026-06-20T16:32:48.583Z</time>
      </trkpt>
      <trkpt lat="53.187265" lon="5.550257">
        <ele>0.709790</ele>
        <time>2026-06-20T16:32:51.720Z</time>
      </trkpt>
      <trkpt lat="53.187278" lon="5.550116">
        <ele>0.664953</ele>
        <time>2026-06-20T16:32:53.453Z</time>
      </trkpt>
      <trkpt lat="53.187265" lon="5.550257">
        <ele>0.609858</ele>
        <time>2026-06-20T16:32:59.395Z</time>
      </trkpt>
      <trkpt lat="53.187404" lon="5.550291">
        <ele>0.503656</ele>
        <time>2026-06-20T16:33:02.239Z</time>
      </trkpt>
      <trkpt lat="53.187551" lon="5.550321">
        <ele>0.399266</ele>
        <time>2026-06-20T16:33:05.244Z</time>
      </trkpt>
      <trkpt lat="53.187694" lon="5.550355">
        <ele>0.299860</ele>
        <time>2026-06-20T16:33:08.126Z</time>
      </trkpt>
      <trkpt lat="53.187837" lon="5.550390">
        <ele>0.199036</ele>
        <time>2026-06-20T16:33:10.977Z</time>
      </trkpt>
      <trkpt lat="53.187978" lon="5.550421">
        <ele>0.090715</ele>
        <time>2026-06-20T16:33:13.763Z</time>
      </trkpt>
      <trkpt lat="53.188060" lon="5.550441">
        <ele>0.024479</ele>
        <time>2026-06-20T16:33:15.370Z</time>
      </trkpt>
      <trkpt lat="53.188122" lon="5.550457">
        <ele>-0.026801</ele>
        <time>2026-06-20T16:33:16.600Z</time>
      </trkpt>
      <trkpt lat="53.188290" lon="5.550512">
        <ele>-0.182384</ele>
        <time>2026-06-20T16:33:19.986Z</time>
      </trkpt>
      <trkpt lat="53.188447" lon="5.550541">
        <ele>-0.282326</ele>
        <time>2026-06-20T16:33:23.274Z</time>
      </trkpt>
      <trkpt lat="53.188988" lon="5.550623">
        <ele>-0.495270</ele>
        <time>2026-06-20T16:33:34.967Z</time>
      </trkpt>
      <trkpt lat="53.189417" lon="5.550738">
        <ele>-0.590867</ele>
        <time>2026-06-20T16:33:44.817Z</time>
      </trkpt>
      <trkpt lat="53.189498" lon="5.550730">
        <ele>-0.597400</ele>
        <time>2026-06-20T16:33:46.697Z</time>
      </trkpt>
      <trkpt lat="53.189581" lon="5.550666">
        <ele>-0.598755</ele>
        <time>2026-06-20T16:33:48.807Z</time>
      </trkpt>
      <trkpt lat="53.189659" lon="5.550555">
        <ele>-0.600000</ele>
        <time>2026-06-20T16:33:51.185Z</time>
      </trkpt>
      <trkpt lat="53.189752" lon="5.550522">
        <ele>-0.600000</ele>
        <time>2026-06-20T16:33:53.423Z</time>
      </trkpt>
      <trkpt lat="53.190531" lon="5.550685">
        <ele>-0.607665</ele>
        <time>2026-06-20T16:34:11.458Z</time>
      </trkpt>
      <trkpt lat="53.190629" lon="5.549462">
        <ele>-0.819752</ele>
        <time>2026-06-20T16:34:27.103Z</time>
      </trkpt>
      <trkpt lat="53.190614" lon="5.549250">
        <ele>-0.888444</ele>
        <time>2026-06-20T16:34:29.827Z</time>
      </trkpt>
      <trkpt lat="53.190414" lon="5.548936">
        <ele>-0.981594</ele>
        <time>2026-06-20T16:34:35.663Z</time>
      </trkpt>
      <trkpt lat="53.190353" lon="5.548766">
        <ele>-0.947813</ele>
        <time>2026-06-20T16:34:38.239Z</time>
      </trkpt>
      <trkpt lat="53.190346" lon="5.548602">
        <ele>-0.918287</ele>
        <time>2026-06-20T16:34:40.549Z</time>
      </trkpt>
      <trkpt lat="53.190517" lon="5.547023">
        <ele>-0.495592</ele>
        <time>2026-06-20T16:35:03.574Z</time>
      </trkpt>
      <trkpt lat="53.190553" lon="5.546682">
        <ele>-0.382548</ele>
        <time>2026-06-20T16:35:11.930Z</time>
      </trkpt>
      <trkpt lat="53.190572" lon="5.546501">
        <ele>-0.300527</ele>
        <time>2026-06-20T16:35:15.380Z</time>
      </trkpt>
      <trkpt lat="53.190693" lon="5.546504">
        <ele>-0.209321</ele>
        <time>2026-06-20T16:35:19.253Z</time>
      </trkpt>
      <trkpt lat="53.190707" lon="5.546421">
        <ele>-0.169931</ele>
        <time>2026-06-20T16:35:20.946Z</time>
      </trkpt>
      <trkpt lat="53.190711" lon="5.546333">
        <ele>-0.129616</ele>
        <time>2026-06-20T16:35:22.307Z</time>
      </trkpt>
      <trkpt lat="53.190732" lon="5.545936">
        <ele>0.012956</ele>
        <time>2026-06-20T16:35:28.546Z</time>
      </trkpt>
      <trkpt lat="53.190755" lon="5.545494">
        <ele>0.200739</ele>
        <time>2026-06-20T16:35:35.469Z</time>
      </trkpt>
      <trkpt lat="53.190785" lon="5.545066">
        <ele>0.381518</ele>
        <time>2026-06-20T16:35:42.062Z</time>
      </trkpt>
      <trkpt lat="53.190824" lon="5.544504">
        <ele>0.484233</ele>
        <time>2026-06-20T16:35:50.211Z</time>
      </trkpt>
      <trkpt lat="53.190829" lon="5.544438">
        <ele>0.491583</ele>
        <time>2026-06-20T16:35:51.198Z</time>
      </trkpt>
      <trkpt lat="53.190887" lon="5.543655">
        <ele>0.500000</ele>
        <time>2026-06-20T16:36:02.263Z</time>
      </trkpt>
      <trkpt lat="53.190948" lon="5.542892">
        <ele>0.497314</ele>
        <time>2026-06-20T16:36:12.812Z</time>
      </trkpt>
      <trkpt lat="53.190953" lon="5.542824">
        <ele>0.491977</ele>
        <time>2026-06-20T16:36:13.726Z</time>
      </trkpt>
      <trkpt lat="53.190967" lon="5.541988">
        <ele>0.396084</ele>
        <time>2026-06-20T16:36:28.083Z</time>
      </trkpt>
      <trkpt lat="53.190970" lon="5.541804">
        <ele>0.368527</ele>
        <time>2026-06-20T16:36:31.246Z</time>
      </trkpt>
      <trkpt lat="53.190989" lon="5.541624">
        <ele>0.339437</ele>
        <time>2026-06-20T16:36:34.396Z</time>
      </trkpt>
      <trkpt lat="53.191447" lon="5.541654">
        <ele>0.300000</ele>
        <time>2026-06-20T16:36:44.702Z</time>
      </trkpt>
      <trkpt lat="53.191665" lon="5.541605">
        <ele>0.300000</ele>
        <time>2026-06-20T16:36:49.784Z</time>
      </trkpt>
      <trkpt lat="53.191923" lon="5.541440">
        <ele>0.312727</ele>
        <time>2026-06-20T16:36:56.351Z</time>
      </trkpt>
      <trkpt lat="53.192310" lon="5.541130">
        <ele>0.376871</ele>
        <time>2026-06-20T16:37:06.557Z</time>
      </trkpt>
      <trkpt lat="53.192830" lon="5.540784">
        <ele>0.305033</ele>
        <time>2026-06-20T16:37:19.435Z</time>
      </trkpt>
      <trkpt lat="53.193190" lon="5.540650">
        <ele>0.300000</ele>
        <time>2026-06-20T16:37:27.891Z</time>
      </trkpt>
      <trkpt lat="53.193241" lon="5.540511">
        <ele>0.300000</ele>
        <time>2026-06-20T16:37:30.122Z</time>
      </trkpt>
      <trkpt lat="53.193320" lon="5.540450">
        <ele>0.300000</ele>
        <time>2026-06-20T16:37:32.117Z</time>
      </trkpt>
      <trkpt lat="53.193678" lon="5.540432">
        <ele>0.289309</ele>
        <time>2026-06-20T16:37:40.229Z</time>
      </trkpt>
      <trkpt lat="53.193983" lon="5.540427">
        <ele>0.224297</ele>
        <time>2026-06-20T16:37:47.123Z</time>
      </trkpt>
      <trkpt lat="53.194482" lon="5.540421">
        <ele>0.200000</ele>
        <time>2026-06-20T16:38:01.707Z</time>
      </trkpt>
      <trkpt lat="53.194553" lon="5.540506">
        <ele>0.200000</ele>
        <time>2026-06-20T16:38:04.329Z</time>
      </trkpt>
      <trkpt lat="53.194567" lon="5.540585">
        <ele>0.200000</ele>
        <time>2026-06-20T16:38:05.799Z</time>
      </trkpt>
      <trkpt lat="53.195660" lon="5.540706">
        <ele>0.223083</ele>
        <time>2026-06-20T16:38:37.923Z</time>
      </trkpt>
      <trkpt lat="53.195775" lon="5.540631">
        <ele>0.269142</ele>
        <time>2026-06-20T16:38:41.596Z</time>
      </trkpt>
      <trkpt lat="53.195828" lon="5.540636">
        <ele>0.288945</ele>
        <time>2026-06-20T16:38:42.846Z</time>
      </trkpt>
      <trkpt lat="53.195888" lon="5.540642">
        <ele>0.297654</ele>
        <time>2026-06-20T16:38:44.271Z</time>
      </trkpt>
      <trkpt lat="53.196019" lon="5.540691">
        <ele>0.297578</ele>
        <time>2026-06-20T16:38:47.440Z</time>
      </trkpt>
      <trkpt lat="53.196039" lon="5.540789">
        <ele>0.296761</ele>
        <time>2026-06-20T16:38:48.858Z</time>
      </trkpt>
      <trkpt lat="53.197023" lon="5.540892">
        <ele>0.185447</ele>
        <time>2026-06-20T16:39:11.243Z</time>
      </trkpt>
      <trkpt lat="53.197297" lon="5.540889">
        <ele>0.119417</ele>
        <time>2026-06-20T16:39:17.248Z</time>
      </trkpt>
      <trkpt lat="53.197427" lon="5.540877">
        <ele>0.100629</ele>
        <time>2026-06-20T16:39:20.100Z</time>
      </trkpt>
      <trkpt lat="53.197569" lon="5.540861">
        <ele>0.100119</ele>
        <time>2026-06-20T16:39:23.206Z</time>
      </trkpt>
      <trkpt lat="53.198695" lon="5.541024">
        <ele>0.100000</ele>
        <time>2026-06-20T16:39:48.278Z</time>
      </trkpt>
      <trkpt lat="53.199303" lon="5.541107">
        <ele>0.100000</ele>
        <time>2026-06-20T16:40:01.786Z</time>
      </trkpt>
      <trkpt lat="53.199453" lon="5.541002">
        <ele>0.100000</ele>
        <time>2026-06-20T16:40:05.409Z</time>
      </trkpt>
      <trkpt lat="53.199622" lon="5.540983">
        <ele>0.100000</ele>
        <time>2026-06-20T16:40:09.205Z</time>
      </trkpt>
      <trkpt lat="53.199768" lon="5.541030">
        <ele>0.100000</ele>
        <time>2026-06-20T16:40:12.555Z</time>
      </trkpt>
      <trkpt lat="53.199842" lon="5.541124">
        <ele>0.097433</ele>
        <time>2026-06-20T16:40:14.634Z</time>
      </trkpt>
      <trkpt lat="53.199938" lon="5.541186">
        <ele>0.089291</ele>
        <time>2026-06-20T16:40:16.957Z</time>
      </trkpt>
      <trkpt lat="53.201461" lon="5.541405">
        <ele>-0.208794</ele>
        <time>2026-06-20T16:40:49.896Z</time>
      </trkpt>
      <trkpt lat="53.201740" lon="5.541445">
        <ele>-0.283756</ele>
        <time>2026-06-20T16:40:55.734Z</time>
      </trkpt>
      <trkpt lat="53.201876" lon="5.541438">
        <ele>-0.323406</ele>
        <time>2026-06-20T16:40:58.563Z</time>
      </trkpt>
      <trkpt lat="53.202016" lon="5.541282">
        <ele>-0.383318</ele>
        <time>2026-06-20T16:41:02.100Z</time>
      </trkpt>
      <trkpt lat="53.202091" lon="5.541278">
        <ele>-0.413324</ele>
        <time>2026-06-20T16:41:03.680Z</time>
      </trkpt>
      <trkpt lat="53.202156" lon="5.541287">
        <ele>-0.439405</ele>
        <time>2026-06-20T16:41:05.032Z</time>
      </trkpt>
      <trkpt lat="53.202251" lon="5.541323">
        <ele>-0.478764</ele>
        <time>2026-06-20T16:41:07.062Z</time>
      </trkpt>
      <trkpt lat="53.202483" lon="5.541646">
        <ele>-0.597536</ele>
        <time>2026-06-20T16:41:13.369Z</time>
      </trkpt>
      <trkpt lat="53.202827" lon="5.541751">
        <ele>-0.693865</ele>
        <time>2026-06-20T16:41:20.809Z</time>
      </trkpt>
      <trkpt lat="53.203901" lon="5.541931">
        <ele>-0.795652</ele>
        <time>2026-06-20T16:41:44.492Z</time>
      </trkpt>
      <trkpt lat="53.204489" lon="5.541979">
        <ele>-0.787882</ele>
        <time>2026-06-20T16:41:57.561Z</time>
      </trkpt>
      <trkpt lat="53.207247" lon="5.542115">
        <ele>-0.385565</ele>
        <time>2026-06-20T16:43:00.456Z</time>
      </trkpt>
      <trkpt lat="53.207486" lon="5.542099">
        <ele>-0.320574</ele>
        <time>2026-06-20T16:43:06.061Z</time>
      </trkpt>
      <trkpt lat="53.207523" lon="5.542120">
        <ele>-0.309421</ele>
        <time>2026-06-20T16:43:06.975Z</time>
      </trkpt>
      <trkpt lat="53.207535" lon="5.542222">
        <ele>-0.295930</ele>
        <time>2026-06-20T16:43:08.442Z</time>
      </trkpt>
      <trkpt lat="53.207546" lon="5.542315">
        <ele>-0.286346</ele>
        <time>2026-06-20T16:43:09.782Z</time>
      </trkpt>
      <trkpt lat="53.207571" lon="5.542351">
        <ele>-0.280774</ele>
        <time>2026-06-20T16:43:10.544Z</time>
      </trkpt>
      <trkpt lat="53.207845" lon="5.542403">
        <ele>-0.212938</ele>
        <time>2026-06-20T16:43:17.002Z</time>
      </trkpt>
      <trkpt lat="53.207938" lon="5.542510">
        <ele>-0.173071</ele>
        <time>2026-06-20T16:43:19.665Z</time>
      </trkpt>
      <trkpt lat="53.208053" lon="5.542470">
        <ele>-0.126145</ele>
        <time>2026-06-20T16:43:22.415Z</time>
      </trkpt>
      <trkpt lat="53.208111" lon="5.542428">
        <ele>-0.103159</ele>
        <time>2026-06-20T16:43:24.313Z</time>
      </trkpt>
      <trkpt lat="53.208175" lon="5.542288">
        <ele>-0.072220</ele>
        <time>2026-06-20T16:43:27.503Z</time>
      </trkpt>
      <trkpt lat="53.208340" lon="5.542249">
        <ele>-0.030104</ele>
        <time>2026-06-20T16:43:32.557Z</time>
      </trkpt>
      <trkpt lat="53.208442" lon="5.542229">
        <ele>-0.010096</ele>
        <time>2026-06-20T16:43:35.629Z</time>
      </trkpt>
      <trkpt lat="53.208580" lon="5.542199">
        <ele>0.014229</ele>
        <time>2026-06-20T16:43:38.830Z</time>
      </trkpt>
      <trkpt lat="53.209064" lon="5.542014">
        <ele>0.068862</ele>
        <time>2026-06-20T16:43:50.105Z</time>
      </trkpt>
      <trkpt lat="53.210122" lon="5.541545">
        <ele>-0.300723</ele>
        <time>2026-06-20T16:44:13.293Z</time>
      </trkpt>
      <trkpt lat="53.210637" lon="5.541309">
        <ele>-0.492568</ele>
        <time>2026-06-20T16:44:24.444Z</time>
      </trkpt>
      <trkpt lat="53.212477" lon="5.539830">
        <ele>-0.908169</ele>
        <time>2026-06-20T16:45:08.216Z</time>
      </trkpt>
      <trkpt lat="53.212692" lon="5.539679">
        <ele>-0.986497</ele>
        <time>2026-06-20T16:45:13.222Z</time>
      </trkpt>
      <trkpt lat="53.212882" lon="5.539595">
        <ele>-1.005952</ele>
        <time>2026-06-20T16:45:17.414Z</time>
      </trkpt>
      <trkpt lat="53.213976" lon="5.539449">
        <ele>-1.189164</ele>
        <time>2026-06-20T16:45:41.126Z</time>
      </trkpt>
      <trkpt lat="53.216815" lon="5.539167">
        <ele>-1.101870</ele>
        <time>2026-06-20T16:46:44.882Z</time>
      </trkpt>
      <trkpt lat="53.217138" lon="5.539212">
        <ele>-1.112600</ele>
        <time>2026-06-20T16:46:51.918Z</time>
      </trkpt>
      <trkpt lat="53.217480" lon="5.539331">
        <ele>-1.185882</ele>
        <time>2026-06-20T16:46:59.408Z</time>
      </trkpt>
      <trkpt lat="53.219295" lon="5.540161">
        <ele>-1.384079</ele>
        <time>2026-06-20T16:47:40.337Z</time>
      </trkpt>
      <trkpt lat="53.219728" lon="5.540406">
        <ele>-1.296103</ele>
        <time>2026-06-20T16:47:51.033Z</time>
      </trkpt>
      <trkpt lat="53.220026" lon="5.540648">
        <ele>-1.189857</ele>
        <time>2026-06-20T16:47:58.896Z</time>
      </trkpt>
      <trkpt lat="53.220355" lon="5.540978">
        <ele>-1.011794</ele>
        <time>2026-06-20T16:48:08.105Z</time>
      </trkpt>
      <trkpt lat="53.221305" lon="5.542206">
        <ele>-0.816117</ele>
        <time>2026-06-20T16:48:35.697Z</time>
      </trkpt>
      <trkpt lat="53.223417" lon="5.544991">
        <ele>-0.981303</ele>
        <time>2026-06-20T16:49:34.816Z</time>
      </trkpt>
      <trkpt lat="53.224043" lon="5.545839">
        <ele>-0.791855</ele>
        <time>2026-06-20T16:49:53.534Z</time>
      </trkpt>
      <trkpt lat="53.224202" lon="5.546105">
        <ele>-0.718008</ele>
        <time>2026-06-20T16:49:58.764Z</time>
      </trkpt>
      <trkpt lat="53.224806" lon="5.547766">
        <ele>-0.700000</ele>
        <time>2026-06-20T16:50:24.699Z</time>
      </trkpt>
      <trkpt lat="53.225167" lon="5.548478">
        <ele>-0.680831</ele>
        <time>2026-06-20T16:50:37.277Z</time>
      </trkpt>
      <trkpt lat="53.225393" lon="5.548790">
        <ele>-0.594061</ele>
        <time>2026-06-20T16:50:44.198Z</time>
      </trkpt>
      <trkpt lat="53.225569" lon="5.548982">
        <ele>-0.510057</ele>
        <time>2026-06-20T16:50:49.173Z</time>
      </trkpt>
      <trkpt lat="53.225915" lon="5.549260">
        <ele>-0.381273</ele>
        <time>2026-06-20T16:50:58.192Z</time>
      </trkpt>
      <trkpt lat="53.226065" lon="5.549345">
        <ele>-0.312387</ele>
        <time>2026-06-20T16:51:02.017Z</time>
      </trkpt>
      <trkpt lat="53.226356" lon="5.549524">
        <ele>-0.218090</ele>
        <time>2026-06-20T16:51:09.250Z</time>
      </trkpt>
      <trkpt lat="53.226470" lon="5.549555">
        <ele>-0.199636</ele>
        <time>2026-06-20T16:51:11.915Z</time>
      </trkpt>
      <trkpt lat="53.226679" lon="5.549566">
        <ele>-0.190518</ele>
        <time>2026-06-20T16:51:16.791Z</time>
      </trkpt>
      <trkpt lat="53.227000" lon="5.549501">
        <ele>-0.130006</ele>
        <time>2026-06-20T16:51:24.124Z</time>
      </trkpt>
      <trkpt lat="53.227409" lon="5.549336">
        <ele>-0.203602</ele>
        <time>2026-06-20T16:51:33.286Z</time>
      </trkpt>
      <trkpt lat="53.227711" lon="5.549151">
        <ele>-0.290427</ele>
        <time>2026-06-20T16:51:40.106Z</time>
      </trkpt>
      <trkpt lat="53.230047" lon="5.547540">
        <ele>-0.591254</ele>
        <time>2026-06-20T16:52:34.935Z</time>
      </trkpt>
      <trkpt lat="53.230644" lon="5.547086">
        <ele>-0.497751</ele>
        <time>2026-06-20T16:52:49.837Z</time>
      </trkpt>
      <trkpt lat="53.231518" lon="5.546457">
        <ele>-0.308099</ele>
        <time>2026-06-20T16:53:11.958Z</time>
      </trkpt>
      <trkpt lat="53.232001" lon="5.546043">
        <ele>-0.295284</ele>
        <time>2026-06-20T16:53:24.714Z</time>
      </trkpt>
      <trkpt lat="53.233081" lon="5.545204">
        <ele>-0.199228</ele>
        <time>2026-06-20T16:53:52.389Z</time>
      </trkpt>
      <trkpt lat="53.233960" lon="5.544473">
        <ele>-0.104342</ele>
        <time>2026-06-20T16:54:15.525Z</time>
      </trkpt>
      <trkpt lat="53.234132" lon="5.544229">
        <ele>-0.084967</ele>
        <time>2026-06-20T16:54:20.938Z</time>
      </trkpt>
      <trkpt lat="53.234231" lon="5.544156">
        <ele>-0.045593</ele>
        <time>2026-06-20T16:54:23.448Z</time>
      </trkpt>
      <trkpt lat="53.234259" lon="5.544241">
        <ele>-0.024462</ele>
        <time>2026-06-20T16:54:24.871Z</time>
      </trkpt>
      <trkpt lat="53.234406" lon="5.544740">
        <ele>0.083638</ele>
        <time>2026-06-20T16:54:33.013Z</time>
      </trkpt>
      <trkpt lat="53.234451" lon="5.545121">
        <ele>0.126511</ele>
        <time>2026-06-20T16:54:38.662Z</time>
      </trkpt>
      <trkpt lat="53.234521" lon="5.545444">
        <ele>0.181346</ele>
        <time>2026-06-20T16:54:43.635Z</time>
      </trkpt>
      <trkpt lat="53.234585" lon="5.545564">
        <ele>0.206930</ele>
        <time>2026-06-20T16:54:45.935Z</time>
      </trkpt>
      <trkpt lat="53.234866" lon="5.545443">
        <ele>0.298875</ele>
        <time>2026-06-20T16:54:52.988Z</time>
      </trkpt>
      <trkpt lat="53.235144" lon="5.545175">
        <ele>0.396717</ele>
        <time>2026-06-20T16:55:00.735Z</time>
      </trkpt>
      <trkpt lat="53.235354" lon="5.545734">
        <ele>0.500069</ele>
        <time>2026-06-20T16:55:10.321Z</time>
      </trkpt>
      <trkpt lat="53.235571" lon="5.546281">
        <ele>0.592792</ele>
        <time>2026-06-20T16:55:19.868Z</time>
      </trkpt>
      <trkpt lat="53.235915" lon="5.545910">
        <ele>0.600000</ele>
        <time>2026-06-20T16:55:29.485Z</time>
      </trkpt>
      <trkpt lat="53.236187" lon="5.545589">
        <ele>0.587973</ele>
        <time>2026-06-20T16:55:37.146Z</time>
      </trkpt>
      <trkpt lat="53.236455" lon="5.546320">
        <ele>0.510722</ele>
        <time>2026-06-20T16:55:48.804Z</time>
      </trkpt>
      <trkpt lat="53.236532" lon="5.546689">
        <ele>0.487350</ele>
        <time>2026-06-20T16:55:54.088Z</time>
      </trkpt>
      <trkpt lat="53.236765" lon="5.547278">
        <ele>0.401982</ele>
        <time>2026-06-20T16:56:03.489Z</time>
      </trkpt>
      <trkpt lat="53.236727" lon="5.547505">
        <ele>0.367250</ele>
        <time>2026-06-20T16:56:07.474Z</time>
      </trkpt>
      <trkpt lat="53.236677" lon="5.547572">
        <ele>0.345111</ele>
        <time>2026-06-20T16:56:09.290Z</time>
      </trkpt>
      <trkpt lat="53.236605" lon="5.547659">
        <ele>0.314419</ele>
        <time>2026-06-20T16:56:11.794Z</time>
      </trkpt>
      <trkpt lat="53.236698" lon="5.547884">
        <ele>0.300000</ele>
        <time>2026-06-20T16:56:16.465Z</time>
      </trkpt>
      <trkpt lat="53.236605" lon="5.547659">
        <ele>0.303386</ele>
        <time>2026-06-20T16:56:21.196Z</time>
      </trkpt>
      <trkpt lat="53.236677" lon="5.547572">
        <ele>0.308338</ele>
        <time>2026-06-20T16:56:23.812Z</time>
      </trkpt>
      <trkpt lat="53.237017" lon="5.548448">
        <ele>0.405994</ele>
        <time>2026-06-20T16:56:38.800Z</time>
      </trkpt>
      <trkpt lat="53.237071" lon="5.548391">
        <ele>0.420080</ele>
        <time>2026-06-20T16:56:40.350Z</time>
      </trkpt>
      <trkpt lat="53.237180" lon="5.548670">
        <ele>0.490098</ele>
        <time>2026-06-20T16:56:45.252Z</time>
      </trkpt>
      <trkpt lat="53.237555" lon="5.549602">
        <ele>0.703543</ele>
        <time>2026-06-20T16:57:01.726Z</time>
      </trkpt>
      <trkpt lat="53.238036" lon="5.549151">
        <ele>0.888028</ele>
        <time>2026-06-20T16:57:15.223Z</time>
      </trkpt>
      <trkpt lat="53.238131" lon="5.549085">
        <ele>0.893847</ele>
        <time>2026-06-20T16:57:17.679Z</time>
      </trkpt>
      <trkpt lat="53.238177" lon="5.549053">
        <ele>0.896665</ele>
        <time>2026-06-20T16:57:18.865Z</time>
      </trkpt>
      <trkpt lat="53.238425" lon="5.549984">
        <ele>0.900000</ele>
        <time>2026-06-20T16:57:32.510Z</time>
      </trkpt>
      <trkpt lat="53.238555" lon="5.550463">
        <ele>0.874351</ele>
        <time>2026-06-20T16:57:39.225Z</time>
      </trkpt>
      <trkpt lat="53.238619" lon="5.550703">
        <ele>0.817511</ele>
        <time>2026-06-20T16:57:42.561Z</time>
      </trkpt>
      <trkpt lat="53.238788" lon="5.551305">
        <ele>0.712915</ele>
        <time>2026-06-20T16:57:51.119Z</time>
      </trkpt>
      <trkpt lat="53.238840" lon="5.551524">
        <ele>0.701005</ele>
        <time>2026-06-20T16:57:54.170Z</time>
      </trkpt>
      <trkpt lat="53.238970" lon="5.551992">
        <ele>0.700000</ele>
        <time>2026-06-20T16:58:00.932Z</time>
      </trkpt>
      <trkpt lat="53.239071" lon="5.552247">
        <ele>0.700000</ele>
        <time>2026-06-20T16:58:04.966Z</time>
      </trkpt>
      <trkpt lat="53.239496" lon="5.553823">
        <ele>0.690357</ele>
        <time>2026-06-20T16:58:27.862Z</time>
      </trkpt>
      <trkpt lat="53.240099" lon="5.556123">
        <ele>0.370137</ele>
        <time>2026-06-20T16:59:00.171Z</time>
      </trkpt>
      <trkpt lat="53.240074" lon="5.556196">
        <ele>0.344852</ele>
        <time>2026-06-20T16:59:01.295Z</time>
      </trkpt>
      <trkpt lat="53.240086" lon="5.556330">
        <ele>0.304592</ele>
        <time>2026-06-20T16:59:03.121Z</time>
      </trkpt>
      <trkpt lat="53.240015" lon="5.556599">
        <ele>0.300983</ele>
        <time>2026-06-20T16:59:07.062Z</time>
      </trkpt>
      <trkpt lat="53.240036" lon="5.556776">
        <ele>0.293569</ele>
        <time>2026-06-20T16:59:09.487Z</time>
      </trkpt>
      <trkpt lat="53.240071" lon="5.556854">
        <ele>0.287325</ele>
        <time>2026-06-20T16:59:10.800Z</time>
      </trkpt>
      <trkpt lat="53.240069" lon="5.556973">
        <ele>0.279700</ele>
        <time>2026-06-20T16:59:12.405Z</time>
      </trkpt>
      <trkpt lat="53.240229" lon="5.557177">
        <ele>0.222188</ele>
        <time>2026-06-20T16:59:16.972Z</time>
      </trkpt>
      <trkpt lat="53.240489" lon="5.557823">
        <ele>0.207657</ele>
        <time>2026-06-20T16:59:27.706Z</time>
      </trkpt>
      <trkpt lat="53.240753" lon="5.558658">
        <ele>0.287568</ele>
        <time>2026-06-20T16:59:41.107Z</time>
      </trkpt>
      <trkpt lat="53.241173" lon="5.560087">
        <ele>0.287750</ele>
        <time>2026-06-20T17:00:03.145Z</time>
      </trkpt>
      <trkpt lat="53.241517" lon="5.561490">
        <ele>0.102317</ele>
        <time>2026-06-20T17:00:23.563Z</time>
      </trkpt>
      <trkpt lat="53.242926" lon="5.567623">
        <ele>-0.594038</ele>
        <time>2026-06-20T17:01:51.899Z</time>
      </trkpt>
      <trkpt lat="53.242999" lon="5.567928">
        <ele>-0.603049</ele>
        <time>2026-06-20T17:01:56.334Z</time>
      </trkpt>
      <trkpt lat="53.243679" lon="5.570886">
        <ele>-0.763029</ele>
        <time>2026-06-20T17:02:39.805Z</time>
      </trkpt>
      <trkpt lat="53.243743" lon="5.571149">
        <ele>-0.706320</ele>
        <time>2026-06-20T17:02:43.925Z</time>
      </trkpt>
      <trkpt lat="53.243823" lon="5.571500">
        <ele>-0.611424</ele>
        <time>2026-06-20T17:02:49.408Z</time>
      </trkpt>
      <trkpt lat="53.244022" lon="5.572348">
        <ele>-0.510158</ele>
        <time>2026-06-20T17:03:02.502Z</time>
      </trkpt>
      <trkpt lat="53.244102" lon="5.572694">
        <ele>-0.484326</ele>
        <time>2026-06-20T17:03:07.842Z</time>
      </trkpt>
      <trkpt lat="53.244504" lon="5.574336">
        <ele>-0.213939</ele>
        <time>2026-06-20T17:03:33.700Z</time>
      </trkpt>
      <trkpt lat="53.244635" lon="5.574776">
        <ele>-0.195162</ele>
        <time>2026-06-20T17:03:40.533Z</time>
      </trkpt>
      <trkpt lat="53.245201" lon="5.576421">
        <ele>-0.106877</ele>
        <time>2026-06-20T17:04:07.142Z</time>
      </trkpt>
      <trkpt lat="53.246438" lon="5.579916">
        <ele>-0.209593</ele>
        <time>2026-06-20T17:05:03.011Z</time>
      </trkpt>
      <trkpt lat="53.247519" lon="5.582971">
        <ele>-0.494775</ele>
        <time>2026-06-20T17:05:50.861Z</time>
      </trkpt>
      <trkpt lat="53.247869" lon="5.584257">
        <ele>-0.506107</ele>
        <time>2026-06-20T17:06:10.391Z</time>
      </trkpt>
      <trkpt lat="53.248218" lon="5.585575">
        <ele>-0.591104</ele>
        <time>2026-06-20T17:06:30.265Z</time>
      </trkpt>
      <trkpt lat="53.248263" lon="5.585644">
        <ele>-0.593241</ele>
        <time>2026-06-20T17:06:31.612Z</time>
      </trkpt>
      <trkpt lat="53.248382" lon="5.585594">
        <ele>-0.563488</ele>
        <time>2026-06-20T17:06:34.456Z</time>
      </trkpt>
      <trkpt lat="53.248461" lon="5.585654">
        <ele>-0.523590</ele>
        <time>2026-06-20T17:06:36.465Z</time>
      </trkpt>
      <trkpt lat="53.248706" lon="5.586502">
        <ele>-0.400528</ele>
        <time>2026-06-20T17:06:49.384Z</time>
      </trkpt>
      <trkpt lat="53.249033" lon="5.587342">
        <ele>-0.306538</ele>
        <time>2026-06-20T17:07:03.085Z</time>
      </trkpt>
      <trkpt lat="53.249103" lon="5.587458">
        <ele>-0.289889</ele>
        <time>2026-06-20T17:07:05.385Z</time>
      </trkpt>
      <trkpt lat="53.249147" lon="5.587472">
        <ele>-0.281613</ele>
        <time>2026-06-20T17:07:06.441Z</time>
      </trkpt>
      <trkpt lat="53.249508" lon="5.588215">
        <ele>-0.094423</ele>
        <time>2026-06-20T17:07:20.105Z</time>
      </trkpt>
      <trkpt lat="53.249646" lon="5.588422">
        <ele>-0.009029</ele>
        <time>2026-06-20T17:07:24.478Z</time>
      </trkpt>
      <trkpt lat="53.249863" lon="5.588887">
        <ele>0.127182</ele>
        <time>2026-06-20T17:07:32.816Z</time>
      </trkpt>
      <trkpt lat="53.250285" lon="5.589675">
        <ele>0.483882</ele>
        <time>2026-06-20T17:07:48.286Z</time>
      </trkpt>
      <trkpt lat="53.250329" lon="5.589759">
        <ele>0.512346</ele>
        <time>2026-06-20T17:07:49.928Z</time>
      </trkpt>
      <trkpt lat="53.250432" lon="5.590009">
        <ele>0.592892</ele>
        <time>2026-06-20T17:07:54.382Z</time>
      </trkpt>
      <trkpt lat="53.250539" lon="5.590371">
        <ele>0.721775</ele>
        <time>2026-06-20T17:08:00.271Z</time>
      </trkpt>
      <trkpt lat="53.250622" lon="5.590762">
        <ele>0.871722</ele>
        <time>2026-06-20T17:08:06.326Z</time>
      </trkpt>
      <trkpt lat="53.250730" lon="5.591289">
        <ele>1.007657</ele>
        <time>2026-06-20T17:08:14.444Z</time>
      </trkpt>
      <trkpt lat="53.250763" lon="5.591583">
        <ele>1.096600</ele>
        <time>2026-06-20T17:08:18.800Z</time>
      </trkpt>
      <trkpt lat="53.250849" lon="5.592700">
        <ele>1.380936</ele>
        <time>2026-06-20T17:08:34.728Z</time>
      </trkpt>
      <trkpt lat="53.250930" lon="5.593010">
        <ele>1.398576</ele>
        <time>2026-06-20T17:08:39.336Z</time>
      </trkpt>
      <trkpt lat="53.251256" lon="5.593707">
        <ele>1.400000</ele>
        <time>2026-06-20T17:08:51.219Z</time>
      </trkpt>
      <trkpt lat="53.251316" lon="5.593870">
        <ele>1.400000</ele>
        <time>2026-06-20T17:08:53.745Z</time>
      </trkpt>
      <trkpt lat="53.251337" lon="5.593931">
        <ele>1.400000</ele>
        <time>2026-06-20T17:08:54.668Z</time>
      </trkpt>
      <trkpt lat="53.251454" lon="5.594369">
        <ele>1.399846</ele>
        <time>2026-06-20T17:09:01.001Z</time>
      </trkpt>
      <trkpt lat="53.251539" lon="5.594744">
        <ele>1.392444</ele>
        <time>2026-06-20T17:09:06.291Z</time>
      </trkpt>
      <trkpt lat="53.251715" lon="5.595517">
        <ele>1.312666</ele>
        <time>2026-06-20T17:09:17.098Z</time>
      </trkpt>
      <trkpt lat="53.251959" lon="5.596593">
        <ele>1.300000</ele>
        <time>2026-06-20T17:09:32.169Z</time>
      </trkpt>
      <trkpt lat="53.252112" lon="5.597079">
        <ele>1.285043</ele>
        <time>2026-06-20T17:09:39.391Z</time>
      </trkpt>
      <trkpt lat="53.252252" lon="5.597478">
        <ele>1.212198</ele>
        <time>2026-06-20T17:09:45.483Z</time>
      </trkpt>
      <trkpt lat="53.252514" lon="5.598085">
        <ele>1.193174</ele>
        <time>2026-06-20T17:09:55.173Z</time>
      </trkpt>
      <trkpt lat="53.252832" lon="5.598696">
        <ele>1.100166</ele>
        <time>2026-06-20T17:10:05.503Z</time>
      </trkpt>
      <trkpt lat="53.253543" lon="5.599832">
        <ele>0.910316</ele>
        <time>2026-06-20T17:10:26.675Z</time>
      </trkpt>
      <trkpt lat="53.253621" lon="5.599953">
        <ele>0.897801</ele>
        <time>2026-06-20T17:10:29.018Z</time>
      </trkpt>
      <trkpt lat="53.254693" lon="5.601656">
        <ele>0.796511</ele>
        <time>2026-06-20T17:11:01.807Z</time>
      </trkpt>
      <trkpt lat="53.255234" lon="5.602526">
        <ele>0.703975</ele>
        <time>2026-06-20T17:11:18.067Z</time>
      </trkpt>
      <trkpt lat="53.255274" lon="5.602458">
        <ele>0.702133</ele>
        <time>2026-06-20T17:11:19.273Z</time>
      </trkpt>
      <trkpt lat="53.255309" lon="5.602447">
        <ele>0.701244</ele>
        <time>2026-06-20T17:11:20.042Z</time>
      </trkpt>
      <trkpt lat="53.255455" lon="5.602665">
        <ele>0.679645</ele>
        <time>2026-06-20T17:11:24.234Z</time>
      </trkpt>
      <trkpt lat="53.256113" lon="5.603638">
        <ele>0.409162</ele>
        <time>2026-06-20T17:11:42.791Z</time>
      </trkpt>
      <trkpt lat="53.256161" lon="5.603699">
        <ele>0.396593</ele>
        <time>2026-06-20T17:11:44.074Z</time>
      </trkpt>
      <trkpt lat="53.256514" lon="5.604094">
        <ele>0.306693</ele>
        <time>2026-06-20T17:11:53.197Z</time>
      </trkpt>
      <trkpt lat="53.257157" lon="5.604657">
        <ele>0.207643</ele>
        <time>2026-06-20T17:12:08.992Z</time>
      </trkpt>
      <trkpt lat="53.257344" lon="5.604786">
        <ele>0.186105</ele>
        <time>2026-06-20T17:12:13.351Z</time>
      </trkpt>
      <trkpt lat="53.257734" lon="5.604945">
        <ele>0.111672</ele>
        <time>2026-06-20T17:12:22.076Z</time>
      </trkpt>
      <trkpt lat="53.257924" lon="5.605040">
        <ele>0.100000</ele>
        <time>2026-06-20T17:12:26.444Z</time>
      </trkpt>
      <trkpt lat="53.258101" lon="5.605123">
        <ele>0.100000</ele>
        <time>2026-06-20T17:12:30.491Z</time>
      </trkpt>
      <trkpt lat="53.258187" lon="5.605209">
        <ele>0.100000</ele>
        <time>2026-06-20T17:12:32.703Z</time>
      </trkpt>
      <trkpt lat="53.258456" lon="5.605523">
        <ele>0.083742</ele>
        <time>2026-06-20T17:12:39.926Z</time>
      </trkpt>
      <trkpt lat="53.258688" lon="5.605680">
        <ele>0.006556</ele>
        <time>2026-06-20T17:12:45.347Z</time>
      </trkpt>
      <trkpt lat="53.259215" lon="5.605886">
        <ele>-0.101290</ele>
        <time>2026-06-20T17:12:56.801Z</time>
      </trkpt>
      <trkpt lat="53.259691" lon="5.605971">
        <ele>-0.195386</ele>
        <time>2026-06-20T17:13:07.125Z</time>
      </trkpt>
      <trkpt lat="53.260341" lon="5.605962">
        <ele>-0.287281</ele>
        <time>2026-06-20T17:13:21.292Z</time>
      </trkpt>
      <trkpt lat="53.261752" lon="5.605639">
        <ele>-0.300000</ele>
        <time>2026-06-20T17:13:53.090Z</time>
      </trkpt>
      <trkpt lat="53.266515" lon="5.604653">
        <ele>-0.296167</ele>
        <time>2026-06-20T17:15:39.553Z</time>
      </trkpt>
      <trkpt lat="53.268370" lon="5.604235">
        <ele>-0.108323</ele>
        <time>2026-06-20T17:16:22.121Z</time>
      </trkpt>
      <trkpt lat="53.269085" lon="5.604093">
        <ele>-0.087887</ele>
        <time>2026-06-20T17:16:38.050Z</time>
      </trkpt>
      <trkpt lat="53.269533" lon="5.603991">
        <ele>-0.012039</ele>
        <time>2026-06-20T17:16:48.445Z</time>
      </trkpt>
      <trkpt lat="53.269565" lon="5.603978">
        <ele>-0.007663</ele>
        <time>2026-06-20T17:16:49.219Z</time>
      </trkpt>
      <trkpt lat="53.269574" lon="5.604106">
        <ele>-0.000225</ele>
        <time>2026-06-20T17:16:50.983Z</time>
      </trkpt>
      <trkpt lat="53.269583" lon="5.604210">
        <ele>-0.000060</ele>
        <time>2026-06-20T17:16:52.440Z</time>
      </trkpt>
      <trkpt lat="53.269600" lon="5.604304">
        <ele>0.000094</ele>
        <time>2026-06-20T17:16:53.787Z</time>
      </trkpt>
      <trkpt lat="53.269778" lon="5.604255">
        <ele>0.033314</ele>
        <time>2026-06-20T17:16:57.973Z</time>
      </trkpt>
      <trkpt lat="53.269884" lon="5.604112">
        <ele>0.076804</ele>
        <time>2026-06-20T17:17:01.116Z</time>
      </trkpt>
      <trkpt lat="53.270124" lon="5.604036">
        <ele>0.111951</ele>
        <time>2026-06-20T17:17:06.746Z</time>
      </trkpt>
      <trkpt lat="53.270820" lon="5.603909">
        <ele>0.290746</ele>
        <time>2026-06-20T17:17:22.969Z</time>
      </trkpt>
      <trkpt lat="53.271621" lon="5.603773">
        <ele>0.410418</ele>
        <time>2026-06-20T17:17:41.442Z</time>
      </trkpt>
      <trkpt lat="53.272154" lon="5.603642">
        <ele>0.596099</ele>
        <time>2026-06-20T17:17:53.913Z</time>
      </trkpt>
      <trkpt lat="53.272503" lon="5.603686">
        <ele>0.711337</ele>
        <time>2026-06-20T17:18:02.274Z</time>
      </trkpt>
      <trkpt lat="53.272690" lon="5.603684">
        <ele>0.776376</ele>
        <time>2026-06-20T17:18:08.100Z</time>
      </trkpt>
      <trkpt lat="53.272705" lon="5.603916">
        <ele>0.829753</ele>
        <time>2026-06-20T17:18:11.446Z</time>
      </trkpt>
      <trkpt lat="53.272714" lon="5.604097">
        <ele>0.877818</ele>
        <time>2026-06-20T17:18:13.993Z</time>
      </trkpt>
      <trkpt lat="53.272760" lon="5.605150">
        <ele>0.991111</ele>
        <time>2026-06-20T17:18:28.390Z</time>
      </trkpt>
      <trkpt lat="53.272794" lon="5.605540">
        <ele>0.974647</ele>
        <time>2026-06-20T17:18:33.583Z</time>
      </trkpt>
      <trkpt lat="53.272802" lon="5.605627">
        <ele>0.964256</ele>
        <time>2026-06-20T17:18:34.728Z</time>
      </trkpt>
      <trkpt lat="53.272814" lon="5.605822">
        <ele>0.928791</ele>
        <time>2026-06-20T17:18:37.264Z</time>
      </trkpt>
      <trkpt lat="53.272906" lon="5.606970">
        <ele>0.710062</ele>
        <time>2026-06-20T17:18:51.912Z</time>
      </trkpt>
      <trkpt lat="53.272901" lon="5.607228">
        <ele>0.673002</ele>
        <time>2026-06-20T17:18:55.104Z</time>
      </trkpt>
      <trkpt lat="53.272928" lon="5.607663">
        <ele>0.535793</ele>
        <time>2026-06-20T17:19:00.504Z</time>
      </trkpt>
      <trkpt lat="53.272969" lon="5.607959">
        <ele>0.489651</ele>
        <time>2026-06-20T17:19:04.350Z</time>
      </trkpt>
      <trkpt lat="53.272926" lon="5.608059">
        <ele>0.453621</ele>
        <time>2026-06-20T17:19:05.914Z</time>
      </trkpt>
      <trkpt lat="53.272927" lon="5.608127">
        <ele>0.433724</ele>
        <time>2026-06-20T17:19:06.784Z</time>
      </trkpt>
      <trkpt lat="53.273003" lon="5.609220">
        <ele>0.308542</ele>
        <time>2026-06-20T17:19:20.866Z</time>
      </trkpt>
      <trkpt lat="53.273047" lon="5.609432">
        <ele>0.298088</ele>
        <time>2026-06-20T17:19:23.764Z</time>
      </trkpt>
      <trkpt lat="53.273063" lon="5.609637">
        <ele>0.287293</ele>
        <time>2026-06-20T17:19:26.448Z</time>
      </trkpt>
      <trkpt lat="53.273130" lon="5.611025">
        <ele>0.116124</ele>
        <time>2026-06-20T17:19:44.516Z</time>
      </trkpt>
      <trkpt lat="53.273216" lon="5.612147">
        <ele>0.099420</ele>
        <time>2026-06-20T17:19:59.363Z</time>
      </trkpt>
      <trkpt lat="53.273217" lon="5.612490">
        <ele>0.086533</ele>
        <time>2026-06-20T17:20:03.843Z</time>
      </trkpt>
      <trkpt lat="53.273257" lon="5.613092">
        <ele>0.010430</ele>
        <time>2026-06-20T17:20:12.043Z</time>
      </trkpt>
      <trkpt lat="53.273309" lon="5.613146">
        <ele>-0.001948</ele>
        <time>2026-06-20T17:20:13.424Z</time>
      </trkpt>
      <trkpt lat="53.273384" lon="5.613196">
        <ele>-0.016979</ele>
        <time>2026-06-20T17:20:15.225Z</time>
      </trkpt>
      <trkpt lat="53.273428" lon="5.613226">
        <ele>-0.025825</ele>
        <time>2026-06-20T17:20:16.298Z</time>
      </trkpt>
      <trkpt lat="53.273449" lon="5.613526">
        <ele>-0.075942</ele>
        <time>2026-06-20T17:20:20.199Z</time>
      </trkpt>
      <trkpt lat="53.273572" lon="5.615222">
        <ele>-0.196734</ele>
        <time>2026-06-20T17:20:42.265Z</time>
      </trkpt>
      <trkpt lat="53.274865" lon="5.633016">
        <ele>-0.272976</ele>
        <time>2026-06-20T17:24:40.517Z</time>
      </trkpt>
      <trkpt lat="53.274865" lon="5.633315">
        <ele>-0.193420</ele>
        <time>2026-06-20T17:24:44.776Z</time>
      </trkpt>
      <trkpt lat="53.274881" lon="5.633534">
        <ele>-0.127092</ele>
        <time>2026-06-20T17:24:48.019Z</time>
      </trkpt>
      <trkpt lat="53.274935" lon="5.633705">
        <ele>-0.100542</ele>
        <time>2026-06-20T17:24:50.872Z</time>
      </trkpt>
      <trkpt lat="53.274943" lon="5.633798">
        <ele>-0.087642</ele>
        <time>2026-06-20T17:24:52.245Z</time>
      </trkpt>
      <trkpt lat="53.274948" lon="5.634185">
        <ele>-0.012970</ele>
        <time>2026-06-20T17:24:57.733Z</time>
      </trkpt>
      <trkpt lat="53.275241" lon="5.638467">
        <ele>0.067919</ele>
        <time>2026-06-20T17:25:55.358Z</time>
      </trkpt>
      <trkpt lat="53.275334" lon="5.639787">
        <ele>-0.206450</ele>
        <time>2026-06-20T17:26:12.075Z</time>
      </trkpt>
      <trkpt lat="53.275376" lon="5.640376">
        <ele>-0.384216</ele>
        <time>2026-06-20T17:26:19.388Z</time>
      </trkpt>
      <trkpt lat="53.275452" lon="5.640953">
        <ele>-0.492173</ele>
        <time>2026-06-20T17:26:26.807Z</time>
      </trkpt>
      <trkpt lat="53.275537" lon="5.641188">
        <ele>-0.518386</ele>
        <time>2026-06-20T17:26:30.281Z</time>
      </trkpt>
      <trkpt lat="53.275562" lon="5.641545">
        <ele>-0.579319</ele>
        <time>2026-06-20T17:26:34.850Z</time>
      </trkpt>
      <trkpt lat="53.275515" lon="5.641987">
        <ele>-0.599832</ele>
        <time>2026-06-20T17:26:40.628Z</time>
      </trkpt>
      <trkpt lat="53.275529" lon="5.642510">
        <ele>-0.572268</ele>
        <time>2026-06-20T17:26:47.546Z</time>
      </trkpt>
      <trkpt lat="53.275689" lon="5.644743">
        <ele>-0.123372</ele>
        <time>2026-06-20T17:27:19.455Z</time>
      </trkpt>
      <trkpt lat="53.275959" lon="5.647817">
        <ele>-0.002958</ele>
        <time>2026-06-20T17:28:01.323Z</time>
      </trkpt>
      <trkpt lat="53.275972" lon="5.648058">
        <ele>-0.000037</ele>
        <time>2026-06-20T17:28:04.490Z</time>
      </trkpt>
      <trkpt lat="53.275912" lon="5.648114">
        <ele>-0.000022</ele>
        <time>2026-06-20T17:28:06.084Z</time>
      </trkpt>
      <trkpt lat="53.275874" lon="5.648284">
        <ele>0.000000</ele>
        <time>2026-06-20T17:28:08.604Z</time>
      </trkpt>
      <trkpt lat="53.275955" lon="5.649402">
        <ele>0.010169</ele>
        <time>2026-06-20T17:28:24.428Z</time>
      </trkpt>
      <trkpt lat="53.275983" lon="5.649883">
        <ele>0.082547</ele>
        <time>2026-06-20T17:28:32.985Z</time>
      </trkpt>
      <trkpt lat="53.276023" lon="5.650554">
        <ele>0.104878</ele>
        <time>2026-06-20T17:28:44.975Z</time>
      </trkpt>
      <trkpt lat="53.276071" lon="5.651872">
        <ele>0.193107</ele>
        <time>2026-06-20T17:29:08.429Z</time>
      </trkpt>
      <trkpt lat="53.276108" lon="5.652108">
        <ele>0.199879</ele>
        <time>2026-06-20T17:29:12.779Z</time>
      </trkpt>
      <trkpt lat="53.276153" lon="5.652778">
        <ele>0.201362</ele>
        <time>2026-06-20T17:29:24.623Z</time>
      </trkpt>
      <trkpt lat="53.276196" lon="5.652869">
        <ele>0.208328</ele>
        <time>2026-06-20T17:29:26.681Z</time>
      </trkpt>
      <trkpt lat="53.276304" lon="5.654319">
        <ele>0.317480</ele>
        <time>2026-06-20T17:29:46.559Z</time>
      </trkpt>
      <trkpt lat="53.276326" lon="5.654640">
        <ele>0.386823</ele>
        <time>2026-06-20T17:29:50.934Z</time>
      </trkpt>
      <trkpt lat="53.276367" lon="5.655580">
        <ele>0.490358</ele>
        <time>2026-06-20T17:30:03.844Z</time>
      </trkpt>
      <trkpt lat="53.276615" lon="5.655540">
        <ele>0.539576</ele>
        <time>2026-06-20T17:30:09.726Z</time>
      </trkpt>
      <trkpt lat="53.276367" lon="5.655580">
        <ele>0.668510</ele>
        <time>2026-06-20T17:30:15.758Z</time>
      </trkpt>
      <trkpt lat="53.276380" lon="5.655788">
        <ele>0.737182</ele>
        <time>2026-06-20T17:30:18.792Z</time>
      </trkpt>
      <trkpt lat="53.276388" lon="5.655919">
        <ele>0.778231</ele>
        <time>2026-06-20T17:30:20.711Z</time>
      </trkpt>
      <trkpt lat="53.276391" lon="5.656016">
        <ele>0.808510</ele>
        <time>2026-06-20T17:30:22.129Z</time>
      </trkpt>
      <trkpt lat="53.276410" lon="5.656296">
        <ele>0.904911</ele>
        <time>2026-06-20T17:30:26.276Z</time>
      </trkpt>
      <trkpt lat="53.276469" lon="5.657061">
        <ele>1.207445</ele>
        <time>2026-06-20T17:30:40.871Z</time>
      </trkpt>
      <trkpt lat="53.276483" lon="5.657252">
        <ele>1.260333</ele>
        <time>2026-06-20T17:30:44.522Z</time>
      </trkpt>
      <trkpt lat="53.276550" lon="5.658100">
        <ele>1.389201</ele>
        <time>2026-06-20T17:31:00.240Z</time>
      </trkpt>
      <trkpt lat="53.276617" lon="5.658945">
        <ele>1.380531</ele>
        <time>2026-06-20T17:31:14.992Z</time>
      </trkpt>
      <trkpt lat="53.276727" lon="5.660333">
        <ele>0.996010</ele>
        <time>2026-06-20T17:31:38.015Z</time>
      </trkpt>
      <trkpt lat="53.276749" lon="5.660628">
        <ele>0.910616</ele>
        <time>2026-06-20T17:31:42.886Z</time>
      </trkpt>
      <trkpt lat="53.276758" lon="5.660746">
        <ele>0.878886</ele>
        <time>2026-06-20T17:31:44.856Z</time>
      </trkpt>
      <trkpt lat="53.276796" lon="5.661218">
        <ele>0.722988</ele>
        <time>2026-06-20T17:31:52.760Z</time>
      </trkpt>
      <trkpt lat="53.276820" lon="5.661515">
        <ele>0.689234</ele>
        <time>2026-06-20T17:31:57.787Z</time>
      </trkpt>
      <trkpt lat="53.276862" lon="5.662054">
        <ele>0.615235</ele>
        <time>2026-06-20T17:32:07.044Z</time>
      </trkpt>
      <trkpt lat="53.276985" lon="5.663611">
        <ele>0.635643</ele>
        <time>2026-06-20T17:32:34.682Z</time>
      </trkpt>
      <trkpt lat="53.276995" lon="5.663741">
        <ele>0.667332</ele>
        <time>2026-06-20T17:32:36.987Z</time>
      </trkpt>
      <trkpt lat="53.276961" lon="5.663840">
        <ele>0.693680</ele>
        <time>2026-06-20T17:32:38.579Z</time>
      </trkpt>
      <trkpt lat="53.276968" lon="5.663956">
        <ele>0.694667</ele>
        <time>2026-06-20T17:32:40.208Z</time>
      </trkpt>
      <trkpt lat="53.277043" lon="5.664925">
        <ele>0.691641</ele>
        <time>2026-06-20T17:32:53.780Z</time>
      </trkpt>
      <trkpt lat="53.277098" lon="5.665610">
        <ele>0.601006</ele>
        <time>2026-06-20T17:33:03.039Z</time>
      </trkpt>
      <trkpt lat="53.277158" lon="5.666362">
        <ele>0.510038</ele>
        <time>2026-06-20T17:33:13.355Z</time>
      </trkpt>
      <trkpt lat="53.277228" lon="5.667365">
        <ele>0.500000</ele>
        <time>2026-06-20T17:33:27.326Z</time>
      </trkpt>
      <trkpt lat="53.277287" lon="5.668280">
        <ele>0.480042</ele>
        <time>2026-06-20T17:33:39.847Z</time>
      </trkpt>
      <trkpt lat="53.277285" lon="5.668577">
        <ele>0.425057</ele>
        <time>2026-06-20T17:33:43.763Z</time>
      </trkpt>
      <trkpt lat="53.277297" lon="5.668737">
        <ele>0.397465</ele>
        <time>2026-06-20T17:33:45.885Z</time>
      </trkpt>
      <trkpt lat="53.277332" lon="5.668846">
        <ele>0.384729</ele>
        <time>2026-06-20T17:33:47.505Z</time>
      </trkpt>
      <trkpt lat="53.277374" lon="5.669403">
        <ele>0.296785</ele>
        <time>2026-06-20T17:33:54.903Z</time>
      </trkpt>
      <trkpt lat="53.277404" lon="5.669820">
        <ele>0.174475</ele>
        <time>2026-06-20T17:34:00.407Z</time>
      </trkpt>
      <trkpt lat="53.277441" lon="5.669873">
        <ele>0.150021</ele>
        <time>2026-06-20T17:34:01.462Z</time>
      </trkpt>
      <trkpt lat="53.277500" lon="5.669931">
        <ele>0.115667</ele>
        <time>2026-06-20T17:34:02.941Z</time>
      </trkpt>
      <trkpt lat="53.277538" lon="5.669963">
        <ele>0.094310</ele>
        <time>2026-06-20T17:34:03.859Z</time>
      </trkpt>
      <trkpt lat="53.277567" lon="5.670600">
        <ele>-0.074197</ele>
        <time>2026-06-20T17:34:11.981Z</time>
      </trkpt>
      <trkpt lat="53.277755" lon="5.673693">
        <ele>-0.564449</ele>
        <time>2026-06-20T17:34:53.228Z</time>
      </trkpt>
      <trkpt lat="53.277816" lon="5.674385">
        <ele>-0.412594</ele>
        <time>2026-06-20T17:35:03.645Z</time>
      </trkpt>
      <trkpt lat="53.277901" lon="5.675048">
        <ele>-0.289903</ele>
        <time>2026-06-20T17:35:13.654Z</time>
      </trkpt>
      <trkpt lat="53.278043" lon="5.675788">
        <ele>-0.124156</ele>
        <time>2026-06-20T17:35:25.062Z</time>
      </trkpt>
      <trkpt lat="53.278049" lon="5.675871">
        <ele>-0.113867</ele>
        <time>2026-06-20T17:35:26.283Z</time>
      </trkpt>
      <trkpt lat="53.278033" lon="5.676228">
        <ele>-0.086889</ele>
        <time>2026-06-20T17:35:31.204Z</time>
      </trkpt>
      <trkpt lat="53.278040" lon="5.676900">
        <ele>-0.042959</ele>
        <time>2026-06-20T17:35:40.236Z</time>
      </trkpt>
      <trkpt lat="53.278262" lon="5.680080">
        <ele>-0.394911</ele>
        <time>2026-06-20T17:36:21.319Z</time>
      </trkpt>
      <trkpt lat="53.278507" lon="5.683427">
        <ele>-0.508505</ele>
        <time>2026-06-20T17:37:05.876Z</time>
      </trkpt>
      <trkpt lat="53.278951" lon="5.689613">
        <ele>-1.529272</ele>
        <time>2026-06-20T17:38:24.917Z</time>
      </trkpt>
      <trkpt lat="53.279329" lon="5.695030">
        <ele>-0.394303</ele>
        <time>2026-06-20T17:39:42.155Z</time>
      </trkpt>
      <trkpt lat="53.279387" lon="5.696204">
        <ele>-0.021960</ele>
        <time>2026-06-20T17:39:59.200Z</time>
      </trkpt>
      <trkpt lat="53.279355" lon="5.696240">
        <ele>-0.017639</ele>
        <time>2026-06-20T17:40:00.092Z</time>
      </trkpt>
      <trkpt lat="53.279304" lon="5.696296">
        <ele>-0.010805</ele>
        <time>2026-06-20T17:40:01.501Z</time>
      </trkpt>
      <trkpt lat="53.279327" lon="5.696717">
        <ele>0.000000</ele>
        <time>2026-06-20T17:40:07.268Z</time>
      </trkpt>
      <trkpt lat="53.279255" lon="5.696828">
        <ele>-0.000000</ele>
        <time>2026-06-20T17:40:09.472Z</time>
      </trkpt>
      <trkpt lat="53.279237" lon="5.696944">
        <ele>-0.000000</ele>
        <time>2026-06-20T17:40:11.038Z</time>
      </trkpt>
      <trkpt lat="53.279270" lon="5.697098">
        <ele>-0.000000</ele>
        <time>2026-06-20T17:40:13.187Z</time>
      </trkpt>
      <trkpt lat="53.279337" lon="5.697299">
        <ele>-0.028148</ele>
        <time>2026-06-20T17:40:17.140Z</time>
      </trkpt>
      <trkpt lat="53.279454" lon="5.699031">
        <ele>-0.299966</ele>
        <time>2026-06-20T17:40:46.722Z</time>
      </trkpt>
      <trkpt lat="53.279537" lon="5.700188">
        <ele>-0.477989</ele>
        <time>2026-06-20T17:41:06.386Z</time>
      </trkpt>
      <trkpt lat="53.279643" lon="5.701698">
        <ele>-0.377618</ele>
        <time>2026-06-20T17:41:33.368Z</time>
      </trkpt>
      <trkpt lat="53.279706" lon="5.701886">
        <ele>-0.324638</ele>
        <time>2026-06-20T17:41:37.246Z</time>
      </trkpt>
      <trkpt lat="53.279779" lon="5.702768">
        <ele>-0.300000</ele>
        <time>2026-06-20T17:41:49.209Z</time>
      </trkpt>
      <trkpt lat="53.279808" lon="5.703046">
        <ele>-0.300000</ele>
        <time>2026-06-20T17:41:52.955Z</time>
      </trkpt>
      <trkpt lat="53.279837" lon="5.703366">
        <ele>-0.284974</ele>
        <time>2026-06-20T17:41:57.390Z</time>
      </trkpt>
      <trkpt lat="53.279907" lon="5.704297">
        <ele>-0.119387</ele>
        <time>2026-06-20T17:42:10.403Z</time>
      </trkpt>
      <trkpt lat="53.279925" lon="5.704584">
        <ele>-0.106305</ele>
        <time>2026-06-20T17:42:14.247Z</time>
      </trkpt>
      <trkpt lat="53.279985" lon="5.705568">
        <ele>-0.191670</ele>
        <time>2026-06-20T17:42:27.224Z</time>
      </trkpt>
      <trkpt lat="53.279992" lon="5.705678">
        <ele>-0.199096</ele>
        <time>2026-06-20T17:42:28.669Z</time>
      </trkpt>
      <trkpt lat="53.280031" lon="5.706259">
        <ele>-0.167266</ele>
        <time>2026-06-20T17:42:36.498Z</time>
      </trkpt>
      <trkpt lat="53.280048" lon="5.706525">
        <ele>-0.130549</ele>
        <time>2026-06-20T17:42:40.167Z</time>
      </trkpt>
      <trkpt lat="53.280060" lon="5.706697">
        <ele>-0.111009</ele>
        <time>2026-06-20T17:42:42.527Z</time>
      </trkpt>
      <trkpt lat="53.280077" lon="5.706927">
        <ele>-0.101499</ele>
        <time>2026-06-20T17:42:45.705Z</time>
      </trkpt>
      <trkpt lat="53.280034" lon="5.706935">
        <ele>-0.102307</ele>
        <time>2026-06-20T17:42:46.665Z</time>
      </trkpt>
      <trkpt lat="53.280304" lon="5.710955">
        <ele>-0.226159</ele>
        <time>2026-06-20T17:43:57.050Z</time>
      </trkpt>
      <trkpt lat="53.280300" lon="5.711240">
        <ele>-0.292138</ele>
        <time>2026-06-20T17:44:01.822Z</time>
      </trkpt>
      <trkpt lat="53.280345" lon="5.711705">
        <ele>-0.386904</ele>
        <time>2026-06-20T17:44:09.689Z</time>
      </trkpt>
      <trkpt lat="53.280360" lon="5.711864">
        <ele>-0.405225</ele>
        <time>2026-06-20T17:44:12.364Z</time>
      </trkpt>
      <trkpt lat="53.280367" lon="5.711971">
        <ele>-0.419443</ele>
        <time>2026-06-20T17:44:14.151Z</time>
      </trkpt>
      <trkpt lat="53.280384" lon="5.712225">
        <ele>-0.490023</ele>
        <time>2026-06-20T17:44:18.382Z</time>
      </trkpt>
      <trkpt lat="53.280484" lon="5.713723">
        <ele>-0.783614</ele>
        <time>2026-06-20T17:44:37.174Z</time>
      </trkpt>
      <trkpt lat="53.280536" lon="5.714804">
        <ele>-0.795852</ele>
        <time>2026-06-20T17:44:51.800Z</time>
      </trkpt>
      <trkpt lat="53.280582" lon="5.714867">
        <ele>-0.794037</ele>
        <time>2026-06-20T17:44:53.220Z</time>
      </trkpt>
      <trkpt lat="53.280641" lon="5.714910">
        <ele>-0.776941</ele>
        <time>2026-06-20T17:44:54.697Z</time>
      </trkpt>
      <trkpt lat="53.280667" lon="5.714923">
        <ele>-0.764335</ele>
        <time>2026-06-20T17:44:55.322Z</time>
      </trkpt>
      <trkpt lat="53.280721" lon="5.715027">
        <ele>-0.726077</ele>
        <time>2026-06-20T17:44:57.273Z</time>
      </trkpt>
      <trkpt lat="53.280775" lon="5.716007">
        <ele>-0.601261</ele>
        <time>2026-06-20T17:45:10.950Z</time>
      </trkpt>
      <trkpt lat="53.280733" lon="5.717138">
        <ele>-0.508556</ele>
        <time>2026-06-20T17:45:26.237Z</time>
      </trkpt>
      <trkpt lat="53.280617" lon="5.717994">
        <ele>-0.500000</ele>
        <time>2026-06-20T17:45:37.901Z</time>
      </trkpt>
      <trkpt lat="53.280467" lon="5.718696">
        <ele>-0.478267</ele>
        <time>2026-06-20T17:45:48.037Z</time>
      </trkpt>
      <trkpt lat="53.280230" lon="5.719443">
        <ele>-0.305022</ele>
        <time>2026-06-20T17:45:59.753Z</time>
      </trkpt>
      <trkpt lat="53.280017" lon="5.719939">
        <ele>-0.178758</ele>
        <time>2026-06-20T17:46:08.553Z</time>
      </trkpt>
      <trkpt lat="53.279818" lon="5.720328">
        <ele>-0.016372</ele>
        <time>2026-06-20T17:46:15.918Z</time>
      </trkpt>
      <trkpt lat="53.279528" lon="5.720725">
        <ele>0.106730</ele>
        <time>2026-06-20T17:46:24.874Z</time>
      </trkpt>
      <trkpt lat="53.279314" lon="5.720968">
        <ele>0.179444</ele>
        <time>2026-06-20T17:46:31.191Z</time>
      </trkpt>
      <trkpt lat="53.279055" lon="5.721290">
        <ele>0.200000</ele>
        <time>2026-06-20T17:46:38.774Z</time>
      </trkpt>
      <trkpt lat="53.279009" lon="5.721381">
        <ele>0.200000</ele>
        <time>2026-06-20T17:46:40.416Z</time>
      </trkpt>
      <trkpt lat="53.278944" lon="5.721895">
        <ele>0.200000</ele>
        <time>2026-06-20T17:46:47.569Z</time>
      </trkpt>
      <trkpt lat="53.278892" lon="5.722003">
        <ele>0.199303</ele>
        <time>2026-06-20T17:46:49.445Z</time>
      </trkpt>
      <trkpt lat="53.278979" lon="5.722075">
        <ele>0.197412</ele>
        <time>2026-06-20T17:46:51.572Z</time>
      </trkpt>
      <trkpt lat="53.279091" lon="5.722075">
        <ele>0.191798</ele>
        <time>2026-06-20T17:46:54.025Z</time>
      </trkpt>
      <trkpt lat="53.279508" lon="5.721878">
        <ele>0.106805</ele>
        <time>2026-06-20T17:47:03.501Z</time>
      </trkpt>
      <trkpt lat="53.279777" lon="5.721747">
        <ele>0.093830</ele>
        <time>2026-06-20T17:47:09.612Z</time>
      </trkpt>
      <trkpt lat="53.279914" lon="5.721765">
        <ele>0.079469</ele>
        <time>2026-06-20T17:47:12.571Z</time>
      </trkpt>
      <trkpt lat="53.280091" lon="5.721869">
        <ele>0.024161</ele>
        <time>2026-06-20T17:47:16.596Z</time>
      </trkpt>
      <trkpt lat="53.280334" lon="5.722035">
        <ele>-0.008152</ele>
        <time>2026-06-20T17:47:22.236Z</time>
      </trkpt>
      <trkpt lat="53.280370" lon="5.722061">
        <ele>-0.014292</ele>
        <time>2026-06-20T17:47:23.072Z</time>
      </trkpt>
      <trkpt lat="53.281486" lon="5.722678">
        <ele>-0.482174</ele>
        <time>2026-06-20T17:47:47.548Z</time>
      </trkpt>
      <trkpt lat="53.282184" lon="5.723045">
        <ele>-0.576682</ele>
        <time>2026-06-20T17:48:03.413Z</time>
      </trkpt>
      <trkpt lat="53.283207" lon="5.723589">
        <ele>-0.271118</ele>
        <time>2026-06-20T17:48:28.567Z</time>
      </trkpt>
      <trkpt lat="53.283274" lon="5.723624">
        <ele>-0.227004</ele>
        <time>2026-06-20T17:48:30.367Z</time>
      </trkpt>
      <trkpt lat="53.284130" lon="5.724087">
        <ele>0.056773</ele>
        <time>2026-06-20T17:48:51.549Z</time>
      </trkpt>
      <trkpt lat="53.284327" lon="5.724226">
        <ele>0.003207</ele>
        <time>2026-06-20T17:48:56.164Z</time>
      </trkpt>
      <trkpt lat="53.285192" lon="5.725068">
        <ele>-0.404172</ele>
        <time>2026-06-20T17:49:16.840Z</time>
      </trkpt>
      <trkpt lat="53.286192" lon="5.725908">
        <ele>-0.992997</ele>
        <time>2026-06-20T17:49:39.820Z</time>
      </trkpt>
      <trkpt lat="53.286824" lon="5.726399">
        <ele>-1.184396</ele>
        <time>2026-06-20T17:49:54.554Z</time>
      </trkpt>
      <trkpt lat="53.287646" lon="5.726963">
        <ele>-1.100641</ele>
        <time>2026-06-20T17:50:14.698Z</time>
      </trkpt>
      <trkpt lat="53.287734" lon="5.727099">
        <ele>-1.067261</ele>
        <time>2026-06-20T17:50:17.555Z</time>
      </trkpt>
      <trkpt lat="53.287684" lon="5.727348">
        <ele>-1.013692</ele>
        <time>2026-06-20T17:50:21.303Z</time>
      </trkpt>
      <trkpt lat="53.287683" lon="5.728189">
        <ele>-0.808725</ele>
        <time>2026-06-20T17:50:33.344Z</time>
      </trkpt>
      <trkpt lat="53.287687" lon="5.728879">
        <ele>-0.716336</ele>
        <time>2026-06-20T17:50:42.907Z</time>
      </trkpt>
      <trkpt lat="53.287692" lon="5.729873">
        <ele>-0.701281</ele>
        <time>2026-06-20T17:50:56.036Z</time>
      </trkpt>
      <trkpt lat="53.287692" lon="5.730025">
        <ele>-0.737975</ele>
        <time>2026-06-20T17:50:57.986Z</time>
      </trkpt>
      <trkpt lat="53.287691" lon="5.730170">
        <ele>-0.773303</ele>
        <time>2026-06-20T17:50:59.918Z</time>
      </trkpt>
      <trkpt lat="53.287691" lon="5.730310">
        <ele>-0.802060</ele>
        <time>2026-06-20T17:51:01.765Z</time>
      </trkpt>
      <trkpt lat="53.287700" lon="5.730934">
        <ele>-0.888534</ele>
        <time>2026-06-20T17:51:09.858Z</time>
      </trkpt>
      <trkpt lat="53.287871" lon="5.734635">
        <ele>-0.900000</ele>
        <time>2026-06-20T17:52:01.297Z</time>
      </trkpt>
      <trkpt lat="53.287912" lon="5.735081">
        <ele>-0.900000</ele>
        <time>2026-06-20T17:52:07.796Z</time>
      </trkpt>
      <trkpt lat="53.287984" lon="5.735454">
        <ele>-0.881196</ele>
        <time>2026-06-20T17:52:13.295Z</time>
      </trkpt>
      <trkpt lat="53.288041" lon="5.735741">
        <ele>-0.823732</ele>
        <time>2026-06-20T17:52:17.514Z</time>
      </trkpt>
      <trkpt lat="53.288055" lon="5.735811">
        <ele>-0.808742</ele>
        <time>2026-06-20T17:52:18.534Z</time>
      </trkpt>
      <trkpt lat="53.288111" lon="5.736204">
        <ele>-0.800000</ele>
        <time>2026-06-20T17:52:24.227Z</time>
      </trkpt>
      <trkpt lat="53.288128" lon="5.737116">
        <ele>-0.788472</ele>
        <time>2026-06-20T17:52:36.999Z</time>
      </trkpt>
      <trkpt lat="53.288043" lon="5.746827">
        <ele>-0.105742</ele>
        <time>2026-06-20T17:54:54.304Z</time>
      </trkpt>
      <trkpt lat="53.288490" lon="5.746892">
        <ele>-0.100000</ele>
        <time>2026-06-20T17:55:04.347Z</time>
      </trkpt>
      <trkpt lat="53.289198" lon="5.747115">
        <ele>-0.114377</ele>
        <time>2026-06-20T17:55:20.270Z</time>
      </trkpt>
      <trkpt lat="53.291927" lon="5.747412">
        <ele>-0.511604</ele>
        <time>2026-06-20T17:56:19.668Z</time>
      </trkpt>
      <trkpt lat="53.291834" lon="5.749260">
        <ele>-0.909427</ele>
        <time>2026-06-20T17:56:43.709Z</time>
      </trkpt>
      <trkpt lat="53.291689" lon="5.750176">
        <ele>-1.196102</ele>
        <time>2026-06-20T17:56:55.886Z</time>
      </trkpt>
      <trkpt lat="53.291674" lon="5.754150">
        <ele>-2.177472</ele>
        <time>2026-06-20T17:57:47.593Z</time>
      </trkpt>
      <trkpt lat="53.291702" lon="5.756045">
        <ele>-2.200000</ele>
        <time>2026-06-20T17:58:13.667Z</time>
      </trkpt>
      <trkpt lat="53.291694" lon="5.756387">
        <ele>-2.172572</ele>
        <time>2026-06-20T17:58:18.518Z</time>
      </trkpt>
      <trkpt lat="53.291653" lon="5.756716">
        <ele>-2.126831</ele>
        <time>2026-06-20T17:58:23.386Z</time>
      </trkpt>
      <trkpt lat="53.291593" lon="5.757025">
        <ele>-2.067071</ele>
        <time>2026-06-20T17:58:28.089Z</time>
      </trkpt>
      <trkpt lat="53.291587" lon="5.757281">
        <ele>-2.004191</ele>
        <time>2026-06-20T17:58:31.870Z</time>
      </trkpt>
      <trkpt lat="53.291685" lon="5.757913">
        <ele>-1.798582</ele>
        <time>2026-06-20T17:58:41.665Z</time>
      </trkpt>
      <trkpt lat="53.291702" lon="5.758220">
        <ele>-1.701475</ele>
        <time>2026-06-20T17:58:46.360Z</time>
      </trkpt>
      <trkpt lat="53.291705" lon="5.759196">
        <ele>-1.396936</ele>
        <time>2026-06-20T17:59:01.152Z</time>
      </trkpt>
      <trkpt lat="53.291686" lon="5.759493">
        <ele>-1.293475</ele>
        <time>2026-06-20T17:59:05.836Z</time>
      </trkpt>
      <trkpt lat="53.291629" lon="5.759689">
        <ele>-1.204996</ele>
        <time>2026-06-20T17:59:09.229Z</time>
      </trkpt>
      <trkpt lat="53.291525" lon="5.759874">
        <ele>-1.113074</ele>
        <time>2026-06-20T17:59:13.155Z</time>
      </trkpt>
      <trkpt lat="53.290895" lon="5.760515">
        <ele>-0.806345</ele>
        <time>2026-06-20T17:59:31.417Z</time>
      </trkpt>
      <trkpt lat="53.290718" lon="5.761001">
        <ele>-0.707578</ele>
        <time>2026-06-20T17:59:39.623Z</time>
      </trkpt>
      <trkpt lat="53.290682" lon="5.761126">
        <ele>-0.687370</ele>
        <time>2026-06-20T17:59:41.617Z</time>
      </trkpt>
      <trkpt lat="53.291361" lon="5.761676">
        <ele>-0.512793</ele>
        <time>2026-06-20T17:59:59.622Z</time>
      </trkpt>
      <trkpt lat="53.291399" lon="5.761820">
        <ele>-0.500787</ele>
        <time>2026-06-20T18:00:01.890Z</time>
      </trkpt>
      <trkpt lat="53.291369" lon="5.762268">
        <ele>-0.460510</ele>
        <time>2026-06-20T18:00:08.347Z</time>
      </trkpt>
      <trkpt lat="53.291390" lon="5.762362">
        <ele>-0.433747</ele>
        <time>2026-06-20T18:00:09.814Z</time>
      </trkpt>
      <trkpt lat="53.291439" lon="5.762433">
        <ele>-0.404825</ele>
        <time>2026-06-20T18:00:11.377Z</time>
      </trkpt>
      <trkpt lat="53.291336" lon="5.763350">
        <ele>-0.283062</ele>
        <time>2026-06-20T18:00:25.860Z</time>
      </trkpt>
      <trkpt lat="53.291350" lon="5.763354">
        <ele>-0.277752</ele>
        <time>2026-06-20T18:00:26.214Z</time>
      </trkpt>
      <trkpt lat="53.291325" lon="5.763638">
        <ele>-0.217220</ele>
        <time>2026-06-20T18:00:30.387Z</time>
      </trkpt>
      <trkpt lat="53.291248" lon="5.764458">
        <ele>-0.086161</ele>
        <time>2026-06-20T18:00:42.458Z</time>
      </trkpt>
      <trkpt lat="53.291110" lon="5.764743">
        <ele>-0.024888</ele>
        <time>2026-06-20T18:00:47.779Z</time>
      </trkpt>
      <trkpt lat="53.291251" lon="5.765097">
        <ele>0.035361</ele>
        <time>2026-06-20T18:00:53.837Z</time>
      </trkpt>
      <trkpt lat="53.291178" lon="5.765289">
        <ele>0.071327</ele>
        <time>2026-06-20T18:00:57.104Z</time>
      </trkpt>
      <trkpt lat="53.291087" lon="5.765434">
        <ele>0.089926</ele>
        <time>2026-06-20T18:01:00.130Z</time>
      </trkpt>
      <trkpt lat="53.291018" lon="5.765545">
        <ele>0.106977</ele>
        <time>2026-06-20T18:01:02.463Z</time>
      </trkpt>
      <trkpt lat="53.291061" lon="5.765645">
        <ele>0.125849</ele>
        <time>2026-06-20T18:01:04.690Z</time>
      </trkpt>
      <trkpt lat="53.291473" lon="5.765858">
        <ele>0.275247</ele>
        <time>2026-06-20T18:01:17.802Z</time>
      </trkpt>
      <trkpt lat="53.291547" lon="5.765901">
        <ele>0.288807</ele>
        <time>2026-06-20T18:01:19.591Z</time>
      </trkpt>
      <trkpt lat="53.292057" lon="5.766267">
        <ele>0.290482</ele>
        <time>2026-06-20T18:01:32.062Z</time>
      </trkpt>
      <trkpt lat="53.292076" lon="5.766280">
        <ele>0.286490</ele>
        <time>2026-06-20T18:01:32.519Z</time>
      </trkpt>
      <trkpt lat="53.292391" lon="5.766575">
        <ele>0.199269</ele>
        <time>2026-06-20T18:01:40.295Z</time>
      </trkpt>
      <trkpt lat="53.292676" lon="5.766878">
        <ele>0.096519</ele>
        <time>2026-06-20T18:01:47.361Z</time>
      </trkpt>
      <trkpt lat="53.292914" lon="5.767116">
        <ele>-0.034232</ele>
        <time>2026-06-20T18:01:52.983Z</time>
      </trkpt>
      <trkpt lat="53.293172" lon="5.767380">
        <ele>-0.277619</ele>
        <time>2026-06-20T18:01:58.988Z</time>
      </trkpt>
      <trkpt lat="53.293229" lon="5.767438">
        <ele>-0.345277</ele>
        <time>2026-06-20T18:02:00.292Z</time>
      </trkpt>
      <trkpt lat="53.293352" lon="5.767565">
        <ele>-0.494971</ele>
        <time>2026-06-20T18:02:03.103Z</time>
      </trkpt>
      <trkpt lat="53.293429" lon="5.767641">
        <ele>-0.573011</ele>
        <time>2026-06-20T18:02:04.826Z</time>
      </trkpt>
      <trkpt lat="53.293823" lon="5.768052">
        <ele>-0.906126</ele>
        <time>2026-06-20T18:02:13.988Z</time>
      </trkpt>
      <trkpt lat="53.294259" lon="5.768595">
        <ele>-1.276654</ele>
        <time>2026-06-20T18:02:24.946Z</time>
      </trkpt>
      <trkpt lat="53.295249" lon="5.770105">
        <ele>-1.589190</ele>
        <time>2026-06-20T18:02:53.397Z</time>
      </trkpt>
      <trkpt lat="53.295494" lon="5.770545">
        <ele>-1.581527</ele>
        <time>2026-06-20T18:03:01.593Z</time>
      </trkpt>
      <trkpt lat="53.295936" lon="5.771467">
        <ele>-1.391352</ele>
        <time>2026-06-20T18:03:17.926Z</time>
      </trkpt>
      <trkpt lat="53.296177" lon="5.772227">
        <ele>-1.218092</ele>
        <time>2026-06-20T18:03:30.244Z</time>
      </trkpt>
      <trkpt lat="53.296297" lon="5.772637">
        <ele>-1.200068</ele>
        <time>2026-06-20T18:03:36.513Z</time>
      </trkpt>
      <trkpt lat="53.296305" lon="5.772741">
        <ele>-1.200000</ele>
        <time>2026-06-20T18:03:37.909Z</time>
      </trkpt>
      <trkpt lat="53.296226" lon="5.773125">
        <ele>-1.200000</ele>
        <time>2026-06-20T18:03:43.254Z</time>
      </trkpt>
      <trkpt lat="53.296183" lon="5.773265">
        <ele>-1.200000</ele>
        <time>2026-06-20T18:03:45.290Z</time>
      </trkpt>
      <trkpt lat="53.296157" lon="5.773348">
        <ele>-1.200142</ele>
        <time>2026-06-20T18:03:46.528Z</time>
      </trkpt>
      <trkpt lat="53.296125" lon="5.773447">
        <ele>-1.211889</ele>
        <time>2026-06-20T18:03:47.969Z</time>
      </trkpt>
      <trkpt lat="53.296096" lon="5.773537">
        <ele>-1.222561</ele>
        <time>2026-06-20T18:03:49.254Z</time>
      </trkpt>
      <trkpt lat="53.296072" lon="5.773632">
        <ele>-1.233325</ele>
        <time>2026-06-20T18:03:50.595Z</time>
      </trkpt>
      <trkpt lat="53.296186" lon="5.773698">
        <ele>-1.295450</ele>
        <time>2026-06-20T18:03:53.106Z</time>
      </trkpt>
      <trkpt lat="53.296338" lon="5.773718">
        <ele>-1.391124</ele>
        <time>2026-06-20T18:03:56.237Z</time>
      </trkpt>
      <trkpt lat="53.296568" lon="5.773892">
        <ele>-1.486247</ele>
        <time>2026-06-20T18:04:01.538Z</time>
      </trkpt>
      <trkpt lat="53.297333" lon="5.774469">
        <ele>-1.587571</ele>
        <time>2026-06-20T18:04:19.704Z</time>
      </trkpt>
      <trkpt lat="53.297657" lon="5.774922">
        <ele>-1.510495</ele>
        <time>2026-06-20T18:04:29.362Z</time>
      </trkpt>
      <trkpt lat="53.297812" lon="5.775050">
        <ele>-1.468423</ele>
        <time>2026-06-20T18:04:33.388Z</time>
      </trkpt>
      <trkpt lat="53.297970" lon="5.775102">
        <ele>-1.430421</ele>
        <time>2026-06-20T18:04:37.132Z</time>
      </trkpt>
      <trkpt lat="53.298292" lon="5.775020">
        <ele>-1.400000</ele>
        <time>2026-06-20T18:04:44.621Z</time>
      </trkpt>
      <trkpt lat="53.298409" lon="5.775037">
        <ele>-1.400000</ele>
        <time>2026-06-20T18:04:47.295Z</time>
      </trkpt>
      <trkpt lat="53.298876" lon="5.775224">
        <ele>-1.425082</ele>
        <time>2026-06-20T18:04:57.693Z</time>
      </trkpt>
      <trkpt lat="53.299276" lon="5.775500">
        <ele>-1.601929</ele>
        <time>2026-06-20T18:05:06.765Z</time>
      </trkpt>
      <trkpt lat="53.299618" lon="5.775847">
        <ele>-1.792370</ele>
        <time>2026-06-20T18:05:14.965Z</time>
      </trkpt>
      <trkpt lat="53.300661" lon="5.777206">
        <ele>-2.195718</ele>
        <time>2026-06-20T18:05:42.825Z</time>
      </trkpt>
      <trkpt lat="53.301171" lon="5.777785">
        <ele>-2.291941</ele>
        <time>2026-06-20T18:05:56.172Z</time>
      </trkpt>
      <trkpt lat="53.301336" lon="5.778072">
        <ele>-2.299811</ele>
        <time>2026-06-20T18:06:01.390Z</time>
      </trkpt>
      <trkpt lat="53.301631" lon="5.778274">
        <ele>-2.296261</ele>
        <time>2026-06-20T18:06:08.492Z</time>
      </trkpt>
      <trkpt lat="53.301779" lon="5.778458">
        <ele>-2.278930</ele>
        <time>2026-06-20T18:06:12.773Z</time>
      </trkpt>
      <trkpt lat="53.302169" lon="5.778674">
        <ele>-2.000468</ele>
        <time>2026-06-20T18:06:22.933Z</time>
      </trkpt>
      <trkpt lat="53.302574" lon="5.778842">
        <ele>-1.665201</ele>
        <time>2026-06-20T18:06:33.678Z</time>
      </trkpt>
      <trkpt lat="53.302691" lon="5.778972">
        <ele>-1.524443</ele>
        <time>2026-06-20T18:06:37.312Z</time>
      </trkpt>
      <trkpt lat="53.302785" lon="5.779008">
        <ele>-1.422207</ele>
        <time>2026-06-20T18:06:39.841Z</time>
      </trkpt>
      <trkpt lat="53.302762" lon="5.779240">
        <ele>-1.297798</ele>
        <time>2026-06-20T18:06:44.490Z</time>
      </trkpt>
      <trkpt lat="53.302699" lon="5.779461">
        <ele>-1.184439</ele>
        <time>2026-06-20T18:06:49.325Z</time>
      </trkpt>
      <trkpt lat="53.302599" lon="5.779679">
        <ele>-1.010735</ele>
        <time>2026-06-20T18:06:54.729Z</time>
      </trkpt>
      <trkpt lat="53.302532" lon="5.779769">
        <ele>-0.925160</ele>
        <time>2026-06-20T18:06:57.530Z</time>
      </trkpt>
      <trkpt lat="53.302550" lon="5.779868">
        <ele>-0.870629</ele>
        <time>2026-06-20T18:06:59.189Z</time>
      </trkpt>
      <trkpt lat="53.302588" lon="5.779975">
        <ele>-0.805038</ele>
        <time>2026-06-20T18:07:01.145Z</time>
      </trkpt>
      <trkpt lat="53.302778" lon="5.780207">
        <ele>-0.633701</ele>
        <time>2026-06-20T18:07:07.375Z</time>
      </trkpt>
      <trkpt lat="53.302273" lon="5.781356">
        <ele>-0.506483</ele>
        <time>2026-06-20T18:07:32.937Z</time>
      </trkpt>
      <trkpt lat="53.302098" lon="5.781725">
        <ele>-0.508521</ele>
        <time>2026-06-20T18:07:40.979Z</time>
      </trkpt>
      <trkpt lat="53.302055" lon="5.781802">
        <ele>-0.519219</ele>
        <time>2026-06-20T18:07:42.308Z</time>
      </trkpt>
      <trkpt lat="53.301938" lon="5.782002">
        <ele>-0.580202</ele>
        <time>2026-06-20T18:07:48.378Z</time>
      </trkpt>
      <trkpt lat="53.301879" lon="5.782129">
        <ele>-0.599529</ele>
        <time>2026-06-20T18:07:51.115Z</time>
      </trkpt>
      <trkpt lat="53.301385" lon="5.783330">
        <ele>-0.695313</ele>
        <time>2026-06-20T18:08:16.117Z</time>
      </trkpt>
      <trkpt lat="53.301096" lon="5.784028">
        <ele>-0.700000</ele>
        <time>2026-06-20T18:08:31.123Z</time>
      </trkpt>
      <trkpt lat="53.301333" lon="5.784319">
        <ele>-0.707436</ele>
        <time>2026-06-20T18:08:39.797Z</time>
      </trkpt>
      <trkpt lat="53.300941" lon="5.785211">
        <ele>-0.812846</ele>
        <time>2026-06-20T18:08:53.877Z</time>
      </trkpt>
      <trkpt lat="53.300801" lon="5.785561">
        <ele>-0.907513</ele>
        <time>2026-06-20T18:08:59.236Z</time>
      </trkpt>
      <trkpt lat="53.300292" lon="5.786789">
        <ele>-1.393876</ele>
        <time>2026-06-20T18:09:19.615Z</time>
      </trkpt>
      <trkpt lat="53.299584" lon="5.788334">
        <ele>-1.888157</ele>
        <time>2026-06-20T18:09:46.636Z</time>
      </trkpt>
      <trkpt lat="53.298875" lon="5.790043">
        <ele>-1.992203</ele>
        <time>2026-06-20T18:10:16.840Z</time>
      </trkpt>
      <trkpt lat="53.297928" lon="5.792176">
        <ele>-2.012657</ele>
        <time>2026-06-20T18:10:56.051Z</time>
      </trkpt>
      <trkpt lat="53.297681" lon="5.792792">
        <ele>-2.077966</ele>
        <time>2026-06-20T18:11:06.882Z</time>
      </trkpt>
      <trkpt lat="53.297182" lon="5.794257">
        <ele>-2.086003</ele>
        <time>2026-06-20T18:11:31.740Z</time>
      </trkpt>
      <trkpt lat="53.297056" lon="5.794546">
        <ele>-2.005580</ele>
        <time>2026-06-20T18:11:37.235Z</time>
      </trkpt>
      <trkpt lat="53.296111" lon="5.796353">
        <ele>-1.614217</ele>
        <time>2026-06-20T18:12:14.273Z</time>
      </trkpt>
      <trkpt lat="53.295939" lon="5.796730">
        <ele>-1.607774</ele>
        <time>2026-06-20T18:12:21.420Z</time>
      </trkpt>
      <trkpt lat="53.294260" lon="5.800579">
        <ele>-1.992382</ele>
        <time>2026-06-20T18:13:30.439Z</time>
      </trkpt>
      <trkpt lat="53.293922" lon="5.801413">
        <ele>-2.000000</ele>
        <time>2026-06-20T18:13:45.157Z</time>
      </trkpt>
      <trkpt lat="53.293644" lon="5.802015">
        <ele>-2.001278</ele>
        <time>2026-06-20T18:13:56.318Z</time>
      </trkpt>
      <trkpt lat="53.292148" lon="5.805532">
        <ele>-2.090499</ele>
        <time>2026-06-20T18:14:59.592Z</time>
      </trkpt>
      <trkpt lat="53.289384" lon="5.811912">
        <ele>-1.772724</ele>
        <time>2026-06-20T18:16:57.355Z</time>
      </trkpt>
      <trkpt lat="53.288500" lon="5.813881">
        <ele>-1.219917</ele>
        <time>2026-06-20T18:17:36.233Z</time>
      </trkpt>
      <trkpt lat="53.285880" lon="5.819912">
        <ele>-1.892425</ele>
        <time>2026-06-20T18:19:23.474Z</time>
      </trkpt>
      <trkpt lat="53.285704" lon="5.820415">
        <ele>-1.900000</ele>
        <time>2026-06-20T18:19:32.101Z</time>
      </trkpt>
      <trkpt lat="53.285352" lon="5.821201">
        <ele>-1.894825</ele>
        <time>2026-06-20T18:19:45.382Z</time>
      </trkpt>
      <trkpt lat="53.284964" lon="5.822189">
        <ele>-1.804469</ele>
        <time>2026-06-20T18:20:01.175Z</time>
      </trkpt>
      <trkpt lat="53.284622" lon="5.822851">
        <ele>-1.800000</ele>
        <time>2026-06-20T18:20:12.901Z</time>
      </trkpt>
      <trkpt lat="53.284191" lon="5.823788">
        <ele>-1.795328</ele>
        <time>2026-06-20T18:20:28.917Z</time>
      </trkpt>
      <trkpt lat="53.282083" lon="5.828686">
        <ele>-1.508036</ele>
        <time>2026-06-20T18:21:50.162Z</time>
      </trkpt>
      <trkpt lat="53.281148" lon="5.830921">
        <ele>-1.587478</ele>
        <time>2026-06-20T18:22:26.229Z</time>
      </trkpt>
      <trkpt lat="53.280119" lon="5.833276">
        <ele>-1.190788</ele>
        <time>2026-06-20T18:23:06.407Z</time>
      </trkpt>
      <trkpt lat="53.278891" lon="5.835963">
        <ele>-0.421969</ele>
        <time>2026-06-20T18:23:54.677Z</time>
      </trkpt>
      <trkpt lat="53.278794" lon="5.836062">
        <ele>-0.400173</ele>
        <time>2026-06-20T18:23:57.270Z</time>
      </trkpt>
      <trkpt lat="53.278670" lon="5.836095">
        <ele>-0.400069</ele>
        <time>2026-06-20T18:24:00.108Z</time>
      </trkpt>
      <trkpt lat="53.277984" lon="5.835365">
        <ele>-0.409946</ele>
        <time>2026-06-20T18:24:18.003Z</time>
      </trkpt>
      <trkpt lat="53.277501" lon="5.834923">
        <ele>-0.502337</ele>
        <time>2026-06-20T18:24:29.738Z</time>
      </trkpt>
      <trkpt lat="53.276290" lon="5.834056">
        <ele>-0.784272</ele>
        <time>2026-06-20T18:24:58.215Z</time>
      </trkpt>
      <trkpt lat="53.276240" lon="5.834020">
        <ele>-0.789785</ele>
        <time>2026-06-20T18:24:59.438Z</time>
      </trkpt>
      <trkpt lat="53.276290" lon="5.834056">
        <ele>-0.792592</ele>
        <time>2026-06-20T18:25:00.658Z</time>
      </trkpt>
      <trkpt lat="53.277501" lon="5.834923">
        <ele>-0.501693</ele>
        <time>2026-06-20T18:25:30.781Z</time>
      </trkpt>
      <trkpt lat="53.277984" lon="5.835365">
        <ele>-0.412909</ele>
        <time>2026-06-20T18:25:43.531Z</time>
      </trkpt>
      <trkpt lat="53.278670" lon="5.836095">
        <ele>-0.400000</ele>
        <time>2026-06-20T18:26:01.784Z</time>
      </trkpt>
      <trkpt lat="53.278748" lon="5.836174">
        <ele>-0.400000</ele>
        <time>2026-06-20T18:26:03.774Z</time>
      </trkpt>
      <trkpt lat="53.279001" lon="5.836441">
        <ele>-0.433026</ele>
        <time>2026-06-20T18:26:10.322Z</time>
      </trkpt>
      <trkpt lat="53.280269" lon="5.837868">
        <ele>-1.391203</ele>
        <time>2026-06-20T18:26:41.200Z</time>
      </trkpt>
      <trkpt lat="53.280982" lon="5.838768">
        <ele>-1.865908</ele>
        <time>2026-06-20T18:26:59.202Z</time>
      </trkpt>
      <trkpt lat="53.281786" lon="5.839852">
        <ele>-2.078377</ele>
        <time>2026-06-20T18:27:21.508Z</time>
      </trkpt>
      <trkpt lat="53.282308" lon="5.840606">
        <ele>-1.806384</ele>
        <time>2026-06-20T18:27:38.259Z</time>
      </trkpt>
      <trkpt lat="53.283329" lon="5.842182">
        <ele>-1.420460</ele>
        <time>2026-06-20T18:28:10.743Z</time>
      </trkpt>
      <trkpt lat="53.284834" lon="5.844655">
        <ele>-1.383598</ele>
        <time>2026-06-20T18:28:57.325Z</time>
      </trkpt>
      <trkpt lat="53.285480" lon="5.845770">
        <ele>-1.082806</ele>
        <time>2026-06-20T18:29:19.525Z</time>
      </trkpt>
      <trkpt lat="53.285741" lon="5.846304">
        <ele>-0.809827</ele>
        <time>2026-06-20T18:29:29.649Z</time>
      </trkpt>
      <trkpt lat="53.285842" lon="5.846563">
        <ele>-0.730625</ele>
        <time>2026-06-20T18:29:34.123Z</time>
      </trkpt>
      <trkpt lat="53.285974" lon="5.846936">
        <ele>-0.661007</ele>
        <time>2026-06-20T18:29:40.160Z</time>
      </trkpt>
      <trkpt lat="53.286031" lon="5.847099">
        <ele>-0.635606</ele>
        <time>2026-06-20T18:29:42.764Z</time>
      </trkpt>
      <trkpt lat="53.286302" lon="5.848031">
        <ele>-0.600000</ele>
        <time>2026-06-20T18:29:56.583Z</time>
      </trkpt>
      <trkpt lat="53.286396" lon="5.848351">
        <ele>-0.600000</ele>
        <time>2026-06-20T18:30:01.341Z</time>
      </trkpt>
      <trkpt lat="53.286769" lon="5.849580">
        <ele>-0.633333</ele>
        <time>2026-06-20T18:30:19.597Z</time>
      </trkpt>
      <trkpt lat="53.286636" lon="5.849696">
        <ele>-0.665158</ele>
        <time>2026-06-20T18:30:22.998Z</time>
      </trkpt>
      <trkpt lat="53.286565" lon="5.849694">
        <ele>-0.662580</ele>
        <time>2026-06-20T18:30:24.639Z</time>
      </trkpt>
      <trkpt lat="53.286324" lon="5.849460">
        <ele>-0.617601</ele>
        <time>2026-06-20T18:30:31.158Z</time>
      </trkpt>
      <trkpt lat="53.286009" lon="5.850399">
        <ele>-0.602923</ele>
        <time>2026-06-20T18:30:45.784Z</time>
      </trkpt>
      <trkpt lat="53.286011" lon="5.850480">
        <ele>-0.603998</ele>
        <time>2026-06-20T18:30:46.890Z</time>
      </trkpt>
      <trkpt lat="53.286776" lon="5.853926">
        <ele>-0.794969</ele>
        <time>2026-06-20T18:31:34.808Z</time>
      </trkpt>
      <trkpt lat="53.287117" lon="5.855250">
        <ele>-0.791246</ele>
        <time>2026-06-20T18:31:53.976Z</time>
      </trkpt>
      <trkpt lat="53.287529" lon="5.856688">
        <ele>-0.698455</ele>
        <time>2026-06-20T18:32:15.704Z</time>
      </trkpt>
      <trkpt lat="53.288141" lon="5.858962">
        <ele>-0.506607</ele>
        <time>2026-06-20T18:32:49.685Z</time>
      </trkpt>
      <trkpt lat="53.288172" lon="5.859134">
        <ele>-0.502223</ele>
        <time>2026-06-20T18:32:52.042Z</time>
      </trkpt>
      <trkpt lat="53.288175" lon="5.859323">
        <ele>-0.500795</ele>
        <time>2026-06-20T18:32:54.500Z</time>
      </trkpt>
      <trkpt lat="53.288257" lon="5.859642">
        <ele>-0.511637</ele>
        <time>2026-06-20T18:32:59.034Z</time>
      </trkpt>
      <trkpt lat="53.288435" lon="5.860182">
        <ele>-0.588503</ele>
        <time>2026-06-20T18:33:06.994Z</time>
      </trkpt>
      <trkpt lat="53.288648" lon="5.860574">
        <ele>-0.601524</ele>
        <time>2026-06-20T18:33:13.775Z</time>
      </trkpt>
      <trkpt lat="53.290668" lon="5.866148">
        <ele>-0.698574</ele>
        <time>2026-06-20T18:34:39.997Z</time>
      </trkpt>
      <trkpt lat="53.291587" lon="5.868779">
        <ele>-0.700000</ele>
        <time>2026-06-20T18:35:20.777Z</time>
      </trkpt>
      <trkpt lat="53.292071" lon="5.870367">
        <ele>-0.700000</ele>
        <time>2026-06-20T18:35:44.208Z</time>
      </trkpt>
      <trkpt lat="53.292538" lon="5.871371">
        <ele>-0.683681</ele>
        <time>2026-06-20T18:36:01.413Z</time>
      </trkpt>
      <trkpt lat="53.292690" lon="5.871757">
        <ele>-0.594558</ele>
        <time>2026-06-20T18:36:07.888Z</time>
      </trkpt>
      <trkpt lat="53.292764" lon="5.872031">
        <ele>-0.513606</ele>
        <time>2026-06-20T18:36:12.119Z</time>
      </trkpt>
      <trkpt lat="53.292907" lon="5.872769">
        <ele>-0.382073</ele>
        <time>2026-06-20T18:36:23.107Z</time>
      </trkpt>
      <trkpt lat="53.292919" lon="5.873013">
        <ele>-0.327964</ele>
        <time>2026-06-20T18:36:26.577Z</time>
      </trkpt>
      <trkpt lat="53.292901" lon="5.873184">
        <ele>-0.288052</ele>
        <time>2026-06-20T18:36:29.043Z</time>
      </trkpt>
      <trkpt lat="53.292874" lon="5.873560">
        <ele>-0.202846</ele>
        <time>2026-06-20T18:36:34.607Z</time>
      </trkpt>
      <trkpt lat="53.292869" lon="5.874052">
        <ele>-0.110423</ele>
        <time>2026-06-20T18:36:41.525Z</time>
      </trkpt>
      <trkpt lat="53.293143" lon="5.874918">
        <ele>-0.006099</ele>
        <time>2026-06-20T18:36:54.935Z</time>
      </trkpt>
      <trkpt lat="53.293372" lon="5.875583">
        <ele>-0.006276</ele>
        <time>2026-06-20T18:37:08.314Z</time>
      </trkpt>
      <trkpt lat="53.293539" lon="5.876400">
        <ele>-0.090879</ele>
        <time>2026-06-20T18:37:23.203Z</time>
      </trkpt>
      <trkpt lat="53.293643" lon="5.876712">
        <ele>-0.100000</ele>
        <time>2026-06-20T18:37:29.416Z</time>
      </trkpt>
      <trkpt lat="53.293889" lon="5.877300">
        <ele>-0.100000</ele>
        <time>2026-06-20T18:37:41.898Z</time>
      </trkpt>
      <trkpt lat="53.294247" lon="5.878162">
        <ele>-0.109822</ele>
        <time>2026-06-20T18:38:00.099Z</time>
      </trkpt>
      <trkpt lat="53.294484" lon="5.878652">
        <ele>-0.172384</ele>
        <time>2026-06-20T18:38:11.026Z</time>
      </trkpt>
      <trkpt lat="53.294811" lon="5.879119">
        <ele>-0.113059</ele>
        <time>2026-06-20T18:38:23.750Z</time>
      </trkpt>
      <trkpt lat="53.295108" lon="5.879470">
        <ele>-0.101621</ele>
        <time>2026-06-20T18:38:34.391Z</time>
      </trkpt>
      <trkpt lat="53.295188" lon="5.879706">
        <ele>-0.113538</ele>
        <time>2026-06-20T18:38:39.097Z</time>
      </trkpt>
      <trkpt lat="53.295303" lon="5.880197">
        <ele>-0.204805</ele>
        <time>2026-06-20T18:38:48.092Z</time>
      </trkpt>
      <trkpt lat="53.295404" lon="5.880544">
        <ele>-0.282290</ele>
        <time>2026-06-20T18:38:54.564Z</time>
      </trkpt>
      <trkpt lat="53.295823" lon="5.881671">
        <ele>-0.394233</ele>
        <time>2026-06-20T18:39:17.404Z</time>
      </trkpt>
      <trkpt lat="53.295909" lon="5.881860">
        <ele>-0.399362</ele>
        <time>2026-06-20T18:39:21.557Z</time>
      </trkpt>
      <trkpt lat="53.295931" lon="5.881927">
        <ele>-0.399580</ele>
        <time>2026-06-20T18:39:23.235Z</time>
      </trkpt>
      <trkpt lat="53.296048" lon="5.882228">
        <ele>-0.400000</ele>
        <time>2026-06-20T18:39:27.958Z</time>
      </trkpt>
      <trkpt lat="53.296090" lon="5.882201">
        <ele>-0.400000</ele>
        <time>2026-06-20T18:39:28.926Z</time>
      </trkpt>
      <trkpt lat="53.296151" lon="5.881973">
        <ele>-0.400000</ele>
        <time>2026-06-20T18:39:32.225Z</time>
      </trkpt>
      <trkpt lat="53.296519" lon="5.881567">
        <ele>-0.395856</ele>
        <time>2026-06-20T18:39:42.077Z</time>
      </trkpt>
      <trkpt lat="53.296618" lon="5.881466">
        <ele>-0.390370</ele>
        <time>2026-06-20T18:39:44.666Z</time>
      </trkpt>
      <trkpt lat="53.296665" lon="5.881472">
        <ele>-0.379888</ele>
        <time>2026-06-20T18:39:45.750Z</time>
      </trkpt>
      <trkpt lat="53.296769" lon="5.881668">
        <ele>-0.322485</ele>
        <time>2026-06-20T18:39:49.321Z</time>
      </trkpt>
      <trkpt lat="53.296858" lon="5.881845">
        <ele>-0.303999</ele>
        <time>2026-06-20T18:39:54.511Z</time>
      </trkpt>
      <trkpt lat="53.296920" lon="5.881971">
        <ele>-0.300973</ele>
        <time>2026-06-20T18:39:56.658Z</time>
      </trkpt>
      <trkpt lat="53.297040" lon="5.882224">
        <ele>-0.303213</ele>
        <time>2026-06-20T18:40:01.001Z</time>
      </trkpt>
      <trkpt lat="53.296956" lon="5.882308">
        <ele>-0.314776</ele>
        <time>2026-06-20T18:40:03.112Z</time>
      </trkpt>
      <trkpt lat="53.296448" lon="5.882846">
        <ele>-0.506042</ele>
        <time>2026-06-20T18:40:15.884Z</time>
      </trkpt>
      <trkpt lat="53.296416" lon="5.882922">
        <ele>-0.526161</ele>
        <time>2026-06-20T18:40:17.063Z</time>
      </trkpt>
      <trkpt lat="53.296437" lon="5.883055">
        <ele>-0.555370</ele>
        <time>2026-06-20T18:40:18.794Z</time>
      </trkpt>
      <trkpt lat="53.296556" lon="5.883362">
        <ele>-0.610624</ele>
        <time>2026-06-20T18:40:25.032Z</time>
      </trkpt>
      <trkpt lat="53.296609" lon="5.883495">
        <ele>-0.621529</ele>
        <time>2026-06-20T18:40:27.022Z</time>
      </trkpt>
      <trkpt lat="53.296712" lon="5.883765">
        <ele>-0.678606</ele>
        <time>2026-06-20T18:40:31.116Z</time>
      </trkpt>
      <trkpt lat="53.297577" lon="5.886108">
        <ele>-0.798235</ele>
        <time>2026-06-20T18:41:07.172Z</time>
      </trkpt>
      <trkpt lat="53.297604" lon="5.886179">
        <ele>-0.798634</ele>
        <time>2026-06-20T18:41:08.295Z</time>
      </trkpt>
      <trkpt lat="53.297682" lon="5.886388">
        <ele>-0.799804</ele>
        <time>2026-06-20T18:41:13.711Z</time>
      </trkpt>
      <trkpt lat="53.297947" lon="5.887193">
        <ele>-0.807777</ele>
        <time>2026-06-20T18:41:25.854Z</time>
      </trkpt>
      <trkpt lat="53.298601" lon="5.888207">
        <ele>-0.901003</ele>
        <time>2026-06-20T18:41:45.435Z</time>
      </trkpt>
      <trkpt lat="53.298903" lon="5.889416">
        <ele>-0.994212</ele>
        <time>2026-06-20T18:42:02.588Z</time>
      </trkpt>
      <trkpt lat="53.299183" lon="5.890247">
        <ele>-1.000000</ele>
        <time>2026-06-20T18:42:15.177Z</time>
      </trkpt>
      <trkpt lat="53.300007" lon="5.891462">
        <ele>-0.998727</ele>
        <time>2026-06-20T18:42:39.763Z</time>
      </trkpt>
      <trkpt lat="53.300140" lon="5.891727">
        <ele>-0.985415</ele>
        <time>2026-06-20T18:42:44.383Z</time>
      </trkpt>
      <trkpt lat="53.300263" lon="5.892101">
        <ele>-0.929571</ele>
        <time>2026-06-20T18:42:50.082Z</time>
      </trkpt>
      <trkpt lat="53.300602" lon="5.893705">
        <ele>-0.995526</ele>
        <time>2026-06-20T18:43:12.498Z</time>
      </trkpt>
      <trkpt lat="53.300813" lon="5.894317">
        <ele>-1.005278</ele>
        <time>2026-06-20T18:43:21.733Z</time>
      </trkpt>
      <trkpt lat="53.301523" lon="5.895481">
        <ele>-1.096512</ele>
        <time>2026-06-20T18:43:43.642Z</time>
      </trkpt>
      <trkpt lat="53.301848" lon="5.896150">
        <ele>-1.100000</ele>
        <time>2026-06-20T18:43:55.070Z</time>
      </trkpt>
      <trkpt lat="53.302066" lon="5.897134">
        <ele>-1.100000</ele>
        <time>2026-06-20T18:44:09.017Z</time>
      </trkpt>
      <trkpt lat="53.302349" lon="5.898197">
        <ele>-1.100000</ele>
        <time>2026-06-20T18:44:24.470Z</time>
      </trkpt>
      <trkpt lat="53.302677" lon="5.898886">
        <ele>-1.100000</ele>
        <time>2026-06-20T18:44:36.076Z</time>
      </trkpt>
      <trkpt lat="53.302876" lon="5.899117">
        <ele>-1.100000</ele>
        <time>2026-06-20T18:44:41.407Z</time>
      </trkpt>
      <trkpt lat="53.303377" lon="5.899968">
        <ele>-1.100000</ele>
        <time>2026-06-20T18:44:57.276Z</time>
      </trkpt>
      <trkpt lat="53.303531" lon="5.900317">
        <ele>-1.100000</ele>
        <time>2026-06-20T18:45:03.070Z</time>
      </trkpt>
      <trkpt lat="53.303989" lon="5.901962">
        <ele>-1.100000</ele>
        <time>2026-06-20T18:45:27.312Z</time>
      </trkpt>
      <trkpt lat="53.304486" lon="5.903242">
        <ele>-1.100000</ele>
        <time>2026-06-20T18:45:47.575Z</time>
      </trkpt>
      <trkpt lat="53.304756" lon="5.903844">
        <ele>-1.093945</ele>
        <time>2026-06-20T18:45:57.591Z</time>
      </trkpt>
      <trkpt lat="53.305163" lon="5.904642">
        <ele>-1.003605</ele>
        <time>2026-06-20T18:46:11.755Z</time>
      </trkpt>
      <trkpt lat="53.305977" lon="5.905905">
        <ele>-0.897136</ele>
        <time>2026-06-20T18:46:37.173Z</time>
      </trkpt>
      <trkpt lat="53.306635" lon="5.907976">
        <ele>-0.705867</ele>
        <time>2026-06-20T18:47:08.868Z</time>
      </trkpt>
      <trkpt lat="53.306897" lon="5.909051">
        <ele>-0.705005</ele>
        <time>2026-06-20T18:47:24.267Z</time>
      </trkpt>
      <trkpt lat="53.307231" lon="5.910053">
        <ele>-0.795595</ele>
        <time>2026-06-20T18:47:39.380Z</time>
      </trkpt>
      <trkpt lat="53.307360" lon="5.910311">
        <ele>-0.789740</ele>
        <time>2026-06-20T18:47:44.041Z</time>
      </trkpt>
      <trkpt lat="53.307609" lon="5.910830">
        <ele>-0.713398</ele>
        <time>2026-06-20T18:47:52.983Z</time>
      </trkpt>
      <trkpt lat="53.307879" lon="5.911263">
        <ele>-0.695025</ele>
        <time>2026-06-20T18:48:01.471Z</time>
      </trkpt>
      <trkpt lat="53.308697" lon="5.913089">
        <ele>-0.603921</ele>
        <time>2026-06-20T18:48:32.336Z</time>
      </trkpt>
      <trkpt lat="53.308821" lon="5.913554">
        <ele>-0.616479</ele>
        <time>2026-06-20T18:48:38.915Z</time>
      </trkpt>
      <trkpt lat="53.308960" lon="5.914527">
        <ele>-0.790689</ele>
        <time>2026-06-20T18:48:51.676Z</time>
      </trkpt>
      <trkpt lat="53.309193" lon="5.915257">
        <ele>-0.888830</ele>
        <time>2026-06-20T18:49:02.222Z</time>
      </trkpt>
      <trkpt lat="53.309435" lon="5.915860">
        <ele>-0.900000</ele>
        <time>2026-06-20T18:49:11.703Z</time>
      </trkpt>
      <trkpt lat="53.309733" lon="5.916368">
        <ele>-0.881942</ele>
        <time>2026-06-20T18:49:21.299Z</time>
      </trkpt>
      <trkpt lat="53.310439" lon="5.917232">
        <ele>-0.700108</ele>
        <time>2026-06-20T18:49:41.537Z</time>
      </trkpt>
      <trkpt lat="53.310700" lon="5.917828">
        <ele>-0.610800</ele>
        <time>2026-06-20T18:49:51.693Z</time>
      </trkpt>
      <trkpt lat="53.310910" lon="5.918512">
        <ele>-0.600000</ele>
        <time>2026-06-20T18:50:02.093Z</time>
      </trkpt>
      <trkpt lat="53.311051" lon="5.919666">
        <ele>-0.600000</ele>
        <time>2026-06-20T18:50:17.675Z</time>
      </trkpt>
      <trkpt lat="53.311146" lon="5.920247">
        <ele>-0.600000</ele>
        <time>2026-06-20T18:50:25.639Z</time>
      </trkpt>
      <trkpt lat="53.311260" lon="5.920653">
        <ele>-0.600000</ele>
        <time>2026-06-20T18:50:31.635Z</time>
      </trkpt>
      <trkpt lat="53.311458" lon="5.921009">
        <ele>-0.579775</ele>
        <time>2026-06-20T18:50:38.238Z</time>
      </trkpt>
      <trkpt lat="53.311717" lon="5.921177">
        <ele>-0.496807</ele>
        <time>2026-06-20T18:50:44.620Z</time>
      </trkpt>
      <trkpt lat="53.311951" lon="5.921188">
        <ele>-0.403983</ele>
        <time>2026-06-20T18:50:50.091Z</time>
      </trkpt>
      <trkpt lat="53.312189" lon="5.920889">
        <ele>-0.310029</ele>
        <time>2026-06-20T18:50:57.091Z</time>
      </trkpt>
      <trkpt lat="53.312310" lon="5.920841">
        <ele>-0.289612</ele>
        <time>2026-06-20T18:51:00.023Z</time>
      </trkpt>
      <trkpt lat="53.312995" lon="5.920732">
        <ele>-0.114193</ele>
        <time>2026-06-20T18:51:16.102Z</time>
      </trkpt>
      <trkpt lat="53.313063" lon="5.921521">
        <ele>-0.112192</ele>
        <time>2026-06-20T18:51:26.665Z</time>
      </trkpt>
      <trkpt lat="53.313076" lon="5.922639">
        <ele>-0.303801</ele>
        <time>2026-06-20T18:51:40.901Z</time>
      </trkpt>
      <trkpt lat="53.313086" lon="5.923070">
        <ele>-0.387922</ele>
        <time>2026-06-20T18:51:46.316Z</time>
      </trkpt>
      <trkpt lat="53.313114" lon="5.923434">
        <ele>-0.418550</ele>
        <time>2026-06-20T18:51:50.924Z</time>
      </trkpt>
      <trkpt lat="53.313183" lon="5.924005">
        <ele>-0.568069</ele>
        <time>2026-06-20T18:51:58.258Z</time>
      </trkpt>
      <trkpt lat="53.313345" lon="5.924849">
        <ele>-0.701608</ele>
        <time>2026-06-20T18:52:09.573Z</time>
      </trkpt>
      <trkpt lat="53.313504" lon="5.925533">
        <ele>-0.789826</ele>
        <time>2026-06-20T18:52:19.048Z</time>
      </trkpt>
      <trkpt lat="53.313659" lon="5.926169">
        <ele>-0.806476</ele>
        <time>2026-06-20T18:52:27.978Z</time>
      </trkpt>
      <trkpt lat="53.314020" lon="5.927429">
        <ele>-0.891147</ele>
        <time>2026-06-20T18:52:46.205Z</time>
      </trkpt>
      <trkpt lat="53.314644" lon="5.930153">
        <ele>-0.900000</ele>
        <time>2026-06-20T18:53:24.982Z</time>
      </trkpt>
      <trkpt lat="53.314923" lon="5.930937">
        <ele>-0.900000</ele>
        <time>2026-06-20T18:53:37.197Z</time>
      </trkpt>
      <trkpt lat="53.314866" lon="5.931021">
        <ele>-0.900000</ele>
        <time>2026-06-20T18:53:38.890Z</time>
      </trkpt>
      <trkpt lat="53.314845" lon="5.931096">
        <ele>-0.900000</ele>
        <time>2026-06-20T18:53:40.001Z</time>
      </trkpt>
      <trkpt lat="53.314852" lon="5.931183">
        <ele>-0.900000</ele>
        <time>2026-06-20T18:53:41.176Z</time>
      </trkpt>
      <trkpt lat="53.315001" lon="5.931751">
        <ele>-0.896266</ele>
        <time>2026-06-20T18:53:49.452Z</time>
      </trkpt>
      <trkpt lat="53.315454" lon="5.932997">
        <ele>-0.804867</ele>
        <time>2026-06-20T18:54:09.019Z</time>
      </trkpt>
      <trkpt lat="53.315613" lon="5.933534">
        <ele>-0.800000</ele>
        <time>2026-06-20T18:54:17.115Z</time>
      </trkpt>
      <trkpt lat="53.315804" lon="5.934478">
        <ele>-0.800000</ele>
        <time>2026-06-20T18:54:30.402Z</time>
      </trkpt>
      <trkpt lat="53.315864" lon="5.935122">
        <ele>-0.799997</ele>
        <time>2026-06-20T18:54:39.098Z</time>
      </trkpt>
      <trkpt lat="53.315838" lon="5.935378">
        <ele>-0.786959</ele>
        <time>2026-06-20T18:54:42.581Z</time>
      </trkpt>
      <trkpt lat="53.315640" lon="5.936505">
        <ele>-0.707754</ele>
        <time>2026-06-20T18:54:58.320Z</time>
      </trkpt>
      <trkpt lat="53.315621" lon="5.936743">
        <ele>-0.700138</ele>
        <time>2026-06-20T18:55:01.518Z</time>
      </trkpt>
      <trkpt lat="53.315630" lon="5.937108">
        <ele>-0.700000</ele>
        <time>2026-06-20T18:55:06.341Z</time>
      </trkpt>
      <trkpt lat="53.315806" lon="5.937878">
        <ele>-0.707324</ele>
        <time>2026-06-20T18:55:17.279Z</time>
      </trkpt>
      <trkpt lat="53.316335" lon="5.939603">
        <ele>-0.795195</ele>
        <time>2026-06-20T18:55:42.854Z</time>
      </trkpt>
      <trkpt lat="53.316747" lon="5.941363">
        <ele>-0.800000</ele>
        <time>2026-06-20T18:56:07.966Z</time>
      </trkpt>
      <trkpt lat="53.316911" lon="5.941780">
        <ele>-0.800012</ele>
        <time>2026-06-20T18:56:14.562Z</time>
      </trkpt>
      <trkpt lat="53.316842" lon="5.941956">
        <ele>-0.809894</ele>
        <time>2026-06-20T18:56:17.329Z</time>
      </trkpt>
      <trkpt lat="53.317119" lon="5.943457">
        <ele>-0.909585</ele>
        <time>2026-06-20T18:56:37.700Z</time>
      </trkpt>
      <trkpt lat="53.317242" lon="5.944003">
        <ele>-0.991668</ele>
        <time>2026-06-20T18:56:45.177Z</time>
      </trkpt>
      <trkpt lat="53.317655" lon="5.945196">
        <ele>-1.095149</ele>
        <time>2026-06-20T18:57:03.083Z</time>
      </trkpt>
      <trkpt lat="53.317842" lon="5.946081">
        <ele>-1.100000</ele>
        <time>2026-06-20T18:57:15.470Z</time>
      </trkpt>
      <trkpt lat="53.317894" lon="5.947040">
        <ele>-1.100000</ele>
        <time>2026-06-20T18:57:28.331Z</time>
      </trkpt>
      <trkpt lat="53.317712" lon="5.948519">
        <ele>-1.100000</ele>
        <time>2026-06-20T18:57:48.460Z</time>
      </trkpt>
      <trkpt lat="53.317727" lon="5.948753">
        <ele>-1.100000</ele>
        <time>2026-06-20T18:57:51.551Z</time>
      </trkpt>
      <trkpt lat="53.317783" lon="5.948971">
        <ele>-1.100650</ele>
        <time>2026-06-20T18:57:54.655Z</time>
      </trkpt>
      <trkpt lat="53.317915" lon="5.949200">
        <ele>-1.104341</ele>
        <time>2026-06-20T18:57:58.791Z</time>
      </trkpt>
      <trkpt lat="53.318530" lon="5.949750">
        <ele>-1.201149</ele>
        <time>2026-06-20T18:58:13.911Z</time>
      </trkpt>
      <trkpt lat="53.319022" lon="5.950274">
        <ele>-1.291522</ele>
        <time>2026-06-20T18:58:26.550Z</time>
      </trkpt>
      <trkpt lat="53.319294" lon="5.950486">
        <ele>-1.300000</ele>
        <time>2026-06-20T18:58:33.158Z</time>
      </trkpt>
      <trkpt lat="53.319665" lon="5.950655">
        <ele>-1.300000</ele>
        <time>2026-06-20T18:58:41.719Z</time>
      </trkpt>
      <trkpt lat="53.319974" lon="5.951040">
        <ele>-1.276049</ele>
        <time>2026-06-20T18:58:50.435Z</time>
      </trkpt>
      <trkpt lat="53.320750" lon="5.952595">
        <ele>-1.009854</ele>
        <time>2026-06-20T18:59:18.494Z</time>
      </trkpt>
      <trkpt lat="53.321144" lon="5.953551">
        <ele>-1.005145</ele>
        <time>2026-06-20T18:59:34.097Z</time>
      </trkpt>
      <trkpt lat="53.321438" lon="5.954499">
        <ele>-1.105166</ele>
        <time>2026-06-20T18:59:47.779Z</time>
      </trkpt>
      <trkpt lat="53.321558" lon="5.955084">
        <ele>-1.185031</ele>
        <time>2026-06-20T18:59:55.748Z</time>
      </trkpt>
      <trkpt lat="53.321600" lon="5.955670">
        <ele>-1.222175</ele>
        <time>2026-06-20T19:00:03.352Z</time>
      </trkpt>
      <trkpt lat="53.321590" lon="5.955886">
        <ele>-1.266258</ele>
        <time>2026-06-20T19:00:06.279Z</time>
      </trkpt>
      <trkpt lat="53.321435" lon="5.956819">
        <ele>-1.299802</ele>
        <time>2026-06-20T19:00:18.957Z</time>
      </trkpt>
      <trkpt lat="53.321438" lon="5.957249">
        <ele>-1.286803</ele>
        <time>2026-06-20T19:00:24.756Z</time>
      </trkpt>
      <trkpt lat="53.321483" lon="5.957872">
        <ele>-1.208593</ele>
        <time>2026-06-20T19:00:33.338Z</time>
      </trkpt>
      <trkpt lat="53.321680" lon="5.958933">
        <ele>-1.208058</ele>
        <time>2026-06-20T19:00:48.105Z</time>
      </trkpt>
      <trkpt lat="53.321845" lon="5.959632">
        <ele>-1.291884</ele>
        <time>2026-06-20T19:00:57.927Z</time>
      </trkpt>
      <trkpt lat="53.322060" lon="5.960383">
        <ele>-1.302639</ele>
        <time>2026-06-20T19:01:08.771Z</time>
      </trkpt>
      <trkpt lat="53.322816" lon="5.962682">
        <ele>-1.397756</ele>
        <time>2026-06-20T19:01:43.344Z</time>
      </trkpt>
      <trkpt lat="53.322977" lon="5.963265">
        <ele>-1.400000</ele>
        <time>2026-06-20T19:01:51.847Z</time>
      </trkpt>
      <trkpt lat="53.323024" lon="5.963576">
        <ele>-1.400000</ele>
        <time>2026-06-20T19:01:56.072Z</time>
      </trkpt>
      <trkpt lat="53.323033" lon="5.964068">
        <ele>-1.400000</ele>
        <time>2026-06-20T19:02:02.542Z</time>
      </trkpt>
      <trkpt lat="53.322931" lon="5.965177">
        <ele>-1.400000</ele>
        <time>2026-06-20T19:02:17.449Z</time>
      </trkpt>
      <trkpt lat="53.322933" lon="5.965520">
        <ele>-1.397422</ele>
        <time>2026-06-20T19:02:22.206Z</time>
      </trkpt>
      <trkpt lat="53.322789" lon="5.968164">
        <ele>-1.302314</ele>
        <time>2026-06-20T19:02:57.875Z</time>
      </trkpt>
      <trkpt lat="53.322712" lon="5.968722">
        <ele>-1.300000</ele>
        <time>2026-06-20T19:03:05.520Z</time>
      </trkpt>
      <trkpt lat="53.322507" lon="5.969704">
        <ele>-1.289828</ele>
        <time>2026-06-20T19:03:19.515Z</time>
      </trkpt>
      <trkpt lat="53.322321" lon="5.970335">
        <ele>-1.207710</ele>
        <time>2026-06-20T19:03:29.023Z</time>
      </trkpt>
      <trkpt lat="53.322137" lon="5.970797">
        <ele>-1.168358</ele>
        <time>2026-06-20T19:03:36.638Z</time>
      </trkpt>
      <trkpt lat="53.322024" lon="5.971004">
        <ele>-1.125469</ele>
        <time>2026-06-20T19:03:40.484Z</time>
      </trkpt>
      <trkpt lat="53.321943" lon="5.971063">
        <ele>-1.104592</ele>
        <time>2026-06-20T19:03:42.532Z</time>
      </trkpt>
      <trkpt lat="53.321513" lon="5.971746">
        <ele>-1.008503</ele>
        <time>2026-06-20T19:03:56.194Z</time>
      </trkpt>
      <trkpt lat="53.321269" lon="5.972167">
        <ele>-1.000000</ele>
        <time>2026-06-20T19:04:04.138Z</time>
      </trkpt>
      <trkpt lat="53.321210" lon="5.972399">
        <ele>-1.000000</ele>
        <time>2026-06-20T19:04:07.522Z</time>
      </trkpt>
      <trkpt lat="53.321164" lon="5.974028">
        <ele>-1.000000</ele>
        <time>2026-06-20T19:04:29.072Z</time>
      </trkpt>
      <trkpt lat="53.321255" lon="5.975093">
        <ele>-1.005180</ele>
        <time>2026-06-20T19:04:43.107Z</time>
      </trkpt>
      <trkpt lat="53.321338" lon="5.976678">
        <ele>-1.096577</ele>
        <time>2026-06-20T19:05:03.986Z</time>
      </trkpt>
      <trkpt lat="53.321444" lon="5.977254">
        <ele>-1.100000</ele>
        <time>2026-06-20T19:05:11.945Z</time>
      </trkpt>
      <trkpt lat="53.321889" lon="5.979048">
        <ele>-1.100000</ele>
        <time>2026-06-20T19:05:37.792Z</time>
      </trkpt>
      <trkpt lat="53.322079" lon="5.979502">
        <ele>-1.120085</ele>
        <time>2026-06-20T19:05:45.038Z</time>
      </trkpt>
      <trkpt lat="53.322231" lon="5.979694">
        <ele>-1.183953</ele>
        <time>2026-06-20T19:05:49.209Z</time>
      </trkpt>
      <trkpt lat="53.322317" lon="5.979727">
        <ele>-1.190439</ele>
        <time>2026-06-20T19:05:51.135Z</time>
      </trkpt>
      <trkpt lat="53.322468" lon="5.979675">
        <ele>-1.200000</ele>
        <time>2026-06-20T19:05:54.524Z</time>
      </trkpt>
      <trkpt lat="53.322583" lon="5.979589">
        <ele>-1.200000</ele>
        <time>2026-06-20T19:05:57.284Z</time>
      </trkpt>
      <trkpt lat="53.322676" lon="5.979465">
        <ele>-1.200000</ele>
        <time>2026-06-20T19:05:59.902Z</time>
      </trkpt>
      <trkpt lat="53.322773" lon="5.979268">
        <ele>-1.200000</ele>
        <time>2026-06-20T19:06:03.304Z</time>
      </trkpt>
      <trkpt lat="53.322892" lon="5.978923">
        <ele>-1.200000</ele>
        <time>2026-06-20T19:06:08.651Z</time>
      </trkpt>
      <trkpt lat="53.322884" lon="5.978695">
        <ele>-1.164447</ele>
        <time>2026-06-20T19:06:11.738Z</time>
      </trkpt>
      <trkpt lat="53.322834" lon="5.978484">
        <ele>-1.129249</ele>
        <time>2026-06-20T19:06:14.847Z</time>
      </trkpt>
      <trkpt lat="53.322771" lon="5.978424">
        <ele>-1.118246</ele>
        <time>2026-06-20T19:06:16.509Z</time>
      </trkpt>
      <trkpt lat="53.322614" lon="5.978401">
        <ele>-1.091320</ele>
        <time>2026-06-20T19:06:20.187Z</time>
      </trkpt>
      <trkpt lat="53.322578" lon="5.978297">
        <ele>-1.074653</ele>
        <time>2026-06-20T19:06:21.858Z</time>
      </trkpt>
      <trkpt lat="53.322647" lon="5.977564">
        <ele>-0.910225</ele>
        <time>2026-06-20T19:06:32.407Z</time>
      </trkpt>
      <trkpt lat="53.322714" lon="5.977507">
        <ele>-0.883726</ele>
        <time>2026-06-20T19:06:34.185Z</time>
      </trkpt>
      <trkpt lat="53.323229" lon="5.977449">
        <ele>-0.617428</ele>
        <time>2026-06-20T19:06:46.554Z</time>
      </trkpt>
      <trkpt lat="53.323404" lon="5.977433">
        <ele>-0.571883</ele>
        <time>2026-06-20T19:06:50.737Z</time>
      </trkpt>
      <trkpt lat="53.323527" lon="5.977417">
        <ele>-0.537476</ele>
        <time>2026-06-20T19:06:53.609Z</time>
      </trkpt>
      <trkpt lat="53.323623" lon="5.977332">
        <ele>-0.506525</ele>
        <time>2026-06-20T19:06:56.039Z</time>
      </trkpt>
      <trkpt lat="53.324317" lon="5.978138">
        <ele>-0.488635</ele>
        <time>2026-06-20T19:07:14.893Z</time>
      </trkpt>
      <trkpt lat="53.324701" lon="5.978570">
        <ele>-0.400464</ele>
        <time>2026-06-20T19:07:25.475Z</time>
      </trkpt>
      <trkpt lat="53.324451" lon="5.979263">
        <ele>-0.295000</ele>
        <time>2026-06-20T19:07:36.784Z</time>
      </trkpt>
      <trkpt lat="53.324296" lon="5.979692">
        <ele>-0.195207</ele>
        <time>2026-06-20T19:07:43.850Z</time>
      </trkpt>
      <trkpt lat="53.324250" lon="5.979847">
        <ele>-0.141205</ele>
        <time>2026-06-20T19:07:46.374Z</time>
      </trkpt>
      <trkpt lat="53.324251" lon="5.979951">
        <ele>-0.108753</ele>
        <time>2026-06-20T19:07:47.904Z</time>
      </trkpt>
      <trkpt lat="53.324347" lon="5.980090">
        <ele>-0.055075</ele>
        <time>2026-06-20T19:07:51.098Z</time>
      </trkpt>
      <trkpt lat="53.325740" lon="5.981458">
        <ele>0.580884</ele>
        <time>2026-06-20T19:08:31.131Z</time>
      </trkpt>
      <trkpt lat="53.326385" lon="5.982125">
        <ele>0.591565</ele>
        <time>2026-06-20T19:08:48.540Z</time>
      </trkpt>
      <trkpt lat="53.326650" lon="5.982590">
        <ele>0.512217</ele>
        <time>2026-06-20T19:08:56.839Z</time>
      </trkpt>
      <trkpt lat="53.327140" lon="5.983471">
        <ele>0.500000</ele>
        <time>2026-06-20T19:09:12.859Z</time>
      </trkpt>
      <trkpt lat="53.327187" lon="5.983501">
        <ele>0.500000</ele>
        <time>2026-06-20T19:09:14.005Z</time>
      </trkpt>
      <trkpt lat="53.327127" lon="5.983885">
        <ele>0.493896</ele>
        <time>2026-06-20T19:09:20.909Z</time>
      </trkpt>
      <trkpt lat="53.327123" lon="5.984053">
        <ele>0.482263</ele>
        <time>2026-06-20T19:09:23.771Z</time>
      </trkpt>
      <trkpt lat="53.327247" lon="5.985000">
        <ele>0.314531</ele>
        <time>2026-06-20T19:09:39.991Z</time>
      </trkpt>
      <trkpt lat="53.327231" lon="5.985269">
        <ele>0.293014</ele>
        <time>2026-06-20T19:09:44.589Z</time>
      </trkpt>
      <trkpt lat="53.327130" lon="5.985918">
        <ele>0.211744</ele>
        <time>2026-06-20T19:09:56.068Z</time>
      </trkpt>
      <trkpt lat="53.326841" lon="5.986048">
        <ele>0.197740</ele>
        <time>2026-06-20T19:10:04.642Z</time>
      </trkpt>
      <trkpt lat="53.326795" lon="5.986100">
        <ele>0.192306</ele>
        <time>2026-06-20T19:10:06.227Z</time>
      </trkpt>
      <trkpt lat="53.326402" lon="5.987461">
        <ele>0.105846</ele>
        <time>2026-06-20T19:10:32.266Z</time>
      </trkpt>
      <trkpt lat="53.326401" lon="5.987545">
        <ele>0.103839</ele>
        <time>2026-06-20T19:10:33.793Z</time>
      </trkpt>
      <trkpt lat="53.326430" lon="5.987639">
        <ele>0.101313</ele>
        <time>2026-06-20T19:10:35.644Z</time>
      </trkpt>
      <trkpt lat="53.326300" lon="5.987847">
        <ele>0.100830</ele>
        <time>2026-06-20T19:10:41.069Z</time>
      </trkpt>
      <trkpt lat="53.326278" lon="5.987910">
        <ele>0.101076</ele>
        <time>2026-06-20T19:10:42.391Z</time>
      </trkpt>
      <trkpt lat="53.326247" lon="5.988003">
        <ele>0.109161</ele>
        <time>2026-06-20T19:10:44.265Z</time>
      </trkpt>
      <trkpt lat="53.326222" lon="5.988074">
        <ele>0.122399</ele>
        <time>2026-06-20T19:10:45.730Z</time>
      </trkpt>
      <trkpt lat="53.326152" lon="5.988389">
        <ele>0.147739</ele>
        <time>2026-06-20T19:10:51.648Z</time>
      </trkpt>
      <trkpt lat="53.326124" lon="5.988551">
        <ele>0.121869</ele>
        <time>2026-06-20T19:10:54.561Z</time>
      </trkpt>
      <trkpt lat="53.326031" lon="5.988561">
        <ele>0.101700</ele>
        <time>2026-06-20T19:10:56.707Z</time>
      </trkpt>
      <trkpt lat="53.325974" lon="5.988638">
        <ele>0.094596</ele>
        <time>2026-06-20T19:10:58.382Z</time>
      </trkpt>
      <trkpt lat="53.325588" lon="5.990117">
        <ele>0.005118</ele>
        <time>2026-06-20T19:11:20.314Z</time>
      </trkpt>
      <trkpt lat="53.325537" lon="5.990474">
        <ele>-0.036882</ele>
        <time>2026-06-20T19:11:25.199Z</time>
      </trkpt>
      <trkpt lat="53.325514" lon="5.990699">
        <ele>-0.099843</ele>
        <time>2026-06-20T19:11:28.100Z</time>
      </trkpt>
      <trkpt lat="53.325487" lon="5.991184">
        <ele>-0.262317</ele>
        <time>2026-06-20T19:11:34.251Z</time>
      </trkpt>
      <trkpt lat="53.325479" lon="5.992021">
        <ele>-0.280040</ele>
        <time>2026-06-20T19:11:45.860Z</time>
      </trkpt>
      <trkpt lat="53.325478" lon="5.992380">
        <ele>-0.220262</ele>
        <time>2026-06-20T19:11:51.081Z</time>
      </trkpt>
      <trkpt lat="53.325497" lon="5.992483">
        <ele>-0.202498</ele>
        <time>2026-06-20T19:11:52.622Z</time>
      </trkpt>
      <trkpt lat="53.325537" lon="5.992554">
        <ele>-0.196377</ele>
        <time>2026-06-20T19:11:54.071Z</time>
      </trkpt>
      <trkpt lat="53.325624" lon="5.992579">
        <ele>-0.187110</ele>
        <time>2026-06-20T19:11:56.183Z</time>
      </trkpt>
      <trkpt lat="53.325979" lon="5.992542">
        <ele>-0.064969</ele>
        <time>2026-06-20T19:12:07.007Z</time>
      </trkpt>
      <trkpt lat="53.326034" lon="5.992533">
        <ele>-0.026195</ele>
        <time>2026-06-20T19:12:08.697Z</time>
      </trkpt>
      <trkpt lat="53.326293" lon="5.993134">
        <ele>0.246951</ele>
        <time>2026-06-20T19:12:22.545Z</time>
      </trkpt>
      <trkpt lat="53.326498" lon="5.993525">
        <ele>0.586464</ele>
        <time>2026-06-20T19:12:33.168Z</time>
      </trkpt>
      <trkpt lat="53.326659" lon="5.994197">
        <ele>0.969060</ele>
        <time>2026-06-20T19:12:47.542Z</time>
      </trkpt>
      <trkpt lat="53.326676" lon="5.994278">
        <ele>1.005988</ele>
        <time>2026-06-20T19:12:49.155Z</time>
      </trkpt>
      <trkpt lat="53.326746" lon="5.994616">
        <ele>1.124191</ele>
        <time>2026-06-20T19:12:55.832Z</time>
      </trkpt>
      <trkpt lat="53.326765" lon="5.994708">
        <ele>1.145410</ele>
        <time>2026-06-20T19:12:57.650Z</time>
      </trkpt>
      <trkpt lat="53.326823" lon="5.994969">
        <ele>1.204865</ele>
        <time>2026-06-20T19:13:02.718Z</time>
      </trkpt>
      <trkpt lat="53.325300" lon="5.994898">
        <ele>1.509911</ele>
        <time>2026-06-20T19:13:37.704Z</time>
      </trkpt>
      <trkpt lat="53.325270" lon="5.995303">
        <ele>1.616505</ele>
        <time>2026-06-20T19:13:45.245Z</time>
      </trkpt>
      <trkpt lat="53.325293" lon="5.995308">
        <ele>1.627820</ele>
        <time>2026-06-20T19:13:45.998Z</time>
      </trkpt>
      <trkpt lat="53.325288" lon="5.995360">
        <ele>1.654382</ele>
        <time>2026-06-20T19:13:46.998Z</time>
      </trkpt>
      <trkpt lat="53.325283" lon="5.995423">
        <ele>1.693411</ele>
        <time>2026-06-20T19:13:48.239Z</time>
      </trkpt>
      <trkpt lat="53.325229" lon="5.995923">
        <ele>2.013639</ele>
        <time>2026-06-20T19:13:58.401Z</time>
      </trkpt>
      <trkpt lat="53.325156" lon="5.996724">
        <ele>2.576031</ele>
        <time>2026-06-20T19:14:15.045Z</time>
      </trkpt>
      <trkpt lat="53.325153" lon="5.996771">
        <ele>2.607090</ele>
        <time>2026-06-20T19:14:15.981Z</time>
      </trkpt>
      <trkpt lat="53.325136" lon="5.997406">
        <ele>2.971358</ele>
        <time>2026-06-20T19:14:28.464Z</time>
      </trkpt>
      <trkpt lat="53.325094" lon="5.997707">
        <ele>3.069961</ele>
        <time>2026-06-20T19:14:34.161Z</time>
      </trkpt>
      <trkpt lat="53.325107" lon="5.998083">
        <ele>3.067744</ele>
        <time>2026-06-20T19:14:40.771Z</time>
      </trkpt>
      <trkpt lat="53.324931" lon="5.998078">
        <ele>2.987095</ele>
        <time>2026-06-20T19:14:45.761Z</time>
      </trkpt>
      <trkpt lat="53.324336" lon="5.998032">
        <ele>2.493998</ele>
        <time>2026-06-20T19:15:01.619Z</time>
      </trkpt>
      <trkpt lat="53.324324" lon="5.997692">
        <ele>2.290332</ele>
        <time>2026-06-20T19:15:06.784Z</time>
      </trkpt>
      <trkpt lat="53.323898" lon="5.997691">
        <ele>1.818418</ele>
        <time>2026-06-20T19:15:17.695Z</time>
      </trkpt>
      <trkpt lat="53.323824" lon="5.997689">
        <ele>1.741158</ele>
        <time>2026-06-20T19:15:19.729Z</time>
      </trkpt>
      <trkpt lat="53.323829" lon="5.997935">
        <ele>1.680768</ele>
        <time>2026-06-20T19:15:23.784Z</time>
      </trkpt>
      <trkpt lat="53.323674" lon="5.997938">
        <ele>1.658915</ele>
        <time>2026-06-20T19:15:28.200Z</time>
      </trkpt>
      <trkpt lat="53.323829" lon="5.997935">
        <ele>1.682134</ele>
        <time>2026-06-20T19:15:32.856Z</time>
      </trkpt>
      <trkpt lat="53.323824" lon="5.997689">
        <ele>1.761739</ele>
        <time>2026-06-20T19:15:37.444Z</time>
      </trkpt>
      <trkpt lat="53.323898" lon="5.997691">
        <ele>1.802121</ele>
        <time>2026-06-20T19:15:39.780Z</time>
      </trkpt>
      <trkpt lat="53.324324" lon="5.997692">
        <ele>2.292617</ele>
        <time>2026-06-20T19:15:54.247Z</time>
      </trkpt>
      <trkpt lat="53.324336" lon="5.998032">
        <ele>2.492766</ele>
        <time>2026-06-20T19:16:01.265Z</time>
      </trkpt>
      <trkpt lat="53.324931" lon="5.998078">
        <ele>2.982678</ele>
        <time>2026-06-20T19:16:20.557Z</time>
      </trkpt>
      <trkpt lat="53.325107" lon="5.998083">
        <ele>3.073572</ele>
        <time>2026-06-20T19:16:25.935Z</time>
      </trkpt>
      <trkpt lat="53.325094" lon="5.997707">
        <ele>3.077251</ele>
        <time>2026-06-20T19:16:32.490Z</time>
      </trkpt>
      <trkpt lat="53.325136" lon="5.997406">
        <ele>3.008515</ele>
        <time>2026-06-20T19:16:37.817Z</time>
      </trkpt>
      <trkpt lat="53.325153" lon="5.996771">
        <ele>2.898630</ele>
        <time>2026-06-20T19:16:48.592Z</time>
      </trkpt>
      <trkpt lat="53.325156" lon="5.996724">
        <ele>2.890954</ele>
        <time>2026-06-20T19:16:49.389Z</time>
      </trkpt>
      <trkpt lat="53.325229" lon="5.995923">
        <ele>2.708448</ele>
        <time>2026-06-20T19:17:02.856Z</time>
      </trkpt>
      <trkpt lat="53.326086" lon="5.996088">
        <ele>2.604827</ele>
        <time>2026-06-20T19:17:22.367Z</time>
      </trkpt>
      <trkpt lat="53.326536" lon="5.996142">
        <ele>2.535280</ele>
        <time>2026-06-20T19:17:35.327Z</time>
      </trkpt>
      <trkpt lat="53.326560" lon="5.996099">
        <ele>2.523232</ele>
        <time>2026-06-20T19:17:36.266Z</time>
      </trkpt>
      <trkpt lat="53.326610" lon="5.995860">
        <ele>2.420876</ele>
        <time>2026-06-20T19:17:40.350Z</time>
      </trkpt>
      <trkpt lat="53.326656" lon="5.995737">
        <ele>2.358933</ele>
        <time>2026-06-20T19:17:42.669Z</time>
      </trkpt>
      <trkpt lat="53.326715" lon="5.995687">
        <ele>2.297194</ele>
        <time>2026-06-20T19:17:44.375Z</time>
      </trkpt>
      <trkpt lat="53.326847" lon="5.995640">
        <ele>2.171198</ele>
        <time>2026-06-20T19:17:47.937Z</time>
      </trkpt>
      <trkpt lat="53.326846" lon="5.995437">
        <ele>2.024281</ele>
        <time>2026-06-20T19:17:51.106Z</time>
      </trkpt>
      <trkpt lat="53.326849" lon="5.995272">
        <ele>1.901938</ele>
        <time>2026-06-20T19:17:53.656Z</time>
      </trkpt>
      <trkpt lat="53.326849" lon="5.995114">
        <ele>1.794843</ele>
        <time>2026-06-20T19:17:56.075Z</time>
      </trkpt>
      <trkpt lat="53.326823" lon="5.994969">
        <ele>1.694257</ele>
        <time>2026-06-20T19:17:58.426Z</time>
      </trkpt>
      <trkpt lat="53.326765" lon="5.994708">
        <ele>1.523503</ele>
        <time>2026-06-20T19:18:02.720Z</time>
      </trkpt>
      <trkpt lat="53.326746" lon="5.994616">
        <ele>1.466384</ele>
        <time>2026-06-20T19:18:04.197Z</time>
      </trkpt>
      <trkpt lat="53.326676" lon="5.994278">
        <ele>1.190058</ele>
        <time>2026-06-20T19:18:09.686Z</time>
      </trkpt>
      <trkpt lat="53.326659" lon="5.994197">
        <ele>1.117954</ele>
        <time>2026-06-20T19:18:10.990Z</time>
      </trkpt>
      <trkpt lat="53.326498" lon="5.993525">
        <ele>0.594697</ele>
        <time>2026-06-20T19:18:21.999Z</time>
      </trkpt>
      <trkpt lat="53.326293" lon="5.993134">
        <ele>0.238578</ele>
        <time>2026-06-20T19:18:29.905Z</time>
      </trkpt>
      <trkpt lat="53.326034" lon="5.992533">
        <ele>-0.021343</ele>
        <time>2026-06-20T19:18:42.082Z</time>
      </trkpt>
      <trkpt lat="53.325979" lon="5.992542">
        <ele>-0.056261</ele>
        <time>2026-06-20T19:18:43.632Z</time>
      </trkpt>
      <trkpt lat="53.325624" lon="5.992579">
        <ele>-0.191860</ele>
        <time>2026-06-20T19:18:53.678Z</time>
      </trkpt>
      <trkpt lat="53.325537" lon="5.992554">
        <ele>-0.201189</ele>
        <time>2026-06-20T19:18:55.647Z</time>
      </trkpt>
      <trkpt lat="53.325497" lon="5.992483">
        <ele>-0.207350</ele>
        <time>2026-06-20T19:18:56.916Z</time>
      </trkpt>
      <trkpt lat="53.325478" lon="5.992380">
        <ele>-0.214154</ele>
        <time>2026-06-20T19:18:58.382Z</time>
      </trkpt>
      <trkpt lat="53.325479" lon="5.992021">
        <ele>-0.284666</ele>
        <time>2026-06-20T19:19:03.102Z</time>
      </trkpt>
      <trkpt lat="53.325487" lon="5.991184">
        <ele>-0.272608</ele>
        <time>2026-06-20T19:19:14.666Z</time>
      </trkpt>
      <trkpt lat="53.325514" lon="5.990699">
        <ele>-0.104953</ele>
        <time>2026-06-20T19:19:22.130Z</time>
      </trkpt>
      <trkpt lat="53.325537" lon="5.990474">
        <ele>-0.023181</ele>
        <time>2026-06-20T19:19:25.573Z</time>
      </trkpt>
      <trkpt lat="53.325588" lon="5.990117">
        <ele>0.003118</ele>
        <time>2026-06-20T19:19:30.891Z</time>
      </trkpt>
      <trkpt lat="53.325974" lon="5.988638">
        <ele>0.101767</ele>
        <time>2026-06-20T19:19:53.612Z</time>
      </trkpt>
      <trkpt lat="53.326031" lon="5.988561">
        <ele>0.111708</ele>
        <time>2026-06-20T19:19:55.352Z</time>
      </trkpt>
      <trkpt lat="53.326124" lon="5.988551">
        <ele>0.123922</ele>
        <time>2026-06-20T19:19:57.534Z</time>
      </trkpt>
      <trkpt lat="53.326152" lon="5.988389">
        <ele>0.133408</ele>
        <time>2026-06-20T19:20:00.531Z</time>
      </trkpt>
      <trkpt lat="53.326222" lon="5.988074">
        <ele>0.127017</ele>
        <time>2026-06-20T19:20:06.334Z</time>
      </trkpt>
      <trkpt lat="53.326247" lon="5.988003">
        <ele>0.117360</ele>
        <time>2026-06-20T19:20:07.754Z</time>
      </trkpt>
      <trkpt lat="53.326278" lon="5.987910">
        <ele>0.104880</ele>
        <time>2026-06-20T19:20:09.602Z</time>
      </trkpt>
      <trkpt lat="53.326300" lon="5.987847">
        <ele>0.100013</ele>
        <time>2026-06-20T19:20:10.825Z</time>
      </trkpt>
      <trkpt lat="53.326430" lon="5.987639">
        <ele>0.100140</ele>
        <time>2026-06-20T19:20:15.947Z</time>
      </trkpt>
      <trkpt lat="53.326401" lon="5.987545">
        <ele>0.103707</ele>
        <time>2026-06-20T19:20:17.784Z</time>
      </trkpt>
      <trkpt lat="53.326402" lon="5.987461">
        <ele>0.108536</ele>
        <time>2026-06-20T19:20:19.211Z</time>
      </trkpt>
      <trkpt lat="53.326795" lon="5.986100">
        <ele>0.193939</ele>
        <time>2026-06-20T19:20:46.035Z</time>
      </trkpt>
      <trkpt lat="53.326841" lon="5.986048">
        <ele>0.196445</ele>
        <time>2026-06-20T19:20:47.665Z</time>
      </trkpt>
      <trkpt lat="53.327130" lon="5.985918">
        <ele>0.207418</ele>
        <time>2026-06-20T19:20:56.655Z</time>
      </trkpt>
      <trkpt lat="53.327231" lon="5.985269">
        <ele>0.288372</ele>
        <time>2026-06-20T19:21:08.624Z</time>
      </trkpt>
      <trkpt lat="53.327247" lon="5.985000">
        <ele>0.326897</ele>
        <time>2026-06-20T19:21:13.476Z</time>
      </trkpt>
      <trkpt lat="53.327123" lon="5.984053">
        <ele>0.488669</ele>
        <time>2026-06-20T19:21:31.230Z</time>
      </trkpt>
      <trkpt lat="53.327127" lon="5.983885">
        <ele>0.494030</ele>
        <time>2026-06-20T19:21:34.255Z</time>
      </trkpt>
      <trkpt lat="53.327187" lon="5.983501">
        <ele>0.500000</ele>
        <time>2026-06-20T19:21:41.216Z</time>
      </trkpt>
      <trkpt lat="53.327140" lon="5.983471">
        <ele>0.500000</ele>
        <time>2026-06-20T19:21:42.319Z</time>
      </trkpt>
      <trkpt lat="53.326650" lon="5.982590">
        <ele>0.507788</ele>
        <time>2026-06-20T19:21:58.254Z</time>
      </trkpt>
      <trkpt lat="53.326385" lon="5.982125">
        <ele>0.586690</ele>
        <time>2026-06-20T19:22:07.070Z</time>
      </trkpt>
      <trkpt lat="53.325740" lon="5.981458">
        <ele>0.587122</ele>
        <time>2026-06-20T19:22:24.778Z</time>
      </trkpt>
      <trkpt lat="53.324347" lon="5.980090">
        <ele>-0.022616</ele>
        <time>2026-06-20T19:22:59.873Z</time>
      </trkpt>
      <trkpt lat="53.324251" lon="5.979951">
        <ele>-0.115399</ele>
        <time>2026-06-20T19:23:02.420Z</time>
      </trkpt>
      <trkpt lat="53.324250" lon="5.979847">
        <ele>-0.154497</ele>
        <time>2026-06-20T19:23:03.658Z</time>
      </trkpt>
      <trkpt lat="53.324296" lon="5.979692">
        <ele>-0.194550</ele>
        <time>2026-06-20T19:23:05.783Z</time>
      </trkpt>
      <trkpt lat="53.324451" lon="5.979263">
        <ele>-0.295109</ele>
        <time>2026-06-20T19:23:12.065Z</time>
      </trkpt>
      <trkpt lat="53.324701" lon="5.978570">
        <ele>-0.400282</ele>
        <time>2026-06-20T19:23:22.331Z</time>
      </trkpt>
      <trkpt lat="53.324317" lon="5.978138">
        <ele>-0.491993</ele>
        <time>2026-06-20T19:23:32.349Z</time>
      </trkpt>
      <trkpt lat="53.323623" lon="5.977332">
        <ele>-0.502427</ele>
        <time>2026-06-20T19:23:51.074Z</time>
      </trkpt>
      <trkpt lat="53.323527" lon="5.977417">
        <ele>-0.530117</ele>
        <time>2026-06-20T19:23:53.442Z</time>
      </trkpt>
      <trkpt lat="53.323404" lon="5.977433">
        <ele>-0.576537</ele>
        <time>2026-06-20T19:23:56.088Z</time>
      </trkpt>
      <trkpt lat="53.323229" lon="5.977449">
        <ele>-0.626305</ele>
        <time>2026-06-20T19:23:59.725Z</time>
      </trkpt>
      <trkpt lat="53.322714" lon="5.977507">
        <ele>-0.883342</ele>
        <time>2026-06-20T19:24:10.446Z</time>
      </trkpt>
      <trkpt lat="53.322647" lon="5.977564">
        <ele>-0.912874</ele>
        <time>2026-06-20T19:24:12.014Z</time>
      </trkpt>
      <trkpt lat="53.322578" lon="5.978297">
        <ele>-1.078557</ele>
        <time>2026-06-20T19:24:21.261Z</time>
      </trkpt>
      <trkpt lat="53.322614" lon="5.978401">
        <ele>-1.087706</ele>
        <time>2026-06-20T19:24:22.769Z</time>
      </trkpt>
      <trkpt lat="53.322771" lon="5.978424">
        <ele>-1.116426</ele>
        <time>2026-06-20T19:24:26.116Z</time>
      </trkpt>
      <trkpt lat="53.322834" lon="5.978484">
        <ele>-1.135906</ele>
        <time>2026-06-20T19:24:27.668Z</time>
      </trkpt>
      <trkpt lat="53.322884" lon="5.978695">
        <ele>-1.168233</ele>
        <time>2026-06-20T19:24:30.620Z</time>
      </trkpt>
      <trkpt lat="53.322892" lon="5.978923">
        <ele>-1.192245</ele>
        <time>2026-06-20T19:24:33.579Z</time>
      </trkpt>
      <trkpt lat="53.322773" lon="5.979268">
        <ele>-1.200000</ele>
        <time>2026-06-20T19:24:38.824Z</time>
      </trkpt>
      <trkpt lat="53.322676" lon="5.979465">
        <ele>-1.200000</ele>
        <time>2026-06-20T19:24:42.229Z</time>
      </trkpt>
      <trkpt lat="53.322583" lon="5.979589">
        <ele>-1.200000</ele>
        <time>2026-06-20T19:24:44.876Z</time>
      </trkpt>
      <trkpt lat="53.322468" lon="5.979675">
        <ele>-1.200000</ele>
        <time>2026-06-20T19:24:47.720Z</time>
      </trkpt>
      <trkpt lat="53.322317" lon="5.979727">
        <ele>-1.188315</ele>
        <time>2026-06-20T19:24:51.211Z</time>
      </trkpt>
      <trkpt lat="53.322231" lon="5.979694">
        <ele>-1.173776</ele>
        <time>2026-06-20T19:24:53.216Z</time>
      </trkpt>
      <trkpt lat="53.322079" lon="5.979502">
        <ele>-1.128128</ele>
        <time>2026-06-20T19:24:57.510Z</time>
      </trkpt>
      <trkpt lat="53.321889" lon="5.979048">
        <ele>-1.100000</ele>
        <time>2026-06-20T19:25:04.993Z</time>
      </trkpt>
      <trkpt lat="53.321444" lon="5.977254">
        <ele>-1.100000</ele>
        <time>2026-06-20T19:25:30.770Z</time>
      </trkpt>
      <trkpt lat="53.321338" lon="5.976678">
        <ele>-1.095287</ele>
        <time>2026-06-20T19:25:38.810Z</time>
      </trkpt>
      <trkpt lat="53.321255" lon="5.975093">
        <ele>-1.003133</ele>
        <time>2026-06-20T19:26:00.214Z</time>
      </trkpt>
      <trkpt lat="53.321164" lon="5.974028">
        <ele>-1.000000</ele>
        <time>2026-06-20T19:26:14.765Z</time>
      </trkpt>
      <trkpt lat="53.321210" lon="5.972399">
        <ele>-1.000000</ele>
        <time>2026-06-20T19:26:36.539Z</time>
      </trkpt>
      <trkpt lat="53.321269" lon="5.972167">
        <ele>-1.000000</ele>
        <time>2026-06-20T19:26:39.871Z</time>
      </trkpt>
      <trkpt lat="53.321513" lon="5.971746">
        <ele>-1.012998</ele>
        <time>2026-06-20T19:26:47.511Z</time>
      </trkpt>
      <trkpt lat="53.321943" lon="5.971063">
        <ele>-1.099109</ele>
        <time>2026-06-20T19:27:00.250Z</time>
      </trkpt>
      <trkpt lat="53.322024" lon="5.971004">
        <ele>-1.127498</ele>
        <time>2026-06-20T19:27:02.153Z</time>
      </trkpt>
      <trkpt lat="53.322137" lon="5.970797">
        <ele>-1.173251</ele>
        <time>2026-06-20T19:27:05.742Z</time>
      </trkpt>
      <trkpt lat="53.322321" lon="5.970335">
        <ele>-1.212160</ele>
        <time>2026-06-20T19:27:12.913Z</time>
      </trkpt>
      <trkpt lat="53.322507" lon="5.969704">
        <ele>-1.286744</ele>
        <time>2026-06-20T19:27:22.102Z</time>
      </trkpt>
      <trkpt lat="53.322712" lon="5.968722">
        <ele>-1.300000</ele>
        <time>2026-06-20T19:27:35.739Z</time>
      </trkpt>
      <trkpt lat="53.322789" lon="5.968164">
        <ele>-1.302592</ele>
        <time>2026-06-20T19:27:43.320Z</time>
      </trkpt>
      <trkpt lat="53.322933" lon="5.965520">
        <ele>-1.397671</ele>
        <time>2026-06-20T19:28:18.191Z</time>
      </trkpt>
      <trkpt lat="53.322931" lon="5.965177">
        <ele>-1.399786</ele>
        <time>2026-06-20T19:28:22.924Z</time>
      </trkpt>
      <trkpt lat="53.323033" lon="5.964068">
        <ele>-1.400000</ele>
        <time>2026-06-20T19:28:37.829Z</time>
      </trkpt>
      <trkpt lat="53.323024" lon="5.963576">
        <ele>-1.400000</ele>
        <time>2026-06-20T19:28:44.433Z</time>
      </trkpt>
      <trkpt lat="53.322977" lon="5.963265">
        <ele>-1.400000</ele>
        <time>2026-06-20T19:28:48.736Z</time>
      </trkpt>
      <trkpt lat="53.322816" lon="5.962682">
        <ele>-1.396639</ele>
        <time>2026-06-20T19:28:57.273Z</time>
      </trkpt>
      <trkpt lat="53.322060" lon="5.960383">
        <ele>-1.303433</ele>
        <time>2026-06-20T19:29:32.434Z</time>
      </trkpt>
      <trkpt lat="53.321845" lon="5.959632">
        <ele>-1.290789</ele>
        <time>2026-06-20T19:29:43.724Z</time>
      </trkpt>
      <trkpt lat="53.321680" lon="5.958933">
        <ele>-1.209264</ele>
        <time>2026-06-20T19:29:53.878Z</time>
      </trkpt>
      <trkpt lat="53.321483" lon="5.957872">
        <ele>-1.212020</ele>
        <time>2026-06-20T19:30:08.639Z</time>
      </trkpt>
      <trkpt lat="53.321438" lon="5.957249">
        <ele>-1.285101</ele>
        <time>2026-06-20T19:30:16.740Z</time>
      </trkpt>
      <trkpt lat="53.321435" lon="5.956819">
        <ele>-1.300000</ele>
        <time>2026-06-20T19:30:22.374Z</time>
      </trkpt>
      <trkpt lat="53.321590" lon="5.955886">
        <ele>-1.276087</ele>
        <time>2026-06-20T19:30:35.435Z</time>
      </trkpt>
      <trkpt lat="53.321600" lon="5.955670">
        <ele>-1.227003</ele>
        <time>2026-06-20T19:30:38.505Z</time>
      </trkpt>
      <trkpt lat="53.321558" lon="5.955084">
        <ele>-1.186197</ele>
        <time>2026-06-20T19:30:46.590Z</time>
      </trkpt>
      <trkpt lat="53.321438" lon="5.954499">
        <ele>-1.103630</ele>
        <time>2026-06-20T19:30:55.065Z</time>
      </trkpt>
      <trkpt lat="53.321144" lon="5.953551">
        <ele>-1.006982</ele>
        <time>2026-06-20T19:31:09.816Z</time>
      </trkpt>
      <trkpt lat="53.320750" lon="5.952595">
        <ele>-1.009445</ele>
        <time>2026-06-20T19:31:25.076Z</time>
      </trkpt>
      <trkpt lat="53.319974" lon="5.951040">
        <ele>-1.288054</ele>
        <time>2026-06-20T19:31:50.960Z</time>
      </trkpt>
      <trkpt lat="53.319665" lon="5.950655">
        <ele>-1.300000</ele>
        <time>2026-06-20T19:31:59.360Z</time>
      </trkpt>
      <trkpt lat="53.319294" lon="5.950486">
        <ele>-1.300000</ele>
        <time>2026-06-20T19:32:07.887Z</time>
      </trkpt>
      <trkpt lat="53.319022" lon="5.950274">
        <ele>-1.294834</ele>
        <time>2026-06-20T19:32:14.654Z</time>
      </trkpt>
      <trkpt lat="53.318530" lon="5.949750">
        <ele>-1.201521</ele>
        <time>2026-06-20T19:32:27.946Z</time>
      </trkpt>
      <trkpt lat="53.317915" lon="5.949200">
        <ele>-1.107102</ele>
        <time>2026-06-20T19:32:43.891Z</time>
      </trkpt>
      <trkpt lat="53.317783" lon="5.948971">
        <ele>-1.100328</ele>
        <time>2026-06-20T19:32:48.186Z</time>
      </trkpt>
      <trkpt lat="53.317727" lon="5.948753">
        <ele>-1.100000</ele>
        <time>2026-06-20T19:32:51.382Z</time>
      </trkpt>
      <trkpt lat="53.317712" lon="5.948519">
        <ele>-1.100000</ele>
        <time>2026-06-20T19:32:54.534Z</time>
      </trkpt>
      <trkpt lat="53.317894" lon="5.947040">
        <ele>-1.100000</ele>
        <time>2026-06-20T19:33:14.546Z</time>
      </trkpt>
      <trkpt lat="53.317842" lon="5.946081">
        <ele>-1.100000</ele>
        <time>2026-06-20T19:33:27.271Z</time>
      </trkpt>
      <trkpt lat="53.317655" lon="5.945196">
        <ele>-1.095398</ele>
        <time>2026-06-20T19:33:39.820Z</time>
      </trkpt>
      <trkpt lat="53.317242" lon="5.944003">
        <ele>-0.990755</ele>
        <time>2026-06-20T19:33:58.566Z</time>
      </trkpt>
      <trkpt lat="53.317119" lon="5.943457">
        <ele>-0.906963</ele>
        <time>2026-06-20T19:34:06.608Z</time>
      </trkpt>
      <trkpt lat="53.316842" lon="5.941956">
        <ele>-0.805184</ele>
        <time>2026-06-20T19:34:28.004Z</time>
      </trkpt>
      <trkpt lat="53.316911" lon="5.941780">
        <ele>-0.801212</ele>
        <time>2026-06-20T19:34:30.831Z</time>
      </trkpt>
      <trkpt lat="53.316747" lon="5.941363">
        <ele>-0.800000</ele>
        <time>2026-06-20T19:34:37.501Z</time>
      </trkpt>
      <trkpt lat="53.316335" lon="5.939603">
        <ele>-0.795732</ele>
        <time>2026-06-20T19:35:02.612Z</time>
      </trkpt>
      <trkpt lat="53.315806" lon="5.937878">
        <ele>-0.705589</ele>
        <time>2026-06-20T19:35:28.547Z</time>
      </trkpt>
      <trkpt lat="53.315630" lon="5.937108">
        <ele>-0.700000</ele>
        <time>2026-06-20T19:35:39.525Z</time>
      </trkpt>
      <trkpt lat="53.315621" lon="5.936743">
        <ele>-0.701079</ele>
        <time>2026-06-20T19:35:44.401Z</time>
      </trkpt>
      <trkpt lat="53.315640" lon="5.936505">
        <ele>-0.705944</ele>
        <time>2026-06-20T19:35:47.591Z</time>
      </trkpt>
      <trkpt lat="53.315838" lon="5.935378">
        <ele>-0.793230</ele>
        <time>2026-06-20T19:36:03.062Z</time>
      </trkpt>
      <trkpt lat="53.315864" lon="5.935122">
        <ele>-0.799470</ele>
        <time>2026-06-20T19:36:06.495Z</time>
      </trkpt>
      <trkpt lat="53.315804" lon="5.934478">
        <ele>-0.800000</ele>
        <time>2026-06-20T19:36:15.114Z</time>
      </trkpt>
      <trkpt lat="53.315613" lon="5.933534">
        <ele>-0.800000</ele>
        <time>2026-06-20T19:36:28.305Z</time>
      </trkpt>
      <trkpt lat="53.315454" lon="5.932997">
        <ele>-0.804049</ele>
        <time>2026-06-20T19:36:36.153Z</time>
      </trkpt>
      <trkpt lat="53.315001" lon="5.931751">
        <ele>-0.894861</ele>
        <time>2026-06-20T19:36:55.342Z</time>
      </trkpt>
      <trkpt lat="53.314852" lon="5.931183">
        <ele>-0.900000</ele>
        <time>2026-06-20T19:37:03.557Z</time>
      </trkpt>
      <trkpt lat="53.314845" lon="5.931096">
        <ele>-0.900000</ele>
        <time>2026-06-20T19:37:04.714Z</time>
      </trkpt>
      <trkpt lat="53.314866" lon="5.931021">
        <ele>-0.900000</ele>
        <time>2026-06-20T19:37:05.803Z</time>
      </trkpt>
      <trkpt lat="53.314923" lon="5.930937">
        <ele>-0.900000</ele>
        <time>2026-06-20T19:37:07.499Z</time>
      </trkpt>
      <trkpt lat="53.314644" lon="5.930153">
        <ele>-0.900000</ele>
        <time>2026-06-20T19:37:19.557Z</time>
      </trkpt>
      <trkpt lat="53.314020" lon="5.927429">
        <ele>-0.890439</ele>
        <time>2026-06-20T19:37:58.294Z</time>
      </trkpt>
      <trkpt lat="53.313659" lon="5.926169">
        <ele>-0.804550</ele>
        <time>2026-06-20T19:38:17.204Z</time>
      </trkpt>
      <trkpt lat="53.313504" lon="5.925533">
        <ele>-0.792532</ele>
        <time>2026-06-20T19:38:26.558Z</time>
      </trkpt>
      <trkpt lat="53.313345" lon="5.924849">
        <ele>-0.701445</ele>
        <time>2026-06-20T19:38:36.595Z</time>
      </trkpt>
      <trkpt lat="53.313183" lon="5.924005">
        <ele>-0.581685</ele>
        <time>2026-06-20T19:38:48.871Z</time>
      </trkpt>
      <trkpt lat="53.313114" lon="5.923434">
        <ele>-0.425374</ele>
        <time>2026-06-20T19:38:57.048Z</time>
      </trkpt>
      <trkpt lat="53.313086" lon="5.923070">
        <ele>-0.383506</ele>
        <time>2026-06-20T19:39:02.228Z</time>
      </trkpt>
      <trkpt lat="53.313076" lon="5.922639">
        <ele>-0.302823</ele>
        <time>2026-06-20T19:39:08.331Z</time>
      </trkpt>
      <trkpt lat="53.313063" lon="5.921521">
        <ele>-0.111107</ele>
        <time>2026-06-20T19:39:23.859Z</time>
      </trkpt>
      <trkpt lat="53.312995" lon="5.920732">
        <ele>-0.108453</ele>
        <time>2026-06-20T19:39:34.467Z</time>
      </trkpt>
      <trkpt lat="53.312310" lon="5.920841">
        <ele>-0.292161</ele>
        <time>2026-06-20T19:39:49.096Z</time>
      </trkpt>
      <trkpt lat="53.312189" lon="5.920889">
        <ele>-0.314093</ele>
        <time>2026-06-20T19:39:51.693Z</time>
      </trkpt>
      <trkpt lat="53.311951" lon="5.921188">
        <ele>-0.402997</ele>
        <time>2026-06-20T19:39:57.964Z</time>
      </trkpt>
      <trkpt lat="53.311717" lon="5.921177">
        <ele>-0.498070</ele>
        <time>2026-06-20T19:40:02.949Z</time>
      </trkpt>
      <trkpt lat="53.311458" lon="5.921009">
        <ele>-0.583545</ele>
        <time>2026-06-20T19:40:08.910Z</time>
      </trkpt>
      <trkpt lat="53.311260" lon="5.920653">
        <ele>-0.600000</ele>
        <time>2026-06-20T19:40:15.241Z</time>
      </trkpt>
      <trkpt lat="53.311146" lon="5.920247">
        <ele>-0.600000</ele>
        <time>2026-06-20T19:40:21.185Z</time>
      </trkpt>
      <trkpt lat="53.311051" lon="5.919666">
        <ele>-0.600000</ele>
        <time>2026-06-20T19:40:29.216Z</time>
      </trkpt>
      <trkpt lat="53.310910" lon="5.918512">
        <ele>-0.600000</ele>
        <time>2026-06-20T19:40:44.929Z</time>
      </trkpt>
      <trkpt lat="53.310700" lon="5.917828">
        <ele>-0.612720</ele>
        <time>2026-06-20T19:40:54.982Z</time>
      </trkpt>
      <trkpt lat="53.310439" lon="5.917232">
        <ele>-0.700187</ele>
        <time>2026-06-20T19:41:04.477Z</time>
      </trkpt>
      <trkpt lat="53.309733" lon="5.916368">
        <ele>-0.888064</ele>
        <time>2026-06-20T19:41:23.213Z</time>
      </trkpt>
      <trkpt lat="53.309435" lon="5.915860">
        <ele>-0.900000</ele>
        <time>2026-06-20T19:41:32.543Z</time>
      </trkpt>
      <trkpt lat="53.309193" lon="5.915257">
        <ele>-0.891698</ele>
        <time>2026-06-20T19:41:42.362Z</time>
      </trkpt>
      <trkpt lat="53.308960" lon="5.914527">
        <ele>-0.791000</ele>
        <time>2026-06-20T19:41:53.859Z</time>
      </trkpt>
      <trkpt lat="53.308821" lon="5.913554">
        <ele>-0.609888</ele>
        <time>2026-06-20T19:42:07.734Z</time>
      </trkpt>
      <trkpt lat="53.308697" lon="5.913089">
        <ele>-0.605782</ele>
        <time>2026-06-20T19:42:14.675Z</time>
      </trkpt>
      <trkpt lat="53.307879" lon="5.911263">
        <ele>-0.695927</ele>
        <time>2026-06-20T19:42:44.513Z</time>
      </trkpt>
      <trkpt lat="53.307609" lon="5.910830">
        <ele>-0.709134</ele>
        <time>2026-06-20T19:42:52.663Z</time>
      </trkpt>
      <trkpt lat="53.307360" lon="5.910311">
        <ele>-0.790195</ele>
        <time>2026-06-20T19:43:01.410Z</time>
      </trkpt>
      <trkpt lat="53.307231" lon="5.910053">
        <ele>-0.792283</ele>
        <time>2026-06-20T19:43:06.051Z</time>
      </trkpt>
      <trkpt lat="53.306897" lon="5.909051">
        <ele>-0.706311</ele>
        <time>2026-06-20T19:43:21.441Z</time>
      </trkpt>
      <trkpt lat="53.306635" lon="5.907976">
        <ele>-0.705236</ele>
        <time>2026-06-20T19:43:36.886Z</time>
      </trkpt>
      <trkpt lat="53.305977" lon="5.905905">
        <ele>-0.897725</ele>
        <time>2026-06-20T19:44:07.557Z</time>
      </trkpt>
      <trkpt lat="53.305163" lon="5.904642">
        <ele>-1.002430</ele>
        <time>2026-06-20T19:44:31.527Z</time>
      </trkpt>
      <trkpt lat="53.304756" lon="5.903844">
        <ele>-1.093636</ele>
        <time>2026-06-20T19:44:45.281Z</time>
      </trkpt>
      <trkpt lat="53.304486" lon="5.903242">
        <ele>-1.100000</ele>
        <time>2026-06-20T19:44:55.257Z</time>
      </trkpt>
      <trkpt lat="53.303989" lon="5.901962">
        <ele>-1.100000</ele>
        <time>2026-06-20T19:45:15.573Z</time>
      </trkpt>
      <trkpt lat="53.303531" lon="5.900317">
        <ele>-1.100000</ele>
        <time>2026-06-20T19:45:39.558Z</time>
      </trkpt>
      <trkpt lat="53.303377" lon="5.899968">
        <ele>-1.100000</ele>
        <time>2026-06-20T19:45:45.292Z</time>
      </trkpt>
      <trkpt lat="53.302876" lon="5.899117">
        <ele>-1.100000</ele>
        <time>2026-06-20T19:46:01.196Z</time>
      </trkpt>
      <trkpt lat="53.302677" lon="5.898886">
        <ele>-1.100000</ele>
        <time>2026-06-20T19:46:06.623Z</time>
      </trkpt>
      <trkpt lat="53.302349" lon="5.898197">
        <ele>-1.100000</ele>
        <time>2026-06-20T19:46:18.421Z</time>
      </trkpt>
      <trkpt lat="53.302066" lon="5.897134">
        <ele>-1.100000</ele>
        <time>2026-06-20T19:46:33.908Z</time>
      </trkpt>
      <trkpt lat="53.301848" lon="5.896150">
        <ele>-1.100000</ele>
        <time>2026-06-20T19:46:47.855Z</time>
      </trkpt>
      <trkpt lat="53.301523" lon="5.895481">
        <ele>-1.094726</ele>
        <time>2026-06-20T19:46:59.325Z</time>
      </trkpt>
      <trkpt lat="53.300813" lon="5.894317">
        <ele>-1.003495</ele>
        <time>2026-06-20T19:47:21.623Z</time>
      </trkpt>
      <trkpt lat="53.300602" lon="5.893705">
        <ele>-0.996884</ele>
        <time>2026-06-20T19:47:31.186Z</time>
      </trkpt>
      <trkpt lat="53.300263" lon="5.892101">
        <ele>-0.927527</ele>
        <time>2026-06-20T19:47:53.998Z</time>
      </trkpt>
      <trkpt lat="53.300140" lon="5.891727">
        <ele>-0.978768</ele>
        <time>2026-06-20T19:47:59.654Z</time>
      </trkpt>
      <trkpt lat="53.300007" lon="5.891462">
        <ele>-0.999731</ele>
        <time>2026-06-20T19:48:04.205Z</time>
      </trkpt>
      <trkpt lat="53.299183" lon="5.890247">
        <ele>-1.000000</ele>
        <time>2026-06-20T19:48:28.511Z</time>
      </trkpt>
      <trkpt lat="53.298903" lon="5.889416">
        <ele>-0.995929</ele>
        <time>2026-06-20T19:48:41.273Z</time>
      </trkpt>
      <trkpt lat="53.298601" lon="5.888207">
        <ele>-0.901313</ele>
        <time>2026-06-20T19:48:58.943Z</time>
      </trkpt>
      <trkpt lat="53.297947" lon="5.887193">
        <ele>-0.808222</ele>
        <time>2026-06-20T19:49:19.057Z</time>
      </trkpt>
      <trkpt lat="53.297682" lon="5.886388">
        <ele>-0.800000</ele>
        <time>2026-06-20T19:49:31.345Z</time>
      </trkpt>
      <trkpt lat="53.297604" lon="5.886179">
        <ele>-0.797944</ele>
        <time>2026-06-20T19:49:36.800Z</time>
      </trkpt>
      <trkpt lat="53.297577" lon="5.886108">
        <ele>-0.797028</ele>
        <time>2026-06-20T19:49:37.933Z</time>
      </trkpt>
      <trkpt lat="53.296712" lon="5.883765">
        <ele>-0.686211</ele>
        <time>2026-06-20T19:50:15.113Z</time>
      </trkpt>
      <trkpt lat="53.296609" lon="5.883495">
        <ele>-0.617527</ele>
        <time>2026-06-20T19:50:19.551Z</time>
      </trkpt>
      <trkpt lat="53.296556" lon="5.883362">
        <ele>-0.604456</ele>
        <time>2026-06-20T19:50:21.804Z</time>
      </trkpt>
      <trkpt lat="53.296437" lon="5.883055">
        <ele>-0.563595</ele>
        <time>2026-06-20T19:50:28.379Z</time>
      </trkpt>
      <trkpt lat="53.296416" lon="5.882922">
        <ele>-0.525631</ele>
        <time>2026-06-20T19:50:30.327Z</time>
      </trkpt>
      <trkpt lat="53.296448" lon="5.882846">
        <ele>-0.499975</ele>
        <time>2026-06-20T19:50:31.612Z</time>
      </trkpt>
      <trkpt lat="53.296956" lon="5.882308">
        <ele>-0.318336</ele>
        <time>2026-06-20T19:50:45.642Z</time>
      </trkpt>
      <trkpt lat="53.297040" lon="5.882224">
        <ele>-0.300251</ele>
        <time>2026-06-20T19:50:47.888Z</time>
      </trkpt>
      <trkpt lat="53.296920" lon="5.881971">
        <ele>-0.300031</ele>
        <time>2026-06-20T19:50:52.153Z</time>
      </trkpt>
      <trkpt lat="53.296858" lon="5.881845">
        <ele>-0.307357</ele>
        <time>2026-06-20T19:50:54.322Z</time>
      </trkpt>
      <trkpt lat="53.296769" lon="5.881668">
        <ele>-0.321936</ele>
        <time>2026-06-20T19:50:59.416Z</time>
      </trkpt>
      <trkpt lat="53.296665" lon="5.881472">
        <ele>-0.370495</ele>
        <time>2026-06-20T19:51:02.796Z</time>
      </trkpt>
      <trkpt lat="53.296618" lon="5.881466">
        <ele>-0.386266</ele>
        <time>2026-06-20T19:51:03.816Z</time>
      </trkpt>
      <trkpt lat="53.296519" lon="5.881567">
        <ele>-0.399303</ele>
        <time>2026-06-20T19:51:06.387Z</time>
      </trkpt>
      <trkpt lat="53.296151" lon="5.881973">
        <ele>-0.400000</ele>
        <time>2026-06-20T19:51:16.143Z</time>
      </trkpt>
      <trkpt lat="53.296090" lon="5.882201">
        <ele>-0.400000</ele>
        <time>2026-06-20T19:51:19.499Z</time>
      </trkpt>
      <trkpt lat="53.296048" lon="5.882228">
        <ele>-0.400000</ele>
        <time>2026-06-20T19:51:20.498Z</time>
      </trkpt>
      <trkpt lat="53.295931" lon="5.881927">
        <ele>-0.398959</ele>
        <time>2026-06-20T19:51:25.335Z</time>
      </trkpt>
      <trkpt lat="53.295909" lon="5.881860">
        <ele>-0.397287</ele>
        <time>2026-06-20T19:51:27.040Z</time>
      </trkpt>
      <trkpt lat="53.295823" lon="5.881671">
        <ele>-0.392094</ele>
        <time>2026-06-20T19:51:31.186Z</time>
      </trkpt>
      <trkpt lat="53.295404" lon="5.880544">
        <ele>-0.214166</ele>
        <time>2026-06-20T19:51:54.886Z</time>
      </trkpt>
      <trkpt lat="53.295303" lon="5.880197">
        <ele>-0.182180</ele>
        <time>2026-06-20T19:52:01.998Z</time>
      </trkpt>
      <trkpt lat="53.295188" lon="5.879706">
        <ele>-0.089524</ele>
        <time>2026-06-20T19:52:11.605Z</time>
      </trkpt>
      <trkpt lat="53.295108" lon="5.879470">
        <ele>-0.030722</ele>
        <time>2026-06-20T19:52:16.519Z</time>
      </trkpt>
      <trkpt lat="53.295077" lon="5.879509">
        <ele>-0.016685</ele>
        <time>2026-06-20T19:52:17.721Z</time>
      </trkpt>
      <trkpt lat="53.295014" lon="5.879591">
        <ele>0.002471</ele>
        <time>2026-06-20T19:52:19.627Z</time>
      </trkpt>
      <trkpt lat="53.294944" lon="5.879679">
        <ele>0.011384</ele>
        <time>2026-06-20T19:52:21.760Z</time>
      </trkpt>
      <trkpt lat="53.294922" lon="5.879707">
        <ele>0.014197</ele>
        <time>2026-06-20T19:52:22.407Z</time>
      </trkpt>
      <trkpt lat="53.294889" lon="5.879755">
        <ele>0.018648</ele>
        <time>2026-06-20T19:52:23.694Z</time>
      </trkpt>
      <trkpt lat="53.294759" lon="5.879490">
        <ele>0.079618</ele>
        <time>2026-06-20T19:52:29.795Z</time>
      </trkpt>
      <trkpt lat="53.294305" lon="5.878932">
        <ele>0.123205</ele>
        <time>2026-06-20T19:52:46.543Z</time>
      </trkpt>
      <trkpt lat="53.294174" lon="5.878678">
        <ele>0.178664</ele>
        <time>2026-06-20T19:52:52.615Z</time>
      </trkpt>
      <trkpt lat="53.294074" lon="5.878409">
        <ele>0.200000</ele>
        <time>2026-06-20T19:52:58.248Z</time>
      </trkpt>
      <trkpt lat="53.293735" lon="5.877469">
        <ele>0.192746</ele>
        <time>2026-06-20T19:53:13.481Z</time>
      </trkpt>
      <trkpt lat="53.293450" lon="5.876879">
        <ele>0.097456</ele>
        <time>2026-06-20T19:53:23.599Z</time>
      </trkpt>
      <trkpt lat="53.293302" lon="5.876382">
        <ele>-0.008452</ele>
        <time>2026-06-20T19:53:30.788Z</time>
      </trkpt>
      <trkpt lat="53.293168" lon="5.875679">
        <ele>-0.187412</ele>
        <time>2026-06-20T19:53:40.533Z</time>
      </trkpt>
      <trkpt lat="53.292758" lon="5.875985">
        <ele>-0.300086</ele>
        <time>2026-06-20T19:53:50.367Z</time>
      </trkpt>
      <trkpt lat="53.292547" lon="5.875328">
        <ele>-0.404779</ele>
        <time>2026-06-20T19:54:03.037Z</time>
      </trkpt>
      <trkpt lat="53.292396" lon="5.874857">
        <ele>-0.500046</ele>
        <time>2026-06-20T19:54:11.987Z</time>
      </trkpt>
      <trkpt lat="53.292245" lon="5.874388">
        <ele>-0.602474</ele>
        <time>2026-06-20T19:54:20.868Z</time>
      </trkpt>
      <trkpt lat="53.292119" lon="5.873986">
        <ele>-0.706411</ele>
        <time>2026-06-20T19:54:28.539Z</time>
      </trkpt>
      <trkpt lat="53.292020" lon="5.873681">
        <ele>-0.806648</ele>
        <time>2026-06-20T19:54:34.264Z</time>
      </trkpt>
      <trkpt lat="53.291877" lon="5.873186">
        <ele>-0.975432</ele>
        <time>2026-06-20T19:54:43.314Z</time>
      </trkpt>
      <trkpt lat="53.291786" lon="5.873044">
        <ele>-1.036158</ele>
        <time>2026-06-20T19:54:46.721Z</time>
      </trkpt>
      <trkpt lat="53.291697" lon="5.873060">
        <ele>-1.080568</ele>
        <time>2026-06-20T19:54:49.247Z</time>
      </trkpt>
      <trkpt lat="53.291327" lon="5.873259">
        <ele>-1.229774</ele>
        <time>2026-06-20T19:54:59.998Z</time>
      </trkpt>
      <trkpt lat="53.290946" lon="5.873267">
        <ele>-1.467085</ele>
        <time>2026-06-20T19:55:10.367Z</time>
      </trkpt>
      <trkpt lat="53.290075" lon="5.873196">
        <ele>-1.594898</ele>
        <time>2026-06-20T19:55:35.267Z</time>
      </trkpt>
      <trkpt lat="53.290017" lon="5.873150">
        <ele>-1.590702</ele>
        <time>2026-06-20T19:55:37.144Z</time>
      </trkpt>
      <trkpt lat="53.289391" lon="5.871155">
        <ele>-1.503329</ele>
        <time>2026-06-20T19:56:16.959Z</time>
      </trkpt>
      <trkpt lat="53.289356" lon="5.870820">
        <ele>-1.490100</ele>
        <time>2026-06-20T19:56:23.071Z</time>
      </trkpt>
      <trkpt lat="53.289136" lon="5.870121">
        <ele>-1.384510</ele>
        <time>2026-06-20T19:56:37.275Z</time>
      </trkpt>
      <trkpt lat="53.289000" lon="5.869904">
        <ele>-1.315740</ele>
        <time>2026-06-20T19:56:42.925Z</time>
      </trkpt>
      <trkpt lat="53.288353" lon="5.867827">
        <ele>-1.010795</ele>
        <time>2026-06-20T19:57:25.116Z</time>
      </trkpt>
      <trkpt lat="53.288337" lon="5.867696">
        <ele>-1.002992</ele>
        <time>2026-06-20T19:57:27.508Z</time>
      </trkpt>
      <trkpt lat="53.288363" lon="5.867578">
        <ele>-0.995180</ele>
        <time>2026-06-20T19:57:29.776Z</time>
      </trkpt>
      <trkpt lat="53.289412" lon="5.865526">
        <ele>-0.805615</ele>
        <time>2026-06-20T19:58:17.860Z</time>
      </trkpt>
      <trkpt lat="53.289442" lon="5.865382">
        <ele>-0.801615</ele>
        <time>2026-06-20T19:58:20.554Z</time>
      </trkpt>
      <trkpt lat="53.289424" lon="5.865224">
        <ele>-0.796366</ele>
        <time>2026-06-20T19:58:23.380Z</time>
      </trkpt>
      <trkpt lat="53.288295" lon="5.861995">
        <ele>-0.596574</ele>
        <time>2026-06-20T19:59:29.659Z</time>
      </trkpt>
      <trkpt lat="53.287722" lon="5.860531">
        <ele>-0.424303</ele>
        <time>2026-06-20T19:59:53.759Z</time>
      </trkpt>
      <trkpt lat="53.286535" lon="5.856421">
        <ele>-1.185208</ele>
        <time>2026-06-20T20:00:51.355Z</time>
      </trkpt>
      <trkpt lat="53.285852" lon="5.854179">
        <ele>-1.117614</ele>
        <time>2026-06-20T20:01:25.328Z</time>
      </trkpt>
      <trkpt lat="53.285332" lon="5.852350">
        <ele>-1.400870</ele>
        <time>2026-06-20T20:01:51.094Z</time>
      </trkpt>
      <trkpt lat="53.285047" lon="5.851219">
        <ele>-1.580361</ele>
        <time>2026-06-20T20:02:06.730Z</time>
      </trkpt>
      <trkpt lat="53.284744" lon="5.850163">
        <ele>-1.507148</ele>
        <time>2026-06-20T20:02:22.607Z</time>
      </trkpt>
      <trkpt lat="53.284638" lon="5.849884">
        <ele>-1.500000</ele>
        <time>2026-06-20T20:02:27.141Z</time>
      </trkpt>
      <trkpt lat="53.284479" lon="5.849622">
        <ele>-1.500000</ele>
        <time>2026-06-20T20:02:32.266Z</time>
      </trkpt>
      <trkpt lat="53.283688" lon="5.848538">
        <ele>-1.508251</ele>
        <time>2026-06-20T20:02:54.890Z</time>
      </trkpt>
      <trkpt lat="53.282688" lon="5.847424">
        <ele>-1.688237</ele>
        <time>2026-06-20T20:03:20.809Z</time>
      </trkpt>
      <trkpt lat="53.281635" lon="5.846657">
        <ele>-1.505851</ele>
        <time>2026-06-20T20:03:47.166Z</time>
      </trkpt>
      <trkpt lat="53.280005" lon="5.845211">
        <ele>-1.395163</ele>
        <time>2026-06-20T20:04:28.407Z</time>
      </trkpt>
      <trkpt lat="53.279275" lon="5.844506">
        <ele>-1.292210</ele>
        <time>2026-06-20T20:04:47.831Z</time>
      </trkpt>
      <trkpt lat="53.278402" lon="5.843725">
        <ele>-1.021665</ele>
        <time>2026-06-20T20:05:10.929Z</time>
      </trkpt>
      <trkpt lat="53.277390" lon="5.842641">
        <ele>-1.107827</ele>
        <time>2026-06-20T20:05:37.284Z</time>
      </trkpt>
      <trkpt lat="53.277074" lon="5.842388">
        <ele>-1.190824</ele>
        <time>2026-06-20T20:05:44.716Z</time>
      </trkpt>
      <trkpt lat="53.276095" lon="5.841501">
        <ele>-1.390292</ele>
        <time>2026-06-20T20:06:08.784Z</time>
      </trkpt>
      <trkpt lat="53.276033" lon="5.841445">
        <ele>-1.395216</ele>
        <time>2026-06-20T20:06:10.320Z</time>
      </trkpt>
      <trkpt lat="53.275592" lon="5.841008">
        <ele>-1.400000</ele>
        <time>2026-06-20T20:06:21.601Z</time>
      </trkpt>
      <trkpt lat="53.275300" lon="5.840762">
        <ele>-1.400000</ele>
        <time>2026-06-20T20:06:28.914Z</time>
      </trkpt>
      <trkpt lat="53.274971" lon="5.840495">
        <ele>-1.400000</ele>
        <time>2026-06-20T20:06:37.130Z</time>
      </trkpt>
      <trkpt lat="53.274813" lon="5.840378">
        <ele>-1.400000</ele>
        <time>2026-06-20T20:06:41.001Z</time>
      </trkpt>
      <trkpt lat="53.274746" lon="5.840325">
        <ele>-1.397072</ele>
        <time>2026-06-20T20:06:42.664Z</time>
      </trkpt>
      <trkpt lat="53.274615" lon="5.840226">
        <ele>-1.384950</ele>
        <time>2026-06-20T20:06:45.943Z</time>
      </trkpt>
      <trkpt lat="53.274352" lon="5.840000">
        <ele>-1.304321</ele>
        <time>2026-06-20T20:06:52.766Z</time>
      </trkpt>
      <trkpt lat="53.273958" lon="5.839634">
        <ele>-1.194765</ele>
        <time>2026-06-20T20:07:03.309Z</time>
      </trkpt>
      <trkpt lat="53.273464" lon="5.839170">
        <ele>-0.997320</ele>
        <time>2026-06-20T20:07:16.705Z</time>
      </trkpt>
      <trkpt lat="53.273030" lon="5.838768">
        <ele>-0.806387</ele>
        <time>2026-06-20T20:07:28.342Z</time>
      </trkpt>
      <trkpt lat="53.272659" lon="5.838502">
        <ele>-0.708019</ele>
        <time>2026-06-20T20:07:37.848Z</time>
      </trkpt>
      <trkpt lat="53.271690" lon="5.837940">
        <ele>-0.605071</ele>
        <time>2026-06-20T20:08:01.156Z</time>
      </trkpt>
      <trkpt lat="53.270733" lon="5.837151">
        <ele>-0.600000</ele>
        <time>2026-06-20T20:08:24.720Z</time>
      </trkpt>
      <trkpt lat="53.270290" lon="5.836670">
        <ele>-0.600000</ele>
        <time>2026-06-20T20:08:36.371Z</time>
      </trkpt>
      <trkpt lat="53.270010" lon="5.836420">
        <ele>-0.585775</ele>
        <time>2026-06-20T20:08:43.562Z</time>
      </trkpt>
      <trkpt lat="53.269682" lon="5.836205">
        <ele>-0.535848</ele>
        <time>2026-06-20T20:08:51.629Z</time>
      </trkpt>
      <trkpt lat="53.269109" lon="5.835936">
        <ele>-0.709375</ele>
        <time>2026-06-20T20:09:04.267Z</time>
      </trkpt>
      <trkpt lat="53.268960" lon="5.835816">
        <ele>-0.812458</ele>
        <time>2026-06-20T20:09:07.608Z</time>
      </trkpt>
      <trkpt lat="53.268757" lon="5.835578">
        <ele>-1.012840</ele>
        <time>2026-06-20T20:09:12.432Z</time>
      </trkpt>
      <trkpt lat="53.267767" lon="5.834424">
        <ele>-2.274715</ele>
        <time>2026-06-20T20:09:35.657Z</time>
      </trkpt>
      <trkpt lat="53.267558" lon="5.834275">
        <ele>-2.382733</ele>
        <time>2026-06-20T20:09:40.352Z</time>
      </trkpt>
      <trkpt lat="53.267387" lon="5.834220">
        <ele>-2.398199</ele>
        <time>2026-06-20T20:09:44.087Z</time>
      </trkpt>
      <trkpt lat="53.267200" lon="5.834190">
        <ele>-2.385022</ele>
        <time>2026-06-20T20:09:48.328Z</time>
      </trkpt>
      <trkpt lat="53.266882" lon="5.834222">
        <ele>-2.287862</ele>
        <time>2026-06-20T20:09:55.868Z</time>
      </trkpt>
      <trkpt lat="53.265475" lon="5.834296">
        <ele>-1.543259</ele>
        <time>2026-06-20T20:10:30.192Z</time>
      </trkpt>
      <trkpt lat="53.264147" lon="5.834272">
        <ele>-1.384370</ele>
        <time>2026-06-20T20:11:00.338Z</time>
      </trkpt>
      <trkpt lat="53.263153" lon="5.833914">
        <ele>-1.099693</ele>
        <time>2026-06-20T20:11:23.929Z</time>
      </trkpt>
      <trkpt lat="53.262496" lon="5.833797">
        <ele>-0.904486</ele>
        <time>2026-06-20T20:11:39.313Z</time>
      </trkpt>
      <trkpt lat="53.260519" lon="5.833687">
        <ele>-0.507984</ele>
        <time>2026-06-20T20:12:24.920Z</time>
      </trkpt>
      <trkpt lat="53.258791" lon="5.833140">
        <ele>-0.424672</ele>
        <time>2026-06-20T20:13:04.719Z</time>
      </trkpt>
      <trkpt lat="53.256517" lon="5.832666">
        <ele>-0.913785</ele>
        <time>2026-06-20T20:13:53.773Z</time>
      </trkpt>
      <trkpt lat="53.255252" lon="5.832423">
        <ele>-1.477119</ele>
        <time>2026-06-20T20:14:20.160Z</time>
      </trkpt>
      <trkpt lat="53.254920" lon="5.832400">
        <ele>-1.479745</ele>
        <time>2026-06-20T20:14:27.484Z</time>
      </trkpt>
      <trkpt lat="53.254451" lon="5.832464">
        <ele>-1.284901</ele>
        <time>2026-06-20T20:14:38.521Z</time>
      </trkpt>
      <trkpt lat="53.253062" lon="5.832531">
        <ele>-0.209443</ele>
        <time>2026-06-20T20:15:13.786Z</time>
      </trkpt>
      <trkpt lat="53.252435" lon="5.832592">
        <ele>0.088907</ele>
        <time>2026-06-20T20:15:29.186Z</time>
      </trkpt>
      <trkpt lat="53.252399" lon="5.832598">
        <ele>0.103994</ele>
        <time>2026-06-20T20:15:30.055Z</time>
      </trkpt>
      <trkpt lat="53.251880" lon="5.832794">
        <ele>0.263422</ele>
        <time>2026-06-20T20:15:42.367Z</time>
      </trkpt>
      <trkpt lat="53.251573" lon="5.832869">
        <ele>0.201453</ele>
        <time>2026-06-20T20:15:49.102Z</time>
      </trkpt>
      <trkpt lat="53.251236" lon="5.832962">
        <ele>0.101652</ele>
        <time>2026-06-20T20:15:56.341Z</time>
      </trkpt>
      <trkpt lat="53.251171" lon="5.833036">
        <ele>0.077793</ele>
        <time>2026-06-20T20:15:57.978Z</time>
      </trkpt>
      <trkpt lat="53.250880" lon="5.832651">
        <ele>-0.088905</ele>
        <time>2026-06-20T20:16:05.973Z</time>
      </trkpt>
      <trkpt lat="53.250813" lon="5.832646">
        <ele>-0.116344</ele>
        <time>2026-06-20T20:16:07.408Z</time>
      </trkpt>
      <trkpt lat="53.250644" lon="5.832743">
        <ele>-0.214474</ele>
        <time>2026-06-20T20:16:11.200Z</time>
      </trkpt>
      <trkpt lat="53.249767" lon="5.833166">
        <ele>-0.882903</ele>
        <time>2026-06-20T20:16:30.234Z</time>
      </trkpt>
      <trkpt lat="53.249123" lon="5.833742">
        <ele>-1.311341</ele>
        <time>2026-06-20T20:16:45.657Z</time>
      </trkpt>
      <trkpt lat="53.249014" lon="5.833802">
        <ele>-1.369731</ele>
        <time>2026-06-20T20:16:48.100Z</time>
      </trkpt>
      <trkpt lat="53.248010" lon="5.833891">
        <ele>-1.549849</ele>
        <time>2026-06-20T20:17:10.777Z</time>
      </trkpt>
      <trkpt lat="53.247903" lon="5.833851">
        <ele>-1.532398</ele>
        <time>2026-06-20T20:17:13.434Z</time>
      </trkpt>
      <trkpt lat="53.247606" lon="5.833537">
        <ele>-1.481405</ele>
        <time>2026-06-20T20:17:21.889Z</time>
      </trkpt>
      <trkpt lat="53.247051" lon="5.833508">
        <ele>-1.312561</ele>
        <time>2026-06-20T20:17:35.339Z</time>
      </trkpt>
      <trkpt lat="53.246898" lon="5.833463">
        <ele>-1.292132</ele>
        <time>2026-06-20T20:17:39.151Z</time>
      </trkpt>
      <trkpt lat="53.246509" lon="5.833423">
        <ele>-1.172378</ele>
        <time>2026-06-20T20:17:48.240Z</time>
      </trkpt>
      <trkpt lat="53.246425" lon="5.833379">
        <ele>-1.130803</ele>
        <time>2026-06-20T20:17:50.286Z</time>
      </trkpt>
      <trkpt lat="53.246395" lon="5.833280">
        <ele>-1.119833</ele>
        <time>2026-06-20T20:17:51.815Z</time>
      </trkpt>
      <trkpt lat="53.246392" lon="5.832766">
        <ele>-1.100851</ele>
        <time>2026-06-20T20:17:58.734Z</time>
      </trkpt>
      <trkpt lat="53.246330" lon="5.832536">
        <ele>-1.114584</ele>
        <time>2026-06-20T20:18:02.006Z</time>
      </trkpt>
      <trkpt lat="53.246077" lon="5.832147">
        <ele>-1.207276</ele>
        <time>2026-06-20T20:18:09.348Z</time>
      </trkpt>
      <trkpt lat="53.245736" lon="5.831704">
        <ele>-1.388938</ele>
        <time>2026-06-20T20:18:18.444Z</time>
      </trkpt>
      <trkpt lat="53.245349" lon="5.831380">
        <ele>-1.505371</ele>
        <time>2026-06-20T20:18:27.465Z</time>
      </trkpt>
      <trkpt lat="53.245062" lon="5.831241">
        <ele>-1.598570</ele>
        <time>2026-06-20T20:18:33.756Z</time>
      </trkpt>
      <trkpt lat="53.244714" lon="5.831149">
        <ele>-1.673611</ele>
        <time>2026-06-20T20:18:41.452Z</time>
      </trkpt>
      <trkpt lat="53.244214" lon="5.831395">
        <ele>-1.589188</ele>
        <time>2026-06-20T20:18:53.280Z</time>
      </trkpt>
      <trkpt lat="53.243834" lon="5.831682">
        <ele>-1.399070</ele>
        <time>2026-06-20T20:19:03.407Z</time>
      </trkpt>
      <trkpt lat="53.243479" lon="5.831993">
        <ele>-1.201343</ele>
        <time>2026-06-20T20:19:13.204Z</time>
      </trkpt>
      <trkpt lat="53.243285" lon="5.832129">
        <ele>-1.109111</ele>
        <time>2026-06-20T20:19:18.185Z</time>
      </trkpt>
      <trkpt lat="53.243061" lon="5.832511">
        <ele>-1.011820</ele>
        <time>2026-06-20T20:19:25.596Z</time>
      </trkpt>
      <trkpt lat="53.242937" lon="5.832960">
        <ele>-1.009617</ele>
        <time>2026-06-20T20:19:32.165Z</time>
      </trkpt>
      <trkpt lat="53.242942" lon="5.833724">
        <ele>-1.099659</ele>
        <time>2026-06-20T20:19:42.004Z</time>
      </trkpt>
      <trkpt lat="53.242904" lon="5.833793">
        <ele>-1.113458</ele>
        <time>2026-06-20T20:19:43.171Z</time>
      </trkpt>
      <trkpt lat="53.242849" lon="5.833799">
        <ele>-1.127012</ele>
        <time>2026-06-20T20:19:44.384Z</time>
      </trkpt>
      <trkpt lat="53.242213" lon="5.833885">
        <ele>-1.474237</ele>
        <time>2026-06-20T20:19:57.461Z</time>
      </trkpt>
      <trkpt lat="53.240989" lon="5.834047">
        <ele>-1.692049</ele>
        <time>2026-06-20T20:20:23.829Z</time>
      </trkpt>
      <trkpt lat="53.240963" lon="5.833998">
        <ele>-1.686803</ele>
        <time>2026-06-20T20:20:24.689Z</time>
      </trkpt>
      <trkpt lat="53.240956" lon="5.833192">
        <ele>-1.606639</ele>
        <time>2026-06-20T20:20:35.772Z</time>
      </trkpt>
      <trkpt lat="53.240931" lon="5.833094">
        <ele>-1.598409</ele>
        <time>2026-06-20T20:20:37.300Z</time>
      </trkpt>
      <trkpt lat="53.240874" lon="5.833056">
        <ele>-1.590488</ele>
        <time>2026-06-20T20:20:38.738Z</time>
      </trkpt>
      <trkpt lat="53.240224" lon="5.833029">
        <ele>-1.398156</ele>
        <time>2026-06-20T20:20:53.955Z</time>
      </trkpt>
      <trkpt lat="53.239947" lon="5.832907">
        <ele>-1.308128</ele>
        <time>2026-06-20T20:21:00.642Z</time>
      </trkpt>
      <trkpt lat="53.239883" lon="5.832894">
        <ele>-1.291715</ele>
        <time>2026-06-20T20:21:02.209Z</time>
      </trkpt>
      <trkpt lat="53.239145" lon="5.832726">
        <ele>-1.113954</ele>
        <time>2026-06-20T20:21:20.116Z</time>
      </trkpt>
      <trkpt lat="53.238491" lon="5.831769">
        <ele>-1.060302</ele>
        <time>2026-06-20T20:21:40.652Z</time>
      </trkpt>
      <trkpt lat="53.238412" lon="5.831655">
        <ele>-1.025851</ele>
        <time>2026-06-20T20:21:43.229Z</time>
      </trkpt>
      <trkpt lat="53.238357" lon="5.831573">
        <ele>-1.005270</ele>
        <time>2026-06-20T20:21:45.022Z</time>
      </trkpt>
      <trkpt lat="53.237538" lon="5.830346">
        <ele>-0.738822</ele>
        <time>2026-06-20T20:22:11.524Z</time>
      </trkpt>
      <trkpt lat="53.237304" lon="5.829925">
        <ele>-0.906986</ele>
        <time>2026-06-20T20:22:18.993Z</time>
      </trkpt>
      <trkpt lat="53.237213" lon="5.829770">
        <ele>-0.983235</ele>
        <time>2026-06-20T20:22:21.739Z</time>
      </trkpt>
      <trkpt lat="53.237171" lon="5.829709">
        <ele>-1.014339</ele>
        <time>2026-06-20T20:22:22.919Z</time>
      </trkpt>
      <trkpt lat="53.236633" lon="5.828935">
        <ele>-1.492656</ele>
        <time>2026-06-20T20:22:37.778Z</time>
      </trkpt>
      <trkpt lat="53.236562" lon="5.828952">
        <ele>-1.536073</ele>
        <time>2026-06-20T20:22:39.705Z</time>
      </trkpt>
      <trkpt lat="53.236525" lon="5.828955">
        <ele>-1.548038</ele>
        <time>2026-06-20T20:22:40.689Z</time>
      </trkpt>
      <trkpt lat="53.236440" lon="5.828969">
        <ele>-1.575626</ele>
        <time>2026-06-20T20:22:42.979Z</time>
      </trkpt>
      <trkpt lat="53.234631" lon="5.828291">
        <ele>-1.697103</ele>
        <time>2026-06-20T20:23:23.757Z</time>
      </trkpt>
      <trkpt lat="53.234541" lon="5.828170">
        <ele>-1.680971</ele>
        <time>2026-06-20T20:23:26.463Z</time>
      </trkpt>
      <trkpt lat="53.234429" lon="5.827731">
        <ele>-1.586684</ele>
        <time>2026-06-20T20:23:33.269Z</time>
      </trkpt>
      <trkpt lat="53.234209" lon="5.827310">
        <ele>-1.409737</ele>
        <time>2026-06-20T20:23:41.371Z</time>
      </trkpt>
      <trkpt lat="53.233484" lon="5.825914">
        <ele>-0.995875</ele>
        <time>2026-06-20T20:24:07.678Z</time>
      </trkpt>
      <trkpt lat="53.233346" lon="5.825689">
        <ele>-0.918666</ele>
        <time>2026-06-20T20:24:12.191Z</time>
      </trkpt>
      <trkpt lat="53.232763" lon="5.825217">
        <ele>-0.894135</ele>
        <time>2026-06-20T20:24:26.720Z</time>
      </trkpt>
      <trkpt lat="53.232058" lon="5.824651">
        <ele>-0.787969</ele>
        <time>2026-06-20T20:24:44.586Z</time>
      </trkpt>
      <trkpt lat="53.232000" lon="5.824604">
        <ele>-0.765087</ele>
        <time>2026-06-20T20:24:46.099Z</time>
      </trkpt>
      <trkpt lat="53.231974" lon="5.824580">
        <ele>-0.754543</ele>
        <time>2026-06-20T20:24:46.808Z</time>
      </trkpt>
      <trkpt lat="53.231904" lon="5.824511">
        <ele>-0.725369</ele>
        <time>2026-06-20T20:24:48.702Z</time>
      </trkpt>
      <trkpt lat="53.231666" lon="5.824071">
        <ele>-0.591918</ele>
        <time>2026-06-20T20:24:57.157Z</time>
      </trkpt>
      <trkpt lat="53.231446" lon="5.823947">
        <ele>-0.522759</ele>
        <time>2026-06-20T20:25:02.694Z</time>
      </trkpt>
      <trkpt lat="53.231384" lon="5.823917">
        <ele>-0.505186</ele>
        <time>2026-06-20T20:25:04.220Z</time>
      </trkpt>
      <trkpt lat="53.230483" lon="5.823464">
        <ele>-0.513979</ele>
        <time>2026-06-20T20:25:25.071Z</time>
      </trkpt>
      <trkpt lat="53.230223" lon="5.823336">
        <ele>-0.606520</ele>
        <time>2026-06-20T20:25:30.671Z</time>
      </trkpt>
      <trkpt lat="53.229613" lon="5.823031">
        <ele>-0.903316</ele>
        <time>2026-06-20T20:25:43.783Z</time>
      </trkpt>
      <trkpt lat="53.229498" lon="5.822974">
        <ele>-0.954492</ele>
        <time>2026-06-20T20:25:46.392Z</time>
      </trkpt>
      <trkpt lat="53.227763" lon="5.822104">
        <ele>-0.667087</ele>
        <time>2026-06-20T20:26:27.778Z</time>
      </trkpt>
      <trkpt lat="53.227671" lon="5.822080">
        <ele>-0.625309</ele>
        <time>2026-06-20T20:26:30.142Z</time>
      </trkpt>
      <trkpt lat="53.227558" lon="5.822101">
        <ele>-0.558546</ele>
        <time>2026-06-20T20:26:32.945Z</time>
      </trkpt>
      <trkpt lat="53.227504" lon="5.822116">
        <ele>-0.526401</ele>
        <time>2026-06-20T20:26:34.278Z</time>
      </trkpt>
      <trkpt lat="53.227470" lon="5.822130">
        <ele>-0.506955</ele>
        <time>2026-06-20T20:26:35.103Z</time>
      </trkpt>
      <trkpt lat="53.227407" lon="5.821905">
        <ele>-0.431123</ele>
        <time>2026-06-20T20:26:38.853Z</time>
      </trkpt>
      <trkpt lat="53.227331" lon="5.821764">
        <ele>-0.379333</ele>
        <time>2026-06-20T20:26:41.747Z</time>
      </trkpt>
      <trkpt lat="53.227165" lon="5.821594">
        <ele>-0.300981</ele>
        <time>2026-06-20T20:26:46.551Z</time>
      </trkpt>
      <trkpt lat="53.226965" lon="5.821534">
        <ele>-0.202125</ele>
        <time>2026-06-20T20:26:51.665Z</time>
      </trkpt>
      <trkpt lat="53.226726" lon="5.821498">
        <ele>-0.101295</ele>
        <time>2026-06-20T20:26:57.662Z</time>
      </trkpt>
      <trkpt lat="53.226699" lon="5.821493">
        <ele>-0.087714</ele>
        <time>2026-06-20T20:26:58.340Z</time>
      </trkpt>
      <trkpt lat="53.226348" lon="5.821438">
        <ele>0.073343</ele>
        <time>2026-06-20T20:27:07.155Z</time>
      </trkpt>
      <trkpt lat="53.226318" lon="5.821430">
        <ele>0.085819</ele>
        <time>2026-06-20T20:27:07.890Z</time>
      </trkpt>
      <trkpt lat="53.226154" lon="5.821370">
        <ele>0.085701</ele>
        <time>2026-06-20T20:27:11.754Z</time>
      </trkpt>
      <trkpt lat="53.225765" lon="5.821120">
        <ele>0.002705</ele>
        <time>2026-06-20T20:27:21.066Z</time>
      </trkpt>
      <trkpt lat="53.225755" lon="5.821113">
        <ele>0.000369</ele>
        <time>2026-06-20T20:27:21.302Z</time>
      </trkpt>
      <trkpt lat="53.225684" lon="5.821065">
        <ele>-0.016138</ele>
        <time>2026-06-20T20:27:23.031Z</time>
      </trkpt>
      <trkpt lat="53.225502" lon="5.820941">
        <ele>-0.054908</ele>
        <time>2026-06-20T20:27:27.495Z</time>
      </trkpt>
      <trkpt lat="53.225314" lon="5.820813">
        <ele>-0.023304</ele>
        <time>2026-06-20T20:27:32.233Z</time>
      </trkpt>
      <trkpt lat="53.225088" lon="5.820660">
        <ele>0.016656</ele>
        <time>2026-06-20T20:27:38.066Z</time>
      </trkpt>
      <trkpt lat="53.224828" lon="5.820481">
        <ele>0.089843</ele>
        <time>2026-06-20T20:27:44.936Z</time>
      </trkpt>
      <trkpt lat="53.224744" lon="5.820427">
        <ele>0.103567</ele>
        <time>2026-06-20T20:27:47.129Z</time>
      </trkpt>
      <trkpt lat="53.224647" lon="5.820372">
        <ele>0.118959</ele>
        <time>2026-06-20T20:27:49.635Z</time>
      </trkpt>
      <trkpt lat="53.224452" lon="5.820318">
        <ele>0.177248</ele>
        <time>2026-06-20T20:27:54.353Z</time>
      </trkpt>
      <trkpt lat="53.224383" lon="5.820319">
        <ele>0.197120</ele>
        <time>2026-06-20T20:27:55.979Z</time>
      </trkpt>
      <trkpt lat="53.224239" lon="5.820321">
        <ele>0.199034</ele>
        <time>2026-06-20T20:27:59.370Z</time>
      </trkpt>
      <trkpt lat="53.224158" lon="5.820322">
        <ele>0.200000</ele>
        <time>2026-06-20T20:28:01.263Z</time>
      </trkpt>
      <trkpt lat="53.224159" lon="5.820411">
        <ele>0.200000</ele>
        <time>2026-06-20T20:28:02.529Z</time>
      </trkpt>
      <trkpt lat="53.224176" lon="5.820489">
        <ele>0.200000</ele>
        <time>2026-06-20T20:28:03.702Z</time>
      </trkpt>
      <trkpt lat="53.224178" lon="5.820658">
        <ele>0.200000</ele>
        <time>2026-06-20T20:28:06.716Z</time>
      </trkpt>
      <trkpt lat="53.224041" lon="5.820662">
        <ele>0.200000</ele>
        <time>2026-06-20T20:28:10.783Z</time>
      </trkpt>
      <trkpt lat="53.223951" lon="5.820664">
        <ele>0.200000</ele>
        <time>2026-06-20T20:28:13.408Z</time>
      </trkpt>
      <trkpt lat="53.224041" lon="5.820662">
        <ele>0.200000</ele>
        <time>2026-06-20T20:28:16.001Z</time>
      </trkpt>
      <trkpt lat="53.224178" lon="5.820658">
        <ele>0.200000</ele>
        <time>2026-06-20T20:28:19.929Z</time>
      </trkpt>
      <trkpt lat="53.224176" lon="5.820489">
        <ele>0.179430</ele>
        <time>2026-06-20T20:28:22.784Z</time>
      </trkpt>
      <trkpt lat="53.224159" lon="5.820411">
        <ele>0.168467</ele>
        <time>2026-06-20T20:28:23.881Z</time>
      </trkpt>
      <trkpt lat="53.224158" lon="5.820322">
        <ele>0.156711</ele>
        <time>2026-06-20T20:28:25.062Z</time>
      </trkpt>
      <trkpt lat="53.224099" lon="5.820323">
        <ele>0.142213</ele>
        <time>2026-06-20T20:28:26.354Z</time>
      </trkpt>
      <trkpt lat="53.224029" lon="5.820325">
        <ele>0.123358</ele>
        <time>2026-06-20T20:28:27.888Z</time>
      </trkpt>
      <trkpt lat="53.223887" lon="5.820328">
        <ele>0.081899</ele>
        <time>2026-06-20T20:28:30.989Z</time>
      </trkpt>
      <trkpt lat="53.223690" lon="5.820332">
        <ele>-0.007144</ele>
        <time>2026-06-20T20:28:35.280Z</time>
      </trkpt>
      <trkpt lat="53.223548" lon="5.820335">
        <ele>-0.096240</ele>
        <time>2026-06-20T20:28:38.349Z</time>
      </trkpt>
      <trkpt lat="53.223391" lon="5.820338">
        <ele>-0.179200</ele>
        <time>2026-06-20T20:28:41.709Z</time>
      </trkpt>
      <trkpt lat="53.223360" lon="5.820338">
        <ele>-0.190503</ele>
        <time>2026-06-20T20:28:42.379Z</time>
      </trkpt>
      <trkpt lat="53.223244" lon="5.820327">
        <ele>-0.232865</ele>
        <time>2026-06-20T20:28:44.896Z</time>
      </trkpt>
      <trkpt lat="53.223167" lon="5.820280">
        <ele>-0.260681</ele>
        <time>2026-06-20T20:28:46.685Z</time>
      </trkpt>
      <trkpt lat="53.223081" lon="5.820172">
        <ele>-0.296644</ele>
        <time>2026-06-20T20:28:49.019Z</time>
      </trkpt>
      <trkpt lat="53.223027" lon="5.820052">
        <ele>-0.330253</ele>
        <time>2026-06-20T20:28:50.982Z</time>
      </trkpt>
      <trkpt lat="53.222991" lon="5.819919">
        <ele>-0.367076</ele>
        <time>2026-06-20T20:28:52.886Z</time>
      </trkpt>
      <trkpt lat="53.222979" lon="5.819722">
        <ele>-0.415183</ele>
        <time>2026-06-20T20:28:55.467Z</time>
      </trkpt>
      <trkpt lat="53.223006" lon="5.819363">
        <ele>-0.483417</ele>
        <time>2026-06-20T20:29:00.248Z</time>
      </trkpt>
      <trkpt lat="53.223011" lon="5.819287">
        <ele>-0.482707</ele>
        <time>2026-06-20T20:29:01.281Z</time>
      </trkpt>
      <trkpt lat="53.223029" lon="5.819061">
        <ele>-0.480589</ele>
        <time>2026-06-20T20:29:04.452Z</time>
      </trkpt>
      <trkpt lat="53.223033" lon="5.819008">
        <ele>-0.478976</ele>
        <time>2026-06-20T20:29:05.209Z</time>
      </trkpt>
      <trkpt lat="53.223050" lon="5.818787">
        <ele>-0.431445</ele>
        <time>2026-06-20T20:29:08.470Z</time>
      </trkpt>
      <trkpt lat="53.223057" lon="5.818694">
        <ele>-0.411450</ele>
        <time>2026-06-20T20:29:09.880Z</time>
      </trkpt>
      <trkpt lat="53.223071" lon="5.818504">
        <ele>-0.373961</ele>
        <time>2026-06-20T20:29:12.776Z</time>
      </trkpt>
      <trkpt lat="53.223098" lon="5.818157">
        <ele>-0.291781</ele>
        <time>2026-06-20T20:29:18.011Z</time>
      </trkpt>
      <trkpt lat="53.223109" lon="5.818013">
        <ele>-0.243621</ele>
        <time>2026-06-20T20:29:20.152Z</time>
      </trkpt>
      <trkpt lat="53.223130" lon="5.817722">
        <ele>-0.182475</ele>
        <time>2026-06-20T20:29:24.445Z</time>
      </trkpt>
      <trkpt lat="53.223124" lon="5.817618">
        <ele>-0.169355</ele>
        <time>2026-06-20T20:29:25.931Z</time>
      </trkpt>
      <trkpt lat="53.223077" lon="5.817384">
        <ele>-0.134287</ele>
        <time>2026-06-20T20:29:29.512Z</time>
      </trkpt>
      <trkpt lat="53.223108" lon="5.817346">
        <ele>-0.124487</ele>
        <time>2026-06-20T20:29:30.441Z</time>
      </trkpt>
      <trkpt lat="53.223145" lon="5.817284">
        <ele>-0.111129</ele>
        <time>2026-06-20T20:29:31.742Z</time>
      </trkpt>
      <trkpt lat="53.223200" lon="5.816993">
        <ele>-0.101606</ele>
        <time>2026-06-20T20:29:36.100Z</time>
      </trkpt>
      <trkpt lat="53.223217" lon="5.816796">
        <ele>-0.108175</ele>
        <time>2026-06-20T20:29:38.878Z</time>
      </trkpt>
      <trkpt lat="53.223217" lon="5.815902">
        <ele>-0.216630</ele>
        <time>2026-06-20T20:29:50.837Z</time>
      </trkpt>
      <trkpt lat="53.223287" lon="5.815578">
        <ele>-0.302174</ele>
        <time>2026-06-20T20:29:55.280Z</time>
      </trkpt>
      <trkpt lat="53.223312" lon="5.815503">
        <ele>-0.328275</ele>
        <time>2026-06-20T20:29:56.376Z</time>
      </trkpt>
      <trkpt lat="53.223384" lon="5.815131">
        <ele>-0.491949</ele>
        <time>2026-06-20T20:30:01.228Z</time>
      </trkpt>
      <trkpt lat="53.223490" lon="5.814157">
        <ele>-0.891693</ele>
        <time>2026-06-20T20:30:13.648Z</time>
      </trkpt>
      <trkpt lat="53.223546" lon="5.813253">
        <ele>-1.192398</ele>
        <time>2026-06-20T20:30:25.207Z</time>
      </trkpt>
      <trkpt lat="53.223549" lon="5.813195">
        <ele>-1.210088</ele>
        <time>2026-06-20T20:30:25.960Z</time>
      </trkpt>
      <trkpt lat="53.223549" lon="5.812927">
        <ele>-1.263376</ele>
        <time>2026-06-20T20:30:29.529Z</time>
      </trkpt>
      <trkpt lat="53.223515" lon="5.812753">
        <ele>-1.274556</ele>
        <time>2026-06-20T20:30:32.075Z</time>
      </trkpt>
      <trkpt lat="53.223387" lon="5.812607">
        <ele>-1.199119</ele>
        <time>2026-06-20T20:30:35.788Z</time>
      </trkpt>
      <trkpt lat="53.223036" lon="5.812402">
        <ele>-1.020300</ele>
        <time>2026-06-20T20:30:45.109Z</time>
      </trkpt>
      <trkpt lat="53.222130" lon="5.812018">
        <ele>-0.698104</ele>
        <time>2026-06-20T20:31:08.349Z</time>
      </trkpt>
      <trkpt lat="53.221860" lon="5.811890">
        <ele>-0.613619</ele>
        <time>2026-06-20T20:31:15.101Z</time>
      </trkpt>
      <trkpt lat="53.221420" lon="5.811638">
        <ele>-0.611644</ele>
        <time>2026-06-20T20:31:25.650Z</time>
      </trkpt>
      <trkpt lat="53.221165" lon="5.811444">
        <ele>-0.689318</ele>
        <time>2026-06-20T20:31:32.081Z</time>
      </trkpt>
      <trkpt lat="53.221104" lon="5.811393">
        <ele>-0.702803</ele>
        <time>2026-06-20T20:31:33.661Z</time>
      </trkpt>
      <trkpt lat="53.220681" lon="5.810995">
        <ele>-0.789173</ele>
        <time>2026-06-20T20:31:44.456Z</time>
      </trkpt>
      <trkpt lat="53.220417" lon="5.810718">
        <ele>-0.791521</ele>
        <time>2026-06-20T20:31:51.528Z</time>
      </trkpt>
      <trkpt lat="53.219780" lon="5.810018">
        <ele>-0.575159</ele>
        <time>2026-06-20T20:32:10.066Z</time>
      </trkpt>
      <trkpt lat="53.219183" lon="5.809358">
        <ele>-0.206064</ele>
        <time>2026-06-20T20:32:28.389Z</time>
      </trkpt>
      <trkpt lat="53.218980" lon="5.809200">
        <ele>-0.098148</ele>
        <time>2026-06-20T20:32:33.962Z</time>
      </trkpt>
      <trkpt lat="53.218567" lon="5.809132">
        <ele>0.112491</ele>
        <time>2026-06-20T20:32:44.377Z</time>
      </trkpt>
      <trkpt lat="53.218452" lon="5.809075">
        <ele>0.184721</ele>
        <time>2026-06-20T20:32:47.418Z</time>
      </trkpt>
      <trkpt lat="53.217842" lon="5.808556">
        <ele>0.390848</ele>
        <time>2026-06-20T20:33:04.125Z</time>
      </trkpt>
      <trkpt lat="53.217775" lon="5.808871">
        <ele>0.399320</ele>
        <time>2026-06-20T20:33:10.077Z</time>
      </trkpt>
      <trkpt lat="53.217768" lon="5.808962">
        <ele>0.409610</ele>
        <time>2026-06-20T20:33:11.739Z</time>
      </trkpt>
      <trkpt lat="53.217712" lon="5.809052">
        <ele>0.428817</ele>
        <time>2026-06-20T20:33:14.074Z</time>
      </trkpt>
      <trkpt lat="53.217517" lon="5.809059">
        <ele>0.499839</ele>
        <time>2026-06-20T20:33:18.770Z</time>
      </trkpt>
      <trkpt lat="53.217336" lon="5.809037">
        <ele>0.580053</ele>
        <time>2026-06-20T20:33:23.213Z</time>
      </trkpt>
      <trkpt lat="53.217257" lon="5.809026">
        <ele>0.597980</ele>
        <time>2026-06-20T20:33:25.117Z</time>
      </trkpt>
      <trkpt lat="53.216776" lon="5.808913">
        <ele>0.689703</ele>
        <time>2026-06-20T20:33:36.791Z</time>
      </trkpt>
      <trkpt lat="53.216718" lon="5.808895">
        <ele>0.698024</ele>
        <time>2026-06-20T20:33:38.189Z</time>
      </trkpt>
      <trkpt lat="53.216684" lon="5.808884">
        <ele>0.699135</ele>
        <time>2026-06-20T20:33:38.994Z</time>
      </trkpt>
      <trkpt lat="53.216411" lon="5.808795">
        <ele>0.700000</ele>
        <time>2026-06-20T20:33:45.430Z</time>
      </trkpt>
      <trkpt lat="53.216338" lon="5.808772">
        <ele>0.700000</ele>
        <time>2026-06-20T20:33:47.147Z</time>
      </trkpt>
      <trkpt lat="53.216034" lon="5.808675">
        <ele>0.700000</ele>
        <time>2026-06-20T20:33:54.297Z</time>
      </trkpt>
      <trkpt lat="53.215553" lon="5.808654">
        <ele>0.670576</ele>
        <time>2026-06-20T20:34:05.394Z</time>
      </trkpt>
      <trkpt lat="53.215457" lon="5.808651">
        <ele>0.630612</ele>
        <time>2026-06-20T20:34:07.567Z</time>
      </trkpt>
      <trkpt lat="53.215403" lon="5.808687">
        <ele>0.606412</ele>
        <time>2026-06-20T20:34:08.824Z</time>
      </trkpt>
      <trkpt lat="53.215354" lon="5.808583">
        <ele>0.564590</ele>
        <time>2026-06-20T20:34:10.417Z</time>
      </trkpt>
      <trkpt lat="53.215033" lon="5.808237">
        <ele>0.303743</ele>
        <time>2026-06-20T20:34:18.005Z</time>
      </trkpt>
      <trkpt lat="53.214531" lon="5.807700">
        <ele>-0.108826</ele>
        <time>2026-06-20T20:34:30.001Z</time>
      </trkpt>
      <trkpt lat="53.214423" lon="5.807571">
        <ele>-0.221244</ele>
        <time>2026-06-20T20:34:32.567Z</time>
      </trkpt>
      <trkpt lat="53.214404" lon="5.807457">
        <ele>-0.298069</ele>
        <time>2026-06-20T20:34:33.917Z</time>
      </trkpt>
      <trkpt lat="53.214410" lon="5.806831">
        <ele>-0.643577</ele>
        <time>2026-06-20T20:34:41.232Z</time>
      </trkpt>
      <trkpt lat="53.214410" lon="5.806766">
        <ele>-0.642063</ele>
        <time>2026-06-20T20:34:42.091Z</time>
      </trkpt>
      <trkpt lat="53.214415" lon="5.806376">
        <ele>-0.586005</ele>
        <time>2026-06-20T20:34:47.557Z</time>
      </trkpt>
      <trkpt lat="53.214422" lon="5.805647">
        <ele>-0.291831</ele>
        <time>2026-06-20T20:34:58.342Z</time>
      </trkpt>
      <trkpt lat="53.214426" lon="5.805249">
        <ele>-0.093717</ele>
        <time>2026-06-20T20:35:04.552Z</time>
      </trkpt>
      <trkpt lat="53.214427" lon="5.805139">
        <ele>-0.034433</ele>
        <time>2026-06-20T20:35:06.336Z</time>
      </trkpt>
      <trkpt lat="53.214418" lon="5.805070">
        <ele>0.003622</ele>
        <time>2026-06-20T20:35:07.419Z</time>
      </trkpt>
      <trkpt lat="53.214396" lon="5.804863">
        <ele>0.123368</ele>
        <time>2026-06-20T20:35:10.726Z</time>
      </trkpt>
      <trkpt lat="53.214316" lon="5.804627">
        <ele>0.271231</ele>
        <time>2026-06-20T20:35:14.863Z</time>
      </trkpt>
      <trkpt lat="53.214156" lon="5.804383">
        <ele>0.431857</ele>
        <time>2026-06-20T20:35:20.293Z</time>
      </trkpt>
      <trkpt lat="53.213730" lon="5.803851">
        <ele>1.087647</ele>
        <time>2026-06-20T20:35:34.754Z</time>
      </trkpt>
      <trkpt lat="53.213604" lon="5.803709">
        <ele>1.215471</ele>
        <time>2026-06-20T20:35:38.837Z</time>
      </trkpt>
      <trkpt lat="53.212980" lon="5.803290">
        <ele>0.898182</ele>
        <time>2026-06-20T20:35:52.580Z</time>
      </trkpt>
      <trkpt lat="53.212952" lon="5.803299">
        <ele>0.877937</ele>
        <time>2026-06-20T20:35:53.167Z</time>
      </trkpt>
      <trkpt lat="53.212933" lon="5.803152">
        <ele>0.813996</ele>
        <time>2026-06-20T20:35:54.908Z</time>
      </trkpt>
      <trkpt lat="53.212869" lon="5.803130">
        <ele>0.767602</ele>
        <time>2026-06-20T20:35:56.218Z</time>
      </trkpt>
      <trkpt lat="53.212794" lon="5.803098">
        <ele>0.699493</ele>
        <time>2026-06-20T20:35:57.720Z</time>
      </trkpt>
      <trkpt lat="53.212721" lon="5.803063">
        <ele>0.631078</ele>
        <time>2026-06-20T20:35:59.270Z</time>
      </trkpt>
      <trkpt lat="53.212752" lon="5.803012">
        <ele>0.591878</ele>
        <time>2026-06-20T20:36:00.125Z</time>
      </trkpt>
      <trkpt lat="53.212791" lon="5.802845">
        <ele>0.518530</ele>
        <time>2026-06-20T20:36:02.303Z</time>
      </trkpt>
      <trkpt lat="53.212847" lon="5.802480">
        <ele>0.386673</ele>
        <time>2026-06-20T20:36:06.800Z</time>
      </trkpt>
      <trkpt lat="53.212868" lon="5.802267">
        <ele>0.307549</ele>
        <time>2026-06-20T20:36:09.409Z</time>
      </trkpt>
      <trkpt lat="53.212840" lon="5.802244">
        <ele>0.287368</ele>
        <time>2026-06-20T20:36:10.025Z</time>
      </trkpt>
      <trkpt lat="53.212627" lon="5.802063">
        <ele>0.105793</ele>
        <time>2026-06-20T20:36:14.870Z</time>
      </trkpt>
      <trkpt lat="53.212617" lon="5.802054">
        <ele>0.097124</ele>
        <time>2026-06-20T20:36:15.085Z</time>
      </trkpt>
      <trkpt lat="53.212492" lon="5.802028">
        <ele>0.000990</ele>
        <time>2026-06-20T20:36:17.624Z</time>
      </trkpt>
      <trkpt lat="53.212145" lon="5.801698">
        <ele>-0.231579</ele>
        <time>2026-06-20T20:36:25.517Z</time>
      </trkpt>
      <trkpt lat="53.211506" lon="5.801085">
        <ele>-0.300000</ele>
        <time>2026-06-20T20:36:41.730Z</time>
      </trkpt>
      <trkpt lat="53.211149" lon="5.800675">
        <ele>-0.334469</ele>
        <time>2026-06-20T20:36:51.282Z</time>
      </trkpt>
      <trkpt lat="53.211037" lon="5.800535">
        <ele>-0.365350</ele>
        <time>2026-06-20T20:36:54.318Z</time>
      </trkpt>
      <trkpt lat="53.210868" lon="5.800299">
        <ele>-0.390968</ele>
        <time>2026-06-20T20:36:59.124Z</time>
      </trkpt>
      <trkpt lat="53.210386" lon="5.799537">
        <ele>-0.277973</ele>
        <time>2026-06-20T20:37:15.058Z</time>
      </trkpt>
      <trkpt lat="53.210128" lon="5.799214">
        <ele>-0.131996</ele>
        <time>2026-06-20T20:37:22.977Z</time>
      </trkpt>
      <trkpt lat="53.209894" lon="5.798986">
        <ele>-0.086750</ele>
        <time>2026-06-20T20:37:29.546Z</time>
      </trkpt>
      <trkpt lat="53.209646" lon="5.798766">
        <ele>0.004486</ele>
        <time>2026-06-20T20:37:36.448Z</time>
      </trkpt>
      <trkpt lat="53.209252" lon="5.798504">
        <ele>0.204540</ele>
        <time>2026-06-20T20:37:47.088Z</time>
      </trkpt>
      <trkpt lat="53.208795" lon="5.798261">
        <ele>0.466627</ele>
        <time>2026-06-20T20:37:59.168Z</time>
      </trkpt>
      <trkpt lat="53.208325" lon="5.797995">
        <ele>0.400415</ele>
        <time>2026-06-20T20:38:10.562Z</time>
      </trkpt>
      <trkpt lat="53.207827" lon="5.797798">
        <ele>0.312310</ele>
        <time>2026-06-20T20:38:21.995Z</time>
      </trkpt>
      <trkpt lat="53.207724" lon="5.797774">
        <ele>0.306457</ele>
        <time>2026-06-20T20:38:24.460Z</time>
      </trkpt>
      <trkpt lat="53.207100" lon="5.797820">
        <ele>0.393837</ele>
        <time>2026-06-20T20:38:39.191Z</time>
      </trkpt>
      <trkpt lat="53.206975" lon="5.797650">
        <ele>0.385312</ele>
        <time>2026-06-20T20:38:42.845Z</time>
      </trkpt>
      <trkpt lat="53.206696" lon="5.797167">
        <ele>0.313423</ele>
        <time>2026-06-20T20:38:51.967Z</time>
      </trkpt>
      <trkpt lat="53.206655" lon="5.797075">
        <ele>0.306830</ele>
        <time>2026-06-20T20:38:53.522Z</time>
      </trkpt>
      <trkpt lat="53.206555" lon="5.796823">
        <ele>0.339549</ele>
        <time>2026-06-20T20:38:57.763Z</time>
      </trkpt>
      <trkpt lat="53.206491" lon="5.796714">
        <ele>0.372391</ele>
        <time>2026-06-20T20:38:59.958Z</time>
      </trkpt>
      <trkpt lat="53.206475" lon="5.796688">
        <ele>0.380412</ele>
        <time>2026-06-20T20:39:00.507Z</time>
      </trkpt>
      <trkpt lat="53.206457" lon="5.796656">
        <ele>0.393172</ele>
        <time>2026-06-20T20:39:01.149Z</time>
      </trkpt>
      <trkpt lat="53.206430" lon="5.796608">
        <ele>0.412515</ele>
        <time>2026-06-20T20:39:02.092Z</time>
      </trkpt>
      <trkpt lat="53.206413" lon="5.796580">
        <ele>0.424226</ele>
        <time>2026-06-20T20:39:02.700Z</time>
      </trkpt>
      <trkpt lat="53.206400" lon="5.796560">
        <ele>0.432896</ele>
        <time>2026-06-20T20:39:03.120Z</time>
      </trkpt>
      <trkpt lat="53.206320" lon="5.796431">
        <ele>0.487441</ele>
        <time>2026-06-20T20:39:06.541Z</time>
      </trkpt>
      <trkpt lat="53.206148" lon="5.796144">
        <ele>0.588666</ele>
        <time>2026-06-20T20:39:14.264Z</time>
      </trkpt>
      <trkpt lat="53.205993" lon="5.795887">
        <ele>0.640369</ele>
        <time>2026-06-20T20:39:20.810Z</time>
      </trkpt>
      <trkpt lat="53.205965" lon="5.795840">
        <ele>0.651120</ele>
        <time>2026-06-20T20:39:22.018Z</time>
      </trkpt>
      <trkpt lat="53.205797" lon="5.795534">
        <ele>0.700000</ele>
        <time>2026-06-20T20:39:29.405Z</time>
      </trkpt>
      <trkpt lat="53.205591" lon="5.795079">
        <ele>0.757356</ele>
        <time>2026-06-20T20:39:39.571Z</time>
      </trkpt>
      <trkpt lat="53.205570" lon="5.795000">
        <ele>0.777534</ele>
        <time>2026-06-20T20:39:41.292Z</time>
      </trkpt>
      <trkpt lat="53.205561" lon="5.794722">
        <ele>0.887327</ele>
        <time>2026-06-20T20:39:46.531Z</time>
      </trkpt>
      <trkpt lat="53.205589" lon="5.794329">
        <ele>1.030982</ele>
        <time>2026-06-20T20:39:54.027Z</time>
      </trkpt>
      <trkpt lat="53.205661" lon="5.793927">
        <ele>1.276923</ele>
        <time>2026-06-20T20:40:02.559Z</time>
      </trkpt>
      <trkpt lat="53.205742" lon="5.793569">
        <ele>1.386957</ele>
        <time>2026-06-20T20:40:09.786Z</time>
      </trkpt>
      <trkpt lat="53.205786" lon="5.793381">
        <ele>1.408679</ele>
        <time>2026-06-20T20:40:13.364Z</time>
      </trkpt>
      <trkpt lat="53.205928" lon="5.792765">
        <ele>1.487516</ele>
        <time>2026-06-20T20:40:25.105Z</time>
      </trkpt>
      <trkpt lat="53.205948" lon="5.792677">
        <ele>1.491875</ele>
        <time>2026-06-20T20:40:26.711Z</time>
      </trkpt>
      <trkpt lat="53.206002" lon="5.792403">
        <ele>1.500000</ele>
        <time>2026-06-20T20:40:31.740Z</time>
      </trkpt>
      <trkpt lat="53.205561" lon="5.791925">
        <ele>1.523529</ele>
        <time>2026-06-20T20:40:44.246Z</time>
      </trkpt>
      <trkpt lat="53.204993" lon="5.791305">
        <ele>1.776817</ele>
        <time>2026-06-20T20:41:01.088Z</time>
      </trkpt>
      <trkpt lat="53.204936" lon="5.791206">
        <ele>1.798789</ele>
        <time>2026-06-20T20:41:03.069Z</time>
      </trkpt>
      <trkpt lat="53.204780" lon="5.790940">
        <ele>1.800017</ele>
        <time>2026-06-20T20:41:07.962Z</time>
      </trkpt>
      <trkpt lat="53.204689" lon="5.790729">
        <ele>1.800781</ele>
        <time>2026-06-20T20:41:11.582Z</time>
      </trkpt>
      <trkpt lat="53.204659" lon="5.790515">
        <ele>1.811537</ele>
        <time>2026-06-20T20:41:14.806Z</time>
      </trkpt>
      <trkpt lat="53.204637" lon="5.789792">
        <ele>1.906484</ele>
        <time>2026-06-20T20:41:25.361Z</time>
      </trkpt>
      <trkpt lat="53.204651" lon="5.789352">
        <ele>1.918506</ele>
        <time>2026-06-20T20:41:31.734Z</time>
      </trkpt>
      <trkpt lat="53.204713" lon="5.787840">
        <ele>1.436684</ele>
        <time>2026-06-20T20:41:50.916Z</time>
      </trkpt>
      <trkpt lat="53.204721" lon="5.787643">
        <ele>1.402610</ele>
        <time>2026-06-20T20:41:53.513Z</time>
      </trkpt>
      <trkpt lat="53.204722" lon="5.787608">
        <ele>1.400000</ele>
        <time>2026-06-20T20:41:53.975Z</time>
      </trkpt>
      <trkpt lat="53.204718" lon="5.787516">
        <ele>1.400000</ele>
        <time>2026-06-20T20:41:55.227Z</time>
      </trkpt>
      <trkpt lat="53.204715" lon="5.787425">
        <ele>1.400000</ele>
        <time>2026-06-20T20:41:56.571Z</time>
      </trkpt>
      <trkpt lat="53.204598" lon="5.787400">
        <ele>1.403413</ele>
        <time>2026-06-20T20:42:00.060Z</time>
      </trkpt>
      <trkpt lat="53.204458" lon="5.787371">
        <ele>1.435756</ele>
        <time>2026-06-20T20:42:04.253Z</time>
      </trkpt>
      <trkpt lat="53.204329" lon="5.787335">
        <ele>1.464890</ele>
        <time>2026-06-20T20:42:08.164Z</time>
      </trkpt>
      <trkpt lat="53.204299" lon="5.787318">
        <ele>1.471718</ele>
        <time>2026-06-20T20:42:09.074Z</time>
      </trkpt>
      <trkpt lat="53.204235" lon="5.787278">
        <ele>1.486446</ele>
        <time>2026-06-20T20:42:11.129Z</time>
      </trkpt>
      <trkpt lat="53.204205" lon="5.787237">
        <ele>1.494801</ele>
        <time>2026-06-20T20:42:12.285Z</time>
      </trkpt>
      <trkpt lat="53.204110" lon="5.786985">
        <ele>1.500000</ele>
        <time>2026-06-20T20:42:17.539Z</time>
      </trkpt>
      <trkpt lat="53.204097" lon="5.786905">
        <ele>1.500000</ele>
        <time>2026-06-20T20:42:18.682Z</time>
      </trkpt>
      <trkpt lat="53.204115" lon="5.786542">
        <ele>1.506608</ele>
        <time>2026-06-20T20:42:23.546Z</time>
      </trkpt>
      <trkpt lat="53.204297" lon="5.784633">
        <ele>1.700189</ele>
        <time>2026-06-20T20:42:51.156Z</time>
      </trkpt>
      <trkpt lat="53.204461" lon="5.782786">
        <ele>1.917229</ele>
        <time>2026-06-20T20:43:17.978Z</time>
      </trkpt>
      <trkpt lat="53.204481" lon="5.782578">
        <ele>1.969768</ele>
        <time>2026-06-20T20:43:20.926Z</time>
      </trkpt>
      <trkpt lat="53.204619" lon="5.781107">
        <ele>2.093713</ele>
        <time>2026-06-20T20:43:41.347Z</time>
      </trkpt>
      <trkpt lat="53.204769" lon="5.779514">
        <ele>2.074308</ele>
        <time>2026-06-20T20:44:02.799Z</time>
      </trkpt>
      <trkpt lat="53.204845" lon="5.778700">
        <ele>1.787103</ele>
        <time>2026-06-20T20:44:12.729Z</time>
      </trkpt>
      <trkpt lat="53.204875" lon="5.778382">
        <ele>1.593000</ele>
        <time>2026-06-20T20:44:16.518Z</time>
      </trkpt>
      <trkpt lat="53.204914" lon="5.777962">
        <ele>1.304892</ele>
        <time>2026-06-20T20:44:21.385Z</time>
      </trkpt>
      <trkpt lat="53.205001" lon="5.777488">
        <ele>1.032333</ele>
        <time>2026-06-20T20:44:27.118Z</time>
      </trkpt>
      <trkpt lat="53.205007" lon="5.777445">
        <ele>1.015965</ele>
        <time>2026-06-20T20:44:27.630Z</time>
      </trkpt>
      <trkpt lat="53.204961" lon="5.777447">
        <ele>0.987485</ele>
        <time>2026-06-20T20:44:28.585Z</time>
      </trkpt>
      <trkpt lat="53.204945" lon="5.777446">
        <ele>0.977575</ele>
        <time>2026-06-20T20:44:28.922Z</time>
      </trkpt>
      <trkpt lat="53.204929" lon="5.777445">
        <ele>0.967665</ele>
        <time>2026-06-20T20:44:29.259Z</time>
      </trkpt>
      <trkpt lat="53.204880" lon="5.777432">
        <ele>0.937304</ele>
        <time>2026-06-20T20:44:30.262Z</time>
      </trkpt>
      <trkpt lat="53.204864" lon="5.777425">
        <ele>0.928702</ele>
        <time>2026-06-20T20:44:30.577Z</time>
      </trkpt>
      <trkpt lat="53.204849" lon="5.777418">
        <ele>0.920603</ele>
        <time>2026-06-20T20:44:30.905Z</time>
      </trkpt>
      <trkpt lat="53.204807" lon="5.777389">
        <ele>0.896967</ele>
        <time>2026-06-20T20:44:31.882Z</time>
      </trkpt>
      <trkpt lat="53.204685" lon="5.777226">
        <ele>0.819322</ele>
        <time>2026-06-20T20:44:35.114Z</time>
      </trkpt>
      <trkpt lat="53.204596" lon="5.776972">
        <ele>0.778612</ele>
        <time>2026-06-20T20:44:38.773Z</time>
      </trkpt>
      <trkpt lat="53.204551" lon="5.776707">
        <ele>0.722066</ele>
        <time>2026-06-20T20:44:42.358Z</time>
      </trkpt>
      <trkpt lat="53.204537" lon="5.776447">
        <ele>0.676651</ele>
        <time>2026-06-20T20:44:45.824Z</time>
      </trkpt>
      <trkpt lat="53.204535" lon="5.776381">
        <ele>0.670403</ele>
        <time>2026-06-20T20:44:46.689Z</time>
      </trkpt>
      <trkpt lat="53.204304" lon="5.776239">
        <ele>0.679203</ele>
        <time>2026-06-20T20:44:52.437Z</time>
      </trkpt>
      <trkpt lat="53.204146" lon="5.776200">
        <ele>0.729492</ele>
        <time>2026-06-20T20:44:56.214Z</time>
      </trkpt>
      <trkpt lat="53.203371" lon="5.775995">
        <ele>1.109684</ele>
        <time>2026-06-20T20:45:15.465Z</time>
      </trkpt>
      <trkpt lat="53.203248" lon="5.775964">
        <ele>1.121755</ele>
        <time>2026-06-20T20:45:18.482Z</time>
      </trkpt>
      <trkpt lat="53.202367" lon="5.775732">
        <ele>0.812604</ele>
        <time>2026-06-20T20:45:37.082Z</time>
      </trkpt>
      <trkpt lat="53.202343" lon="5.775726">
        <ele>0.805745</ele>
        <time>2026-06-20T20:45:37.596Z</time>
      </trkpt>
      <trkpt lat="53.202350" lon="5.775634">
        <ele>0.790044</ele>
        <time>2026-06-20T20:45:38.748Z</time>
      </trkpt>
      <trkpt lat="53.202352" lon="5.775611">
        <ele>0.786110</ele>
        <time>2026-06-20T20:45:39.032Z</time>
      </trkpt>
      <trkpt lat="53.202354" lon="5.775588">
        <ele>0.782175</ele>
        <time>2026-06-20T20:45:39.314Z</time>
      </trkpt>
      <trkpt lat="53.202357" lon="5.775538">
        <ele>0.773668</ele>
        <time>2026-06-20T20:45:39.935Z</time>
      </trkpt>
      <trkpt lat="53.202360" lon="5.775506">
        <ele>0.768184</ele>
        <time>2026-06-20T20:45:40.350Z</time>
      </trkpt>
      <trkpt lat="53.202363" lon="5.775474">
        <ele>0.761873</ele>
        <time>2026-06-20T20:45:40.759Z</time>
      </trkpt>
      <trkpt lat="53.202370" lon="5.775392">
        <ele>0.743856</ele>
        <time>2026-06-20T20:45:41.801Z</time>
      </trkpt>
      <trkpt lat="53.202228" lon="5.775244">
        <ele>0.683063</ele>
        <time>2026-06-20T20:45:45.333Z</time>
      </trkpt>
      <trkpt lat="53.202184" lon="5.774974">
        <ele>0.622121</ele>
        <time>2026-06-20T20:45:49.047Z</time>
      </trkpt>
      <trkpt lat="53.202159" lon="5.774774">
        <ele>0.577528</ele>
        <time>2026-06-20T20:45:51.815Z</time>
      </trkpt>
      <trkpt lat="53.202184" lon="5.774438">
        <ele>0.489562</ele>
        <time>2026-06-20T20:45:56.180Z</time>
      </trkpt>
      <trkpt lat="53.202221" lon="5.773984">
        <ele>0.297110</ele>
        <time>2026-06-20T20:46:01.882Z</time>
      </trkpt>
      <trkpt lat="53.202303" lon="5.773579">
        <ele>0.127422</ele>
        <time>2026-06-20T20:46:07.206Z</time>
      </trkpt>
      <trkpt lat="53.202390" lon="5.773017">
        <ele>0.026597</ele>
        <time>2026-06-20T20:46:14.796Z</time>
      </trkpt>
      <trkpt lat="53.202508" lon="5.772263">
        <ele>0.188465</ele>
        <time>2026-06-20T20:46:26.309Z</time>
      </trkpt>
      <trkpt lat="53.202636" lon="5.771399">
        <ele>0.289554</ele>
        <time>2026-06-20T20:46:38.954Z</time>
      </trkpt>
      <trkpt lat="53.202619" lon="5.771298">
        <ele>0.296093</ele>
        <time>2026-06-20T20:46:40.479Z</time>
      </trkpt>
      <trkpt lat="53.202588" lon="5.771261">
        <ele>0.299989</ele>
        <time>2026-06-20T20:46:41.340Z</time>
      </trkpt>
      <trkpt lat="53.202414" lon="5.771074">
        <ele>0.309608</ele>
        <time>2026-06-20T20:46:46.084Z</time>
      </trkpt>
      <trkpt lat="53.202460" lon="5.770483">
        <ele>0.411134</ele>
        <time>2026-06-20T20:46:54.879Z</time>
      </trkpt>
      <trkpt lat="53.202422" lon="5.770475">
        <ele>0.425556</ele>
        <time>2026-06-20T20:46:56.053Z</time>
      </trkpt>
      <trkpt lat="53.202440" lon="5.770238">
        <ele>0.494386</ele>
        <time>2026-06-20T20:47:00.538Z</time>
      </trkpt>
      <trkpt lat="53.202457" lon="5.770001">
        <ele>0.577891</ele>
        <time>2026-06-20T20:47:05.038Z</time>
      </trkpt>
      <trkpt lat="53.202474" lon="5.769764">
        <ele>0.628160</ele>
        <time>2026-06-20T20:47:09.544Z</time>
      </trkpt>
      <trkpt lat="53.202492" lon="5.769526">
        <ele>0.658823</ele>
        <time>2026-06-20T20:47:13.952Z</time>
      </trkpt>
      <trkpt lat="53.202338" lon="5.769497">
        <ele>0.658823</ele>
        <time>2026-06-20T20:47:18.528Z</time>
      </trkpt>
    </trkseg>
  </trk>
</gpx>